metric,method_a,method_b,topics_total,censored_topics,topic,status,difference
batch_effort_at_75,random,seed_similarity,5,"C12,C15,C16,C18,GCRIM",C12,CENSORED,CENSORED
batch_effort_at_75,random,seed_similarity,5,"C12,C15,C16,C18,GCRIM",C15,CENSORED,CENSORED
batch_effort_at_75,random,seed_similarity,5,"C12,C15,C16,C18,GCRIM",C16,CENSORED,CENSORED
batch_effort_at_75,random,seed_similarity,5,"C12,C15,C16,C18,GCRIM",C18,CENSORED,CENSORED
batch_effort_at_75,random,seed_similarity,5,"C12,C15,C16,C18,GCRIM",GCRIM,CENSORED,CENSORED
batch_effort_at_75,random,frozen_svm,5,"C12,C15,C16,C18,GCRIM",C12,CENSORED,CENSORED
batch_effort_at_75,random,frozen_svm,5,"C12,C15,C16,C18,GCRIM",C15,CENSORED,CENSORED
batch_effort_at_75,random,frozen_svm,5,"C12,C15,C16,C18,GCRIM",C16,CENSORED,CENSORED
batch_effort_at_75,random,frozen_svm,5,"C12,C15,C16,C18,GCRIM",C18,CENSORED,CENSORED
batch_effort_at_75,random,frozen_svm,5,"C12,C15,C16,C18,GCRIM",GCRIM,CENSORED,CENSORED
batch_effort_at_75,random,uncertainty,5,"C12,C15,C16,C18,GCRIM",C12,CENSORED,CENSORED
batch_effort_at_75,random,uncertainty,5,"C12,C15,C16,C18,GCRIM",C15,CENSORED,CENSORED
batch_effort_at_75,random,uncertainty,5,"C12,C15,C16,C18,GCRIM",C16,CENSORED,CENSORED
batch_effort_at_75,random,uncertainty,5,"C12,C15,C16,C18,GCRIM",C18,CENSORED,CENSORED
batch_effort_at_75,random,uncertainty,5,"C12,C15,C16,C18,GCRIM",GCRIM,CENSORED,CENSORED
batch_effort_at_75,random,auto_tar,5,"C12,C15,C16,C18,GCRIM",C12,CENSORED,CENSORED
batch_effort_at_75,random,auto_tar,5,"C12,C15,C16,C18,GCRIM",C15,CENSORED,CENSORED
batch_effort_at_75,random,auto_tar,5,"C12,C15,C16,C18,GCRIM",C16,CENSORED,CENSORED
batch_effort_at_75,random,auto_tar,5,"C12,C15,C16,C18,GCRIM",C18,CENSORED,CENSORED
batch_effort_at_75,random,auto_tar,5,"C12,C15,C16,C18,GCRIM",GCRIM,CENSORED,CENSORED
batch_effort_at_75,random,fixed_20,5,"C12,C15,C16,C18,GCRIM",C12,CENSORED,CENSORED
batch_effort_at_75,random,fixed_20,5,"C12,C15,C16,C18,GCRIM",C15,CENSORED,CENSORED
batch_effort_at_75,random,fixed_20,5,"C12,C15,C16,C18,GCRIM",C16,CENSORED,CENSORED
batch_effort_at_75,random,fixed_20,5,"C12,C15,C16,C18,GCRIM",C18,CENSORED,CENSORED
batch_effort_at_75,random,fixed_20,5,"C12,C15,C16,C18,GCRIM",GCRIM,CENSORED,CENSORED
batch_effort_at_75,random,explore_10,5,"C12,C15,C16,C18,GCRIM",C12,CENSORED,CENSORED
batch_effort_at_75,random,explore_10,5,"C12,C15,C16,C18,GCRIM",C15,CENSORED,CENSORED
batch_effort_at_75,random,explore_10,5,"C12,C15,C16,C18,GCRIM",C16,CENSORED,CENSORED
batch_effort_at_75,random,explore_10,5,"C12,C15,C16,C18,GCRIM",C18,CENSORED,CENSORED
batch_effort_at_75,random,explore_10,5,"C12,C15,C16,C18,GCRIM",GCRIM,CENSORED,CENSORED
batch_effort_at_75,seed_similarity,frozen_svm,5,"C12,C15,C16,C18,GCRIM",C12,CENSORED,CENSORED
batch_effort_at_75,seed_similarity,frozen_svm,5,"C12,C15,C16,C18,GCRIM",C15,CENSORED,CENSORED
batch_effort_at_75,seed_similarity,frozen_svm,5,"C12,C15,C16,C18,GCRIM",C16,CENSORED,CENSORED
batch_effort_at_75,seed_similarity,frozen_svm,5,"C12,C15,C16,C18,GCRIM",C18,CENSORED,CENSORED
batch_effort_at_75,seed_similarity,frozen_svm,5,"C12,C15,C16,C18,GCRIM",GCRIM,CENSORED,CENSORED
batch_effort_at_75,seed_similarity,uncertainty,5,"C12,C15,C16,C18,GCRIM",C12,CENSORED,CENSORED
batch_effort_at_75,seed_similarity,uncertainty,5,"C12,C15,C16,C18,GCRIM",C15,CENSORED,CENSORED
batch_effort_at_75,seed_similarity,uncertainty,5,"C12,C15,C16,C18,GCRIM",C16,CENSORED,CENSORED
batch_effort_at_75,seed_similarity,uncertainty,5,"C12,C15,C16,C18,GCRIM",C18,CENSORED,CENSORED
batch_effort_at_75,seed_similarity,uncertainty,5,"C12,C15,C16,C18,GCRIM",GCRIM,CENSORED,CENSORED
batch_effort_at_75,seed_similarity,auto_tar,5,"C12,C15,C16,C18,GCRIM",C12,CENSORED,CENSORED
batch_effort_at_75,seed_similarity,auto_tar,5,"C12,C15,C16,C18,GCRIM",C15,CENSORED,CENSORED
batch_effort_at_75,seed_similarity,auto_tar,5,"C12,C15,C16,C18,GCRIM",C16,CENSORED,CENSORED
batch_effort_at_75,seed_similarity,auto_tar,5,"C12,C15,C16,C18,GCRIM",C18,CENSORED,CENSORED
batch_effort_at_75,seed_similarity,auto_tar,5,"C12,C15,C16,C18,GCRIM",GCRIM,CENSORED,CENSORED
batch_effort_at_75,seed_similarity,fixed_20,5,"C12,C15,C16,C18,GCRIM",C12,CENSORED,CENSORED
batch_effort_at_75,seed_similarity,fixed_20,5,"C12,C15,C16,C18,GCRIM",C15,CENSORED,CENSORED
batch_effort_at_75,seed_similarity,fixed_20,5,"C12,C15,C16,C18,GCRIM",C16,CENSORED,CENSORED
batch_effort_at_75,seed_similarity,fixed_20,5,"C12,C15,C16,C18,GCRIM",C18,CENSORED,CENSORED
batch_effort_at_75,seed_similarity,fixed_20,5,"C12,C15,C16,C18,GCRIM",GCRIM,CENSORED,CENSORED
batch_effort_at_75,seed_similarity,explore_10,5,"C12,C15,C16,C18,GCRIM",C12,CENSORED,CENSORED
batch_effort_at_75,seed_similarity,explore_10,5,"C12,C15,C16,C18,GCRIM",C15,CENSORED,CENSORED
batch_effort_at_75,seed_similarity,explore_10,5,"C12,C15,C16,C18,GCRIM",C16,CENSORED,CENSORED
batch_effort_at_75,seed_similarity,explore_10,5,"C12,C15,C16,C18,GCRIM",C18,CENSORED,CENSORED
batch_effort_at_75,seed_similarity,explore_10,5,"C12,C15,C16,C18,GCRIM",GCRIM,CENSORED,CENSORED
batch_effort_at_75,frozen_svm,uncertainty,5,"C12,C15,C16,C18,GCRIM",C12,CENSORED,CENSORED
batch_effort_at_75,frozen_svm,uncertainty,5,"C12,C15,C16,C18,GCRIM",C15,CENSORED,CENSORED
batch_effort_at_75,frozen_svm,uncertainty,5,"C12,C15,C16,C18,GCRIM",C16,CENSORED,CENSORED
batch_effort_at_75,frozen_svm,uncertainty,5,"C12,C15,C16,C18,GCRIM",C18,CENSORED,CENSORED
batch_effort_at_75,frozen_svm,uncertainty,5,"C12,C15,C16,C18,GCRIM",GCRIM,CENSORED,CENSORED
batch_effort_at_75,frozen_svm,auto_tar,5,"C12,C15,C16,C18,GCRIM",C12,CENSORED,CENSORED
batch_effort_at_75,frozen_svm,auto_tar,5,"C12,C15,C16,C18,GCRIM",C15,CENSORED,CENSORED
batch_effort_at_75,frozen_svm,auto_tar,5,"C12,C15,C16,C18,GCRIM",C16,CENSORED,CENSORED
batch_effort_at_75,frozen_svm,auto_tar,5,"C12,C15,C16,C18,GCRIM",C18,CENSORED,CENSORED
batch_effort_at_75,frozen_svm,auto_tar,5,"C12,C15,C16,C18,GCRIM",GCRIM,CENSORED,CENSORED
batch_effort_at_75,frozen_svm,fixed_20,5,"C12,C15,C16,C18,GCRIM",C12,CENSORED,CENSORED
batch_effort_at_75,frozen_svm,fixed_20,5,"C12,C15,C16,C18,GCRIM",C15,CENSORED,CENSORED
batch_effort_at_75,frozen_svm,fixed_20,5,"C12,C15,C16,C18,GCRIM",C16,CENSORED,CENSORED
batch_effort_at_75,frozen_svm,fixed_20,5,"C12,C15,C16,C18,GCRIM",C18,CENSORED,CENSORED
batch_effort_at_75,frozen_svm,fixed_20,5,"C12,C15,C16,C18,GCRIM",GCRIM,CENSORED,CENSORED
batch_effort_at_75,frozen_svm,explore_10,5,"C12,C15,C16,C18,GCRIM",C12,CENSORED,CENSORED
batch_effort_at_75,frozen_svm,explore_10,5,"C12,C15,C16,C18,GCRIM",C15,CENSORED,CENSORED
batch_effort_at_75,frozen_svm,explore_10,5,"C12,C15,C16,C18,GCRIM",C16,CENSORED,CENSORED
batch_effort_at_75,frozen_svm,explore_10,5,"C12,C15,C16,C18,GCRIM",C18,CENSORED,CENSORED
batch_effort_at_75,frozen_svm,explore_10,5,"C12,C15,C16,C18,GCRIM",GCRIM,CENSORED,CENSORED
batch_effort_at_75,uncertainty,auto_tar,5,"C15,GCRIM",C12,OBSERVED,483.3333333333333
batch_effort_at_75,uncertainty,auto_tar,5,"C15,GCRIM",C15,CENSORED,CENSORED
batch_effort_at_75,uncertainty,auto_tar,5,"C15,GCRIM",C16,OBSERVED,0.0
batch_effort_at_75,uncertainty,auto_tar,5,"C15,GCRIM",C18,OBSERVED,1618.0
batch_effort_at_75,uncertainty,auto_tar,5,"C15,GCRIM",GCRIM,CENSORED,CENSORED
batch_effort_at_75,uncertainty,fixed_20,5,"C15,GCRIM",C12,OBSERVED,560.0
batch_effort_at_75,uncertainty,fixed_20,5,"C15,GCRIM",C15,CENSORED,CENSORED
batch_effort_at_75,uncertainty,fixed_20,5,"C15,GCRIM",C16,OBSERVED,-11.0
batch_effort_at_75,uncertainty,fixed_20,5,"C15,GCRIM",C18,OBSERVED,1737.3333333333333
batch_effort_at_75,uncertainty,fixed_20,5,"C15,GCRIM",GCRIM,CENSORED,CENSORED
batch_effort_at_75,uncertainty,explore_10,5,"C15,GCRIM",C12,OBSERVED,483.3333333333333
batch_effort_at_75,uncertainty,explore_10,5,"C15,GCRIM",C15,CENSORED,CENSORED
batch_effort_at_75,uncertainty,explore_10,5,"C15,GCRIM",C16,OBSERVED,-19.0
batch_effort_at_75,uncertainty,explore_10,5,"C15,GCRIM",C18,OBSERVED,1504.6666666666667
batch_effort_at_75,uncertainty,explore_10,5,"C15,GCRIM",GCRIM,CENSORED,CENSORED
batch_effort_at_75,auto_tar,fixed_20,5,,C12,OBSERVED,76.66666666666667
batch_effort_at_75,auto_tar,fixed_20,5,,C15,OBSERVED,244.66666666666666
batch_effort_at_75,auto_tar,fixed_20,5,,C16,OBSERVED,-11.0
batch_effort_at_75,auto_tar,fixed_20,5,,C18,OBSERVED,119.33333333333333
batch_effort_at_75,auto_tar,fixed_20,5,,GCRIM,OBSERVED,58.333333333333336
batch_effort_at_75,auto_tar,explore_10,5,,C12,OBSERVED,0.0
batch_effort_at_75,auto_tar,explore_10,5,,C15,OBSERVED,-368.0
batch_effort_at_75,auto_tar,explore_10,5,,C16,OBSERVED,-19.0
batch_effort_at_75,auto_tar,explore_10,5,,C18,OBSERVED,-113.33333333333333
batch_effort_at_75,auto_tar,explore_10,5,,GCRIM,OBSERVED,-127.0
batch_effort_at_75,fixed_20,explore_10,5,,C12,OBSERVED,-76.66666666666667
batch_effort_at_75,fixed_20,explore_10,5,,C15,OBSERVED,-612.6666666666666
batch_effort_at_75,fixed_20,explore_10,5,,C16,OBSERVED,-8.0
batch_effort_at_75,fixed_20,explore_10,5,,C18,OBSERVED,-232.66666666666666
batch_effort_at_75,fixed_20,explore_10,5,,GCRIM,OBSERVED,-185.33333333333334
batch_effort_at_80,random,seed_similarity,5,"C12,C15,C16,C18,GCRIM",C12,CENSORED,CENSORED
batch_effort_at_80,random,seed_similarity,5,"C12,C15,C16,C18,GCRIM",C15,CENSORED,CENSORED
batch_effort_at_80,random,seed_similarity,5,"C12,C15,C16,C18,GCRIM",C16,CENSORED,CENSORED
batch_effort_at_80,random,seed_similarity,5,"C12,C15,C16,C18,GCRIM",C18,CENSORED,CENSORED
batch_effort_at_80,random,seed_similarity,5,"C12,C15,C16,C18,GCRIM",GCRIM,CENSORED,CENSORED
batch_effort_at_80,random,frozen_svm,5,"C12,C15,C16,C18,GCRIM",C12,CENSORED,CENSORED
batch_effort_at_80,random,frozen_svm,5,"C12,C15,C16,C18,GCRIM",C15,CENSORED,CENSORED
batch_effort_at_80,random,frozen_svm,5,"C12,C15,C16,C18,GCRIM",C16,CENSORED,CENSORED
batch_effort_at_80,random,frozen_svm,5,"C12,C15,C16,C18,GCRIM",C18,CENSORED,CENSORED
batch_effort_at_80,random,frozen_svm,5,"C12,C15,C16,C18,GCRIM",GCRIM,CENSORED,CENSORED
batch_effort_at_80,random,uncertainty,5,"C12,C15,C16,C18,GCRIM",C12,CENSORED,CENSORED
batch_effort_at_80,random,uncertainty,5,"C12,C15,C16,C18,GCRIM",C15,CENSORED,CENSORED
batch_effort_at_80,random,uncertainty,5,"C12,C15,C16,C18,GCRIM",C16,CENSORED,CENSORED
batch_effort_at_80,random,uncertainty,5,"C12,C15,C16,C18,GCRIM",C18,CENSORED,CENSORED
batch_effort_at_80,random,uncertainty,5,"C12,C15,C16,C18,GCRIM",GCRIM,CENSORED,CENSORED
batch_effort_at_80,random,auto_tar,5,"C12,C15,C16,C18,GCRIM",C12,CENSORED,CENSORED
batch_effort_at_80,random,auto_tar,5,"C12,C15,C16,C18,GCRIM",C15,CENSORED,CENSORED
batch_effort_at_80,random,auto_tar,5,"C12,C15,C16,C18,GCRIM",C16,CENSORED,CENSORED
batch_effort_at_80,random,auto_tar,5,"C12,C15,C16,C18,GCRIM",C18,CENSORED,CENSORED
batch_effort_at_80,random,auto_tar,5,"C12,C15,C16,C18,GCRIM",GCRIM,CENSORED,CENSORED
batch_effort_at_80,random,fixed_20,5,"C12,C15,C16,C18,GCRIM",C12,CENSORED,CENSORED
batch_effort_at_80,random,fixed_20,5,"C12,C15,C16,C18,GCRIM",C15,CENSORED,CENSORED
batch_effort_at_80,random,fixed_20,5,"C12,C15,C16,C18,GCRIM",C16,CENSORED,CENSORED
batch_effort_at_80,random,fixed_20,5,"C12,C15,C16,C18,GCRIM",C18,CENSORED,CENSORED
batch_effort_at_80,random,fixed_20,5,"C12,C15,C16,C18,GCRIM",GCRIM,CENSORED,CENSORED
batch_effort_at_80,random,explore_10,5,"C12,C15,C16,C18,GCRIM",C12,CENSORED,CENSORED
batch_effort_at_80,random,explore_10,5,"C12,C15,C16,C18,GCRIM",C15,CENSORED,CENSORED
batch_effort_at_80,random,explore_10,5,"C12,C15,C16,C18,GCRIM",C16,CENSORED,CENSORED
batch_effort_at_80,random,explore_10,5,"C12,C15,C16,C18,GCRIM",C18,CENSORED,CENSORED
batch_effort_at_80,random,explore_10,5,"C12,C15,C16,C18,GCRIM",GCRIM,CENSORED,CENSORED
batch_effort_at_80,seed_similarity,frozen_svm,5,"C12,C15,C16,C18,GCRIM",C12,CENSORED,CENSORED
batch_effort_at_80,seed_similarity,frozen_svm,5,"C12,C15,C16,C18,GCRIM",C15,CENSORED,CENSORED
batch_effort_at_80,seed_similarity,frozen_svm,5,"C12,C15,C16,C18,GCRIM",C16,CENSORED,CENSORED
batch_effort_at_80,seed_similarity,frozen_svm,5,"C12,C15,C16,C18,GCRIM",C18,CENSORED,CENSORED
batch_effort_at_80,seed_similarity,frozen_svm,5,"C12,C15,C16,C18,GCRIM",GCRIM,CENSORED,CENSORED
batch_effort_at_80,seed_similarity,uncertainty,5,"C12,C15,C16,C18,GCRIM",C12,CENSORED,CENSORED
batch_effort_at_80,seed_similarity,uncertainty,5,"C12,C15,C16,C18,GCRIM",C15,CENSORED,CENSORED
batch_effort_at_80,seed_similarity,uncertainty,5,"C12,C15,C16,C18,GCRIM",C16,CENSORED,CENSORED
batch_effort_at_80,seed_similarity,uncertainty,5,"C12,C15,C16,C18,GCRIM",C18,CENSORED,CENSORED
batch_effort_at_80,seed_similarity,uncertainty,5,"C12,C15,C16,C18,GCRIM",GCRIM,CENSORED,CENSORED
batch_effort_at_80,seed_similarity,auto_tar,5,"C12,C15,C16,C18,GCRIM",C12,CENSORED,CENSORED
batch_effort_at_80,seed_similarity,auto_tar,5,"C12,C15,C16,C18,GCRIM",C15,CENSORED,CENSORED
batch_effort_at_80,seed_similarity,auto_tar,5,"C12,C15,C16,C18,GCRIM",C16,CENSORED,CENSORED
batch_effort_at_80,seed_similarity,auto_tar,5,"C12,C15,C16,C18,GCRIM",C18,CENSORED,CENSORED
batch_effort_at_80,seed_similarity,auto_tar,5,"C12,C15,C16,C18,GCRIM",GCRIM,CENSORED,CENSORED
batch_effort_at_80,seed_similarity,fixed_20,5,"C12,C15,C16,C18,GCRIM",C12,CENSORED,CENSORED
batch_effort_at_80,seed_similarity,fixed_20,5,"C12,C15,C16,C18,GCRIM",C15,CENSORED,CENSORED
batch_effort_at_80,seed_similarity,fixed_20,5,"C12,C15,C16,C18,GCRIM",C16,CENSORED,CENSORED
batch_effort_at_80,seed_similarity,fixed_20,5,"C12,C15,C16,C18,GCRIM",C18,CENSORED,CENSORED
batch_effort_at_80,seed_similarity,fixed_20,5,"C12,C15,C16,C18,GCRIM",GCRIM,CENSORED,CENSORED
batch_effort_at_80,seed_similarity,explore_10,5,"C12,C15,C16,C18,GCRIM",C12,CENSORED,CENSORED
batch_effort_at_80,seed_similarity,explore_10,5,"C12,C15,C16,C18,GCRIM",C15,CENSORED,CENSORED
batch_effort_at_80,seed_similarity,explore_10,5,"C12,C15,C16,C18,GCRIM",C16,CENSORED,CENSORED
batch_effort_at_80,seed_similarity,explore_10,5,"C12,C15,C16,C18,GCRIM",C18,CENSORED,CENSORED
batch_effort_at_80,seed_similarity,explore_10,5,"C12,C15,C16,C18,GCRIM",GCRIM,CENSORED,CENSORED
batch_effort_at_80,frozen_svm,uncertainty,5,"C12,C15,C16,C18,GCRIM",C12,CENSORED,CENSORED
batch_effort_at_80,frozen_svm,uncertainty,5,"C12,C15,C16,C18,GCRIM",C15,CENSORED,CENSORED
batch_effort_at_80,frozen_svm,uncertainty,5,"C12,C15,C16,C18,GCRIM",C16,CENSORED,CENSORED
batch_effort_at_80,frozen_svm,uncertainty,5,"C12,C15,C16,C18,GCRIM",C18,CENSORED,CENSORED
batch_effort_at_80,frozen_svm,uncertainty,5,"C12,C15,C16,C18,GCRIM",GCRIM,CENSORED,CENSORED
batch_effort_at_80,frozen_svm,auto_tar,5,"C12,C15,C16,C18,GCRIM",C12,CENSORED,CENSORED
batch_effort_at_80,frozen_svm,auto_tar,5,"C12,C15,C16,C18,GCRIM",C15,CENSORED,CENSORED
batch_effort_at_80,frozen_svm,auto_tar,5,"C12,C15,C16,C18,GCRIM",C16,CENSORED,CENSORED
batch_effort_at_80,frozen_svm,auto_tar,5,"C12,C15,C16,C18,GCRIM",C18,CENSORED,CENSORED
batch_effort_at_80,frozen_svm,auto_tar,5,"C12,C15,C16,C18,GCRIM",GCRIM,CENSORED,CENSORED
batch_effort_at_80,frozen_svm,fixed_20,5,"C12,C15,C16,C18,GCRIM",C12,CENSORED,CENSORED
batch_effort_at_80,frozen_svm,fixed_20,5,"C12,C15,C16,C18,GCRIM",C15,CENSORED,CENSORED
batch_effort_at_80,frozen_svm,fixed_20,5,"C12,C15,C16,C18,GCRIM",C16,CENSORED,CENSORED
batch_effort_at_80,frozen_svm,fixed_20,5,"C12,C15,C16,C18,GCRIM",C18,CENSORED,CENSORED
batch_effort_at_80,frozen_svm,fixed_20,5,"C12,C15,C16,C18,GCRIM",GCRIM,CENSORED,CENSORED
batch_effort_at_80,frozen_svm,explore_10,5,"C12,C15,C16,C18,GCRIM",C12,CENSORED,CENSORED
batch_effort_at_80,frozen_svm,explore_10,5,"C12,C15,C16,C18,GCRIM",C15,CENSORED,CENSORED
batch_effort_at_80,frozen_svm,explore_10,5,"C12,C15,C16,C18,GCRIM",C16,CENSORED,CENSORED
batch_effort_at_80,frozen_svm,explore_10,5,"C12,C15,C16,C18,GCRIM",C18,CENSORED,CENSORED
batch_effort_at_80,frozen_svm,explore_10,5,"C12,C15,C16,C18,GCRIM",GCRIM,CENSORED,CENSORED
batch_effort_at_80,uncertainty,auto_tar,5,"C15,GCRIM",C12,OBSERVED,1151.3333333333333
batch_effort_at_80,uncertainty,auto_tar,5,"C15,GCRIM",C15,CENSORED,CENSORED
batch_effort_at_80,uncertainty,auto_tar,5,"C15,GCRIM",C16,OBSERVED,-11.0
batch_effort_at_80,uncertainty,auto_tar,5,"C15,GCRIM",C18,OBSERVED,2852.3333333333335
batch_effort_at_80,uncertainty,auto_tar,5,"C15,GCRIM",GCRIM,CENSORED,CENSORED
batch_effort_at_80,uncertainty,fixed_20,5,"C15,GCRIM",C12,OBSERVED,1246.0
batch_effort_at_80,uncertainty,fixed_20,5,"C15,GCRIM",C15,CENSORED,CENSORED
batch_effort_at_80,uncertainty,fixed_20,5,"C15,GCRIM",C16,OBSERVED,17.333333333333332
batch_effort_at_80,uncertainty,fixed_20,5,"C15,GCRIM",C18,OBSERVED,2975.0
batch_effort_at_80,uncertainty,fixed_20,5,"C15,GCRIM",GCRIM,CENSORED,CENSORED
batch_effort_at_80,uncertainty,explore_10,5,"C15,GCRIM",C12,OBSERVED,1125.6666666666667
batch_effort_at_80,uncertainty,explore_10,5,"C15,GCRIM",C15,CENSORED,CENSORED
batch_effort_at_80,uncertainty,explore_10,5,"C15,GCRIM",C16,OBSERVED,2.6666666666666665
batch_effort_at_80,uncertainty,explore_10,5,"C15,GCRIM",C18,OBSERVED,2665.3333333333335
batch_effort_at_80,uncertainty,explore_10,5,"C15,GCRIM",GCRIM,CENSORED,CENSORED
batch_effort_at_80,auto_tar,fixed_20,5,,C12,OBSERVED,94.66666666666667
batch_effort_at_80,auto_tar,fixed_20,5,,C15,OBSERVED,359.3333333333333
batch_effort_at_80,auto_tar,fixed_20,5,,C16,OBSERVED,28.333333333333332
batch_effort_at_80,auto_tar,fixed_20,5,,C18,OBSERVED,122.66666666666667
batch_effort_at_80,auto_tar,fixed_20,5,,GCRIM,OBSERVED,58.666666666666664
batch_effort_at_80,auto_tar,explore_10,5,,C12,OBSERVED,-25.666666666666668
batch_effort_at_80,auto_tar,explore_10,5,,C15,OBSERVED,-135.0
batch_effort_at_80,auto_tar,explore_10,5,,C16,OBSERVED,13.666666666666666
batch_effort_at_80,auto_tar,explore_10,5,,C18,OBSERVED,-187.0
batch_effort_at_80,auto_tar,explore_10,5,,GCRIM,OBSERVED,-140.0
batch_effort_at_80,fixed_20,explore_10,5,,C12,OBSERVED,-120.33333333333333
batch_effort_at_80,fixed_20,explore_10,5,,C15,OBSERVED,-494.3333333333333
batch_effort_at_80,fixed_20,explore_10,5,,C16,OBSERVED,-14.666666666666666
batch_effort_at_80,fixed_20,explore_10,5,,C18,OBSERVED,-309.6666666666667
batch_effort_at_80,fixed_20,explore_10,5,,GCRIM,OBSERVED,-198.66666666666666
batch_effort_at_90,random,seed_similarity,5,"C12,C15,C16,C18,GCRIM",C12,CENSORED,CENSORED
batch_effort_at_90,random,seed_similarity,5,"C12,C15,C16,C18,GCRIM",C15,CENSORED,CENSORED
batch_effort_at_90,random,seed_similarity,5,"C12,C15,C16,C18,GCRIM",C16,CENSORED,CENSORED
batch_effort_at_90,random,seed_similarity,5,"C12,C15,C16,C18,GCRIM",C18,CENSORED,CENSORED
batch_effort_at_90,random,seed_similarity,5,"C12,C15,C16,C18,GCRIM",GCRIM,CENSORED,CENSORED
batch_effort_at_90,random,frozen_svm,5,"C12,C15,C16,C18,GCRIM",C12,CENSORED,CENSORED
batch_effort_at_90,random,frozen_svm,5,"C12,C15,C16,C18,GCRIM",C15,CENSORED,CENSORED
batch_effort_at_90,random,frozen_svm,5,"C12,C15,C16,C18,GCRIM",C16,CENSORED,CENSORED
batch_effort_at_90,random,frozen_svm,5,"C12,C15,C16,C18,GCRIM",C18,CENSORED,CENSORED
batch_effort_at_90,random,frozen_svm,5,"C12,C15,C16,C18,GCRIM",GCRIM,CENSORED,CENSORED
batch_effort_at_90,random,uncertainty,5,"C12,C15,C16,C18,GCRIM",C12,CENSORED,CENSORED
batch_effort_at_90,random,uncertainty,5,"C12,C15,C16,C18,GCRIM",C15,CENSORED,CENSORED
batch_effort_at_90,random,uncertainty,5,"C12,C15,C16,C18,GCRIM",C16,CENSORED,CENSORED
batch_effort_at_90,random,uncertainty,5,"C12,C15,C16,C18,GCRIM",C18,CENSORED,CENSORED
batch_effort_at_90,random,uncertainty,5,"C12,C15,C16,C18,GCRIM",GCRIM,CENSORED,CENSORED
batch_effort_at_90,random,auto_tar,5,"C12,C15,C16,C18,GCRIM",C12,CENSORED,CENSORED
batch_effort_at_90,random,auto_tar,5,"C12,C15,C16,C18,GCRIM",C15,CENSORED,CENSORED
batch_effort_at_90,random,auto_tar,5,"C12,C15,C16,C18,GCRIM",C16,CENSORED,CENSORED
batch_effort_at_90,random,auto_tar,5,"C12,C15,C16,C18,GCRIM",C18,CENSORED,CENSORED
batch_effort_at_90,random,auto_tar,5,"C12,C15,C16,C18,GCRIM",GCRIM,CENSORED,CENSORED
batch_effort_at_90,random,fixed_20,5,"C12,C15,C16,C18,GCRIM",C12,CENSORED,CENSORED
batch_effort_at_90,random,fixed_20,5,"C12,C15,C16,C18,GCRIM",C15,CENSORED,CENSORED
batch_effort_at_90,random,fixed_20,5,"C12,C15,C16,C18,GCRIM",C16,CENSORED,CENSORED
batch_effort_at_90,random,fixed_20,5,"C12,C15,C16,C18,GCRIM",C18,CENSORED,CENSORED
batch_effort_at_90,random,fixed_20,5,"C12,C15,C16,C18,GCRIM",GCRIM,CENSORED,CENSORED
batch_effort_at_90,random,explore_10,5,"C12,C15,C16,C18,GCRIM",C12,CENSORED,CENSORED
batch_effort_at_90,random,explore_10,5,"C12,C15,C16,C18,GCRIM",C15,CENSORED,CENSORED
batch_effort_at_90,random,explore_10,5,"C12,C15,C16,C18,GCRIM",C16,CENSORED,CENSORED
batch_effort_at_90,random,explore_10,5,"C12,C15,C16,C18,GCRIM",C18,CENSORED,CENSORED
batch_effort_at_90,random,explore_10,5,"C12,C15,C16,C18,GCRIM",GCRIM,CENSORED,CENSORED
batch_effort_at_90,seed_similarity,frozen_svm,5,"C12,C15,C16,C18,GCRIM",C12,CENSORED,CENSORED
batch_effort_at_90,seed_similarity,frozen_svm,5,"C12,C15,C16,C18,GCRIM",C15,CENSORED,CENSORED
batch_effort_at_90,seed_similarity,frozen_svm,5,"C12,C15,C16,C18,GCRIM",C16,CENSORED,CENSORED
batch_effort_at_90,seed_similarity,frozen_svm,5,"C12,C15,C16,C18,GCRIM",C18,CENSORED,CENSORED
batch_effort_at_90,seed_similarity,frozen_svm,5,"C12,C15,C16,C18,GCRIM",GCRIM,CENSORED,CENSORED
batch_effort_at_90,seed_similarity,uncertainty,5,"C12,C15,C16,C18,GCRIM",C12,CENSORED,CENSORED
batch_effort_at_90,seed_similarity,uncertainty,5,"C12,C15,C16,C18,GCRIM",C15,CENSORED,CENSORED
batch_effort_at_90,seed_similarity,uncertainty,5,"C12,C15,C16,C18,GCRIM",C16,CENSORED,CENSORED
batch_effort_at_90,seed_similarity,uncertainty,5,"C12,C15,C16,C18,GCRIM",C18,CENSORED,CENSORED
batch_effort_at_90,seed_similarity,uncertainty,5,"C12,C15,C16,C18,GCRIM",GCRIM,CENSORED,CENSORED
batch_effort_at_90,seed_similarity,auto_tar,5,"C12,C15,C16,C18,GCRIM",C12,CENSORED,CENSORED
batch_effort_at_90,seed_similarity,auto_tar,5,"C12,C15,C16,C18,GCRIM",C15,CENSORED,CENSORED
batch_effort_at_90,seed_similarity,auto_tar,5,"C12,C15,C16,C18,GCRIM",C16,CENSORED,CENSORED
batch_effort_at_90,seed_similarity,auto_tar,5,"C12,C15,C16,C18,GCRIM",C18,CENSORED,CENSORED
batch_effort_at_90,seed_similarity,auto_tar,5,"C12,C15,C16,C18,GCRIM",GCRIM,CENSORED,CENSORED
batch_effort_at_90,seed_similarity,fixed_20,5,"C12,C15,C16,C18,GCRIM",C12,CENSORED,CENSORED
batch_effort_at_90,seed_similarity,fixed_20,5,"C12,C15,C16,C18,GCRIM",C15,CENSORED,CENSORED
batch_effort_at_90,seed_similarity,fixed_20,5,"C12,C15,C16,C18,GCRIM",C16,CENSORED,CENSORED
batch_effort_at_90,seed_similarity,fixed_20,5,"C12,C15,C16,C18,GCRIM",C18,CENSORED,CENSORED
batch_effort_at_90,seed_similarity,fixed_20,5,"C12,C15,C16,C18,GCRIM",GCRIM,CENSORED,CENSORED
batch_effort_at_90,seed_similarity,explore_10,5,"C12,C15,C16,C18,GCRIM",C12,CENSORED,CENSORED
batch_effort_at_90,seed_similarity,explore_10,5,"C12,C15,C16,C18,GCRIM",C15,CENSORED,CENSORED
batch_effort_at_90,seed_similarity,explore_10,5,"C12,C15,C16,C18,GCRIM",C16,CENSORED,CENSORED
batch_effort_at_90,seed_similarity,explore_10,5,"C12,C15,C16,C18,GCRIM",C18,CENSORED,CENSORED
batch_effort_at_90,seed_similarity,explore_10,5,"C12,C15,C16,C18,GCRIM",GCRIM,CENSORED,CENSORED
batch_effort_at_90,frozen_svm,uncertainty,5,"C12,C15,C16,C18,GCRIM",C12,CENSORED,CENSORED
batch_effort_at_90,frozen_svm,uncertainty,5,"C12,C15,C16,C18,GCRIM",C15,CENSORED,CENSORED
batch_effort_at_90,frozen_svm,uncertainty,5,"C12,C15,C16,C18,GCRIM",C16,CENSORED,CENSORED
batch_effort_at_90,frozen_svm,uncertainty,5,"C12,C15,C16,C18,GCRIM",C18,CENSORED,CENSORED
batch_effort_at_90,frozen_svm,uncertainty,5,"C12,C15,C16,C18,GCRIM",GCRIM,CENSORED,CENSORED
batch_effort_at_90,frozen_svm,auto_tar,5,"C12,C15,C16,C18,GCRIM",C12,CENSORED,CENSORED
batch_effort_at_90,frozen_svm,auto_tar,5,"C12,C15,C16,C18,GCRIM",C15,CENSORED,CENSORED
batch_effort_at_90,frozen_svm,auto_tar,5,"C12,C15,C16,C18,GCRIM",C16,CENSORED,CENSORED
batch_effort_at_90,frozen_svm,auto_tar,5,"C12,C15,C16,C18,GCRIM",C18,CENSORED,CENSORED
batch_effort_at_90,frozen_svm,auto_tar,5,"C12,C15,C16,C18,GCRIM",GCRIM,CENSORED,CENSORED
batch_effort_at_90,frozen_svm,fixed_20,5,"C12,C15,C16,C18,GCRIM",C12,CENSORED,CENSORED
batch_effort_at_90,frozen_svm,fixed_20,5,"C12,C15,C16,C18,GCRIM",C15,CENSORED,CENSORED
batch_effort_at_90,frozen_svm,fixed_20,5,"C12,C15,C16,C18,GCRIM",C16,CENSORED,CENSORED
batch_effort_at_90,frozen_svm,fixed_20,5,"C12,C15,C16,C18,GCRIM",C18,CENSORED,CENSORED
batch_effort_at_90,frozen_svm,fixed_20,5,"C12,C15,C16,C18,GCRIM",GCRIM,CENSORED,CENSORED
batch_effort_at_90,frozen_svm,explore_10,5,"C12,C15,C16,C18,GCRIM",C12,CENSORED,CENSORED
batch_effort_at_90,frozen_svm,explore_10,5,"C12,C15,C16,C18,GCRIM",C15,CENSORED,CENSORED
batch_effort_at_90,frozen_svm,explore_10,5,"C12,C15,C16,C18,GCRIM",C16,CENSORED,CENSORED
batch_effort_at_90,frozen_svm,explore_10,5,"C12,C15,C16,C18,GCRIM",C18,CENSORED,CENSORED
batch_effort_at_90,frozen_svm,explore_10,5,"C12,C15,C16,C18,GCRIM",GCRIM,CENSORED,CENSORED
batch_effort_at_90,uncertainty,auto_tar,5,"C12,C15,C18,GCRIM",C12,CENSORED,CENSORED
batch_effort_at_90,uncertainty,auto_tar,5,"C12,C15,C18,GCRIM",C15,CENSORED,CENSORED
batch_effort_at_90,uncertainty,auto_tar,5,"C12,C15,C18,GCRIM",C16,OBSERVED,0.0
batch_effort_at_90,uncertainty,auto_tar,5,"C12,C15,C18,GCRIM",C18,CENSORED,CENSORED
batch_effort_at_90,uncertainty,auto_tar,5,"C12,C15,C18,GCRIM",GCRIM,CENSORED,CENSORED
batch_effort_at_90,uncertainty,fixed_20,5,"C12,C15,C18,GCRIM",C12,CENSORED,CENSORED
batch_effort_at_90,uncertainty,fixed_20,5,"C12,C15,C18,GCRIM",C15,CENSORED,CENSORED
batch_effort_at_90,uncertainty,fixed_20,5,"C12,C15,C18,GCRIM",C16,OBSERVED,122.0
batch_effort_at_90,uncertainty,fixed_20,5,"C12,C15,C18,GCRIM",C18,CENSORED,CENSORED
batch_effort_at_90,uncertainty,fixed_20,5,"C12,C15,C18,GCRIM",GCRIM,CENSORED,CENSORED
batch_effort_at_90,uncertainty,explore_10,5,"C12,C15,C16,C18,GCRIM",C12,CENSORED,CENSORED
batch_effort_at_90,uncertainty,explore_10,5,"C12,C15,C16,C18,GCRIM",C15,CENSORED,CENSORED
batch_effort_at_90,uncertainty,explore_10,5,"C12,C15,C16,C18,GCRIM",C16,CENSORED,CENSORED
batch_effort_at_90,uncertainty,explore_10,5,"C12,C15,C16,C18,GCRIM",C18,CENSORED,CENSORED
batch_effort_at_90,uncertainty,explore_10,5,"C12,C15,C16,C18,GCRIM",GCRIM,CENSORED,CENSORED
batch_effort_at_90,auto_tar,fixed_20,5,,C12,OBSERVED,67.33333333333333
batch_effort_at_90,auto_tar,fixed_20,5,,C15,OBSERVED,397.0
batch_effort_at_90,auto_tar,fixed_20,5,,C16,OBSERVED,122.0
batch_effort_at_90,auto_tar,fixed_20,5,,C18,OBSERVED,160.33333333333334
batch_effort_at_90,auto_tar,fixed_20,5,,GCRIM,OBSERVED,223.0
batch_effort_at_90,auto_tar,explore_10,5,C16,C12,OBSERVED,-84.66666666666667
batch_effort_at_90,auto_tar,explore_10,5,C16,C15,OBSERVED,-201.33333333333334
batch_effort_at_90,auto_tar,explore_10,5,C16,C16,CENSORED,CENSORED
batch_effort_at_90,auto_tar,explore_10,5,C16,C18,OBSERVED,-159.0
batch_effort_at_90,auto_tar,explore_10,5,C16,GCRIM,OBSERVED,-137.33333333333334
batch_effort_at_90,fixed_20,explore_10,5,C16,C12,OBSERVED,-152.0
batch_effort_at_90,fixed_20,explore_10,5,C16,C15,OBSERVED,-598.3333333333334
batch_effort_at_90,fixed_20,explore_10,5,C16,C16,CENSORED,CENSORED
batch_effort_at_90,fixed_20,explore_10,5,C16,C18,OBSERVED,-319.3333333333333
batch_effort_at_90,fixed_20,explore_10,5,C16,GCRIM,OBSERVED,-360.3333333333333
depth_fraction_at_75,random,seed_similarity,5,"C12,C15,C16,C18,GCRIM",C12,CENSORED,CENSORED
depth_fraction_at_75,random,seed_similarity,5,"C12,C15,C16,C18,GCRIM",C15,CENSORED,CENSORED
depth_fraction_at_75,random,seed_similarity,5,"C12,C15,C16,C18,GCRIM",C16,CENSORED,CENSORED
depth_fraction_at_75,random,seed_similarity,5,"C12,C15,C16,C18,GCRIM",C18,CENSORED,CENSORED
depth_fraction_at_75,random,seed_similarity,5,"C12,C15,C16,C18,GCRIM",GCRIM,CENSORED,CENSORED
depth_fraction_at_75,random,frozen_svm,5,"C12,C15,C16,C18,GCRIM",C12,CENSORED,CENSORED
depth_fraction_at_75,random,frozen_svm,5,"C12,C15,C16,C18,GCRIM",C15,CENSORED,CENSORED
depth_fraction_at_75,random,frozen_svm,5,"C12,C15,C16,C18,GCRIM",C16,CENSORED,CENSORED
depth_fraction_at_75,random,frozen_svm,5,"C12,C15,C16,C18,GCRIM",C18,CENSORED,CENSORED
depth_fraction_at_75,random,frozen_svm,5,"C12,C15,C16,C18,GCRIM",GCRIM,CENSORED,CENSORED
depth_fraction_at_75,random,uncertainty,5,"C12,C15,C16,C18,GCRIM",C12,CENSORED,CENSORED
depth_fraction_at_75,random,uncertainty,5,"C12,C15,C16,C18,GCRIM",C15,CENSORED,CENSORED
depth_fraction_at_75,random,uncertainty,5,"C12,C15,C16,C18,GCRIM",C16,CENSORED,CENSORED
depth_fraction_at_75,random,uncertainty,5,"C12,C15,C16,C18,GCRIM",C18,CENSORED,CENSORED
depth_fraction_at_75,random,uncertainty,5,"C12,C15,C16,C18,GCRIM",GCRIM,CENSORED,CENSORED
depth_fraction_at_75,random,auto_tar,5,"C12,C15,C16,C18,GCRIM",C12,CENSORED,CENSORED
depth_fraction_at_75,random,auto_tar,5,"C12,C15,C16,C18,GCRIM",C15,CENSORED,CENSORED
depth_fraction_at_75,random,auto_tar,5,"C12,C15,C16,C18,GCRIM",C16,CENSORED,CENSORED
depth_fraction_at_75,random,auto_tar,5,"C12,C15,C16,C18,GCRIM",C18,CENSORED,CENSORED
depth_fraction_at_75,random,auto_tar,5,"C12,C15,C16,C18,GCRIM",GCRIM,CENSORED,CENSORED
depth_fraction_at_75,random,fixed_20,5,"C12,C15,C16,C18,GCRIM",C12,CENSORED,CENSORED
depth_fraction_at_75,random,fixed_20,5,"C12,C15,C16,C18,GCRIM",C15,CENSORED,CENSORED
depth_fraction_at_75,random,fixed_20,5,"C12,C15,C16,C18,GCRIM",C16,CENSORED,CENSORED
depth_fraction_at_75,random,fixed_20,5,"C12,C15,C16,C18,GCRIM",C18,CENSORED,CENSORED
depth_fraction_at_75,random,fixed_20,5,"C12,C15,C16,C18,GCRIM",GCRIM,CENSORED,CENSORED
depth_fraction_at_75,random,explore_10,5,"C12,C15,C16,C18,GCRIM",C12,CENSORED,CENSORED
depth_fraction_at_75,random,explore_10,5,"C12,C15,C16,C18,GCRIM",C15,CENSORED,CENSORED
depth_fraction_at_75,random,explore_10,5,"C12,C15,C16,C18,GCRIM",C16,CENSORED,CENSORED
depth_fraction_at_75,random,explore_10,5,"C12,C15,C16,C18,GCRIM",C18,CENSORED,CENSORED
depth_fraction_at_75,random,explore_10,5,"C12,C15,C16,C18,GCRIM",GCRIM,CENSORED,CENSORED
depth_fraction_at_75,seed_similarity,frozen_svm,5,"C12,C15,C16,C18,GCRIM",C12,CENSORED,CENSORED
depth_fraction_at_75,seed_similarity,frozen_svm,5,"C12,C15,C16,C18,GCRIM",C15,CENSORED,CENSORED
depth_fraction_at_75,seed_similarity,frozen_svm,5,"C12,C15,C16,C18,GCRIM",C16,CENSORED,CENSORED
depth_fraction_at_75,seed_similarity,frozen_svm,5,"C12,C15,C16,C18,GCRIM",C18,CENSORED,CENSORED
depth_fraction_at_75,seed_similarity,frozen_svm,5,"C12,C15,C16,C18,GCRIM",GCRIM,CENSORED,CENSORED
depth_fraction_at_75,seed_similarity,uncertainty,5,"C12,C15,C16,C18,GCRIM",C12,CENSORED,CENSORED
depth_fraction_at_75,seed_similarity,uncertainty,5,"C12,C15,C16,C18,GCRIM",C15,CENSORED,CENSORED
depth_fraction_at_75,seed_similarity,uncertainty,5,"C12,C15,C16,C18,GCRIM",C16,CENSORED,CENSORED
depth_fraction_at_75,seed_similarity,uncertainty,5,"C12,C15,C16,C18,GCRIM",C18,CENSORED,CENSORED
depth_fraction_at_75,seed_similarity,uncertainty,5,"C12,C15,C16,C18,GCRIM",GCRIM,CENSORED,CENSORED
depth_fraction_at_75,seed_similarity,auto_tar,5,"C12,C15,C16,C18,GCRIM",C12,CENSORED,CENSORED
depth_fraction_at_75,seed_similarity,auto_tar,5,"C12,C15,C16,C18,GCRIM",C15,CENSORED,CENSORED
depth_fraction_at_75,seed_similarity,auto_tar,5,"C12,C15,C16,C18,GCRIM",C16,CENSORED,CENSORED
depth_fraction_at_75,seed_similarity,auto_tar,5,"C12,C15,C16,C18,GCRIM",C18,CENSORED,CENSORED
depth_fraction_at_75,seed_similarity,auto_tar,5,"C12,C15,C16,C18,GCRIM",GCRIM,CENSORED,CENSORED
depth_fraction_at_75,seed_similarity,fixed_20,5,"C12,C15,C16,C18,GCRIM",C12,CENSORED,CENSORED
depth_fraction_at_75,seed_similarity,fixed_20,5,"C12,C15,C16,C18,GCRIM",C15,CENSORED,CENSORED
depth_fraction_at_75,seed_similarity,fixed_20,5,"C12,C15,C16,C18,GCRIM",C16,CENSORED,CENSORED
depth_fraction_at_75,seed_similarity,fixed_20,5,"C12,C15,C16,C18,GCRIM",C18,CENSORED,CENSORED
depth_fraction_at_75,seed_similarity,fixed_20,5,"C12,C15,C16,C18,GCRIM",GCRIM,CENSORED,CENSORED
depth_fraction_at_75,seed_similarity,explore_10,5,"C12,C15,C16,C18,GCRIM",C12,CENSORED,CENSORED
depth_fraction_at_75,seed_similarity,explore_10,5,"C12,C15,C16,C18,GCRIM",C15,CENSORED,CENSORED
depth_fraction_at_75,seed_similarity,explore_10,5,"C12,C15,C16,C18,GCRIM",C16,CENSORED,CENSORED
depth_fraction_at_75,seed_similarity,explore_10,5,"C12,C15,C16,C18,GCRIM",C18,CENSORED,CENSORED
depth_fraction_at_75,seed_similarity,explore_10,5,"C12,C15,C16,C18,GCRIM",GCRIM,CENSORED,CENSORED
depth_fraction_at_75,frozen_svm,uncertainty,5,"C12,C15,C16,C18,GCRIM",C12,CENSORED,CENSORED
depth_fraction_at_75,frozen_svm,uncertainty,5,"C12,C15,C16,C18,GCRIM",C15,CENSORED,CENSORED
depth_fraction_at_75,frozen_svm,uncertainty,5,"C12,C15,C16,C18,GCRIM",C16,CENSORED,CENSORED
depth_fraction_at_75,frozen_svm,uncertainty,5,"C12,C15,C16,C18,GCRIM",C18,CENSORED,CENSORED
depth_fraction_at_75,frozen_svm,uncertainty,5,"C12,C15,C16,C18,GCRIM",GCRIM,CENSORED,CENSORED
depth_fraction_at_75,frozen_svm,auto_tar,5,"C12,C15,C16,C18,GCRIM",C12,CENSORED,CENSORED
depth_fraction_at_75,frozen_svm,auto_tar,5,"C12,C15,C16,C18,GCRIM",C15,CENSORED,CENSORED
depth_fraction_at_75,frozen_svm,auto_tar,5,"C12,C15,C16,C18,GCRIM",C16,CENSORED,CENSORED
depth_fraction_at_75,frozen_svm,auto_tar,5,"C12,C15,C16,C18,GCRIM",C18,CENSORED,CENSORED
depth_fraction_at_75,frozen_svm,auto_tar,5,"C12,C15,C16,C18,GCRIM",GCRIM,CENSORED,CENSORED
depth_fraction_at_75,frozen_svm,fixed_20,5,"C12,C15,C16,C18,GCRIM",C12,CENSORED,CENSORED
depth_fraction_at_75,frozen_svm,fixed_20,5,"C12,C15,C16,C18,GCRIM",C15,CENSORED,CENSORED
depth_fraction_at_75,frozen_svm,fixed_20,5,"C12,C15,C16,C18,GCRIM",C16,CENSORED,CENSORED
depth_fraction_at_75,frozen_svm,fixed_20,5,"C12,C15,C16,C18,GCRIM",C18,CENSORED,CENSORED
depth_fraction_at_75,frozen_svm,fixed_20,5,"C12,C15,C16,C18,GCRIM",GCRIM,CENSORED,CENSORED
depth_fraction_at_75,frozen_svm,explore_10,5,"C12,C15,C16,C18,GCRIM",C12,CENSORED,CENSORED
depth_fraction_at_75,frozen_svm,explore_10,5,"C12,C15,C16,C18,GCRIM",C15,CENSORED,CENSORED
depth_fraction_at_75,frozen_svm,explore_10,5,"C12,C15,C16,C18,GCRIM",C16,CENSORED,CENSORED
depth_fraction_at_75,frozen_svm,explore_10,5,"C12,C15,C16,C18,GCRIM",C18,CENSORED,CENSORED
depth_fraction_at_75,frozen_svm,explore_10,5,"C12,C15,C16,C18,GCRIM",GCRIM,CENSORED,CENSORED
depth_fraction_at_75,uncertainty,auto_tar,5,"C15,GCRIM",C12,OBSERVED,0.021570406209051506
depth_fraction_at_75,uncertainty,auto_tar,5,"C15,GCRIM",C15,CENSORED,CENSORED
depth_fraction_at_75,uncertainty,auto_tar,5,"C15,GCRIM",C16,OBSERVED,-5.759788039800135e-05
depth_fraction_at_75,uncertainty,auto_tar,5,"C15,GCRIM",C18,OBSERVED,0.0685702766138206
depth_fraction_at_75,uncertainty,auto_tar,5,"C15,GCRIM",GCRIM,CENSORED,CENSORED
depth_fraction_at_75,uncertainty,fixed_20,5,"C15,GCRIM",C12,OBSERVED,0.02289515745820554
depth_fraction_at_75,uncertainty,fixed_20,5,"C15,GCRIM",C15,CENSORED,CENSORED
depth_fraction_at_75,uncertainty,fixed_20,5,"C15,GCRIM",C16,OBSERVED,-0.0012095554883580285
depth_fraction_at_75,uncertainty,fixed_20,5,"C15,GCRIM",C18,OBSERVED,0.06916065488790013
depth_fraction_at_75,uncertainty,fixed_20,5,"C15,GCRIM",GCRIM,CENSORED,CENSORED
depth_fraction_at_75,uncertainty,explore_10,5,"C15,GCRIM",C12,OBSERVED,0.02089363111437499
depth_fraction_at_75,uncertainty,explore_10,5,"C15,GCRIM",C15,CENSORED,CENSORED
depth_fraction_at_75,uncertainty,explore_10,5,"C15,GCRIM",C16,OBSERVED,-0.0010367618471640245
depth_fraction_at_75,uncertainty,explore_10,5,"C15,GCRIM",C18,OBSERVED,0.06341526631819949
depth_fraction_at_75,uncertainty,explore_10,5,"C15,GCRIM",GCRIM,CENSORED,CENSORED
depth_fraction_at_75,auto_tar,fixed_20,5,,C12,OBSERVED,0.001324751249154031
depth_fraction_at_75,auto_tar,fixed_20,5,,C15,OBSERVED,0.003283079182686077
depth_fraction_at_75,auto_tar,fixed_20,5,,C16,OBSERVED,-0.001151957607960027
depth_fraction_at_75,auto_tar,fixed_20,5,,C18,OBSERVED,0.0005903782740795139
depth_fraction_at_75,auto_tar,fixed_20,5,,GCRIM,OBSERVED,0.0001871931112935044
depth_fraction_at_75,auto_tar,explore_10,5,,C12,OBSERVED,-0.0006767750946765159
depth_fraction_at_75,auto_tar,explore_10,5,,C15,OBSERVED,-0.009849237548058231
depth_fraction_at_75,auto_tar,explore_10,5,,C16,OBSERVED,-0.000979163966766023
depth_fraction_at_75,auto_tar,explore_10,5,,C18,OBSERVED,-0.005155010295621121
depth_fraction_at_75,auto_tar,explore_10,5,,GCRIM,OBSERVED,-0.0037726611660690887
depth_fraction_at_75,fixed_20,explore_10,5,,C12,OBSERVED,-0.002001526343830547
depth_fraction_at_75,fixed_20,explore_10,5,,C15,OBSERVED,-0.013132316730744309
depth_fraction_at_75,fixed_20,explore_10,5,,C16,OBSERVED,0.00017279364119400406
depth_fraction_at_75,fixed_20,explore_10,5,,C18,OBSERVED,-0.005745388569700635
depth_fraction_at_75,fixed_20,explore_10,5,,GCRIM,OBSERVED,-0.0039598542773625935
depth_fraction_at_80,random,seed_similarity,5,"C12,C15,C16,C18,GCRIM",C12,CENSORED,CENSORED
depth_fraction_at_80,random,seed_similarity,5,"C12,C15,C16,C18,GCRIM",C15,CENSORED,CENSORED
depth_fraction_at_80,random,seed_similarity,5,"C12,C15,C16,C18,GCRIM",C16,CENSORED,CENSORED
depth_fraction_at_80,random,seed_similarity,5,"C12,C15,C16,C18,GCRIM",C18,CENSORED,CENSORED
depth_fraction_at_80,random,seed_similarity,5,"C12,C15,C16,C18,GCRIM",GCRIM,CENSORED,CENSORED
depth_fraction_at_80,random,frozen_svm,5,"C12,C15,C16,C18,GCRIM",C12,CENSORED,CENSORED
depth_fraction_at_80,random,frozen_svm,5,"C12,C15,C16,C18,GCRIM",C15,CENSORED,CENSORED
depth_fraction_at_80,random,frozen_svm,5,"C12,C15,C16,C18,GCRIM",C16,CENSORED,CENSORED
depth_fraction_at_80,random,frozen_svm,5,"C12,C15,C16,C18,GCRIM",C18,CENSORED,CENSORED
depth_fraction_at_80,random,frozen_svm,5,"C12,C15,C16,C18,GCRIM",GCRIM,CENSORED,CENSORED
depth_fraction_at_80,random,uncertainty,5,"C12,C15,C16,C18,GCRIM",C12,CENSORED,CENSORED
depth_fraction_at_80,random,uncertainty,5,"C12,C15,C16,C18,GCRIM",C15,CENSORED,CENSORED
depth_fraction_at_80,random,uncertainty,5,"C12,C15,C16,C18,GCRIM",C16,CENSORED,CENSORED
depth_fraction_at_80,random,uncertainty,5,"C12,C15,C16,C18,GCRIM",C18,CENSORED,CENSORED
depth_fraction_at_80,random,uncertainty,5,"C12,C15,C16,C18,GCRIM",GCRIM,CENSORED,CENSORED
depth_fraction_at_80,random,auto_tar,5,"C12,C15,C16,C18,GCRIM",C12,CENSORED,CENSORED
depth_fraction_at_80,random,auto_tar,5,"C12,C15,C16,C18,GCRIM",C15,CENSORED,CENSORED
depth_fraction_at_80,random,auto_tar,5,"C12,C15,C16,C18,GCRIM",C16,CENSORED,CENSORED
depth_fraction_at_80,random,auto_tar,5,"C12,C15,C16,C18,GCRIM",C18,CENSORED,CENSORED
depth_fraction_at_80,random,auto_tar,5,"C12,C15,C16,C18,GCRIM",GCRIM,CENSORED,CENSORED
depth_fraction_at_80,random,fixed_20,5,"C12,C15,C16,C18,GCRIM",C12,CENSORED,CENSORED
depth_fraction_at_80,random,fixed_20,5,"C12,C15,C16,C18,GCRIM",C15,CENSORED,CENSORED
depth_fraction_at_80,random,fixed_20,5,"C12,C15,C16,C18,GCRIM",C16,CENSORED,CENSORED
depth_fraction_at_80,random,fixed_20,5,"C12,C15,C16,C18,GCRIM",C18,CENSORED,CENSORED
depth_fraction_at_80,random,fixed_20,5,"C12,C15,C16,C18,GCRIM",GCRIM,CENSORED,CENSORED
depth_fraction_at_80,random,explore_10,5,"C12,C15,C16,C18,GCRIM",C12,CENSORED,CENSORED
depth_fraction_at_80,random,explore_10,5,"C12,C15,C16,C18,GCRIM",C15,CENSORED,CENSORED
depth_fraction_at_80,random,explore_10,5,"C12,C15,C16,C18,GCRIM",C16,CENSORED,CENSORED
depth_fraction_at_80,random,explore_10,5,"C12,C15,C16,C18,GCRIM",C18,CENSORED,CENSORED
depth_fraction_at_80,random,explore_10,5,"C12,C15,C16,C18,GCRIM",GCRIM,CENSORED,CENSORED
depth_fraction_at_80,seed_similarity,frozen_svm,5,"C12,C15,C16,C18,GCRIM",C12,CENSORED,CENSORED
depth_fraction_at_80,seed_similarity,frozen_svm,5,"C12,C15,C16,C18,GCRIM",C15,CENSORED,CENSORED
depth_fraction_at_80,seed_similarity,frozen_svm,5,"C12,C15,C16,C18,GCRIM",C16,CENSORED,CENSORED
depth_fraction_at_80,seed_similarity,frozen_svm,5,"C12,C15,C16,C18,GCRIM",C18,CENSORED,CENSORED
depth_fraction_at_80,seed_similarity,frozen_svm,5,"C12,C15,C16,C18,GCRIM",GCRIM,CENSORED,CENSORED
depth_fraction_at_80,seed_similarity,uncertainty,5,"C12,C15,C16,C18,GCRIM",C12,CENSORED,CENSORED
depth_fraction_at_80,seed_similarity,uncertainty,5,"C12,C15,C16,C18,GCRIM",C15,CENSORED,CENSORED
depth_fraction_at_80,seed_similarity,uncertainty,5,"C12,C15,C16,C18,GCRIM",C16,CENSORED,CENSORED
depth_fraction_at_80,seed_similarity,uncertainty,5,"C12,C15,C16,C18,GCRIM",C18,CENSORED,CENSORED
depth_fraction_at_80,seed_similarity,uncertainty,5,"C12,C15,C16,C18,GCRIM",GCRIM,CENSORED,CENSORED
depth_fraction_at_80,seed_similarity,auto_tar,5,"C12,C15,C16,C18,GCRIM",C12,CENSORED,CENSORED
depth_fraction_at_80,seed_similarity,auto_tar,5,"C12,C15,C16,C18,GCRIM",C15,CENSORED,CENSORED
depth_fraction_at_80,seed_similarity,auto_tar,5,"C12,C15,C16,C18,GCRIM",C16,CENSORED,CENSORED
depth_fraction_at_80,seed_similarity,auto_tar,5,"C12,C15,C16,C18,GCRIM",C18,CENSORED,CENSORED
depth_fraction_at_80,seed_similarity,auto_tar,5,"C12,C15,C16,C18,GCRIM",GCRIM,CENSORED,CENSORED
depth_fraction_at_80,seed_similarity,fixed_20,5,"C12,C15,C16,C18,GCRIM",C12,CENSORED,CENSORED
depth_fraction_at_80,seed_similarity,fixed_20,5,"C12,C15,C16,C18,GCRIM",C15,CENSORED,CENSORED
depth_fraction_at_80,seed_similarity,fixed_20,5,"C12,C15,C16,C18,GCRIM",C16,CENSORED,CENSORED
depth_fraction_at_80,seed_similarity,fixed_20,5,"C12,C15,C16,C18,GCRIM",C18,CENSORED,CENSORED
depth_fraction_at_80,seed_similarity,fixed_20,5,"C12,C15,C16,C18,GCRIM",GCRIM,CENSORED,CENSORED
depth_fraction_at_80,seed_similarity,explore_10,5,"C12,C15,C16,C18,GCRIM",C12,CENSORED,CENSORED
depth_fraction_at_80,seed_similarity,explore_10,5,"C12,C15,C16,C18,GCRIM",C15,CENSORED,CENSORED
depth_fraction_at_80,seed_similarity,explore_10,5,"C12,C15,C16,C18,GCRIM",C16,CENSORED,CENSORED
depth_fraction_at_80,seed_similarity,explore_10,5,"C12,C15,C16,C18,GCRIM",C18,CENSORED,CENSORED
depth_fraction_at_80,seed_similarity,explore_10,5,"C12,C15,C16,C18,GCRIM",GCRIM,CENSORED,CENSORED
depth_fraction_at_80,frozen_svm,uncertainty,5,"C12,C15,C16,C18,GCRIM",C12,CENSORED,CENSORED
depth_fraction_at_80,frozen_svm,uncertainty,5,"C12,C15,C16,C18,GCRIM",C15,CENSORED,CENSORED
depth_fraction_at_80,frozen_svm,uncertainty,5,"C12,C15,C16,C18,GCRIM",C16,CENSORED,CENSORED
depth_fraction_at_80,frozen_svm,uncertainty,5,"C12,C15,C16,C18,GCRIM",C18,CENSORED,CENSORED
depth_fraction_at_80,frozen_svm,uncertainty,5,"C12,C15,C16,C18,GCRIM",GCRIM,CENSORED,CENSORED
depth_fraction_at_80,frozen_svm,auto_tar,5,"C12,C15,C16,C18,GCRIM",C12,CENSORED,CENSORED
depth_fraction_at_80,frozen_svm,auto_tar,5,"C12,C15,C16,C18,GCRIM",C15,CENSORED,CENSORED
depth_fraction_at_80,frozen_svm,auto_tar,5,"C12,C15,C16,C18,GCRIM",C16,CENSORED,CENSORED
depth_fraction_at_80,frozen_svm,auto_tar,5,"C12,C15,C16,C18,GCRIM",C18,CENSORED,CENSORED
depth_fraction_at_80,frozen_svm,auto_tar,5,"C12,C15,C16,C18,GCRIM",GCRIM,CENSORED,CENSORED
depth_fraction_at_80,frozen_svm,fixed_20,5,"C12,C15,C16,C18,GCRIM",C12,CENSORED,CENSORED
depth_fraction_at_80,frozen_svm,fixed_20,5,"C12,C15,C16,C18,GCRIM",C15,CENSORED,CENSORED
depth_fraction_at_80,frozen_svm,fixed_20,5,"C12,C15,C16,C18,GCRIM",C16,CENSORED,CENSORED
depth_fraction_at_80,frozen_svm,fixed_20,5,"C12,C15,C16,C18,GCRIM",C18,CENSORED,CENSORED
depth_fraction_at_80,frozen_svm,fixed_20,5,"C12,C15,C16,C18,GCRIM",GCRIM,CENSORED,CENSORED
depth_fraction_at_80,frozen_svm,explore_10,5,"C12,C15,C16,C18,GCRIM",C12,CENSORED,CENSORED
depth_fraction_at_80,frozen_svm,explore_10,5,"C12,C15,C16,C18,GCRIM",C15,CENSORED,CENSORED
depth_fraction_at_80,frozen_svm,explore_10,5,"C12,C15,C16,C18,GCRIM",C16,CENSORED,CENSORED
depth_fraction_at_80,frozen_svm,explore_10,5,"C12,C15,C16,C18,GCRIM",C18,CENSORED,CENSORED
depth_fraction_at_80,frozen_svm,explore_10,5,"C12,C15,C16,C18,GCRIM",GCRIM,CENSORED,CENSORED
depth_fraction_at_80,uncertainty,auto_tar,5,"C15,GCRIM",C12,OBSERVED,0.044047979034371534
depth_fraction_at_80,uncertainty,auto_tar,5,"C15,GCRIM",C15,CENSORED,CENSORED
depth_fraction_at_80,uncertainty,auto_tar,5,"C15,GCRIM",C16,OBSERVED,-0.0005039814534825119
depth_fraction_at_80,uncertainty,auto_tar,5,"C15,GCRIM",C18,OBSERVED,0.11803245640560428
depth_fraction_at_80,uncertainty,auto_tar,5,"C15,GCRIM",GCRIM,CENSORED,CENSORED
depth_fraction_at_80,uncertainty,fixed_20,5,"C15,GCRIM",C12,OBSERVED,0.0468270767635751
depth_fraction_at_80,uncertainty,fixed_20,5,"C15,GCRIM",C15,CENSORED,CENSORED
depth_fraction_at_80,uncertainty,fixed_20,5,"C15,GCRIM",C16,OBSERVED,0.0
depth_fraction_at_80,uncertainty,fixed_20,5,"C15,GCRIM",C18,OBSERVED,0.1187956283208778
depth_fraction_at_80,uncertainty,fixed_20,5,"C15,GCRIM",GCRIM,CENSORED,CENSORED
depth_fraction_at_80,uncertainty,explore_10,5,"C15,GCRIM",C12,OBSERVED,0.04350079917059052
depth_fraction_at_80,uncertainty,explore_10,5,"C15,GCRIM",C15,CENSORED,CENSORED
depth_fraction_at_80,uncertainty,explore_10,5,"C15,GCRIM",C16,OBSERVED,-2.8798940199000676e-05
depth_fraction_at_80,uncertainty,explore_10,5,"C15,GCRIM",C18,OBSERVED,0.11222946995550563
depth_fraction_at_80,uncertainty,explore_10,5,"C15,GCRIM",GCRIM,CENSORED,CENSORED
depth_fraction_at_80,auto_tar,fixed_20,5,,C12,OBSERVED,0.0027790977292035655
depth_fraction_at_80,auto_tar,fixed_20,5,,C15,OBSERVED,0.004622229901939608
depth_fraction_at_80,auto_tar,fixed_20,5,,C16,OBSERVED,0.0005039814534825119
depth_fraction_at_80,auto_tar,fixed_20,5,,C18,OBSERVED,0.0007631719152735179
depth_fraction_at_80,auto_tar,fixed_20,5,,GCRIM,OBSERVED,0.0008351692657710196
depth_fraction_at_80,auto_tar,explore_10,5,,C12,OBSERVED,-0.0005471798637810128
depth_fraction_at_80,auto_tar,explore_10,5,,C15,OBSERVED,-0.009186861923481216
depth_fraction_at_80,auto_tar,explore_10,5,,C16,OBSERVED,0.00047518251328351117
depth_fraction_at_80,auto_tar,explore_10,5,,C18,OBSERVED,-0.005802986450098637
depth_fraction_at_80,auto_tar,explore_10,5,,GCRIM,OBSERVED,-0.0032110818321885756
depth_fraction_at_80,fixed_20,explore_10,5,,C12,OBSERVED,-0.003326277592984578
depth_fraction_at_80,fixed_20,explore_10,5,,C15,OBSERVED,-0.013809091825420824
depth_fraction_at_80,fixed_20,explore_10,5,,C16,OBSERVED,-2.8798940199000676e-05
depth_fraction_at_80,fixed_20,explore_10,5,,C18,OBSERVED,-0.006566158365372154
depth_fraction_at_80,fixed_20,explore_10,5,,GCRIM,OBSERVED,-0.004046251097959595
depth_fraction_at_90,random,seed_similarity,5,"C12,C15,C16,C18,GCRIM",C12,CENSORED,CENSORED
depth_fraction_at_90,random,seed_similarity,5,"C12,C15,C16,C18,GCRIM",C15,CENSORED,CENSORED
depth_fraction_at_90,random,seed_similarity,5,"C12,C15,C16,C18,GCRIM",C16,CENSORED,CENSORED
depth_fraction_at_90,random,seed_similarity,5,"C12,C15,C16,C18,GCRIM",C18,CENSORED,CENSORED
depth_fraction_at_90,random,seed_similarity,5,"C12,C15,C16,C18,GCRIM",GCRIM,CENSORED,CENSORED
depth_fraction_at_90,random,frozen_svm,5,"C12,C15,C16,C18,GCRIM",C12,CENSORED,CENSORED
depth_fraction_at_90,random,frozen_svm,5,"C12,C15,C16,C18,GCRIM",C15,CENSORED,CENSORED
depth_fraction_at_90,random,frozen_svm,5,"C12,C15,C16,C18,GCRIM",C16,CENSORED,CENSORED
depth_fraction_at_90,random,frozen_svm,5,"C12,C15,C16,C18,GCRIM",C18,CENSORED,CENSORED
depth_fraction_at_90,random,frozen_svm,5,"C12,C15,C16,C18,GCRIM",GCRIM,CENSORED,CENSORED
depth_fraction_at_90,random,uncertainty,5,"C12,C15,C16,C18,GCRIM",C12,CENSORED,CENSORED
depth_fraction_at_90,random,uncertainty,5,"C12,C15,C16,C18,GCRIM",C15,CENSORED,CENSORED
depth_fraction_at_90,random,uncertainty,5,"C12,C15,C16,C18,GCRIM",C16,CENSORED,CENSORED
depth_fraction_at_90,random,uncertainty,5,"C12,C15,C16,C18,GCRIM",C18,CENSORED,CENSORED
depth_fraction_at_90,random,uncertainty,5,"C12,C15,C16,C18,GCRIM",GCRIM,CENSORED,CENSORED
depth_fraction_at_90,random,auto_tar,5,"C12,C15,C16,C18,GCRIM",C12,CENSORED,CENSORED
depth_fraction_at_90,random,auto_tar,5,"C12,C15,C16,C18,GCRIM",C15,CENSORED,CENSORED
depth_fraction_at_90,random,auto_tar,5,"C12,C15,C16,C18,GCRIM",C16,CENSORED,CENSORED
depth_fraction_at_90,random,auto_tar,5,"C12,C15,C16,C18,GCRIM",C18,CENSORED,CENSORED
depth_fraction_at_90,random,auto_tar,5,"C12,C15,C16,C18,GCRIM",GCRIM,CENSORED,CENSORED
depth_fraction_at_90,random,fixed_20,5,"C12,C15,C16,C18,GCRIM",C12,CENSORED,CENSORED
depth_fraction_at_90,random,fixed_20,5,"C12,C15,C16,C18,GCRIM",C15,CENSORED,CENSORED
depth_fraction_at_90,random,fixed_20,5,"C12,C15,C16,C18,GCRIM",C16,CENSORED,CENSORED
depth_fraction_at_90,random,fixed_20,5,"C12,C15,C16,C18,GCRIM",C18,CENSORED,CENSORED
depth_fraction_at_90,random,fixed_20,5,"C12,C15,C16,C18,GCRIM",GCRIM,CENSORED,CENSORED
depth_fraction_at_90,random,explore_10,5,"C12,C15,C16,C18,GCRIM",C12,CENSORED,CENSORED
depth_fraction_at_90,random,explore_10,5,"C12,C15,C16,C18,GCRIM",C15,CENSORED,CENSORED
depth_fraction_at_90,random,explore_10,5,"C12,C15,C16,C18,GCRIM",C16,CENSORED,CENSORED
depth_fraction_at_90,random,explore_10,5,"C12,C15,C16,C18,GCRIM",C18,CENSORED,CENSORED
depth_fraction_at_90,random,explore_10,5,"C12,C15,C16,C18,GCRIM",GCRIM,CENSORED,CENSORED
depth_fraction_at_90,seed_similarity,frozen_svm,5,"C12,C15,C16,C18,GCRIM",C12,CENSORED,CENSORED
depth_fraction_at_90,seed_similarity,frozen_svm,5,"C12,C15,C16,C18,GCRIM",C15,CENSORED,CENSORED
depth_fraction_at_90,seed_similarity,frozen_svm,5,"C12,C15,C16,C18,GCRIM",C16,CENSORED,CENSORED
depth_fraction_at_90,seed_similarity,frozen_svm,5,"C12,C15,C16,C18,GCRIM",C18,CENSORED,CENSORED
depth_fraction_at_90,seed_similarity,frozen_svm,5,"C12,C15,C16,C18,GCRIM",GCRIM,CENSORED,CENSORED
depth_fraction_at_90,seed_similarity,uncertainty,5,"C12,C15,C16,C18,GCRIM",C12,CENSORED,CENSORED
depth_fraction_at_90,seed_similarity,uncertainty,5,"C12,C15,C16,C18,GCRIM",C15,CENSORED,CENSORED
depth_fraction_at_90,seed_similarity,uncertainty,5,"C12,C15,C16,C18,GCRIM",C16,CENSORED,CENSORED
depth_fraction_at_90,seed_similarity,uncertainty,5,"C12,C15,C16,C18,GCRIM",C18,CENSORED,CENSORED
depth_fraction_at_90,seed_similarity,uncertainty,5,"C12,C15,C16,C18,GCRIM",GCRIM,CENSORED,CENSORED
depth_fraction_at_90,seed_similarity,auto_tar,5,"C12,C15,C16,C18,GCRIM",C12,CENSORED,CENSORED
depth_fraction_at_90,seed_similarity,auto_tar,5,"C12,C15,C16,C18,GCRIM",C15,CENSORED,CENSORED
depth_fraction_at_90,seed_similarity,auto_tar,5,"C12,C15,C16,C18,GCRIM",C16,CENSORED,CENSORED
depth_fraction_at_90,seed_similarity,auto_tar,5,"C12,C15,C16,C18,GCRIM",C18,CENSORED,CENSORED
depth_fraction_at_90,seed_similarity,auto_tar,5,"C12,C15,C16,C18,GCRIM",GCRIM,CENSORED,CENSORED
depth_fraction_at_90,seed_similarity,fixed_20,5,"C12,C15,C16,C18,GCRIM",C12,CENSORED,CENSORED
depth_fraction_at_90,seed_similarity,fixed_20,5,"C12,C15,C16,C18,GCRIM",C15,CENSORED,CENSORED
depth_fraction_at_90,seed_similarity,fixed_20,5,"C12,C15,C16,C18,GCRIM",C16,CENSORED,CENSORED
depth_fraction_at_90,seed_similarity,fixed_20,5,"C12,C15,C16,C18,GCRIM",C18,CENSORED,CENSORED
depth_fraction_at_90,seed_similarity,fixed_20,5,"C12,C15,C16,C18,GCRIM",GCRIM,CENSORED,CENSORED
depth_fraction_at_90,seed_similarity,explore_10,5,"C12,C15,C16,C18,GCRIM",C12,CENSORED,CENSORED
depth_fraction_at_90,seed_similarity,explore_10,5,"C12,C15,C16,C18,GCRIM",C15,CENSORED,CENSORED
depth_fraction_at_90,seed_similarity,explore_10,5,"C12,C15,C16,C18,GCRIM",C16,CENSORED,CENSORED
depth_fraction_at_90,seed_similarity,explore_10,5,"C12,C15,C16,C18,GCRIM",C18,CENSORED,CENSORED
depth_fraction_at_90,seed_similarity,explore_10,5,"C12,C15,C16,C18,GCRIM",GCRIM,CENSORED,CENSORED
depth_fraction_at_90,frozen_svm,uncertainty,5,"C12,C15,C16,C18,GCRIM",C12,CENSORED,CENSORED
depth_fraction_at_90,frozen_svm,uncertainty,5,"C12,C15,C16,C18,GCRIM",C15,CENSORED,CENSORED
depth_fraction_at_90,frozen_svm,uncertainty,5,"C12,C15,C16,C18,GCRIM",C16,CENSORED,CENSORED
depth_fraction_at_90,frozen_svm,uncertainty,5,"C12,C15,C16,C18,GCRIM",C18,CENSORED,CENSORED
depth_fraction_at_90,frozen_svm,uncertainty,5,"C12,C15,C16,C18,GCRIM",GCRIM,CENSORED,CENSORED
depth_fraction_at_90,frozen_svm,auto_tar,5,"C12,C15,C16,C18,GCRIM",C12,CENSORED,CENSORED
depth_fraction_at_90,frozen_svm,auto_tar,5,"C12,C15,C16,C18,GCRIM",C15,CENSORED,CENSORED
depth_fraction_at_90,frozen_svm,auto_tar,5,"C12,C15,C16,C18,GCRIM",C16,CENSORED,CENSORED
depth_fraction_at_90,frozen_svm,auto_tar,5,"C12,C15,C16,C18,GCRIM",C18,CENSORED,CENSORED
depth_fraction_at_90,frozen_svm,auto_tar,5,"C12,C15,C16,C18,GCRIM",GCRIM,CENSORED,CENSORED
depth_fraction_at_90,frozen_svm,fixed_20,5,"C12,C15,C16,C18,GCRIM",C12,CENSORED,CENSORED
depth_fraction_at_90,frozen_svm,fixed_20,5,"C12,C15,C16,C18,GCRIM",C15,CENSORED,CENSORED
depth_fraction_at_90,frozen_svm,fixed_20,5,"C12,C15,C16,C18,GCRIM",C16,CENSORED,CENSORED
depth_fraction_at_90,frozen_svm,fixed_20,5,"C12,C15,C16,C18,GCRIM",C18,CENSORED,CENSORED
depth_fraction_at_90,frozen_svm,fixed_20,5,"C12,C15,C16,C18,GCRIM",GCRIM,CENSORED,CENSORED
depth_fraction_at_90,frozen_svm,explore_10,5,"C12,C15,C16,C18,GCRIM",C12,CENSORED,CENSORED
depth_fraction_at_90,frozen_svm,explore_10,5,"C12,C15,C16,C18,GCRIM",C15,CENSORED,CENSORED
depth_fraction_at_90,frozen_svm,explore_10,5,"C12,C15,C16,C18,GCRIM",C16,CENSORED,CENSORED
depth_fraction_at_90,frozen_svm,explore_10,5,"C12,C15,C16,C18,GCRIM",C18,CENSORED,CENSORED
depth_fraction_at_90,frozen_svm,explore_10,5,"C12,C15,C16,C18,GCRIM",GCRIM,CENSORED,CENSORED
depth_fraction_at_90,uncertainty,auto_tar,5,"C12,C15,C18,GCRIM",C12,CENSORED,CENSORED
depth_fraction_at_90,uncertainty,auto_tar,5,"C12,C15,C18,GCRIM",C15,CENSORED,CENSORED
depth_fraction_at_90,uncertainty,auto_tar,5,"C12,C15,C18,GCRIM",C16,OBSERVED,0.0
depth_fraction_at_90,uncertainty,auto_tar,5,"C12,C15,C18,GCRIM",C18,CENSORED,CENSORED
depth_fraction_at_90,uncertainty,auto_tar,5,"C12,C15,C18,GCRIM",GCRIM,CENSORED,CENSORED
depth_fraction_at_90,uncertainty,fixed_20,5,"C12,C15,C18,GCRIM",C12,CENSORED,CENSORED
depth_fraction_at_90,uncertainty,fixed_20,5,"C12,C15,C18,GCRIM",C15,CENSORED,CENSORED
depth_fraction_at_90,uncertainty,fixed_20,5,"C12,C15,C18,GCRIM",C16,OBSERVED,-0.00012959523089550306
depth_fraction_at_90,uncertainty,fixed_20,5,"C12,C15,C18,GCRIM",C18,CENSORED,CENSORED
depth_fraction_at_90,uncertainty,fixed_20,5,"C12,C15,C18,GCRIM",GCRIM,CENSORED,CENSORED
depth_fraction_at_90,uncertainty,explore_10,5,"C12,C15,C16,C18,GCRIM",C12,CENSORED,CENSORED
depth_fraction_at_90,uncertainty,explore_10,5,"C12,C15,C16,C18,GCRIM",C15,CENSORED,CENSORED
depth_fraction_at_90,uncertainty,explore_10,5,"C12,C15,C16,C18,GCRIM",C16,CENSORED,CENSORED
depth_fraction_at_90,uncertainty,explore_10,5,"C12,C15,C16,C18,GCRIM",C18,CENSORED,CENSORED
depth_fraction_at_90,uncertainty,explore_10,5,"C12,C15,C16,C18,GCRIM",GCRIM,CENSORED,CENSORED
depth_fraction_at_90,auto_tar,fixed_20,5,,C12,OBSERVED,0.00021599205149250509
depth_fraction_at_90,auto_tar,fixed_20,5,,C15,OBSERVED,0.008711679410197704
depth_fraction_at_90,auto_tar,fixed_20,5,,C16,OBSERVED,-0.00012959523089550306
depth_fraction_at_90,auto_tar,fixed_20,5,,C18,OBSERVED,0.0010943597275620256
depth_fraction_at_90,auto_tar,fixed_20,5,,GCRIM,OBSERVED,0.003657465405273086
depth_fraction_at_90,auto_tar,explore_10,5,C16,C12,OBSERVED,-0.004305441559750601
depth_fraction_at_90,auto_tar,explore_10,5,C16,C15,OBSERVED,-0.010828401514824254
depth_fraction_at_90,auto_tar,explore_10,5,C16,C16,CENSORED,CENSORED
depth_fraction_at_90,auto_tar,explore_10,5,C16,C18,OBSERVED,-0.007329330280645672
depth_fraction_at_90,auto_tar,explore_10,5,C16,GCRIM,OBSERVED,-0.006220571082984146
depth_fraction_at_90,fixed_20,explore_10,5,C16,C12,OBSERVED,-0.0045214336112431065
depth_fraction_at_90,fixed_20,explore_10,5,C16,C15,OBSERVED,-0.01954008092502196
depth_fraction_at_90,fixed_20,explore_10,5,C16,C16,CENSORED,CENSORED
depth_fraction_at_90,fixed_20,explore_10,5,C16,C18,OBSERVED,-0.008423690008207698
depth_fraction_at_90,fixed_20,explore_10,5,C16,GCRIM,OBSERVED,-0.009878036488257231
depth_per_positive_at_75,random,seed_similarity,5,"C12,C15,C16,C18,GCRIM",C12,CENSORED,CENSORED
depth_per_positive_at_75,random,seed_similarity,5,"C12,C15,C16,C18,GCRIM",C15,CENSORED,CENSORED
depth_per_positive_at_75,random,seed_similarity,5,"C12,C15,C16,C18,GCRIM",C16,CENSORED,CENSORED
depth_per_positive_at_75,random,seed_similarity,5,"C12,C15,C16,C18,GCRIM",C18,CENSORED,CENSORED
depth_per_positive_at_75,random,seed_similarity,5,"C12,C15,C16,C18,GCRIM",GCRIM,CENSORED,CENSORED
depth_per_positive_at_75,random,frozen_svm,5,"C12,C15,C16,C18,GCRIM",C12,CENSORED,CENSORED
depth_per_positive_at_75,random,frozen_svm,5,"C12,C15,C16,C18,GCRIM",C15,CENSORED,CENSORED
depth_per_positive_at_75,random,frozen_svm,5,"C12,C15,C16,C18,GCRIM",C16,CENSORED,CENSORED
depth_per_positive_at_75,random,frozen_svm,5,"C12,C15,C16,C18,GCRIM",C18,CENSORED,CENSORED
depth_per_positive_at_75,random,frozen_svm,5,"C12,C15,C16,C18,GCRIM",GCRIM,CENSORED,CENSORED
depth_per_positive_at_75,random,uncertainty,5,"C12,C15,C16,C18,GCRIM",C12,CENSORED,CENSORED
depth_per_positive_at_75,random,uncertainty,5,"C12,C15,C16,C18,GCRIM",C15,CENSORED,CENSORED
depth_per_positive_at_75,random,uncertainty,5,"C12,C15,C16,C18,GCRIM",C16,CENSORED,CENSORED
depth_per_positive_at_75,random,uncertainty,5,"C12,C15,C16,C18,GCRIM",C18,CENSORED,CENSORED
depth_per_positive_at_75,random,uncertainty,5,"C12,C15,C16,C18,GCRIM",GCRIM,CENSORED,CENSORED
depth_per_positive_at_75,random,auto_tar,5,"C12,C15,C16,C18,GCRIM",C12,CENSORED,CENSORED
depth_per_positive_at_75,random,auto_tar,5,"C12,C15,C16,C18,GCRIM",C15,CENSORED,CENSORED
depth_per_positive_at_75,random,auto_tar,5,"C12,C15,C16,C18,GCRIM",C16,CENSORED,CENSORED
depth_per_positive_at_75,random,auto_tar,5,"C12,C15,C16,C18,GCRIM",C18,CENSORED,CENSORED
depth_per_positive_at_75,random,auto_tar,5,"C12,C15,C16,C18,GCRIM",GCRIM,CENSORED,CENSORED
depth_per_positive_at_75,random,fixed_20,5,"C12,C15,C16,C18,GCRIM",C12,CENSORED,CENSORED
depth_per_positive_at_75,random,fixed_20,5,"C12,C15,C16,C18,GCRIM",C15,CENSORED,CENSORED
depth_per_positive_at_75,random,fixed_20,5,"C12,C15,C16,C18,GCRIM",C16,CENSORED,CENSORED
depth_per_positive_at_75,random,fixed_20,5,"C12,C15,C16,C18,GCRIM",C18,CENSORED,CENSORED
depth_per_positive_at_75,random,fixed_20,5,"C12,C15,C16,C18,GCRIM",GCRIM,CENSORED,CENSORED
depth_per_positive_at_75,random,explore_10,5,"C12,C15,C16,C18,GCRIM",C12,CENSORED,CENSORED
depth_per_positive_at_75,random,explore_10,5,"C12,C15,C16,C18,GCRIM",C15,CENSORED,CENSORED
depth_per_positive_at_75,random,explore_10,5,"C12,C15,C16,C18,GCRIM",C16,CENSORED,CENSORED
depth_per_positive_at_75,random,explore_10,5,"C12,C15,C16,C18,GCRIM",C18,CENSORED,CENSORED
depth_per_positive_at_75,random,explore_10,5,"C12,C15,C16,C18,GCRIM",GCRIM,CENSORED,CENSORED
depth_per_positive_at_75,seed_similarity,frozen_svm,5,"C12,C15,C16,C18,GCRIM",C12,CENSORED,CENSORED
depth_per_positive_at_75,seed_similarity,frozen_svm,5,"C12,C15,C16,C18,GCRIM",C15,CENSORED,CENSORED
depth_per_positive_at_75,seed_similarity,frozen_svm,5,"C12,C15,C16,C18,GCRIM",C16,CENSORED,CENSORED
depth_per_positive_at_75,seed_similarity,frozen_svm,5,"C12,C15,C16,C18,GCRIM",C18,CENSORED,CENSORED
depth_per_positive_at_75,seed_similarity,frozen_svm,5,"C12,C15,C16,C18,GCRIM",GCRIM,CENSORED,CENSORED
depth_per_positive_at_75,seed_similarity,uncertainty,5,"C12,C15,C16,C18,GCRIM",C12,CENSORED,CENSORED
depth_per_positive_at_75,seed_similarity,uncertainty,5,"C12,C15,C16,C18,GCRIM",C15,CENSORED,CENSORED
depth_per_positive_at_75,seed_similarity,uncertainty,5,"C12,C15,C16,C18,GCRIM",C16,CENSORED,CENSORED
depth_per_positive_at_75,seed_similarity,uncertainty,5,"C12,C15,C16,C18,GCRIM",C18,CENSORED,CENSORED
depth_per_positive_at_75,seed_similarity,uncertainty,5,"C12,C15,C16,C18,GCRIM",GCRIM,CENSORED,CENSORED
depth_per_positive_at_75,seed_similarity,auto_tar,5,"C12,C15,C16,C18,GCRIM",C12,CENSORED,CENSORED
depth_per_positive_at_75,seed_similarity,auto_tar,5,"C12,C15,C16,C18,GCRIM",C15,CENSORED,CENSORED
depth_per_positive_at_75,seed_similarity,auto_tar,5,"C12,C15,C16,C18,GCRIM",C16,CENSORED,CENSORED
depth_per_positive_at_75,seed_similarity,auto_tar,5,"C12,C15,C16,C18,GCRIM",C18,CENSORED,CENSORED
depth_per_positive_at_75,seed_similarity,auto_tar,5,"C12,C15,C16,C18,GCRIM",GCRIM,CENSORED,CENSORED
depth_per_positive_at_75,seed_similarity,fixed_20,5,"C12,C15,C16,C18,GCRIM",C12,CENSORED,CENSORED
depth_per_positive_at_75,seed_similarity,fixed_20,5,"C12,C15,C16,C18,GCRIM",C15,CENSORED,CENSORED
depth_per_positive_at_75,seed_similarity,fixed_20,5,"C12,C15,C16,C18,GCRIM",C16,CENSORED,CENSORED
depth_per_positive_at_75,seed_similarity,fixed_20,5,"C12,C15,C16,C18,GCRIM",C18,CENSORED,CENSORED
depth_per_positive_at_75,seed_similarity,fixed_20,5,"C12,C15,C16,C18,GCRIM",GCRIM,CENSORED,CENSORED
depth_per_positive_at_75,seed_similarity,explore_10,5,"C12,C15,C16,C18,GCRIM",C12,CENSORED,CENSORED
depth_per_positive_at_75,seed_similarity,explore_10,5,"C12,C15,C16,C18,GCRIM",C15,CENSORED,CENSORED
depth_per_positive_at_75,seed_similarity,explore_10,5,"C12,C15,C16,C18,GCRIM",C16,CENSORED,CENSORED
depth_per_positive_at_75,seed_similarity,explore_10,5,"C12,C15,C16,C18,GCRIM",C18,CENSORED,CENSORED
depth_per_positive_at_75,seed_similarity,explore_10,5,"C12,C15,C16,C18,GCRIM",GCRIM,CENSORED,CENSORED
depth_per_positive_at_75,frozen_svm,uncertainty,5,"C12,C15,C16,C18,GCRIM",C12,CENSORED,CENSORED
depth_per_positive_at_75,frozen_svm,uncertainty,5,"C12,C15,C16,C18,GCRIM",C15,CENSORED,CENSORED
depth_per_positive_at_75,frozen_svm,uncertainty,5,"C12,C15,C16,C18,GCRIM",C16,CENSORED,CENSORED
depth_per_positive_at_75,frozen_svm,uncertainty,5,"C12,C15,C16,C18,GCRIM",C18,CENSORED,CENSORED
depth_per_positive_at_75,frozen_svm,uncertainty,5,"C12,C15,C16,C18,GCRIM",GCRIM,CENSORED,CENSORED
depth_per_positive_at_75,frozen_svm,auto_tar,5,"C12,C15,C16,C18,GCRIM",C12,CENSORED,CENSORED
depth_per_positive_at_75,frozen_svm,auto_tar,5,"C12,C15,C16,C18,GCRIM",C15,CENSORED,CENSORED
depth_per_positive_at_75,frozen_svm,auto_tar,5,"C12,C15,C16,C18,GCRIM",C16,CENSORED,CENSORED
depth_per_positive_at_75,frozen_svm,auto_tar,5,"C12,C15,C16,C18,GCRIM",C18,CENSORED,CENSORED
depth_per_positive_at_75,frozen_svm,auto_tar,5,"C12,C15,C16,C18,GCRIM",GCRIM,CENSORED,CENSORED
depth_per_positive_at_75,frozen_svm,fixed_20,5,"C12,C15,C16,C18,GCRIM",C12,CENSORED,CENSORED
depth_per_positive_at_75,frozen_svm,fixed_20,5,"C12,C15,C16,C18,GCRIM",C15,CENSORED,CENSORED
depth_per_positive_at_75,frozen_svm,fixed_20,5,"C12,C15,C16,C18,GCRIM",C16,CENSORED,CENSORED
depth_per_positive_at_75,frozen_svm,fixed_20,5,"C12,C15,C16,C18,GCRIM",C18,CENSORED,CENSORED
depth_per_positive_at_75,frozen_svm,fixed_20,5,"C12,C15,C16,C18,GCRIM",GCRIM,CENSORED,CENSORED
depth_per_positive_at_75,frozen_svm,explore_10,5,"C12,C15,C16,C18,GCRIM",C12,CENSORED,CENSORED
depth_per_positive_at_75,frozen_svm,explore_10,5,"C12,C15,C16,C18,GCRIM",C15,CENSORED,CENSORED
depth_per_positive_at_75,frozen_svm,explore_10,5,"C12,C15,C16,C18,GCRIM",C16,CENSORED,CENSORED
depth_per_positive_at_75,frozen_svm,explore_10,5,"C12,C15,C16,C18,GCRIM",C18,CENSORED,CENSORED
depth_per_positive_at_75,frozen_svm,explore_10,5,"C12,C15,C16,C18,GCRIM",GCRIM,CENSORED,CENSORED
depth_per_positive_at_75,uncertainty,auto_tar,5,"C15,GCRIM",C12,OBSERVED,1.310586176727909
depth_per_positive_at_75,uncertainty,auto_tar,5,"C15,GCRIM",C15,CENSORED,CENSORED
depth_per_positive_at_75,uncertainty,auto_tar,5,"C15,GCRIM",C16,OBSERVED,-0.027210884353741496
depth_per_positive_at_75,uncertainty,auto_tar,5,"C15,GCRIM",C18,OBSERVED,1.0857273141814865
depth_per_positive_at_75,uncertainty,auto_tar,5,"C15,GCRIM",GCRIM,CENSORED,CENSORED
depth_per_positive_at_75,uncertainty,fixed_20,5,"C15,GCRIM",C12,OBSERVED,1.3910761154855642
depth_per_positive_at_75,uncertainty,fixed_20,5,"C15,GCRIM",C15,CENSORED,CENSORED
depth_per_positive_at_75,uncertainty,fixed_20,5,"C15,GCRIM",C16,OBSERVED,-0.5714285714285714
depth_per_positive_at_75,uncertainty,fixed_20,5,"C15,GCRIM",C18,OBSERVED,1.0950752393980847
depth_per_positive_at_75,uncertainty,fixed_20,5,"C15,GCRIM",GCRIM,CENSORED,CENSORED
depth_per_positive_at_75,uncertainty,explore_10,5,"C15,GCRIM",C12,OBSERVED,1.2694663167104112
depth_per_positive_at_75,uncertainty,explore_10,5,"C15,GCRIM",C15,CENSORED,CENSORED
depth_per_positive_at_75,uncertainty,explore_10,5,"C15,GCRIM",C16,OBSERVED,-0.4897959183673469
depth_per_positive_at_75,uncertainty,explore_10,5,"C15,GCRIM",C18,OBSERVED,1.0041039671682626
depth_per_positive_at_75,uncertainty,explore_10,5,"C15,GCRIM",GCRIM,CENSORED,CENSORED
depth_per_positive_at_75,auto_tar,fixed_20,5,,C12,OBSERVED,0.0804899387576553
depth_per_positive_at_75,auto_tar,fixed_20,5,,C15,OBSERVED,0.018186168939937783
depth_per_positive_at_75,auto_tar,fixed_20,5,,C16,OBSERVED,-0.54421768707483
depth_per_positive_at_75,auto_tar,fixed_20,5,,C18,OBSERVED,0.009347925216598267
depth_per_positive_at_75,auto_tar,fixed_20,5,,GCRIM,OBSERVED,0.0038246543100912034
depth_per_positive_at_75,auto_tar,explore_10,5,,C12,OBSERVED,-0.04111986001749781
depth_per_positive_at_75,auto_tar,explore_10,5,,C15,OBSERVED,-0.054558506819813356
depth_per_positive_at_75,auto_tar,explore_10,5,,C16,OBSERVED,-0.46258503401360546
depth_per_positive_at_75,auto_tar,explore_10,5,,C18,OBSERVED,-0.0816233470132239
depth_per_positive_at_75,auto_tar,explore_10,5,,GCRIM,OBSERVED,-0.07708149455722271
depth_per_positive_at_75,fixed_20,explore_10,5,,C12,OBSERVED,-0.1216097987751531
depth_per_positive_at_75,fixed_20,explore_10,5,,C15,OBSERVED,-0.07274467575975113
depth_per_positive_at_75,fixed_20,explore_10,5,,C16,OBSERVED,0.08163265306122448
depth_per_positive_at_75,fixed_20,explore_10,5,,C18,OBSERVED,-0.09097127222982217
depth_per_positive_at_75,fixed_20,explore_10,5,,GCRIM,OBSERVED,-0.08090614886731391
depth_per_positive_at_80,random,seed_similarity,5,"C12,C15,C16,C18,GCRIM",C12,CENSORED,CENSORED
depth_per_positive_at_80,random,seed_similarity,5,"C12,C15,C16,C18,GCRIM",C15,CENSORED,CENSORED
depth_per_positive_at_80,random,seed_similarity,5,"C12,C15,C16,C18,GCRIM",C16,CENSORED,CENSORED
depth_per_positive_at_80,random,seed_similarity,5,"C12,C15,C16,C18,GCRIM",C18,CENSORED,CENSORED
depth_per_positive_at_80,random,seed_similarity,5,"C12,C15,C16,C18,GCRIM",GCRIM,CENSORED,CENSORED
depth_per_positive_at_80,random,frozen_svm,5,"C12,C15,C16,C18,GCRIM",C12,CENSORED,CENSORED
depth_per_positive_at_80,random,frozen_svm,5,"C12,C15,C16,C18,GCRIM",C15,CENSORED,CENSORED
depth_per_positive_at_80,random,frozen_svm,5,"C12,C15,C16,C18,GCRIM",C16,CENSORED,CENSORED
depth_per_positive_at_80,random,frozen_svm,5,"C12,C15,C16,C18,GCRIM",C18,CENSORED,CENSORED
depth_per_positive_at_80,random,frozen_svm,5,"C12,C15,C16,C18,GCRIM",GCRIM,CENSORED,CENSORED
depth_per_positive_at_80,random,uncertainty,5,"C12,C15,C16,C18,GCRIM",C12,CENSORED,CENSORED
depth_per_positive_at_80,random,uncertainty,5,"C12,C15,C16,C18,GCRIM",C15,CENSORED,CENSORED
depth_per_positive_at_80,random,uncertainty,5,"C12,C15,C16,C18,GCRIM",C16,CENSORED,CENSORED
depth_per_positive_at_80,random,uncertainty,5,"C12,C15,C16,C18,GCRIM",C18,CENSORED,CENSORED
depth_per_positive_at_80,random,uncertainty,5,"C12,C15,C16,C18,GCRIM",GCRIM,CENSORED,CENSORED
depth_per_positive_at_80,random,auto_tar,5,"C12,C15,C16,C18,GCRIM",C12,CENSORED,CENSORED
depth_per_positive_at_80,random,auto_tar,5,"C12,C15,C16,C18,GCRIM",C15,CENSORED,CENSORED
depth_per_positive_at_80,random,auto_tar,5,"C12,C15,C16,C18,GCRIM",C16,CENSORED,CENSORED
depth_per_positive_at_80,random,auto_tar,5,"C12,C15,C16,C18,GCRIM",C18,CENSORED,CENSORED
depth_per_positive_at_80,random,auto_tar,5,"C12,C15,C16,C18,GCRIM",GCRIM,CENSORED,CENSORED
depth_per_positive_at_80,random,fixed_20,5,"C12,C15,C16,C18,GCRIM",C12,CENSORED,CENSORED
depth_per_positive_at_80,random,fixed_20,5,"C12,C15,C16,C18,GCRIM",C15,CENSORED,CENSORED
depth_per_positive_at_80,random,fixed_20,5,"C12,C15,C16,C18,GCRIM",C16,CENSORED,CENSORED
depth_per_positive_at_80,random,fixed_20,5,"C12,C15,C16,C18,GCRIM",C18,CENSORED,CENSORED
depth_per_positive_at_80,random,fixed_20,5,"C12,C15,C16,C18,GCRIM",GCRIM,CENSORED,CENSORED
depth_per_positive_at_80,random,explore_10,5,"C12,C15,C16,C18,GCRIM",C12,CENSORED,CENSORED
depth_per_positive_at_80,random,explore_10,5,"C12,C15,C16,C18,GCRIM",C15,CENSORED,CENSORED
depth_per_positive_at_80,random,explore_10,5,"C12,C15,C16,C18,GCRIM",C16,CENSORED,CENSORED
depth_per_positive_at_80,random,explore_10,5,"C12,C15,C16,C18,GCRIM",C18,CENSORED,CENSORED
depth_per_positive_at_80,random,explore_10,5,"C12,C15,C16,C18,GCRIM",GCRIM,CENSORED,CENSORED
depth_per_positive_at_80,seed_similarity,frozen_svm,5,"C12,C15,C16,C18,GCRIM",C12,CENSORED,CENSORED
depth_per_positive_at_80,seed_similarity,frozen_svm,5,"C12,C15,C16,C18,GCRIM",C15,CENSORED,CENSORED
depth_per_positive_at_80,seed_similarity,frozen_svm,5,"C12,C15,C16,C18,GCRIM",C16,CENSORED,CENSORED
depth_per_positive_at_80,seed_similarity,frozen_svm,5,"C12,C15,C16,C18,GCRIM",C18,CENSORED,CENSORED
depth_per_positive_at_80,seed_similarity,frozen_svm,5,"C12,C15,C16,C18,GCRIM",GCRIM,CENSORED,CENSORED
depth_per_positive_at_80,seed_similarity,uncertainty,5,"C12,C15,C16,C18,GCRIM",C12,CENSORED,CENSORED
depth_per_positive_at_80,seed_similarity,uncertainty,5,"C12,C15,C16,C18,GCRIM",C15,CENSORED,CENSORED
depth_per_positive_at_80,seed_similarity,uncertainty,5,"C12,C15,C16,C18,GCRIM",C16,CENSORED,CENSORED
depth_per_positive_at_80,seed_similarity,uncertainty,5,"C12,C15,C16,C18,GCRIM",C18,CENSORED,CENSORED
depth_per_positive_at_80,seed_similarity,uncertainty,5,"C12,C15,C16,C18,GCRIM",GCRIM,CENSORED,CENSORED
depth_per_positive_at_80,seed_similarity,auto_tar,5,"C12,C15,C16,C18,GCRIM",C12,CENSORED,CENSORED
depth_per_positive_at_80,seed_similarity,auto_tar,5,"C12,C15,C16,C18,GCRIM",C15,CENSORED,CENSORED
depth_per_positive_at_80,seed_similarity,auto_tar,5,"C12,C15,C16,C18,GCRIM",C16,CENSORED,CENSORED
depth_per_positive_at_80,seed_similarity,auto_tar,5,"C12,C15,C16,C18,GCRIM",C18,CENSORED,CENSORED
depth_per_positive_at_80,seed_similarity,auto_tar,5,"C12,C15,C16,C18,GCRIM",GCRIM,CENSORED,CENSORED
depth_per_positive_at_80,seed_similarity,fixed_20,5,"C12,C15,C16,C18,GCRIM",C12,CENSORED,CENSORED
depth_per_positive_at_80,seed_similarity,fixed_20,5,"C12,C15,C16,C18,GCRIM",C15,CENSORED,CENSORED
depth_per_positive_at_80,seed_similarity,fixed_20,5,"C12,C15,C16,C18,GCRIM",C16,CENSORED,CENSORED
depth_per_positive_at_80,seed_similarity,fixed_20,5,"C12,C15,C16,C18,GCRIM",C18,CENSORED,CENSORED
depth_per_positive_at_80,seed_similarity,fixed_20,5,"C12,C15,C16,C18,GCRIM",GCRIM,CENSORED,CENSORED
depth_per_positive_at_80,seed_similarity,explore_10,5,"C12,C15,C16,C18,GCRIM",C12,CENSORED,CENSORED
depth_per_positive_at_80,seed_similarity,explore_10,5,"C12,C15,C16,C18,GCRIM",C15,CENSORED,CENSORED
depth_per_positive_at_80,seed_similarity,explore_10,5,"C12,C15,C16,C18,GCRIM",C16,CENSORED,CENSORED
depth_per_positive_at_80,seed_similarity,explore_10,5,"C12,C15,C16,C18,GCRIM",C18,CENSORED,CENSORED
depth_per_positive_at_80,seed_similarity,explore_10,5,"C12,C15,C16,C18,GCRIM",GCRIM,CENSORED,CENSORED
depth_per_positive_at_80,frozen_svm,uncertainty,5,"C12,C15,C16,C18,GCRIM",C12,CENSORED,CENSORED
depth_per_positive_at_80,frozen_svm,uncertainty,5,"C12,C15,C16,C18,GCRIM",C15,CENSORED,CENSORED
depth_per_positive_at_80,frozen_svm,uncertainty,5,"C12,C15,C16,C18,GCRIM",C16,CENSORED,CENSORED
depth_per_positive_at_80,frozen_svm,uncertainty,5,"C12,C15,C16,C18,GCRIM",C18,CENSORED,CENSORED
depth_per_positive_at_80,frozen_svm,uncertainty,5,"C12,C15,C16,C18,GCRIM",GCRIM,CENSORED,CENSORED
depth_per_positive_at_80,frozen_svm,auto_tar,5,"C12,C15,C16,C18,GCRIM",C12,CENSORED,CENSORED
depth_per_positive_at_80,frozen_svm,auto_tar,5,"C12,C15,C16,C18,GCRIM",C15,CENSORED,CENSORED
depth_per_positive_at_80,frozen_svm,auto_tar,5,"C12,C15,C16,C18,GCRIM",C16,CENSORED,CENSORED
depth_per_positive_at_80,frozen_svm,auto_tar,5,"C12,C15,C16,C18,GCRIM",C18,CENSORED,CENSORED
depth_per_positive_at_80,frozen_svm,auto_tar,5,"C12,C15,C16,C18,GCRIM",GCRIM,CENSORED,CENSORED
depth_per_positive_at_80,frozen_svm,fixed_20,5,"C12,C15,C16,C18,GCRIM",C12,CENSORED,CENSORED
depth_per_positive_at_80,frozen_svm,fixed_20,5,"C12,C15,C16,C18,GCRIM",C15,CENSORED,CENSORED
depth_per_positive_at_80,frozen_svm,fixed_20,5,"C12,C15,C16,C18,GCRIM",C16,CENSORED,CENSORED
depth_per_positive_at_80,frozen_svm,fixed_20,5,"C12,C15,C16,C18,GCRIM",C18,CENSORED,CENSORED
depth_per_positive_at_80,frozen_svm,fixed_20,5,"C12,C15,C16,C18,GCRIM",GCRIM,CENSORED,CENSORED
depth_per_positive_at_80,frozen_svm,explore_10,5,"C12,C15,C16,C18,GCRIM",C12,CENSORED,CENSORED
depth_per_positive_at_80,frozen_svm,explore_10,5,"C12,C15,C16,C18,GCRIM",C15,CENSORED,CENSORED
depth_per_positive_at_80,frozen_svm,explore_10,5,"C12,C15,C16,C18,GCRIM",C16,CENSORED,CENSORED
depth_per_positive_at_80,frozen_svm,explore_10,5,"C12,C15,C16,C18,GCRIM",C18,CENSORED,CENSORED
depth_per_positive_at_80,frozen_svm,explore_10,5,"C12,C15,C16,C18,GCRIM",GCRIM,CENSORED,CENSORED
depth_per_positive_at_80,uncertainty,auto_tar,5,"C15,GCRIM",C12,OBSERVED,2.6762904636920384
depth_per_positive_at_80,uncertainty,auto_tar,5,"C15,GCRIM",C15,CENSORED,CENSORED
depth_per_positive_at_80,uncertainty,auto_tar,5,"C15,GCRIM",C16,OBSERVED,-0.23809523809523808
depth_per_positive_at_80,uncertainty,auto_tar,5,"C15,GCRIM",C18,OBSERVED,1.8689010487916096
depth_per_positive_at_80,uncertainty,auto_tar,5,"C15,GCRIM",GCRIM,CENSORED,CENSORED
depth_per_positive_at_80,uncertainty,fixed_20,5,"C15,GCRIM",C12,OBSERVED,2.8451443569553807
depth_per_positive_at_80,uncertainty,fixed_20,5,"C15,GCRIM",C15,CENSORED,CENSORED
depth_per_positive_at_80,uncertainty,fixed_20,5,"C15,GCRIM",C16,OBSERVED,0.0
depth_per_positive_at_80,uncertainty,fixed_20,5,"C15,GCRIM",C18,OBSERVED,1.880984952120383
depth_per_positive_at_80,uncertainty,fixed_20,5,"C15,GCRIM",GCRIM,CENSORED,CENSORED
depth_per_positive_at_80,uncertainty,explore_10,5,"C15,GCRIM",C12,OBSERVED,2.643044619422572
depth_per_positive_at_80,uncertainty,explore_10,5,"C15,GCRIM",C15,CENSORED,CENSORED
depth_per_positive_at_80,uncertainty,explore_10,5,"C15,GCRIM",C16,OBSERVED,-0.013605442176870748
depth_per_positive_at_80,uncertainty,explore_10,5,"C15,GCRIM",C18,OBSERVED,1.7770177838577292
depth_per_positive_at_80,uncertainty,explore_10,5,"C15,GCRIM",GCRIM,CENSORED,CENSORED
depth_per_positive_at_80,auto_tar,fixed_20,5,,C12,OBSERVED,0.16885389326334208
depth_per_positive_at_80,auto_tar,fixed_20,5,,C15,OBSERVED,0.025604211533859774
depth_per_positive_at_80,auto_tar,fixed_20,5,,C16,OBSERVED,0.23809523809523808
depth_per_positive_at_80,auto_tar,fixed_20,5,,C18,OBSERVED,0.01208390332877337
depth_per_positive_at_80,auto_tar,fixed_20,5,,GCRIM,OBSERVED,0.01706384230656075
depth_per_positive_at_80,auto_tar,explore_10,5,,C12,OBSERVED,-0.033245844269466314
depth_per_positive_at_80,auto_tar,explore_10,5,,C15,OBSERVED,-0.050889367472282045
depth_per_positive_at_80,auto_tar,explore_10,5,,C16,OBSERVED,0.22448979591836735
depth_per_positive_at_80,auto_tar,explore_10,5,,C18,OBSERVED,-0.09188326493388053
depth_per_positive_at_80,auto_tar,explore_10,5,,GCRIM,OBSERVED,-0.0656075316269491
depth_per_positive_at_80,fixed_20,explore_10,5,,C12,OBSERVED,-0.2020997375328084
depth_per_positive_at_80,fixed_20,explore_10,5,,C15,OBSERVED,-0.07649357900614182
depth_per_positive_at_80,fixed_20,explore_10,5,,C16,OBSERVED,-0.013605442176870748
depth_per_positive_at_80,fixed_20,explore_10,5,,C18,OBSERVED,-0.1039671682626539
depth_per_positive_at_80,fixed_20,explore_10,5,,GCRIM,OBSERVED,-0.08267137393350986
depth_per_positive_at_90,random,seed_similarity,5,"C12,C15,C16,C18,GCRIM",C12,CENSORED,CENSORED
depth_per_positive_at_90,random,seed_similarity,5,"C12,C15,C16,C18,GCRIM",C15,CENSORED,CENSORED
depth_per_positive_at_90,random,seed_similarity,5,"C12,C15,C16,C18,GCRIM",C16,CENSORED,CENSORED
depth_per_positive_at_90,random,seed_similarity,5,"C12,C15,C16,C18,GCRIM",C18,CENSORED,CENSORED
depth_per_positive_at_90,random,seed_similarity,5,"C12,C15,C16,C18,GCRIM",GCRIM,CENSORED,CENSORED
depth_per_positive_at_90,random,frozen_svm,5,"C12,C15,C16,C18,GCRIM",C12,CENSORED,CENSORED
depth_per_positive_at_90,random,frozen_svm,5,"C12,C15,C16,C18,GCRIM",C15,CENSORED,CENSORED
depth_per_positive_at_90,random,frozen_svm,5,"C12,C15,C16,C18,GCRIM",C16,CENSORED,CENSORED
depth_per_positive_at_90,random,frozen_svm,5,"C12,C15,C16,C18,GCRIM",C18,CENSORED,CENSORED
depth_per_positive_at_90,random,frozen_svm,5,"C12,C15,C16,C18,GCRIM",GCRIM,CENSORED,CENSORED
depth_per_positive_at_90,random,uncertainty,5,"C12,C15,C16,C18,GCRIM",C12,CENSORED,CENSORED
depth_per_positive_at_90,random,uncertainty,5,"C12,C15,C16,C18,GCRIM",C15,CENSORED,CENSORED
depth_per_positive_at_90,random,uncertainty,5,"C12,C15,C16,C18,GCRIM",C16,CENSORED,CENSORED
depth_per_positive_at_90,random,uncertainty,5,"C12,C15,C16,C18,GCRIM",C18,CENSORED,CENSORED
depth_per_positive_at_90,random,uncertainty,5,"C12,C15,C16,C18,GCRIM",GCRIM,CENSORED,CENSORED
depth_per_positive_at_90,random,auto_tar,5,"C12,C15,C16,C18,GCRIM",C12,CENSORED,CENSORED
depth_per_positive_at_90,random,auto_tar,5,"C12,C15,C16,C18,GCRIM",C15,CENSORED,CENSORED
depth_per_positive_at_90,random,auto_tar,5,"C12,C15,C16,C18,GCRIM",C16,CENSORED,CENSORED
depth_per_positive_at_90,random,auto_tar,5,"C12,C15,C16,C18,GCRIM",C18,CENSORED,CENSORED
depth_per_positive_at_90,random,auto_tar,5,"C12,C15,C16,C18,GCRIM",GCRIM,CENSORED,CENSORED
depth_per_positive_at_90,random,fixed_20,5,"C12,C15,C16,C18,GCRIM",C12,CENSORED,CENSORED
depth_per_positive_at_90,random,fixed_20,5,"C12,C15,C16,C18,GCRIM",C15,CENSORED,CENSORED
depth_per_positive_at_90,random,fixed_20,5,"C12,C15,C16,C18,GCRIM",C16,CENSORED,CENSORED
depth_per_positive_at_90,random,fixed_20,5,"C12,C15,C16,C18,GCRIM",C18,CENSORED,CENSORED
depth_per_positive_at_90,random,fixed_20,5,"C12,C15,C16,C18,GCRIM",GCRIM,CENSORED,CENSORED
depth_per_positive_at_90,random,explore_10,5,"C12,C15,C16,C18,GCRIM",C12,CENSORED,CENSORED
depth_per_positive_at_90,random,explore_10,5,"C12,C15,C16,C18,GCRIM",C15,CENSORED,CENSORED
depth_per_positive_at_90,random,explore_10,5,"C12,C15,C16,C18,GCRIM",C16,CENSORED,CENSORED
depth_per_positive_at_90,random,explore_10,5,"C12,C15,C16,C18,GCRIM",C18,CENSORED,CENSORED
depth_per_positive_at_90,random,explore_10,5,"C12,C15,C16,C18,GCRIM",GCRIM,CENSORED,CENSORED
depth_per_positive_at_90,seed_similarity,frozen_svm,5,"C12,C15,C16,C18,GCRIM",C12,CENSORED,CENSORED
depth_per_positive_at_90,seed_similarity,frozen_svm,5,"C12,C15,C16,C18,GCRIM",C15,CENSORED,CENSORED
depth_per_positive_at_90,seed_similarity,frozen_svm,5,"C12,C15,C16,C18,GCRIM",C16,CENSORED,CENSORED
depth_per_positive_at_90,seed_similarity,frozen_svm,5,"C12,C15,C16,C18,GCRIM",C18,CENSORED,CENSORED
depth_per_positive_at_90,seed_similarity,frozen_svm,5,"C12,C15,C16,C18,GCRIM",GCRIM,CENSORED,CENSORED
depth_per_positive_at_90,seed_similarity,uncertainty,5,"C12,C15,C16,C18,GCRIM",C12,CENSORED,CENSORED
depth_per_positive_at_90,seed_similarity,uncertainty,5,"C12,C15,C16,C18,GCRIM",C15,CENSORED,CENSORED
depth_per_positive_at_90,seed_similarity,uncertainty,5,"C12,C15,C16,C18,GCRIM",C16,CENSORED,CENSORED
depth_per_positive_at_90,seed_similarity,uncertainty,5,"C12,C15,C16,C18,GCRIM",C18,CENSORED,CENSORED
depth_per_positive_at_90,seed_similarity,uncertainty,5,"C12,C15,C16,C18,GCRIM",GCRIM,CENSORED,CENSORED
depth_per_positive_at_90,seed_similarity,auto_tar,5,"C12,C15,C16,C18,GCRIM",C12,CENSORED,CENSORED
depth_per_positive_at_90,seed_similarity,auto_tar,5,"C12,C15,C16,C18,GCRIM",C15,CENSORED,CENSORED
depth_per_positive_at_90,seed_similarity,auto_tar,5,"C12,C15,C16,C18,GCRIM",C16,CENSORED,CENSORED
depth_per_positive_at_90,seed_similarity,auto_tar,5,"C12,C15,C16,C18,GCRIM",C18,CENSORED,CENSORED
depth_per_positive_at_90,seed_similarity,auto_tar,5,"C12,C15,C16,C18,GCRIM",GCRIM,CENSORED,CENSORED
depth_per_positive_at_90,seed_similarity,fixed_20,5,"C12,C15,C16,C18,GCRIM",C12,CENSORED,CENSORED
depth_per_positive_at_90,seed_similarity,fixed_20,5,"C12,C15,C16,C18,GCRIM",C15,CENSORED,CENSORED
depth_per_positive_at_90,seed_similarity,fixed_20,5,"C12,C15,C16,C18,GCRIM",C16,CENSORED,CENSORED
depth_per_positive_at_90,seed_similarity,fixed_20,5,"C12,C15,C16,C18,GCRIM",C18,CENSORED,CENSORED
depth_per_positive_at_90,seed_similarity,fixed_20,5,"C12,C15,C16,C18,GCRIM",GCRIM,CENSORED,CENSORED
depth_per_positive_at_90,seed_similarity,explore_10,5,"C12,C15,C16,C18,GCRIM",C12,CENSORED,CENSORED
depth_per_positive_at_90,seed_similarity,explore_10,5,"C12,C15,C16,C18,GCRIM",C15,CENSORED,CENSORED
depth_per_positive_at_90,seed_similarity,explore_10,5,"C12,C15,C16,C18,GCRIM",C16,CENSORED,CENSORED
depth_per_positive_at_90,seed_similarity,explore_10,5,"C12,C15,C16,C18,GCRIM",C18,CENSORED,CENSORED
depth_per_positive_at_90,seed_similarity,explore_10,5,"C12,C15,C16,C18,GCRIM",GCRIM,CENSORED,CENSORED
depth_per_positive_at_90,frozen_svm,uncertainty,5,"C12,C15,C16,C18,GCRIM",C12,CENSORED,CENSORED
depth_per_positive_at_90,frozen_svm,uncertainty,5,"C12,C15,C16,C18,GCRIM",C15,CENSORED,CENSORED
depth_per_positive_at_90,frozen_svm,uncertainty,5,"C12,C15,C16,C18,GCRIM",C16,CENSORED,CENSORED
depth_per_positive_at_90,frozen_svm,uncertainty,5,"C12,C15,C16,C18,GCRIM",C18,CENSORED,CENSORED
depth_per_positive_at_90,frozen_svm,uncertainty,5,"C12,C15,C16,C18,GCRIM",GCRIM,CENSORED,CENSORED
depth_per_positive_at_90,frozen_svm,auto_tar,5,"C12,C15,C16,C18,GCRIM",C12,CENSORED,CENSORED
depth_per_positive_at_90,frozen_svm,auto_tar,5,"C12,C15,C16,C18,GCRIM",C15,CENSORED,CENSORED
depth_per_positive_at_90,frozen_svm,auto_tar,5,"C12,C15,C16,C18,GCRIM",C16,CENSORED,CENSORED
depth_per_positive_at_90,frozen_svm,auto_tar,5,"C12,C15,C16,C18,GCRIM",C18,CENSORED,CENSORED
depth_per_positive_at_90,frozen_svm,auto_tar,5,"C12,C15,C16,C18,GCRIM",GCRIM,CENSORED,CENSORED
depth_per_positive_at_90,frozen_svm,fixed_20,5,"C12,C15,C16,C18,GCRIM",C12,CENSORED,CENSORED
depth_per_positive_at_90,frozen_svm,fixed_20,5,"C12,C15,C16,C18,GCRIM",C15,CENSORED,CENSORED
depth_per_positive_at_90,frozen_svm,fixed_20,5,"C12,C15,C16,C18,GCRIM",C16,CENSORED,CENSORED
depth_per_positive_at_90,frozen_svm,fixed_20,5,"C12,C15,C16,C18,GCRIM",C18,CENSORED,CENSORED
depth_per_positive_at_90,frozen_svm,fixed_20,5,"C12,C15,C16,C18,GCRIM",GCRIM,CENSORED,CENSORED
depth_per_positive_at_90,frozen_svm,explore_10,5,"C12,C15,C16,C18,GCRIM",C12,CENSORED,CENSORED
depth_per_positive_at_90,frozen_svm,explore_10,5,"C12,C15,C16,C18,GCRIM",C15,CENSORED,CENSORED
depth_per_positive_at_90,frozen_svm,explore_10,5,"C12,C15,C16,C18,GCRIM",C16,CENSORED,CENSORED
depth_per_positive_at_90,frozen_svm,explore_10,5,"C12,C15,C16,C18,GCRIM",C18,CENSORED,CENSORED
depth_per_positive_at_90,frozen_svm,explore_10,5,"C12,C15,C16,C18,GCRIM",GCRIM,CENSORED,CENSORED
depth_per_positive_at_90,uncertainty,auto_tar,5,"C12,C15,C18,GCRIM",C12,CENSORED,CENSORED
depth_per_positive_at_90,uncertainty,auto_tar,5,"C12,C15,C18,GCRIM",C15,CENSORED,CENSORED
depth_per_positive_at_90,uncertainty,auto_tar,5,"C12,C15,C18,GCRIM",C16,OBSERVED,0.0
depth_per_positive_at_90,uncertainty,auto_tar,5,"C12,C15,C18,GCRIM",C18,CENSORED,CENSORED
depth_per_positive_at_90,uncertainty,auto_tar,5,"C12,C15,C18,GCRIM",GCRIM,CENSORED,CENSORED
depth_per_positive_at_90,uncertainty,fixed_20,5,"C12,C15,C18,GCRIM",C12,CENSORED,CENSORED
depth_per_positive_at_90,uncertainty,fixed_20,5,"C12,C15,C18,GCRIM",C15,CENSORED,CENSORED
depth_per_positive_at_90,uncertainty,fixed_20,5,"C12,C15,C18,GCRIM",C16,OBSERVED,-0.061224489795918366
depth_per_positive_at_90,uncertainty,fixed_20,5,"C12,C15,C18,GCRIM",C18,CENSORED,CENSORED
depth_per_positive_at_90,uncertainty,fixed_20,5,"C12,C15,C18,GCRIM",GCRIM,CENSORED,CENSORED
depth_per_positive_at_90,uncertainty,explore_10,5,"C12,C15,C16,C18,GCRIM",C12,CENSORED,CENSORED
depth_per_positive_at_90,uncertainty,explore_10,5,"C12,C15,C16,C18,GCRIM",C15,CENSORED,CENSORED
depth_per_positive_at_90,uncertainty,explore_10,5,"C12,C15,C16,C18,GCRIM",C16,CENSORED,CENSORED
depth_per_positive_at_90,uncertainty,explore_10,5,"C12,C15,C16,C18,GCRIM",C18,CENSORED,CENSORED
depth_per_positive_at_90,uncertainty,explore_10,5,"C12,C15,C16,C18,GCRIM",GCRIM,CENSORED,CENSORED
depth_per_positive_at_90,auto_tar,fixed_20,5,,C12,OBSERVED,0.013123359580052493
depth_per_positive_at_90,auto_tar,fixed_20,5,,C15,OBSERVED,0.04825715880992263
depth_per_positive_at_90,auto_tar,fixed_20,5,,C16,OBSERVED,-0.061224489795918366
depth_per_positive_at_90,auto_tar,fixed_20,5,,C18,OBSERVED,0.017327861377108983
depth_per_positive_at_90,auto_tar,fixed_20,5,,GCRIM,OBSERVED,0.07472786113562813
depth_per_positive_at_90,auto_tar,explore_10,5,C16,C12,OBSERVED,-0.2615923009623797
depth_per_positive_at_90,auto_tar,explore_10,5,C16,C15,OBSERVED,-0.059982451942250936
depth_per_positive_at_90,auto_tar,explore_10,5,C16,C16,CENSORED,CENSORED
depth_per_positive_at_90,auto_tar,explore_10,5,C16,C18,OBSERVED,-0.11605107159142727
depth_per_positive_at_90,auto_tar,explore_10,5,C16,GCRIM,OBSERVED,-0.12709620476610767
depth_per_positive_at_90,fixed_20,explore_10,5,C16,C12,OBSERVED,-0.2747156605424322
depth_per_positive_at_90,fixed_20,explore_10,5,C16,C15,OBSERVED,-0.10823961075217356
depth_per_positive_at_90,fixed_20,explore_10,5,C16,C16,CENSORED,CENSORED
depth_per_positive_at_90,fixed_20,explore_10,5,C16,C18,OBSERVED,-0.13337893296853626
depth_per_positive_at_90,fixed_20,explore_10,5,C16,GCRIM,OBSERVED,-0.2018240659017358
effort_at_75,random,seed_similarity,5,"C12,C15,C16,C18,GCRIM",C12,CENSORED,CENSORED
effort_at_75,random,seed_similarity,5,"C12,C15,C16,C18,GCRIM",C15,CENSORED,CENSORED
effort_at_75,random,seed_similarity,5,"C12,C15,C16,C18,GCRIM",C16,CENSORED,CENSORED
effort_at_75,random,seed_similarity,5,"C12,C15,C16,C18,GCRIM",C18,CENSORED,CENSORED
effort_at_75,random,seed_similarity,5,"C12,C15,C16,C18,GCRIM",GCRIM,CENSORED,CENSORED
effort_at_75,random,frozen_svm,5,"C12,C15,C16,C18,GCRIM",C12,CENSORED,CENSORED
effort_at_75,random,frozen_svm,5,"C12,C15,C16,C18,GCRIM",C15,CENSORED,CENSORED
effort_at_75,random,frozen_svm,5,"C12,C15,C16,C18,GCRIM",C16,CENSORED,CENSORED
effort_at_75,random,frozen_svm,5,"C12,C15,C16,C18,GCRIM",C18,CENSORED,CENSORED
effort_at_75,random,frozen_svm,5,"C12,C15,C16,C18,GCRIM",GCRIM,CENSORED,CENSORED
effort_at_75,random,uncertainty,5,"C12,C15,C16,C18,GCRIM",C12,CENSORED,CENSORED
effort_at_75,random,uncertainty,5,"C12,C15,C16,C18,GCRIM",C15,CENSORED,CENSORED
effort_at_75,random,uncertainty,5,"C12,C15,C16,C18,GCRIM",C16,CENSORED,CENSORED
effort_at_75,random,uncertainty,5,"C12,C15,C16,C18,GCRIM",C18,CENSORED,CENSORED
effort_at_75,random,uncertainty,5,"C12,C15,C16,C18,GCRIM",GCRIM,CENSORED,CENSORED
effort_at_75,random,auto_tar,5,"C12,C15,C16,C18,GCRIM",C12,CENSORED,CENSORED
effort_at_75,random,auto_tar,5,"C12,C15,C16,C18,GCRIM",C15,CENSORED,CENSORED
effort_at_75,random,auto_tar,5,"C12,C15,C16,C18,GCRIM",C16,CENSORED,CENSORED
effort_at_75,random,auto_tar,5,"C12,C15,C16,C18,GCRIM",C18,CENSORED,CENSORED
effort_at_75,random,auto_tar,5,"C12,C15,C16,C18,GCRIM",GCRIM,CENSORED,CENSORED
effort_at_75,random,fixed_20,5,"C12,C15,C16,C18,GCRIM",C12,CENSORED,CENSORED
effort_at_75,random,fixed_20,5,"C12,C15,C16,C18,GCRIM",C15,CENSORED,CENSORED
effort_at_75,random,fixed_20,5,"C12,C15,C16,C18,GCRIM",C16,CENSORED,CENSORED
effort_at_75,random,fixed_20,5,"C12,C15,C16,C18,GCRIM",C18,CENSORED,CENSORED
effort_at_75,random,fixed_20,5,"C12,C15,C16,C18,GCRIM",GCRIM,CENSORED,CENSORED
effort_at_75,random,explore_10,5,"C12,C15,C16,C18,GCRIM",C12,CENSORED,CENSORED
effort_at_75,random,explore_10,5,"C12,C15,C16,C18,GCRIM",C15,CENSORED,CENSORED
effort_at_75,random,explore_10,5,"C12,C15,C16,C18,GCRIM",C16,CENSORED,CENSORED
effort_at_75,random,explore_10,5,"C12,C15,C16,C18,GCRIM",C18,CENSORED,CENSORED
effort_at_75,random,explore_10,5,"C12,C15,C16,C18,GCRIM",GCRIM,CENSORED,CENSORED
effort_at_75,seed_similarity,frozen_svm,5,"C12,C15,C16,C18,GCRIM",C12,CENSORED,CENSORED
effort_at_75,seed_similarity,frozen_svm,5,"C12,C15,C16,C18,GCRIM",C15,CENSORED,CENSORED
effort_at_75,seed_similarity,frozen_svm,5,"C12,C15,C16,C18,GCRIM",C16,CENSORED,CENSORED
effort_at_75,seed_similarity,frozen_svm,5,"C12,C15,C16,C18,GCRIM",C18,CENSORED,CENSORED
effort_at_75,seed_similarity,frozen_svm,5,"C12,C15,C16,C18,GCRIM",GCRIM,CENSORED,CENSORED
effort_at_75,seed_similarity,uncertainty,5,"C12,C15,C16,C18,GCRIM",C12,CENSORED,CENSORED
effort_at_75,seed_similarity,uncertainty,5,"C12,C15,C16,C18,GCRIM",C15,CENSORED,CENSORED
effort_at_75,seed_similarity,uncertainty,5,"C12,C15,C16,C18,GCRIM",C16,CENSORED,CENSORED
effort_at_75,seed_similarity,uncertainty,5,"C12,C15,C16,C18,GCRIM",C18,CENSORED,CENSORED
effort_at_75,seed_similarity,uncertainty,5,"C12,C15,C16,C18,GCRIM",GCRIM,CENSORED,CENSORED
effort_at_75,seed_similarity,auto_tar,5,"C12,C15,C16,C18,GCRIM",C12,CENSORED,CENSORED
effort_at_75,seed_similarity,auto_tar,5,"C12,C15,C16,C18,GCRIM",C15,CENSORED,CENSORED
effort_at_75,seed_similarity,auto_tar,5,"C12,C15,C16,C18,GCRIM",C16,CENSORED,CENSORED
effort_at_75,seed_similarity,auto_tar,5,"C12,C15,C16,C18,GCRIM",C18,CENSORED,CENSORED
effort_at_75,seed_similarity,auto_tar,5,"C12,C15,C16,C18,GCRIM",GCRIM,CENSORED,CENSORED
effort_at_75,seed_similarity,fixed_20,5,"C12,C15,C16,C18,GCRIM",C12,CENSORED,CENSORED
effort_at_75,seed_similarity,fixed_20,5,"C12,C15,C16,C18,GCRIM",C15,CENSORED,CENSORED
effort_at_75,seed_similarity,fixed_20,5,"C12,C15,C16,C18,GCRIM",C16,CENSORED,CENSORED
effort_at_75,seed_similarity,fixed_20,5,"C12,C15,C16,C18,GCRIM",C18,CENSORED,CENSORED
effort_at_75,seed_similarity,fixed_20,5,"C12,C15,C16,C18,GCRIM",GCRIM,CENSORED,CENSORED
effort_at_75,seed_similarity,explore_10,5,"C12,C15,C16,C18,GCRIM",C12,CENSORED,CENSORED
effort_at_75,seed_similarity,explore_10,5,"C12,C15,C16,C18,GCRIM",C15,CENSORED,CENSORED
effort_at_75,seed_similarity,explore_10,5,"C12,C15,C16,C18,GCRIM",C16,CENSORED,CENSORED
effort_at_75,seed_similarity,explore_10,5,"C12,C15,C16,C18,GCRIM",C18,CENSORED,CENSORED
effort_at_75,seed_similarity,explore_10,5,"C12,C15,C16,C18,GCRIM",GCRIM,CENSORED,CENSORED
effort_at_75,frozen_svm,uncertainty,5,"C12,C15,C16,C18,GCRIM",C12,CENSORED,CENSORED
effort_at_75,frozen_svm,uncertainty,5,"C12,C15,C16,C18,GCRIM",C15,CENSORED,CENSORED
effort_at_75,frozen_svm,uncertainty,5,"C12,C15,C16,C18,GCRIM",C16,CENSORED,CENSORED
effort_at_75,frozen_svm,uncertainty,5,"C12,C15,C16,C18,GCRIM",C18,CENSORED,CENSORED
effort_at_75,frozen_svm,uncertainty,5,"C12,C15,C16,C18,GCRIM",GCRIM,CENSORED,CENSORED
effort_at_75,frozen_svm,auto_tar,5,"C12,C15,C16,C18,GCRIM",C12,CENSORED,CENSORED
effort_at_75,frozen_svm,auto_tar,5,"C12,C15,C16,C18,GCRIM",C15,CENSORED,CENSORED
effort_at_75,frozen_svm,auto_tar,5,"C12,C15,C16,C18,GCRIM",C16,CENSORED,CENSORED
effort_at_75,frozen_svm,auto_tar,5,"C12,C15,C16,C18,GCRIM",C18,CENSORED,CENSORED
effort_at_75,frozen_svm,auto_tar,5,"C12,C15,C16,C18,GCRIM",GCRIM,CENSORED,CENSORED
effort_at_75,frozen_svm,fixed_20,5,"C12,C15,C16,C18,GCRIM",C12,CENSORED,CENSORED
effort_at_75,frozen_svm,fixed_20,5,"C12,C15,C16,C18,GCRIM",C15,CENSORED,CENSORED
effort_at_75,frozen_svm,fixed_20,5,"C12,C15,C16,C18,GCRIM",C16,CENSORED,CENSORED
effort_at_75,frozen_svm,fixed_20,5,"C12,C15,C16,C18,GCRIM",C18,CENSORED,CENSORED
effort_at_75,frozen_svm,fixed_20,5,"C12,C15,C16,C18,GCRIM",GCRIM,CENSORED,CENSORED
effort_at_75,frozen_svm,explore_10,5,"C12,C15,C16,C18,GCRIM",C12,CENSORED,CENSORED
effort_at_75,frozen_svm,explore_10,5,"C12,C15,C16,C18,GCRIM",C15,CENSORED,CENSORED
effort_at_75,frozen_svm,explore_10,5,"C12,C15,C16,C18,GCRIM",C16,CENSORED,CENSORED
effort_at_75,frozen_svm,explore_10,5,"C12,C15,C16,C18,GCRIM",C18,CENSORED,CENSORED
effort_at_75,frozen_svm,explore_10,5,"C12,C15,C16,C18,GCRIM",GCRIM,CENSORED,CENSORED
effort_at_75,uncertainty,auto_tar,5,"C15,GCRIM",C12,OBSERVED,499.3333333333333
effort_at_75,uncertainty,auto_tar,5,"C15,GCRIM",C15,CENSORED,CENSORED
effort_at_75,uncertainty,auto_tar,5,"C15,GCRIM",C16,OBSERVED,-1.3333333333333333
effort_at_75,uncertainty,auto_tar,5,"C15,GCRIM",C18,OBSERVED,1587.3333333333333
effort_at_75,uncertainty,auto_tar,5,"C15,GCRIM",GCRIM,CENSORED,CENSORED
effort_at_75,uncertainty,fixed_20,5,"C15,GCRIM",C12,OBSERVED,530.0
effort_at_75,uncertainty,fixed_20,5,"C15,GCRIM",C15,CENSORED,CENSORED
effort_at_75,uncertainty,fixed_20,5,"C15,GCRIM",C16,OBSERVED,-28.0
effort_at_75,uncertainty,fixed_20,5,"C15,GCRIM",C18,OBSERVED,1601.0
effort_at_75,uncertainty,fixed_20,5,"C15,GCRIM",GCRIM,CENSORED,CENSORED
effort_at_75,uncertainty,explore_10,5,"C15,GCRIM",C12,OBSERVED,483.6666666666667
effort_at_75,uncertainty,explore_10,5,"C15,GCRIM",C15,CENSORED,CENSORED
effort_at_75,uncertainty,explore_10,5,"C15,GCRIM",C16,OBSERVED,-24.0
effort_at_75,uncertainty,explore_10,5,"C15,GCRIM",C18,OBSERVED,1468.0
effort_at_75,uncertainty,explore_10,5,"C15,GCRIM",GCRIM,CENSORED,CENSORED
effort_at_75,auto_tar,fixed_20,5,,C12,OBSERVED,30.666666666666668
effort_at_75,auto_tar,fixed_20,5,,C15,OBSERVED,76.0
effort_at_75,auto_tar,fixed_20,5,,C16,OBSERVED,-26.666666666666668
effort_at_75,auto_tar,fixed_20,5,,C18,OBSERVED,13.666666666666666
effort_at_75,auto_tar,fixed_20,5,,GCRIM,OBSERVED,4.333333333333333
effort_at_75,auto_tar,explore_10,5,,C12,OBSERVED,-15.666666666666666
effort_at_75,auto_tar,explore_10,5,,C15,OBSERVED,-228.0
effort_at_75,auto_tar,explore_10,5,,C16,OBSERVED,-22.666666666666668
effort_at_75,auto_tar,explore_10,5,,C18,OBSERVED,-119.33333333333333
effort_at_75,auto_tar,explore_10,5,,GCRIM,OBSERVED,-87.33333333333333
effort_at_75,fixed_20,explore_10,5,,C12,OBSERVED,-46.333333333333336
effort_at_75,fixed_20,explore_10,5,,C15,OBSERVED,-304.0
effort_at_75,fixed_20,explore_10,5,,C16,OBSERVED,4.0
effort_at_75,fixed_20,explore_10,5,,C18,OBSERVED,-133.0
effort_at_75,fixed_20,explore_10,5,,GCRIM,OBSERVED,-91.66666666666667
effort_at_80,random,seed_similarity,5,"C12,C15,C16,C18,GCRIM",C12,CENSORED,CENSORED
effort_at_80,random,seed_similarity,5,"C12,C15,C16,C18,GCRIM",C15,CENSORED,CENSORED
effort_at_80,random,seed_similarity,5,"C12,C15,C16,C18,GCRIM",C16,CENSORED,CENSORED
effort_at_80,random,seed_similarity,5,"C12,C15,C16,C18,GCRIM",C18,CENSORED,CENSORED
effort_at_80,random,seed_similarity,5,"C12,C15,C16,C18,GCRIM",GCRIM,CENSORED,CENSORED
effort_at_80,random,frozen_svm,5,"C12,C15,C16,C18,GCRIM",C12,CENSORED,CENSORED
effort_at_80,random,frozen_svm,5,"C12,C15,C16,C18,GCRIM",C15,CENSORED,CENSORED
effort_at_80,random,frozen_svm,5,"C12,C15,C16,C18,GCRIM",C16,CENSORED,CENSORED
effort_at_80,random,frozen_svm,5,"C12,C15,C16,C18,GCRIM",C18,CENSORED,CENSORED
effort_at_80,random,frozen_svm,5,"C12,C15,C16,C18,GCRIM",GCRIM,CENSORED,CENSORED
effort_at_80,random,uncertainty,5,"C12,C15,C16,C18,GCRIM",C12,CENSORED,CENSORED
effort_at_80,random,uncertainty,5,"C12,C15,C16,C18,GCRIM",C15,CENSORED,CENSORED
effort_at_80,random,uncertainty,5,"C12,C15,C16,C18,GCRIM",C16,CENSORED,CENSORED
effort_at_80,random,uncertainty,5,"C12,C15,C16,C18,GCRIM",C18,CENSORED,CENSORED
effort_at_80,random,uncertainty,5,"C12,C15,C16,C18,GCRIM",GCRIM,CENSORED,CENSORED
effort_at_80,random,auto_tar,5,"C12,C15,C16,C18,GCRIM",C12,CENSORED,CENSORED
effort_at_80,random,auto_tar,5,"C12,C15,C16,C18,GCRIM",C15,CENSORED,CENSORED
effort_at_80,random,auto_tar,5,"C12,C15,C16,C18,GCRIM",C16,CENSORED,CENSORED
effort_at_80,random,auto_tar,5,"C12,C15,C16,C18,GCRIM",C18,CENSORED,CENSORED
effort_at_80,random,auto_tar,5,"C12,C15,C16,C18,GCRIM",GCRIM,CENSORED,CENSORED
effort_at_80,random,fixed_20,5,"C12,C15,C16,C18,GCRIM",C12,CENSORED,CENSORED
effort_at_80,random,fixed_20,5,"C12,C15,C16,C18,GCRIM",C15,CENSORED,CENSORED
effort_at_80,random,fixed_20,5,"C12,C15,C16,C18,GCRIM",C16,CENSORED,CENSORED
effort_at_80,random,fixed_20,5,"C12,C15,C16,C18,GCRIM",C18,CENSORED,CENSORED
effort_at_80,random,fixed_20,5,"C12,C15,C16,C18,GCRIM",GCRIM,CENSORED,CENSORED
effort_at_80,random,explore_10,5,"C12,C15,C16,C18,GCRIM",C12,CENSORED,CENSORED
effort_at_80,random,explore_10,5,"C12,C15,C16,C18,GCRIM",C15,CENSORED,CENSORED
effort_at_80,random,explore_10,5,"C12,C15,C16,C18,GCRIM",C16,CENSORED,CENSORED
effort_at_80,random,explore_10,5,"C12,C15,C16,C18,GCRIM",C18,CENSORED,CENSORED
effort_at_80,random,explore_10,5,"C12,C15,C16,C18,GCRIM",GCRIM,CENSORED,CENSORED
effort_at_80,seed_similarity,frozen_svm,5,"C12,C15,C16,C18,GCRIM",C12,CENSORED,CENSORED
effort_at_80,seed_similarity,frozen_svm,5,"C12,C15,C16,C18,GCRIM",C15,CENSORED,CENSORED
effort_at_80,seed_similarity,frozen_svm,5,"C12,C15,C16,C18,GCRIM",C16,CENSORED,CENSORED
effort_at_80,seed_similarity,frozen_svm,5,"C12,C15,C16,C18,GCRIM",C18,CENSORED,CENSORED
effort_at_80,seed_similarity,frozen_svm,5,"C12,C15,C16,C18,GCRIM",GCRIM,CENSORED,CENSORED
effort_at_80,seed_similarity,uncertainty,5,"C12,C15,C16,C18,GCRIM",C12,CENSORED,CENSORED
effort_at_80,seed_similarity,uncertainty,5,"C12,C15,C16,C18,GCRIM",C15,CENSORED,CENSORED
effort_at_80,seed_similarity,uncertainty,5,"C12,C15,C16,C18,GCRIM",C16,CENSORED,CENSORED
effort_at_80,seed_similarity,uncertainty,5,"C12,C15,C16,C18,GCRIM",C18,CENSORED,CENSORED
effort_at_80,seed_similarity,uncertainty,5,"C12,C15,C16,C18,GCRIM",GCRIM,CENSORED,CENSORED
effort_at_80,seed_similarity,auto_tar,5,"C12,C15,C16,C18,GCRIM",C12,CENSORED,CENSORED
effort_at_80,seed_similarity,auto_tar,5,"C12,C15,C16,C18,GCRIM",C15,CENSORED,CENSORED
effort_at_80,seed_similarity,auto_tar,5,"C12,C15,C16,C18,GCRIM",C16,CENSORED,CENSORED
effort_at_80,seed_similarity,auto_tar,5,"C12,C15,C16,C18,GCRIM",C18,CENSORED,CENSORED
effort_at_80,seed_similarity,auto_tar,5,"C12,C15,C16,C18,GCRIM",GCRIM,CENSORED,CENSORED
effort_at_80,seed_similarity,fixed_20,5,"C12,C15,C16,C18,GCRIM",C12,CENSORED,CENSORED
effort_at_80,seed_similarity,fixed_20,5,"C12,C15,C16,C18,GCRIM",C15,CENSORED,CENSORED
effort_at_80,seed_similarity,fixed_20,5,"C12,C15,C16,C18,GCRIM",C16,CENSORED,CENSORED
effort_at_80,seed_similarity,fixed_20,5,"C12,C15,C16,C18,GCRIM",C18,CENSORED,CENSORED
effort_at_80,seed_similarity,fixed_20,5,"C12,C15,C16,C18,GCRIM",GCRIM,CENSORED,CENSORED
effort_at_80,seed_similarity,explore_10,5,"C12,C15,C16,C18,GCRIM",C12,CENSORED,CENSORED
effort_at_80,seed_similarity,explore_10,5,"C12,C15,C16,C18,GCRIM",C15,CENSORED,CENSORED
effort_at_80,seed_similarity,explore_10,5,"C12,C15,C16,C18,GCRIM",C16,CENSORED,CENSORED
effort_at_80,seed_similarity,explore_10,5,"C12,C15,C16,C18,GCRIM",C18,CENSORED,CENSORED
effort_at_80,seed_similarity,explore_10,5,"C12,C15,C16,C18,GCRIM",GCRIM,CENSORED,CENSORED
effort_at_80,frozen_svm,uncertainty,5,"C12,C15,C16,C18,GCRIM",C12,CENSORED,CENSORED
effort_at_80,frozen_svm,uncertainty,5,"C12,C15,C16,C18,GCRIM",C15,CENSORED,CENSORED
effort_at_80,frozen_svm,uncertainty,5,"C12,C15,C16,C18,GCRIM",C16,CENSORED,CENSORED
effort_at_80,frozen_svm,uncertainty,5,"C12,C15,C16,C18,GCRIM",C18,CENSORED,CENSORED
effort_at_80,frozen_svm,uncertainty,5,"C12,C15,C16,C18,GCRIM",GCRIM,CENSORED,CENSORED
effort_at_80,frozen_svm,auto_tar,5,"C12,C15,C16,C18,GCRIM",C12,CENSORED,CENSORED
effort_at_80,frozen_svm,auto_tar,5,"C12,C15,C16,C18,GCRIM",C15,CENSORED,CENSORED
effort_at_80,frozen_svm,auto_tar,5,"C12,C15,C16,C18,GCRIM",C16,CENSORED,CENSORED
effort_at_80,frozen_svm,auto_tar,5,"C12,C15,C16,C18,GCRIM",C18,CENSORED,CENSORED
effort_at_80,frozen_svm,auto_tar,5,"C12,C15,C16,C18,GCRIM",GCRIM,CENSORED,CENSORED
effort_at_80,frozen_svm,fixed_20,5,"C12,C15,C16,C18,GCRIM",C12,CENSORED,CENSORED
effort_at_80,frozen_svm,fixed_20,5,"C12,C15,C16,C18,GCRIM",C15,CENSORED,CENSORED
effort_at_80,frozen_svm,fixed_20,5,"C12,C15,C16,C18,GCRIM",C16,CENSORED,CENSORED
effort_at_80,frozen_svm,fixed_20,5,"C12,C15,C16,C18,GCRIM",C18,CENSORED,CENSORED
effort_at_80,frozen_svm,fixed_20,5,"C12,C15,C16,C18,GCRIM",GCRIM,CENSORED,CENSORED
effort_at_80,frozen_svm,explore_10,5,"C12,C15,C16,C18,GCRIM",C12,CENSORED,CENSORED
effort_at_80,frozen_svm,explore_10,5,"C12,C15,C16,C18,GCRIM",C15,CENSORED,CENSORED
effort_at_80,frozen_svm,explore_10,5,"C12,C15,C16,C18,GCRIM",C16,CENSORED,CENSORED
effort_at_80,frozen_svm,explore_10,5,"C12,C15,C16,C18,GCRIM",C18,CENSORED,CENSORED
effort_at_80,frozen_svm,explore_10,5,"C12,C15,C16,C18,GCRIM",GCRIM,CENSORED,CENSORED
effort_at_80,uncertainty,auto_tar,5,"C15,GCRIM",C12,OBSERVED,1019.6666666666666
effort_at_80,uncertainty,auto_tar,5,"C15,GCRIM",C15,CENSORED,CENSORED
effort_at_80,uncertainty,auto_tar,5,"C15,GCRIM",C16,OBSERVED,-11.666666666666666
effort_at_80,uncertainty,auto_tar,5,"C15,GCRIM",C18,OBSERVED,2732.3333333333335
effort_at_80,uncertainty,auto_tar,5,"C15,GCRIM",GCRIM,CENSORED,CENSORED
effort_at_80,uncertainty,fixed_20,5,"C15,GCRIM",C12,OBSERVED,1084.0
effort_at_80,uncertainty,fixed_20,5,"C15,GCRIM",C15,CENSORED,CENSORED
effort_at_80,uncertainty,fixed_20,5,"C15,GCRIM",C16,OBSERVED,0.0
effort_at_80,uncertainty,fixed_20,5,"C15,GCRIM",C18,OBSERVED,2750.0
effort_at_80,uncertainty,fixed_20,5,"C15,GCRIM",GCRIM,CENSORED,CENSORED
effort_at_80,uncertainty,explore_10,5,"C15,GCRIM",C12,OBSERVED,1007.0
effort_at_80,uncertainty,explore_10,5,"C15,GCRIM",C15,CENSORED,CENSORED
effort_at_80,uncertainty,explore_10,5,"C15,GCRIM",C16,OBSERVED,-0.6666666666666666
effort_at_80,uncertainty,explore_10,5,"C15,GCRIM",C18,OBSERVED,2598.0
effort_at_80,uncertainty,explore_10,5,"C15,GCRIM",GCRIM,CENSORED,CENSORED
effort_at_80,auto_tar,fixed_20,5,,C12,OBSERVED,64.33333333333333
effort_at_80,auto_tar,fixed_20,5,,C15,OBSERVED,107.0
effort_at_80,auto_tar,fixed_20,5,,C16,OBSERVED,11.666666666666666
effort_at_80,auto_tar,fixed_20,5,,C18,OBSERVED,17.666666666666668
effort_at_80,auto_tar,fixed_20,5,,GCRIM,OBSERVED,19.333333333333332
effort_at_80,auto_tar,explore_10,5,,C12,OBSERVED,-12.666666666666666
effort_at_80,auto_tar,explore_10,5,,C15,OBSERVED,-212.66666666666666
effort_at_80,auto_tar,explore_10,5,,C16,OBSERVED,11.0
effort_at_80,auto_tar,explore_10,5,,C18,OBSERVED,-134.33333333333334
effort_at_80,auto_tar,explore_10,5,,GCRIM,OBSERVED,-74.33333333333333
effort_at_80,fixed_20,explore_10,5,,C12,OBSERVED,-77.0
effort_at_80,fixed_20,explore_10,5,,C15,OBSERVED,-319.6666666666667
effort_at_80,fixed_20,explore_10,5,,C16,OBSERVED,-0.6666666666666666
effort_at_80,fixed_20,explore_10,5,,C18,OBSERVED,-152.0
effort_at_80,fixed_20,explore_10,5,,GCRIM,OBSERVED,-93.66666666666667
effort_at_90,random,seed_similarity,5,"C12,C15,C16,C18,GCRIM",C12,CENSORED,CENSORED
effort_at_90,random,seed_similarity,5,"C12,C15,C16,C18,GCRIM",C15,CENSORED,CENSORED
effort_at_90,random,seed_similarity,5,"C12,C15,C16,C18,GCRIM",C16,CENSORED,CENSORED
effort_at_90,random,seed_similarity,5,"C12,C15,C16,C18,GCRIM",C18,CENSORED,CENSORED
effort_at_90,random,seed_similarity,5,"C12,C15,C16,C18,GCRIM",GCRIM,CENSORED,CENSORED
effort_at_90,random,frozen_svm,5,"C12,C15,C16,C18,GCRIM",C12,CENSORED,CENSORED
effort_at_90,random,frozen_svm,5,"C12,C15,C16,C18,GCRIM",C15,CENSORED,CENSORED
effort_at_90,random,frozen_svm,5,"C12,C15,C16,C18,GCRIM",C16,CENSORED,CENSORED
effort_at_90,random,frozen_svm,5,"C12,C15,C16,C18,GCRIM",C18,CENSORED,CENSORED
effort_at_90,random,frozen_svm,5,"C12,C15,C16,C18,GCRIM",GCRIM,CENSORED,CENSORED
effort_at_90,random,uncertainty,5,"C12,C15,C16,C18,GCRIM",C12,CENSORED,CENSORED
effort_at_90,random,uncertainty,5,"C12,C15,C16,C18,GCRIM",C15,CENSORED,CENSORED
effort_at_90,random,uncertainty,5,"C12,C15,C16,C18,GCRIM",C16,CENSORED,CENSORED
effort_at_90,random,uncertainty,5,"C12,C15,C16,C18,GCRIM",C18,CENSORED,CENSORED
effort_at_90,random,uncertainty,5,"C12,C15,C16,C18,GCRIM",GCRIM,CENSORED,CENSORED
effort_at_90,random,auto_tar,5,"C12,C15,C16,C18,GCRIM",C12,CENSORED,CENSORED
effort_at_90,random,auto_tar,5,"C12,C15,C16,C18,GCRIM",C15,CENSORED,CENSORED
effort_at_90,random,auto_tar,5,"C12,C15,C16,C18,GCRIM",C16,CENSORED,CENSORED
effort_at_90,random,auto_tar,5,"C12,C15,C16,C18,GCRIM",C18,CENSORED,CENSORED
effort_at_90,random,auto_tar,5,"C12,C15,C16,C18,GCRIM",GCRIM,CENSORED,CENSORED
effort_at_90,random,fixed_20,5,"C12,C15,C16,C18,GCRIM",C12,CENSORED,CENSORED
effort_at_90,random,fixed_20,5,"C12,C15,C16,C18,GCRIM",C15,CENSORED,CENSORED
effort_at_90,random,fixed_20,5,"C12,C15,C16,C18,GCRIM",C16,CENSORED,CENSORED
effort_at_90,random,fixed_20,5,"C12,C15,C16,C18,GCRIM",C18,CENSORED,CENSORED
effort_at_90,random,fixed_20,5,"C12,C15,C16,C18,GCRIM",GCRIM,CENSORED,CENSORED
effort_at_90,random,explore_10,5,"C12,C15,C16,C18,GCRIM",C12,CENSORED,CENSORED
effort_at_90,random,explore_10,5,"C12,C15,C16,C18,GCRIM",C15,CENSORED,CENSORED
effort_at_90,random,explore_10,5,"C12,C15,C16,C18,GCRIM",C16,CENSORED,CENSORED
effort_at_90,random,explore_10,5,"C12,C15,C16,C18,GCRIM",C18,CENSORED,CENSORED
effort_at_90,random,explore_10,5,"C12,C15,C16,C18,GCRIM",GCRIM,CENSORED,CENSORED
effort_at_90,seed_similarity,frozen_svm,5,"C12,C15,C16,C18,GCRIM",C12,CENSORED,CENSORED
effort_at_90,seed_similarity,frozen_svm,5,"C12,C15,C16,C18,GCRIM",C15,CENSORED,CENSORED
effort_at_90,seed_similarity,frozen_svm,5,"C12,C15,C16,C18,GCRIM",C16,CENSORED,CENSORED
effort_at_90,seed_similarity,frozen_svm,5,"C12,C15,C16,C18,GCRIM",C18,CENSORED,CENSORED
effort_at_90,seed_similarity,frozen_svm,5,"C12,C15,C16,C18,GCRIM",GCRIM,CENSORED,CENSORED
effort_at_90,seed_similarity,uncertainty,5,"C12,C15,C16,C18,GCRIM",C12,CENSORED,CENSORED
effort_at_90,seed_similarity,uncertainty,5,"C12,C15,C16,C18,GCRIM",C15,CENSORED,CENSORED
effort_at_90,seed_similarity,uncertainty,5,"C12,C15,C16,C18,GCRIM",C16,CENSORED,CENSORED
effort_at_90,seed_similarity,uncertainty,5,"C12,C15,C16,C18,GCRIM",C18,CENSORED,CENSORED
effort_at_90,seed_similarity,uncertainty,5,"C12,C15,C16,C18,GCRIM",GCRIM,CENSORED,CENSORED
effort_at_90,seed_similarity,auto_tar,5,"C12,C15,C16,C18,GCRIM",C12,CENSORED,CENSORED
effort_at_90,seed_similarity,auto_tar,5,"C12,C15,C16,C18,GCRIM",C15,CENSORED,CENSORED
effort_at_90,seed_similarity,auto_tar,5,"C12,C15,C16,C18,GCRIM",C16,CENSORED,CENSORED
effort_at_90,seed_similarity,auto_tar,5,"C12,C15,C16,C18,GCRIM",C18,CENSORED,CENSORED
effort_at_90,seed_similarity,auto_tar,5,"C12,C15,C16,C18,GCRIM",GCRIM,CENSORED,CENSORED
effort_at_90,seed_similarity,fixed_20,5,"C12,C15,C16,C18,GCRIM",C12,CENSORED,CENSORED
effort_at_90,seed_similarity,fixed_20,5,"C12,C15,C16,C18,GCRIM",C15,CENSORED,CENSORED
effort_at_90,seed_similarity,fixed_20,5,"C12,C15,C16,C18,GCRIM",C16,CENSORED,CENSORED
effort_at_90,seed_similarity,fixed_20,5,"C12,C15,C16,C18,GCRIM",C18,CENSORED,CENSORED
effort_at_90,seed_similarity,fixed_20,5,"C12,C15,C16,C18,GCRIM",GCRIM,CENSORED,CENSORED
effort_at_90,seed_similarity,explore_10,5,"C12,C15,C16,C18,GCRIM",C12,CENSORED,CENSORED
effort_at_90,seed_similarity,explore_10,5,"C12,C15,C16,C18,GCRIM",C15,CENSORED,CENSORED
effort_at_90,seed_similarity,explore_10,5,"C12,C15,C16,C18,GCRIM",C16,CENSORED,CENSORED
effort_at_90,seed_similarity,explore_10,5,"C12,C15,C16,C18,GCRIM",C18,CENSORED,CENSORED
effort_at_90,seed_similarity,explore_10,5,"C12,C15,C16,C18,GCRIM",GCRIM,CENSORED,CENSORED
effort_at_90,frozen_svm,uncertainty,5,"C12,C15,C16,C18,GCRIM",C12,CENSORED,CENSORED
effort_at_90,frozen_svm,uncertainty,5,"C12,C15,C16,C18,GCRIM",C15,CENSORED,CENSORED
effort_at_90,frozen_svm,uncertainty,5,"C12,C15,C16,C18,GCRIM",C16,CENSORED,CENSORED
effort_at_90,frozen_svm,uncertainty,5,"C12,C15,C16,C18,GCRIM",C18,CENSORED,CENSORED
effort_at_90,frozen_svm,uncertainty,5,"C12,C15,C16,C18,GCRIM",GCRIM,CENSORED,CENSORED
effort_at_90,frozen_svm,auto_tar,5,"C12,C15,C16,C18,GCRIM",C12,CENSORED,CENSORED
effort_at_90,frozen_svm,auto_tar,5,"C12,C15,C16,C18,GCRIM",C15,CENSORED,CENSORED
effort_at_90,frozen_svm,auto_tar,5,"C12,C15,C16,C18,GCRIM",C16,CENSORED,CENSORED
effort_at_90,frozen_svm,auto_tar,5,"C12,C15,C16,C18,GCRIM",C18,CENSORED,CENSORED
effort_at_90,frozen_svm,auto_tar,5,"C12,C15,C16,C18,GCRIM",GCRIM,CENSORED,CENSORED
effort_at_90,frozen_svm,fixed_20,5,"C12,C15,C16,C18,GCRIM",C12,CENSORED,CENSORED
effort_at_90,frozen_svm,fixed_20,5,"C12,C15,C16,C18,GCRIM",C15,CENSORED,CENSORED
effort_at_90,frozen_svm,fixed_20,5,"C12,C15,C16,C18,GCRIM",C16,CENSORED,CENSORED
effort_at_90,frozen_svm,fixed_20,5,"C12,C15,C16,C18,GCRIM",C18,CENSORED,CENSORED
effort_at_90,frozen_svm,fixed_20,5,"C12,C15,C16,C18,GCRIM",GCRIM,CENSORED,CENSORED
effort_at_90,frozen_svm,explore_10,5,"C12,C15,C16,C18,GCRIM",C12,CENSORED,CENSORED
effort_at_90,frozen_svm,explore_10,5,"C12,C15,C16,C18,GCRIM",C15,CENSORED,CENSORED
effort_at_90,frozen_svm,explore_10,5,"C12,C15,C16,C18,GCRIM",C16,CENSORED,CENSORED
effort_at_90,frozen_svm,explore_10,5,"C12,C15,C16,C18,GCRIM",C18,CENSORED,CENSORED
effort_at_90,frozen_svm,explore_10,5,"C12,C15,C16,C18,GCRIM",GCRIM,CENSORED,CENSORED
effort_at_90,uncertainty,auto_tar,5,"C12,C15,C18,GCRIM",C12,CENSORED,CENSORED
effort_at_90,uncertainty,auto_tar,5,"C12,C15,C18,GCRIM",C15,CENSORED,CENSORED
effort_at_90,uncertainty,auto_tar,5,"C12,C15,C18,GCRIM",C16,OBSERVED,0.0
effort_at_90,uncertainty,auto_tar,5,"C12,C15,C18,GCRIM",C18,CENSORED,CENSORED
effort_at_90,uncertainty,auto_tar,5,"C12,C15,C18,GCRIM",GCRIM,CENSORED,CENSORED
effort_at_90,uncertainty,fixed_20,5,"C12,C15,C18,GCRIM",C12,CENSORED,CENSORED
effort_at_90,uncertainty,fixed_20,5,"C12,C15,C18,GCRIM",C15,CENSORED,CENSORED
effort_at_90,uncertainty,fixed_20,5,"C12,C15,C18,GCRIM",C16,OBSERVED,-3.0
effort_at_90,uncertainty,fixed_20,5,"C12,C15,C18,GCRIM",C18,CENSORED,CENSORED
effort_at_90,uncertainty,fixed_20,5,"C12,C15,C18,GCRIM",GCRIM,CENSORED,CENSORED
effort_at_90,uncertainty,explore_10,5,"C12,C15,C16,C18,GCRIM",C12,CENSORED,CENSORED
effort_at_90,uncertainty,explore_10,5,"C12,C15,C16,C18,GCRIM",C15,CENSORED,CENSORED
effort_at_90,uncertainty,explore_10,5,"C12,C15,C16,C18,GCRIM",C16,CENSORED,CENSORED
effort_at_90,uncertainty,explore_10,5,"C12,C15,C16,C18,GCRIM",C18,CENSORED,CENSORED
effort_at_90,uncertainty,explore_10,5,"C12,C15,C16,C18,GCRIM",GCRIM,CENSORED,CENSORED
effort_at_90,auto_tar,fixed_20,5,,C12,OBSERVED,5.0
effort_at_90,auto_tar,fixed_20,5,,C15,OBSERVED,201.66666666666666
effort_at_90,auto_tar,fixed_20,5,,C16,OBSERVED,-3.0
effort_at_90,auto_tar,fixed_20,5,,C18,OBSERVED,25.333333333333332
effort_at_90,auto_tar,fixed_20,5,,GCRIM,OBSERVED,84.66666666666667
effort_at_90,auto_tar,explore_10,5,C16,C12,OBSERVED,-99.66666666666667
effort_at_90,auto_tar,explore_10,5,C16,C15,OBSERVED,-250.66666666666666
effort_at_90,auto_tar,explore_10,5,C16,C16,CENSORED,CENSORED
effort_at_90,auto_tar,explore_10,5,C16,C18,OBSERVED,-169.66666666666666
effort_at_90,auto_tar,explore_10,5,C16,GCRIM,OBSERVED,-144.0
effort_at_90,fixed_20,explore_10,5,C16,C12,OBSERVED,-104.66666666666667
effort_at_90,fixed_20,explore_10,5,C16,C15,OBSERVED,-452.3333333333333
effort_at_90,fixed_20,explore_10,5,C16,C16,CENSORED,CENSORED
effort_at_90,fixed_20,explore_10,5,C16,C18,OBSERVED,-195.0
effort_at_90,fixed_20,explore_10,5,C16,GCRIM,OBSERVED,-228.66666666666666
recall_at_1000,random,seed_similarity,5,,C12,OBSERVED,-0.37182852143482065
recall_at_1000,random,seed_similarity,5,,C15,OBSERVED,-0.13791178112786154
recall_at_1000,random,seed_similarity,5,,C16,OBSERVED,-0.272108843537415
recall_at_1000,random,seed_similarity,5,,C18,OBSERVED,-0.11878704970360238
recall_at_1000,random,seed_similarity,5,,GCRIM,OBSERVED,-0.22741982936157693
recall_at_1000,random,frozen_svm,5,,C12,OBSERVED,-0.39807524059492566
recall_at_1000,random,frozen_svm,5,,C15,OBSERVED,-0.10887772194304858
recall_at_1000,random,frozen_svm,5,,C16,OBSERVED,-0.2653061224489796
recall_at_1000,random,frozen_svm,5,,C18,OBSERVED,-0.13588691290469676
recall_at_1000,random,frozen_svm,5,,GCRIM,OBSERVED,-0.24418946749043838
recall_at_1000,random,uncertainty,5,,C12,OBSERVED,-0.6911636045494314
recall_at_1000,random,uncertainty,5,,C15,OBSERVED,-0.08750099704873575
recall_at_1000,random,uncertainty,5,,C16,OBSERVED,-0.8435374149659864
recall_at_1000,random,uncertainty,5,,C18,OBSERVED,-0.308937528499772
recall_at_1000,random,uncertainty,5,,GCRIM,OBSERVED,-0.38599588114151223
recall_at_1000,random,auto_tar,5,,C12,OBSERVED,-0.8390201224846894
recall_at_1000,random,auto_tar,5,,C15,OBSERVED,-0.1927893435431124
recall_at_1000,random,auto_tar,5,,C16,OBSERVED,-0.8435374149659864
recall_at_1000,random,auto_tar,5,,C18,OBSERVED,-0.5305517555859554
recall_at_1000,random,auto_tar,5,,GCRIM,OBSERVED,-0.6816710797293322
recall_at_1000,random,fixed_20,5,,C12,OBSERVED,-0.84251968503937
recall_at_1000,random,fixed_20,5,,C15,OBSERVED,-0.192071468453378
recall_at_1000,random,fixed_20,5,,C16,OBSERVED,-0.8367346938775511
recall_at_1000,random,fixed_20,5,,C18,OBSERVED,-0.5326037391700866
recall_at_1000,random,fixed_20,5,,GCRIM,OBSERVED,-0.6822594880847308
recall_at_1000,random,explore_10,5,,C12,OBSERVED,-0.8320209973753281
recall_at_1000,random,explore_10,5,,C15,OBSERVED,-0.175321049692909
recall_at_1000,random,explore_10,5,,C16,OBSERVED,-0.8435374149659864
recall_at_1000,random,explore_10,5,,C18,OBSERVED,-0.49019607843137253
recall_at_1000,random,explore_10,5,,GCRIM,OBSERVED,-0.6381288614298323
recall_at_1000,seed_similarity,frozen_svm,5,,C12,OBSERVED,-0.026246719160104987
recall_at_1000,seed_similarity,frozen_svm,5,,C15,OBSERVED,0.029034059184812954
recall_at_1000,seed_similarity,frozen_svm,5,,C16,OBSERVED,0.006802721088435374
recall_at_1000,seed_similarity,frozen_svm,5,,C18,OBSERVED,-0.01709986320109439
recall_at_1000,seed_similarity,frozen_svm,5,,GCRIM,OBSERVED,-0.01676963812886143
recall_at_1000,seed_similarity,uncertainty,5,,C12,OBSERVED,-0.3193350831146107
recall_at_1000,seed_similarity,uncertainty,5,,C15,OBSERVED,0.05041078407912579
recall_at_1000,seed_similarity,uncertainty,5,,C16,OBSERVED,-0.5714285714285714
recall_at_1000,seed_similarity,uncertainty,5,,C18,OBSERVED,-0.19015047879616964
recall_at_1000,seed_similarity,uncertainty,5,,GCRIM,OBSERVED,-0.15857605177993528
recall_at_1000,seed_similarity,auto_tar,5,,C12,OBSERVED,-0.4671916010498688
recall_at_1000,seed_similarity,auto_tar,5,,C15,OBSERVED,-0.05487756241525086
recall_at_1000,seed_similarity,auto_tar,5,,C16,OBSERVED,-0.5714285714285714
recall_at_1000,seed_similarity,auto_tar,5,,C18,OBSERVED,-0.4117647058823529
recall_at_1000,seed_similarity,auto_tar,5,,GCRIM,OBSERVED,-0.4542512503677552
recall_at_1000,seed_similarity,fixed_20,5,,C12,OBSERVED,-0.47069116360454943
recall_at_1000,seed_similarity,fixed_20,5,,C15,OBSERVED,-0.05415968732551647
recall_at_1000,seed_similarity,fixed_20,5,,C16,OBSERVED,-0.564625850340136
recall_at_1000,seed_similarity,fixed_20,5,,C18,OBSERVED,-0.41381668946648426
recall_at_1000,seed_similarity,fixed_20,5,,GCRIM,OBSERVED,-0.45483965872315385
recall_at_1000,seed_similarity,explore_10,5,,C12,OBSERVED,-0.46019247594050744
recall_at_1000,seed_similarity,explore_10,5,,C15,OBSERVED,-0.03740926856504746
recall_at_1000,seed_similarity,explore_10,5,,C16,OBSERVED,-0.5714285714285714
recall_at_1000,seed_similarity,explore_10,5,,C18,OBSERVED,-0.37140902872777015
recall_at_1000,seed_similarity,explore_10,5,,GCRIM,OBSERVED,-0.4107090320682554
recall_at_1000,frozen_svm,uncertainty,5,,C12,OBSERVED,-0.29308836395450566
recall_at_1000,frozen_svm,uncertainty,5,,C15,OBSERVED,0.021376724894312835
recall_at_1000,frozen_svm,uncertainty,5,,C16,OBSERVED,-0.5782312925170068
recall_at_1000,frozen_svm,uncertainty,5,,C18,OBSERVED,-0.17305061559507523
recall_at_1000,frozen_svm,uncertainty,5,,GCRIM,OBSERVED,-0.14180641365107385
recall_at_1000,frozen_svm,auto_tar,5,,C12,OBSERVED,-0.4409448818897638
recall_at_1000,frozen_svm,auto_tar,5,,C15,OBSERVED,-0.08391162160006381
recall_at_1000,frozen_svm,auto_tar,5,,C16,OBSERVED,-0.5782312925170068
recall_at_1000,frozen_svm,auto_tar,5,,C18,OBSERVED,-0.39466484268125857
recall_at_1000,frozen_svm,auto_tar,5,,GCRIM,OBSERVED,-0.4374816122388938
recall_at_1000,frozen_svm,fixed_20,5,,C12,OBSERVED,-0.4444444444444444
recall_at_1000,frozen_svm,fixed_20,5,,C15,OBSERVED,-0.08319374651032943
recall_at_1000,frozen_svm,fixed_20,5,,C16,OBSERVED,-0.5714285714285714
recall_at_1000,frozen_svm,fixed_20,5,,C18,OBSERVED,-0.3967168262653899
recall_at_1000,frozen_svm,fixed_20,5,,GCRIM,OBSERVED,-0.43807002059429245
recall_at_1000,frozen_svm,explore_10,5,,C12,OBSERVED,-0.4339457567804024
recall_at_1000,frozen_svm,explore_10,5,,C15,OBSERVED,-0.0664433277498604
recall_at_1000,frozen_svm,explore_10,5,,C16,OBSERVED,-0.5782312925170068
recall_at_1000,frozen_svm,explore_10,5,,C18,OBSERVED,-0.3543091655266758
recall_at_1000,frozen_svm,explore_10,5,,GCRIM,OBSERVED,-0.3939393939393939
recall_at_1000,uncertainty,auto_tar,5,,C12,OBSERVED,-0.14785651793525809
recall_at_1000,uncertainty,auto_tar,5,,C15,OBSERVED,-0.10528834649437664
recall_at_1000,uncertainty,auto_tar,5,,C16,OBSERVED,0.0
recall_at_1000,uncertainty,auto_tar,5,,C18,OBSERVED,-0.2216142270861833
recall_at_1000,uncertainty,auto_tar,5,,GCRIM,OBSERVED,-0.29567519858781993
recall_at_1000,uncertainty,fixed_20,5,,C12,OBSERVED,-0.15135608048993876
recall_at_1000,uncertainty,fixed_20,5,,C15,OBSERVED,-0.10457047140464226
recall_at_1000,uncertainty,fixed_20,5,,C16,OBSERVED,0.006802721088435374
recall_at_1000,uncertainty,fixed_20,5,,C18,OBSERVED,-0.22366621067031464
recall_at_1000,uncertainty,fixed_20,5,,GCRIM,OBSERVED,-0.29626360694321857
recall_at_1000,uncertainty,explore_10,5,,C12,OBSERVED,-0.14085739282589677
recall_at_1000,uncertainty,explore_10,5,,C15,OBSERVED,-0.08782005264417325
recall_at_1000,uncertainty,explore_10,5,,C16,OBSERVED,0.0
recall_at_1000,uncertainty,explore_10,5,,C18,OBSERVED,-0.18125854993160054
recall_at_1000,uncertainty,explore_10,5,,GCRIM,OBSERVED,-0.2521329802883201
recall_at_1000,auto_tar,fixed_20,5,,C12,OBSERVED,-0.003499562554680665
recall_at_1000,auto_tar,fixed_20,5,,C15,OBSERVED,0.0007178750897343862
recall_at_1000,auto_tar,fixed_20,5,,C16,OBSERVED,0.006802721088435374
recall_at_1000,auto_tar,fixed_20,5,,C18,OBSERVED,-0.002051983584131327
recall_at_1000,auto_tar,fixed_20,5,,GCRIM,OBSERVED,-0.0005884083553986466
recall_at_1000,auto_tar,explore_10,5,,C12,OBSERVED,0.00699912510936133
recall_at_1000,auto_tar,explore_10,5,,C15,OBSERVED,0.017468293850203397
recall_at_1000,auto_tar,explore_10,5,,C16,OBSERVED,0.0
recall_at_1000,auto_tar,explore_10,5,,C18,OBSERVED,0.04035567715458276
recall_at_1000,auto_tar,explore_10,5,,GCRIM,OBSERVED,0.043542218299499856
recall_at_1000,fixed_20,explore_10,5,,C12,OBSERVED,0.010498687664041995
recall_at_1000,fixed_20,explore_10,5,,C15,OBSERVED,0.01675041876046901
recall_at_1000,fixed_20,explore_10,5,,C16,OBSERVED,-0.006802721088435374
recall_at_1000,fixed_20,explore_10,5,,C18,OBSERVED,0.04240766073871409
recall_at_1000,fixed_20,explore_10,5,,GCRIM,OBSERVED,0.0441306266548985
recall_at_1R_plus_0,random,seed_similarity,5,,C12,OBSERVED,-0.24934383202099739
recall_at_1R_plus_0,random,seed_similarity,5,,C15,OBSERVED,-0.34138948711813033
recall_at_1R_plus_0,random,seed_similarity,5,,C16,OBSERVED,0.0
recall_at_1R_plus_0,random,seed_similarity,5,,C18,OBSERVED,-0.1436388508891929
recall_at_1R_plus_0,random,seed_similarity,5,,GCRIM,OBSERVED,-0.24301265077964107
recall_at_1R_plus_0,random,frozen_svm,5,,C12,OBSERVED,-0.2642169728783902
recall_at_1R_plus_0,random,frozen_svm,5,,C15,OBSERVED,-0.2321129456807849
recall_at_1R_plus_0,random,frozen_svm,5,,C16,OBSERVED,-0.006802721088435374
recall_at_1R_plus_0,random,frozen_svm,5,,C18,OBSERVED,-0.16803465572275422
recall_at_1R_plus_0,random,frozen_svm,5,,GCRIM,OBSERVED,-0.26331273904089436
recall_at_1R_plus_0,random,uncertainty,5,,C12,OBSERVED,-0.4540682414698163
recall_at_1R_plus_0,random,uncertainty,5,,C15,OBSERVED,-0.20938023450586266
recall_at_1R_plus_0,random,uncertainty,5,,C16,OBSERVED,-0.1564625850340136
recall_at_1R_plus_0,random,uncertainty,5,,C18,OBSERVED,-0.43046055631554947
recall_at_1R_plus_0,random,uncertainty,5,,GCRIM,OBSERVED,-0.42953809944101207
recall_at_1R_plus_0,random,auto_tar,5,,C12,OBSERVED,-0.6342957130358705
recall_at_1R_plus_0,random,auto_tar,5,,C15,OBSERVED,-0.6918720587062296
recall_at_1R_plus_0,random,auto_tar,5,,C16,OBSERVED,-0.1564625850340136
recall_at_1R_plus_0,random,auto_tar,5,,C18,OBSERVED,-0.6967624259005928
recall_at_1R_plus_0,random,auto_tar,5,,GCRIM,OBSERVED,-0.7308031774051191
recall_at_1R_plus_0,random,fixed_20,5,,C12,OBSERVED,-0.6439195100612424
recall_at_1R_plus_0,random,fixed_20,5,,C15,OBSERVED,-0.7110153944324799
recall_at_1R_plus_0,random,fixed_20,5,,C16,OBSERVED,-0.08843537414965986
recall_at_1R_plus_0,random,fixed_20,5,,C18,OBSERVED,-0.6985864113087096
recall_at_1R_plus_0,random,fixed_20,5,,GCRIM,OBSERVED,-0.7366872609591056
recall_at_1R_plus_0,random,explore_10,5,,C12,OBSERVED,-0.615923009623797
recall_at_1R_plus_0,random,explore_10,5,,C15,OBSERVED,-0.669059583632448
recall_at_1R_plus_0,random,explore_10,5,,C16,OBSERVED,-0.1564625850340136
recall_at_1R_plus_0,random,explore_10,5,,C18,OBSERVED,-0.6600547195622435
recall_at_1R_plus_0,random,explore_10,5,,GCRIM,OBSERVED,-0.7005001471020889
recall_at_1R_plus_0,seed_similarity,frozen_svm,5,,C12,OBSERVED,-0.014873140857392825
recall_at_1R_plus_0,seed_similarity,frozen_svm,5,,C15,OBSERVED,0.10927654143734546
recall_at_1R_plus_0,seed_similarity,frozen_svm,5,,C16,OBSERVED,-0.006802721088435374
recall_at_1R_plus_0,seed_similarity,frozen_svm,5,,C18,OBSERVED,-0.02439580483356133
recall_at_1R_plus_0,seed_similarity,frozen_svm,5,,GCRIM,OBSERVED,-0.02030008826125331
recall_at_1R_plus_0,seed_similarity,uncertainty,5,,C12,OBSERVED,-0.2047244094488189
recall_at_1R_plus_0,seed_similarity,uncertainty,5,,C15,OBSERVED,0.13200925261226767
recall_at_1R_plus_0,seed_similarity,uncertainty,5,,C16,OBSERVED,-0.1564625850340136
recall_at_1R_plus_0,seed_similarity,uncertainty,5,,C18,OBSERVED,-0.2868217054263566
recall_at_1R_plus_0,seed_similarity,uncertainty,5,,GCRIM,OBSERVED,-0.186525448661371
recall_at_1R_plus_0,seed_similarity,auto_tar,5,,C12,OBSERVED,-0.38495188101487315
recall_at_1R_plus_0,seed_similarity,auto_tar,5,,C15,OBSERVED,-0.3504825715880992
recall_at_1R_plus_0,seed_similarity,auto_tar,5,,C16,OBSERVED,-0.1564625850340136
recall_at_1R_plus_0,seed_similarity,auto_tar,5,,C18,OBSERVED,-0.5531235750113999
recall_at_1R_plus_0,seed_similarity,auto_tar,5,,GCRIM,OBSERVED,-0.48779052662547806
recall_at_1R_plus_0,seed_similarity,fixed_20,5,,C12,OBSERVED,-0.39457567804024496
recall_at_1R_plus_0,seed_similarity,fixed_20,5,,C15,OBSERVED,-0.3696259073143495
recall_at_1R_plus_0,seed_similarity,fixed_20,5,,C16,OBSERVED,-0.08843537414965986
recall_at_1R_plus_0,seed_similarity,fixed_20,5,,C18,OBSERVED,-0.5549475604195167
recall_at_1R_plus_0,seed_similarity,fixed_20,5,,GCRIM,OBSERVED,-0.49367461017946457
recall_at_1R_plus_0,seed_similarity,explore_10,5,,C12,OBSERVED,-0.3665791776027997
recall_at_1R_plus_0,seed_similarity,explore_10,5,,C15,OBSERVED,-0.3276700965143176
recall_at_1R_plus_0,seed_similarity,explore_10,5,,C16,OBSERVED,-0.1564625850340136
recall_at_1R_plus_0,seed_similarity,explore_10,5,,C18,OBSERVED,-0.5164158686730507
recall_at_1R_plus_0,seed_similarity,explore_10,5,,GCRIM,OBSERVED,-0.4574874963224478
recall_at_1R_plus_0,frozen_svm,uncertainty,5,,C12,OBSERVED,-0.18985126859142606
recall_at_1R_plus_0,frozen_svm,uncertainty,5,,C15,OBSERVED,0.02273271117492223
recall_at_1R_plus_0,frozen_svm,uncertainty,5,,C16,OBSERVED,-0.14965986394557823
recall_at_1R_plus_0,frozen_svm,uncertainty,5,,C18,OBSERVED,-0.26242590059279525
recall_at_1R_plus_0,frozen_svm,uncertainty,5,,GCRIM,OBSERVED,-0.16622536040011768
recall_at_1R_plus_0,frozen_svm,auto_tar,5,,C12,OBSERVED,-0.3700787401574803
recall_at_1R_plus_0,frozen_svm,auto_tar,5,,C15,OBSERVED,-0.4597591130254447
recall_at_1R_plus_0,frozen_svm,auto_tar,5,,C16,OBSERVED,-0.14965986394557823
recall_at_1R_plus_0,frozen_svm,auto_tar,5,,C18,OBSERVED,-0.5287277701778386
recall_at_1R_plus_0,frozen_svm,auto_tar,5,,GCRIM,OBSERVED,-0.46749043836422477
recall_at_1R_plus_0,frozen_svm,fixed_20,5,,C12,OBSERVED,-0.37970253718285213
recall_at_1R_plus_0,frozen_svm,fixed_20,5,,C15,OBSERVED,-0.47890244875169496
recall_at_1R_plus_0,frozen_svm,fixed_20,5,,C16,OBSERVED,-0.08163265306122448
recall_at_1R_plus_0,frozen_svm,fixed_20,5,,C18,OBSERVED,-0.5305517555859554
recall_at_1R_plus_0,frozen_svm,fixed_20,5,,GCRIM,OBSERVED,-0.4733745219182112
recall_at_1R_plus_0,frozen_svm,explore_10,5,,C12,OBSERVED,-0.35170603674540685
recall_at_1R_plus_0,frozen_svm,explore_10,5,,C15,OBSERVED,-0.43694663795166305
recall_at_1R_plus_0,frozen_svm,explore_10,5,,C16,OBSERVED,-0.14965986394557823
recall_at_1R_plus_0,frozen_svm,explore_10,5,,C18,OBSERVED,-0.49202006383948926
recall_at_1R_plus_0,frozen_svm,explore_10,5,,GCRIM,OBSERVED,-0.4371874080611945
recall_at_1R_plus_0,uncertainty,auto_tar,5,,C12,OBSERVED,-0.18022747156605423
recall_at_1R_plus_0,uncertainty,auto_tar,5,,C15,OBSERVED,-0.4824918242003669
recall_at_1R_plus_0,uncertainty,auto_tar,5,,C16,OBSERVED,0.0
recall_at_1R_plus_0,uncertainty,auto_tar,5,,C18,OBSERVED,-0.2663018695850433
recall_at_1R_plus_0,uncertainty,auto_tar,5,,GCRIM,OBSERVED,-0.30126507796410706
recall_at_1R_plus_0,uncertainty,fixed_20,5,,C12,OBSERVED,-0.18985126859142606
recall_at_1R_plus_0,uncertainty,fixed_20,5,,C15,OBSERVED,-0.5016351599266172
recall_at_1R_plus_0,uncertainty,fixed_20,5,,C16,OBSERVED,0.06802721088435375
recall_at_1R_plus_0,uncertainty,fixed_20,5,,C18,OBSERVED,-0.26812585499316005
recall_at_1R_plus_0,uncertainty,fixed_20,5,,GCRIM,OBSERVED,-0.30714916151809357
recall_at_1R_plus_0,uncertainty,explore_10,5,,C12,OBSERVED,-0.16185476815398075
recall_at_1R_plus_0,uncertainty,explore_10,5,,C15,OBSERVED,-0.4596793491265853
recall_at_1R_plus_0,uncertainty,explore_10,5,,C16,OBSERVED,0.0
recall_at_1R_plus_0,uncertainty,explore_10,5,,C18,OBSERVED,-0.22959416324669402
recall_at_1R_plus_0,uncertainty,explore_10,5,,GCRIM,OBSERVED,-0.2709620476610768
recall_at_1R_plus_0,auto_tar,fixed_20,5,,C12,OBSERVED,-0.009623797025371828
recall_at_1R_plus_0,auto_tar,fixed_20,5,,C15,OBSERVED,-0.0191433357262503
recall_at_1R_plus_0,auto_tar,fixed_20,5,,C16,OBSERVED,0.06802721088435375
recall_at_1R_plus_0,auto_tar,fixed_20,5,,C18,OBSERVED,-0.001823985408116735
recall_at_1R_plus_0,auto_tar,fixed_20,5,,GCRIM,OBSERVED,-0.005884083553986467
recall_at_1R_plus_0,auto_tar,explore_10,5,,C12,OBSERVED,0.01837270341207349
recall_at_1R_plus_0,auto_tar,explore_10,5,,C15,OBSERVED,0.022812475073781608
recall_at_1R_plus_0,auto_tar,explore_10,5,,C16,OBSERVED,0.0
recall_at_1R_plus_0,auto_tar,explore_10,5,,C18,OBSERVED,0.03670770633834929
recall_at_1R_plus_0,auto_tar,explore_10,5,,GCRIM,OBSERVED,0.030303030303030304
recall_at_1R_plus_0,fixed_20,explore_10,5,,C12,OBSERVED,0.02799650043744532
recall_at_1R_plus_0,fixed_20,explore_10,5,,C15,OBSERVED,0.041955810800031905
recall_at_1R_plus_0,fixed_20,explore_10,5,,C16,OBSERVED,-0.06802721088435375
recall_at_1R_plus_0,fixed_20,explore_10,5,,C18,OBSERVED,0.03853169174646603
recall_at_1R_plus_0,fixed_20,explore_10,5,,GCRIM,OBSERVED,0.03618711385701677
recall_at_1R_plus_100,random,seed_similarity,5,,C12,OBSERVED,-0.2782152230971129
recall_at_1R_plus_100,random,seed_similarity,5,,C15,OBSERVED,-0.34338358458961477
recall_at_1R_plus_100,random,seed_similarity,5,,C16,OBSERVED,-0.05442176870748299
recall_at_1R_plus_100,random,seed_similarity,5,,C18,OBSERVED,-0.14956680346557227
recall_at_1R_plus_100,random,seed_similarity,5,,GCRIM,OBSERVED,-0.253898205354516
recall_at_1R_plus_100,random,frozen_svm,5,,C12,OBSERVED,-0.2878390201224847
recall_at_1R_plus_100,random,frozen_svm,5,,C15,OBSERVED,-0.2337082236579724
recall_at_1R_plus_100,random,frozen_svm,5,,C16,OBSERVED,-0.07482993197278912
recall_at_1R_plus_100,random,frozen_svm,5,,C18,OBSERVED,-0.17555859553123576
recall_at_1R_plus_100,random,frozen_svm,5,,GCRIM,OBSERVED,-0.27537511032656664
recall_at_1R_plus_100,random,uncertainty,5,,C12,OBSERVED,-0.5345581802274716
recall_at_1R_plus_100,random,uncertainty,5,,C15,OBSERVED,-0.21057669298875328
recall_at_1R_plus_100,random,uncertainty,5,,C16,OBSERVED,-0.23129251700680273
recall_at_1R_plus_100,random,uncertainty,5,,C18,OBSERVED,-0.4573643410852713
recall_at_1R_plus_100,random,uncertainty,5,,GCRIM,OBSERVED,-0.4486613709914681
recall_at_1R_plus_100,random,auto_tar,5,,C12,OBSERVED,-0.7007874015748031
recall_at_1R_plus_100,random,auto_tar,5,,C15,OBSERVED,-0.6966578926377921
recall_at_1R_plus_100,random,auto_tar,5,,C16,OBSERVED,-0.22448979591836735
recall_at_1R_plus_100,random,auto_tar,5,,C18,OBSERVED,-0.7197902416780666
recall_at_1R_plus_100,random,auto_tar,5,,GCRIM,OBSERVED,-0.7569873492203589
recall_at_1R_plus_100,random,fixed_20,5,,C12,OBSERVED,-0.7121609798775154
recall_at_1R_plus_100,random,fixed_20,5,,C15,OBSERVED,-0.7141261864879955
recall_at_1R_plus_100,random,fixed_20,5,,C16,OBSERVED,-0.23809523809523808
recall_at_1R_plus_100,random,fixed_20,5,,C18,OBSERVED,-0.7252621979024167
recall_at_1R_plus_100,random,fixed_20,5,,GCRIM,OBSERVED,-0.7619888202412475
recall_at_1R_plus_100,random,explore_10,5,,C12,OBSERVED,-0.68416447944007
recall_at_1R_plus_100,random,explore_10,5,,C15,OBSERVED,-0.6733668341708543
recall_at_1R_plus_100,random,explore_10,5,,C16,OBSERVED,-0.22448979591836735
recall_at_1R_plus_100,random,explore_10,5,,C18,OBSERVED,-0.6855905152758778
recall_at_1R_plus_100,random,explore_10,5,,GCRIM,OBSERVED,-0.7278611356281259
recall_at_1R_plus_100,seed_similarity,frozen_svm,5,,C12,OBSERVED,-0.009623797025371828
recall_at_1R_plus_100,seed_similarity,frozen_svm,5,,C15,OBSERVED,0.10967536093164233
recall_at_1R_plus_100,seed_similarity,frozen_svm,5,,C16,OBSERVED,-0.02040816326530612
recall_at_1R_plus_100,seed_similarity,frozen_svm,5,,C18,OBSERVED,-0.025991792065663474
recall_at_1R_plus_100,seed_similarity,frozen_svm,5,,GCRIM,OBSERVED,-0.021476904972050605
recall_at_1R_plus_100,seed_similarity,uncertainty,5,,C12,OBSERVED,-0.2563429571303587
recall_at_1R_plus_100,seed_similarity,uncertainty,5,,C15,OBSERVED,0.13280689160086145
recall_at_1R_plus_100,seed_similarity,uncertainty,5,,C16,OBSERVED,-0.17687074829931973
recall_at_1R_plus_100,seed_similarity,uncertainty,5,,C18,OBSERVED,-0.307797537619699
recall_at_1R_plus_100,seed_similarity,uncertainty,5,,GCRIM,OBSERVED,-0.19476316563695203
recall_at_1R_plus_100,seed_similarity,auto_tar,5,,C12,OBSERVED,-0.4225721784776903
recall_at_1R_plus_100,seed_similarity,auto_tar,5,,C15,OBSERVED,-0.3532743080481774
recall_at_1R_plus_100,seed_similarity,auto_tar,5,,C16,OBSERVED,-0.17006802721088435
recall_at_1R_plus_100,seed_similarity,auto_tar,5,,C18,OBSERVED,-0.5702234382124943
recall_at_1R_plus_100,seed_similarity,auto_tar,5,,GCRIM,OBSERVED,-0.5030891438658429
recall_at_1R_plus_100,seed_similarity,fixed_20,5,,C12,OBSERVED,-0.4339457567804024
recall_at_1R_plus_100,seed_similarity,fixed_20,5,,C15,OBSERVED,-0.3707426018983808
recall_at_1R_plus_100,seed_similarity,fixed_20,5,,C16,OBSERVED,-0.1836734693877551
recall_at_1R_plus_100,seed_similarity,fixed_20,5,,C18,OBSERVED,-0.5756953944368445
recall_at_1R_plus_100,seed_similarity,fixed_20,5,,GCRIM,OBSERVED,-0.5080906148867314
recall_at_1R_plus_100,seed_similarity,explore_10,5,,C12,OBSERVED,-0.40594925634295714
recall_at_1R_plus_100,seed_similarity,explore_10,5,,C15,OBSERVED,-0.32998324958123953
recall_at_1R_plus_100,seed_similarity,explore_10,5,,C16,OBSERVED,-0.17006802721088435
recall_at_1R_plus_100,seed_similarity,explore_10,5,,C18,OBSERVED,-0.5360237118103055
recall_at_1R_plus_100,seed_similarity,explore_10,5,,GCRIM,OBSERVED,-0.47396293027360986
recall_at_1R_plus_100,frozen_svm,uncertainty,5,,C12,OBSERVED,-0.24671916010498687
recall_at_1R_plus_100,frozen_svm,uncertainty,5,,C15,OBSERVED,0.02313153066921911
recall_at_1R_plus_100,frozen_svm,uncertainty,5,,C16,OBSERVED,-0.1564625850340136
recall_at_1R_plus_100,frozen_svm,uncertainty,5,,C18,OBSERVED,-0.2818057455540356
recall_at_1R_plus_100,frozen_svm,uncertainty,5,,GCRIM,OBSERVED,-0.17328626066490144
recall_at_1R_plus_100,frozen_svm,auto_tar,5,,C12,OBSERVED,-0.41294838145231844
recall_at_1R_plus_100,frozen_svm,auto_tar,5,,C15,OBSERVED,-0.4629496689798197
recall_at_1R_plus_100,frozen_svm,auto_tar,5,,C16,OBSERVED,-0.14965986394557823
recall_at_1R_plus_100,frozen_svm,auto_tar,5,,C18,OBSERVED,-0.5442316461468308
recall_at_1R_plus_100,frozen_svm,auto_tar,5,,GCRIM,OBSERVED,-0.4816122388937923
recall_at_1R_plus_100,frozen_svm,fixed_20,5,,C12,OBSERVED,-0.4243219597550306
recall_at_1R_plus_100,frozen_svm,fixed_20,5,,C15,OBSERVED,-0.48041796283002314
recall_at_1R_plus_100,frozen_svm,fixed_20,5,,C16,OBSERVED,-0.16326530612244897
recall_at_1R_plus_100,frozen_svm,fixed_20,5,,C18,OBSERVED,-0.549703602371181
recall_at_1R_plus_100,frozen_svm,fixed_20,5,,GCRIM,OBSERVED,-0.4866137099146808
recall_at_1R_plus_100,frozen_svm,explore_10,5,,C12,OBSERVED,-0.3963254593175853
recall_at_1R_plus_100,frozen_svm,explore_10,5,,C15,OBSERVED,-0.43965861051288185
recall_at_1R_plus_100,frozen_svm,explore_10,5,,C16,OBSERVED,-0.14965986394557823
recall_at_1R_plus_100,frozen_svm,explore_10,5,,C18,OBSERVED,-0.510031919744642
recall_at_1R_plus_100,frozen_svm,explore_10,5,,GCRIM,OBSERVED,-0.4524860253015593
recall_at_1R_plus_100,uncertainty,auto_tar,5,,C12,OBSERVED,-0.1662292213473316
recall_at_1R_plus_100,uncertainty,auto_tar,5,,C15,OBSERVED,-0.48608119964903884
recall_at_1R_plus_100,uncertainty,auto_tar,5,,C16,OBSERVED,0.006802721088435374
recall_at_1R_plus_100,uncertainty,auto_tar,5,,C18,OBSERVED,-0.26242590059279525
recall_at_1R_plus_100,uncertainty,auto_tar,5,,GCRIM,OBSERVED,-0.30832597822889085
recall_at_1R_plus_100,uncertainty,fixed_20,5,,C12,OBSERVED,-0.17760279965004375
recall_at_1R_plus_100,uncertainty,fixed_20,5,,C15,OBSERVED,-0.5035494934992423
recall_at_1R_plus_100,uncertainty,fixed_20,5,,C16,OBSERVED,-0.006802721088435374
recall_at_1R_plus_100,uncertainty,fixed_20,5,,C18,OBSERVED,-0.26789785681714545
recall_at_1R_plus_100,uncertainty,fixed_20,5,,GCRIM,OBSERVED,-0.31332744924977934
recall_at_1R_plus_100,uncertainty,explore_10,5,,C12,OBSERVED,-0.14960629921259844
recall_at_1R_plus_100,uncertainty,explore_10,5,,C15,OBSERVED,-0.462790141182101
recall_at_1R_plus_100,uncertainty,explore_10,5,,C16,OBSERVED,0.006802721088435374
recall_at_1R_plus_100,uncertainty,explore_10,5,,C18,OBSERVED,-0.22822617419060648
recall_at_1R_plus_100,uncertainty,explore_10,5,,GCRIM,OBSERVED,-0.27919976463665785
recall_at_1R_plus_100,auto_tar,fixed_20,5,,C12,OBSERVED,-0.011373578302712161
recall_at_1R_plus_100,auto_tar,fixed_20,5,,C15,OBSERVED,-0.017468293850203397
recall_at_1R_plus_100,auto_tar,fixed_20,5,,C16,OBSERVED,-0.013605442176870748
recall_at_1R_plus_100,auto_tar,fixed_20,5,,C18,OBSERVED,-0.005471956224350205
recall_at_1R_plus_100,auto_tar,fixed_20,5,,GCRIM,OBSERVED,-0.005001471020888497
recall_at_1R_plus_100,auto_tar,explore_10,5,,C12,OBSERVED,0.016622922134733157
recall_at_1R_plus_100,auto_tar,explore_10,5,,C15,OBSERVED,0.023291058466937863
recall_at_1R_plus_100,auto_tar,explore_10,5,,C16,OBSERVED,0.0
recall_at_1R_plus_100,auto_tar,explore_10,5,,C18,OBSERVED,0.03419972640218878
recall_at_1R_plus_100,auto_tar,explore_10,5,,GCRIM,OBSERVED,0.02912621359223301
recall_at_1R_plus_100,fixed_20,explore_10,5,,C12,OBSERVED,0.02799650043744532
recall_at_1R_plus_100,fixed_20,explore_10,5,,C15,OBSERVED,0.04075935231714126
recall_at_1R_plus_100,fixed_20,explore_10,5,,C16,OBSERVED,0.013605442176870748
recall_at_1R_plus_100,fixed_20,explore_10,5,,C18,OBSERVED,0.03967168262653899
recall_at_1R_plus_100,fixed_20,explore_10,5,,GCRIM,OBSERVED,0.0341276846131215
recall_at_1R_plus_1000,random,seed_similarity,5,C15,C12,OBSERVED,-0.4146981627296588
recall_at_1R_plus_1000,random,seed_similarity,5,C15,C15,CENSORED,CENSORED
recall_at_1R_plus_1000,random,seed_similarity,5,C15,C16,OBSERVED,-0.272108843537415
recall_at_1R_plus_1000,random,seed_similarity,5,C15,C18,OBSERVED,-0.18422252621979024
recall_at_1R_plus_1000,random,seed_similarity,5,C15,GCRIM,OBSERVED,-0.3115622241835834
recall_at_1R_plus_1000,random,frozen_svm,5,C15,C12,OBSERVED,-0.44881889763779526
recall_at_1R_plus_1000,random,frozen_svm,5,C15,C15,CENSORED,CENSORED
recall_at_1R_plus_1000,random,frozen_svm,5,C15,C16,OBSERVED,-0.2653061224489796
recall_at_1R_plus_1000,random,frozen_svm,5,C15,C18,OBSERVED,-0.21773825809393524
recall_at_1R_plus_1000,random,frozen_svm,5,C15,GCRIM,OBSERVED,-0.3595175051485731
recall_at_1R_plus_1000,random,uncertainty,5,C15,C12,OBSERVED,-0.7077865266841645
recall_at_1R_plus_1000,random,uncertainty,5,C15,C15,CENSORED,CENSORED
recall_at_1R_plus_1000,random,uncertainty,5,C15,C16,OBSERVED,-0.8435374149659864
recall_at_1R_plus_1000,random,uncertainty,5,C15,C18,OBSERVED,-0.5804833561331509
recall_at_1R_plus_1000,random,uncertainty,5,C15,GCRIM,OBSERVED,-0.5510444248308326
recall_at_1R_plus_1000,random,auto_tar,5,C15,C12,OBSERVED,-0.8495188101487314
recall_at_1R_plus_1000,random,auto_tar,5,C15,C15,CENSORED,CENSORED
recall_at_1R_plus_1000,random,auto_tar,5,C15,C16,OBSERVED,-0.8435374149659864
recall_at_1R_plus_1000,random,auto_tar,5,C15,C18,OBSERVED,-0.823985408116735
recall_at_1R_plus_1000,random,auto_tar,5,C15,GCRIM,OBSERVED,-0.8299499852897911
recall_at_1R_plus_1000,random,fixed_20,5,C15,C12,OBSERVED,-0.8547681539807525
recall_at_1R_plus_1000,random,fixed_20,5,C15,C15,CENSORED,CENSORED
recall_at_1R_plus_1000,random,fixed_20,5,C15,C16,OBSERVED,-0.8367346938775511
recall_at_1R_plus_1000,random,fixed_20,5,C15,C18,OBSERVED,-0.8292293661650707
recall_at_1R_plus_1000,random,fixed_20,5,C15,GCRIM,OBSERVED,-0.8302441894674905
recall_at_1R_plus_1000,random,explore_10,5,C15,C12,OBSERVED,-0.8363954505686789
recall_at_1R_plus_1000,random,explore_10,5,C15,C15,CENSORED,CENSORED
recall_at_1R_plus_1000,random,explore_10,5,C15,C16,OBSERVED,-0.8435374149659864
recall_at_1R_plus_1000,random,explore_10,5,C15,C18,OBSERVED,-0.8032375740994072
recall_at_1R_plus_1000,random,explore_10,5,C15,GCRIM,OBSERVED,-0.8214180641365108
recall_at_1R_plus_1000,seed_similarity,frozen_svm,5,C15,C12,OBSERVED,-0.03412073490813648
recall_at_1R_plus_1000,seed_similarity,frozen_svm,5,C15,C15,CENSORED,CENSORED
recall_at_1R_plus_1000,seed_similarity,frozen_svm,5,C15,C16,OBSERVED,0.006802721088435374
recall_at_1R_plus_1000,seed_similarity,frozen_svm,5,C15,C18,OBSERVED,-0.033515731874145006
recall_at_1R_plus_1000,seed_similarity,frozen_svm,5,C15,GCRIM,OBSERVED,-0.0479552809649897
recall_at_1R_plus_1000,seed_similarity,uncertainty,5,C15,C12,OBSERVED,-0.29308836395450566
recall_at_1R_plus_1000,seed_similarity,uncertainty,5,C15,C15,CENSORED,CENSORED
recall_at_1R_plus_1000,seed_similarity,uncertainty,5,C15,C16,OBSERVED,-0.5714285714285714
recall_at_1R_plus_1000,seed_similarity,uncertainty,5,C15,C18,OBSERVED,-0.3962608299133607
recall_at_1R_plus_1000,seed_similarity,uncertainty,5,C15,GCRIM,OBSERVED,-0.23948220064724918
recall_at_1R_plus_1000,seed_similarity,auto_tar,5,C15,C12,OBSERVED,-0.4348206474190726
recall_at_1R_plus_1000,seed_similarity,auto_tar,5,C15,C15,CENSORED,CENSORED
recall_at_1R_plus_1000,seed_similarity,auto_tar,5,C15,C16,OBSERVED,-0.5714285714285714
recall_at_1R_plus_1000,seed_similarity,auto_tar,5,C15,C18,OBSERVED,-0.6397628818969449
recall_at_1R_plus_1000,seed_similarity,auto_tar,5,C15,GCRIM,OBSERVED,-0.5183877611062077
recall_at_1R_plus_1000,seed_similarity,fixed_20,5,C15,C12,OBSERVED,-0.44006999125109364
recall_at_1R_plus_1000,seed_similarity,fixed_20,5,C15,C15,CENSORED,CENSORED
recall_at_1R_plus_1000,seed_similarity,fixed_20,5,C15,C16,OBSERVED,-0.564625850340136
recall_at_1R_plus_1000,seed_similarity,fixed_20,5,C15,C18,OBSERVED,-0.6450068399452804
recall_at_1R_plus_1000,seed_similarity,fixed_20,5,C15,GCRIM,OBSERVED,-0.518681965283907
recall_at_1R_plus_1000,seed_similarity,explore_10,5,C15,C12,OBSERVED,-0.4216972878390201
recall_at_1R_plus_1000,seed_similarity,explore_10,5,C15,C15,CENSORED,CENSORED
recall_at_1R_plus_1000,seed_similarity,explore_10,5,C15,C16,OBSERVED,-0.5714285714285714
recall_at_1R_plus_1000,seed_similarity,explore_10,5,C15,C18,OBSERVED,-0.6190150478796169
recall_at_1R_plus_1000,seed_similarity,explore_10,5,C15,GCRIM,OBSERVED,-0.5098558399529274
recall_at_1R_plus_1000,frozen_svm,uncertainty,5,C15,C12,OBSERVED,-0.2589676290463692
recall_at_1R_plus_1000,frozen_svm,uncertainty,5,C15,C15,CENSORED,CENSORED
recall_at_1R_plus_1000,frozen_svm,uncertainty,5,C15,C16,OBSERVED,-0.5782312925170068
recall_at_1R_plus_1000,frozen_svm,uncertainty,5,C15,C18,OBSERVED,-0.3627450980392157
recall_at_1R_plus_1000,frozen_svm,uncertainty,5,C15,GCRIM,OBSERVED,-0.1915269196822595
recall_at_1R_plus_1000,frozen_svm,auto_tar,5,C15,C12,OBSERVED,-0.4006999125109361
recall_at_1R_plus_1000,frozen_svm,auto_tar,5,C15,C15,CENSORED,CENSORED
recall_at_1R_plus_1000,frozen_svm,auto_tar,5,C15,C16,OBSERVED,-0.5782312925170068
recall_at_1R_plus_1000,frozen_svm,auto_tar,5,C15,C18,OBSERVED,-0.6062471500227998
recall_at_1R_plus_1000,frozen_svm,auto_tar,5,C15,GCRIM,OBSERVED,-0.470432480141218
recall_at_1R_plus_1000,frozen_svm,fixed_20,5,C15,C12,OBSERVED,-0.40594925634295714
recall_at_1R_plus_1000,frozen_svm,fixed_20,5,C15,C15,CENSORED,CENSORED
recall_at_1R_plus_1000,frozen_svm,fixed_20,5,C15,C16,OBSERVED,-0.5714285714285714
recall_at_1R_plus_1000,frozen_svm,fixed_20,5,C15,C18,OBSERVED,-0.6114911080711354
recall_at_1R_plus_1000,frozen_svm,fixed_20,5,C15,GCRIM,OBSERVED,-0.47072668431891734
recall_at_1R_plus_1000,frozen_svm,explore_10,5,C15,C12,OBSERVED,-0.38757655293088367
recall_at_1R_plus_1000,frozen_svm,explore_10,5,C15,C15,CENSORED,CENSORED
recall_at_1R_plus_1000,frozen_svm,explore_10,5,C15,C16,OBSERVED,-0.5782312925170068
recall_at_1R_plus_1000,frozen_svm,explore_10,5,C15,C18,OBSERVED,-0.585499316005472
recall_at_1R_plus_1000,frozen_svm,explore_10,5,C15,GCRIM,OBSERVED,-0.46190055898793764
recall_at_1R_plus_1000,uncertainty,auto_tar,5,C15,C12,OBSERVED,-0.14173228346456693
recall_at_1R_plus_1000,uncertainty,auto_tar,5,C15,C15,CENSORED,CENSORED
recall_at_1R_plus_1000,uncertainty,auto_tar,5,C15,C16,OBSERVED,0.0
recall_at_1R_plus_1000,uncertainty,auto_tar,5,C15,C18,OBSERVED,-0.24350205198358413
recall_at_1R_plus_1000,uncertainty,auto_tar,5,C15,GCRIM,OBSERVED,-0.27890556045895853
recall_at_1R_plus_1000,uncertainty,fixed_20,5,C15,C12,OBSERVED,-0.14698162729658792
recall_at_1R_plus_1000,uncertainty,fixed_20,5,C15,C15,CENSORED,CENSORED
recall_at_1R_plus_1000,uncertainty,fixed_20,5,C15,C16,OBSERVED,0.006802721088435374
recall_at_1R_plus_1000,uncertainty,fixed_20,5,C15,C18,OBSERVED,-0.24874601003191973
recall_at_1R_plus_1000,uncertainty,fixed_20,5,C15,GCRIM,OBSERVED,-0.27919976463665785
recall_at_1R_plus_1000,uncertainty,explore_10,5,C15,C12,OBSERVED,-0.12860892388451445
recall_at_1R_plus_1000,uncertainty,explore_10,5,C15,C15,CENSORED,CENSORED
recall_at_1R_plus_1000,uncertainty,explore_10,5,C15,C16,OBSERVED,0.0
recall_at_1R_plus_1000,uncertainty,explore_10,5,C15,C18,OBSERVED,-0.22275421796625627
recall_at_1R_plus_1000,uncertainty,explore_10,5,C15,GCRIM,OBSERVED,-0.27037363930567815
recall_at_1R_plus_1000,auto_tar,fixed_20,5,C15,C12,OBSERVED,-0.005249343832020997
recall_at_1R_plus_1000,auto_tar,fixed_20,5,C15,C15,CENSORED,CENSORED
recall_at_1R_plus_1000,auto_tar,fixed_20,5,C15,C16,OBSERVED,0.006802721088435374
recall_at_1R_plus_1000,auto_tar,fixed_20,5,C15,C18,OBSERVED,-0.005243958048335613
recall_at_1R_plus_1000,auto_tar,fixed_20,5,C15,GCRIM,OBSERVED,-0.0002942041776993233
recall_at_1R_plus_1000,auto_tar,explore_10,5,C15,C12,OBSERVED,0.013123359580052493
recall_at_1R_plus_1000,auto_tar,explore_10,5,C15,C15,CENSORED,CENSORED
recall_at_1R_plus_1000,auto_tar,explore_10,5,C15,C16,OBSERVED,0.0
recall_at_1R_plus_1000,auto_tar,explore_10,5,C15,C18,OBSERVED,0.02074783401732786
recall_at_1R_plus_1000,auto_tar,explore_10,5,C15,GCRIM,OBSERVED,0.008531921153280376
recall_at_1R_plus_1000,fixed_20,explore_10,5,C15,C12,OBSERVED,0.01837270341207349
recall_at_1R_plus_1000,fixed_20,explore_10,5,C15,C15,CENSORED,CENSORED
recall_at_1R_plus_1000,fixed_20,explore_10,5,C15,C16,OBSERVED,-0.006802721088435374
recall_at_1R_plus_1000,fixed_20,explore_10,5,C15,C18,OBSERVED,0.025991792065663474
recall_at_1R_plus_1000,fixed_20,explore_10,5,C15,GCRIM,OBSERVED,0.0088261253309797
recall_at_2R,random,seed_similarity,5,C15,C12,OBSERVED,-0.34033245844269466
recall_at_2R,random,seed_similarity,5,C15,C15,CENSORED,CENSORED
recall_at_2R,random,seed_similarity,5,C15,C16,OBSERVED,-0.034013605442176874
recall_at_2R,random,seed_similarity,5,C15,C18,OBSERVED,-0.20041039671682626
recall_at_2R,random,seed_similarity,5,C15,GCRIM,OBSERVED,-0.3165636952044719
recall_at_2R,random,frozen_svm,5,C15,C12,OBSERVED,-0.35870516185476814
recall_at_2R,random,frozen_svm,5,C15,C15,CENSORED,CENSORED
recall_at_2R,random,frozen_svm,5,C15,C16,OBSERVED,-0.034013605442176874
recall_at_2R,random,frozen_svm,5,C15,C18,OBSERVED,-0.23415412676698585
recall_at_2R,random,frozen_svm,5,C15,GCRIM,OBSERVED,-0.3683436304795528
recall_at_2R,random,uncertainty,5,C15,C12,OBSERVED,-0.6587926509186351
recall_at_2R,random,uncertainty,5,C15,C15,CENSORED,CENSORED
recall_at_2R,random,uncertainty,5,C15,C16,OBSERVED,-0.20408163265306123
recall_at_2R,random,uncertainty,5,C15,C18,OBSERVED,-0.616735066119471
recall_at_2R,random,uncertainty,5,C15,GCRIM,OBSERVED,-0.5542806707855251
recall_at_2R,random,auto_tar,5,C15,C12,OBSERVED,-0.8118985126859143
recall_at_2R,random,auto_tar,5,C15,C15,CENSORED,CENSORED
recall_at_2R,random,auto_tar,5,C15,C16,OBSERVED,-0.19727891156462585
recall_at_2R,random,auto_tar,5,C15,C18,OBSERVED,-0.8246694026447788
recall_at_2R,random,auto_tar,5,C15,GCRIM,OBSERVED,-0.8264195351573992
recall_at_2R,random,fixed_20,5,C15,C12,OBSERVED,-0.8293963254593176
recall_at_2R,random,fixed_20,5,C15,C15,CENSORED,CENSORED
recall_at_2R,random,fixed_20,5,C15,C16,OBSERVED,-0.1836734693877551
recall_at_2R,random,fixed_20,5,C15,C18,OBSERVED,-0.826265389876881
recall_at_2R,random,fixed_20,5,C15,GCRIM,OBSERVED,-0.8317152103559871
recall_at_2R,random,explore_10,5,C15,C12,OBSERVED,-0.7952755905511811
recall_at_2R,random,explore_10,5,C15,C15,CENSORED,CENSORED
recall_at_2R,random,explore_10,5,C15,C16,OBSERVED,-0.19727891156462585
recall_at_2R,random,explore_10,5,C15,C18,OBSERVED,-0.8198814409484724
recall_at_2R,random,explore_10,5,C15,GCRIM,OBSERVED,-0.8196528390703148
recall_at_2R,seed_similarity,frozen_svm,5,C15,C12,OBSERVED,-0.01837270341207349
recall_at_2R,seed_similarity,frozen_svm,5,C15,C15,CENSORED,CENSORED
recall_at_2R,seed_similarity,frozen_svm,5,C15,C16,OBSERVED,0.0
recall_at_2R,seed_similarity,frozen_svm,5,C15,C18,OBSERVED,-0.0337437300501596
recall_at_2R,seed_similarity,frozen_svm,5,C15,GCRIM,OBSERVED,-0.05177993527508091
recall_at_2R,seed_similarity,uncertainty,5,C15,C12,OBSERVED,-0.3184601924759405
recall_at_2R,seed_similarity,uncertainty,5,C15,C15,CENSORED,CENSORED
recall_at_2R,seed_similarity,uncertainty,5,C15,C16,OBSERVED,-0.17006802721088435
recall_at_2R,seed_similarity,uncertainty,5,C15,C18,OBSERVED,-0.4163246694026448
recall_at_2R,seed_similarity,uncertainty,5,C15,GCRIM,OBSERVED,-0.23771697558105326
recall_at_2R,seed_similarity,auto_tar,5,C15,C12,OBSERVED,-0.4715660542432196
recall_at_2R,seed_similarity,auto_tar,5,C15,C15,CENSORED,CENSORED
recall_at_2R,seed_similarity,auto_tar,5,C15,C16,OBSERVED,-0.16326530612244897
recall_at_2R,seed_similarity,auto_tar,5,C15,C18,OBSERVED,-0.6242590059279526
recall_at_2R,seed_similarity,auto_tar,5,C15,GCRIM,OBSERVED,-0.5098558399529274
recall_at_2R,seed_similarity,fixed_20,5,C15,C12,OBSERVED,-0.4890638670166229
recall_at_2R,seed_similarity,fixed_20,5,C15,C15,CENSORED,CENSORED
recall_at_2R,seed_similarity,fixed_20,5,C15,C16,OBSERVED,-0.14965986394557823
recall_at_2R,seed_similarity,fixed_20,5,C15,C18,OBSERVED,-0.6258549931600548
recall_at_2R,seed_similarity,fixed_20,5,C15,GCRIM,OBSERVED,-0.5151515151515151
recall_at_2R,seed_similarity,explore_10,5,C15,C12,OBSERVED,-0.4549431321084864
recall_at_2R,seed_similarity,explore_10,5,C15,C15,CENSORED,CENSORED
recall_at_2R,seed_similarity,explore_10,5,C15,C16,OBSERVED,-0.16326530612244897
recall_at_2R,seed_similarity,explore_10,5,C15,C18,OBSERVED,-0.6194710442316461
recall_at_2R,seed_similarity,explore_10,5,C15,GCRIM,OBSERVED,-0.5030891438658429
recall_at_2R,frozen_svm,uncertainty,5,C15,C12,OBSERVED,-0.300087489063867
recall_at_2R,frozen_svm,uncertainty,5,C15,C15,CENSORED,CENSORED
recall_at_2R,frozen_svm,uncertainty,5,C15,C16,OBSERVED,-0.17006802721088435
recall_at_2R,frozen_svm,uncertainty,5,C15,C18,OBSERVED,-0.38258093935248516
recall_at_2R,frozen_svm,uncertainty,5,C15,GCRIM,OBSERVED,-0.18593704030597236
recall_at_2R,frozen_svm,auto_tar,5,C15,C12,OBSERVED,-0.4531933508311461
recall_at_2R,frozen_svm,auto_tar,5,C15,C15,CENSORED,CENSORED
recall_at_2R,frozen_svm,auto_tar,5,C15,C16,OBSERVED,-0.16326530612244897
recall_at_2R,frozen_svm,auto_tar,5,C15,C18,OBSERVED,-0.590515275877793
recall_at_2R,frozen_svm,auto_tar,5,C15,GCRIM,OBSERVED,-0.4580759046778464
recall_at_2R,frozen_svm,fixed_20,5,C15,C12,OBSERVED,-0.47069116360454943
recall_at_2R,frozen_svm,fixed_20,5,C15,C15,CENSORED,CENSORED
recall_at_2R,frozen_svm,fixed_20,5,C15,C16,OBSERVED,-0.14965986394557823
recall_at_2R,frozen_svm,fixed_20,5,C15,C18,OBSERVED,-0.5921112631098951
recall_at_2R,frozen_svm,fixed_20,5,C15,GCRIM,OBSERVED,-0.46337157987643424
recall_at_2R,frozen_svm,explore_10,5,C15,C12,OBSERVED,-0.43657042869641294
recall_at_2R,frozen_svm,explore_10,5,C15,C15,CENSORED,CENSORED
recall_at_2R,frozen_svm,explore_10,5,C15,C16,OBSERVED,-0.16326530612244897
recall_at_2R,frozen_svm,explore_10,5,C15,C18,OBSERVED,-0.5857273141814866
recall_at_2R,frozen_svm,explore_10,5,C15,GCRIM,OBSERVED,-0.451309208590762
recall_at_2R,uncertainty,auto_tar,5,C15,C12,OBSERVED,-0.15310586176727908
recall_at_2R,uncertainty,auto_tar,5,C15,C15,CENSORED,CENSORED
recall_at_2R,uncertainty,auto_tar,5,C15,C16,OBSERVED,0.006802721088435374
recall_at_2R,uncertainty,auto_tar,5,C15,C18,OBSERVED,-0.2079343365253078
recall_at_2R,uncertainty,auto_tar,5,C15,GCRIM,OBSERVED,-0.27213886437187407
recall_at_2R,uncertainty,fixed_20,5,C15,C12,OBSERVED,-0.17060367454068243
recall_at_2R,uncertainty,fixed_20,5,C15,C15,CENSORED,CENSORED
recall_at_2R,uncertainty,fixed_20,5,C15,C16,OBSERVED,0.02040816326530612
recall_at_2R,uncertainty,fixed_20,5,C15,C18,OBSERVED,-0.20953032375740993
recall_at_2R,uncertainty,fixed_20,5,C15,GCRIM,OBSERVED,-0.2774345395704619
recall_at_2R,uncertainty,explore_10,5,C15,C12,OBSERVED,-0.13648293963254593
recall_at_2R,uncertainty,explore_10,5,C15,C15,CENSORED,CENSORED
recall_at_2R,uncertainty,explore_10,5,C15,C16,OBSERVED,0.006802721088435374
recall_at_2R,uncertainty,explore_10,5,C15,C18,OBSERVED,-0.20314637482900136
recall_at_2R,uncertainty,explore_10,5,C15,GCRIM,OBSERVED,-0.26537216828478966
recall_at_2R,auto_tar,fixed_20,5,C15,C12,OBSERVED,-0.017497812773403325
recall_at_2R,auto_tar,fixed_20,5,C15,C15,CENSORED,CENSORED
recall_at_2R,auto_tar,fixed_20,5,C15,C16,OBSERVED,0.013605442176870748
recall_at_2R,auto_tar,fixed_20,5,C15,C18,OBSERVED,-0.0015959872321021432
recall_at_2R,auto_tar,fixed_20,5,C15,GCRIM,OBSERVED,-0.00529567519858782
recall_at_2R,auto_tar,explore_10,5,C15,C12,OBSERVED,0.016622922134733157
recall_at_2R,auto_tar,explore_10,5,C15,C15,CENSORED,CENSORED
recall_at_2R,auto_tar,explore_10,5,C15,C16,OBSERVED,0.0
recall_at_2R,auto_tar,explore_10,5,C15,C18,OBSERVED,0.0047879616963064295
recall_at_2R,auto_tar,explore_10,5,C15,GCRIM,OBSERVED,0.006766696087084437
recall_at_2R,fixed_20,explore_10,5,C15,C12,OBSERVED,0.03412073490813648
recall_at_2R,fixed_20,explore_10,5,C15,C15,CENSORED,CENSORED
recall_at_2R,fixed_20,explore_10,5,C15,C16,OBSERVED,-0.013605442176870748
recall_at_2R,fixed_20,explore_10,5,C15,C18,OBSERVED,0.006383948928408573
recall_at_2R,fixed_20,explore_10,5,C15,GCRIM,OBSERVED,0.012062371285672257
recall_at_2R_plus_0,random,seed_similarity,5,C15,C12,OBSERVED,-0.34033245844269466
recall_at_2R_plus_0,random,seed_similarity,5,C15,C15,CENSORED,CENSORED
recall_at_2R_plus_0,random,seed_similarity,5,C15,C16,OBSERVED,-0.034013605442176874
recall_at_2R_plus_0,random,seed_similarity,5,C15,C18,OBSERVED,-0.20041039671682626
recall_at_2R_plus_0,random,seed_similarity,5,C15,GCRIM,OBSERVED,-0.3165636952044719
recall_at_2R_plus_0,random,frozen_svm,5,C15,C12,OBSERVED,-0.35870516185476814
recall_at_2R_plus_0,random,frozen_svm,5,C15,C15,CENSORED,CENSORED
recall_at_2R_plus_0,random,frozen_svm,5,C15,C16,OBSERVED,-0.034013605442176874
recall_at_2R_plus_0,random,frozen_svm,5,C15,C18,OBSERVED,-0.23415412676698585
recall_at_2R_plus_0,random,frozen_svm,5,C15,GCRIM,OBSERVED,-0.3683436304795528
recall_at_2R_plus_0,random,uncertainty,5,C15,C12,OBSERVED,-0.6587926509186351
recall_at_2R_plus_0,random,uncertainty,5,C15,C15,CENSORED,CENSORED
recall_at_2R_plus_0,random,uncertainty,5,C15,C16,OBSERVED,-0.20408163265306123
recall_at_2R_plus_0,random,uncertainty,5,C15,C18,OBSERVED,-0.616735066119471
recall_at_2R_plus_0,random,uncertainty,5,C15,GCRIM,OBSERVED,-0.5542806707855251
recall_at_2R_plus_0,random,auto_tar,5,C15,C12,OBSERVED,-0.8118985126859143
recall_at_2R_plus_0,random,auto_tar,5,C15,C15,CENSORED,CENSORED
recall_at_2R_plus_0,random,auto_tar,5,C15,C16,OBSERVED,-0.19727891156462585
recall_at_2R_plus_0,random,auto_tar,5,C15,C18,OBSERVED,-0.8246694026447788
recall_at_2R_plus_0,random,auto_tar,5,C15,GCRIM,OBSERVED,-0.8264195351573992
recall_at_2R_plus_0,random,fixed_20,5,C15,C12,OBSERVED,-0.8293963254593176
recall_at_2R_plus_0,random,fixed_20,5,C15,C15,CENSORED,CENSORED
recall_at_2R_plus_0,random,fixed_20,5,C15,C16,OBSERVED,-0.1836734693877551
recall_at_2R_plus_0,random,fixed_20,5,C15,C18,OBSERVED,-0.826265389876881
recall_at_2R_plus_0,random,fixed_20,5,C15,GCRIM,OBSERVED,-0.8317152103559871
recall_at_2R_plus_0,random,explore_10,5,C15,C12,OBSERVED,-0.7952755905511811
recall_at_2R_plus_0,random,explore_10,5,C15,C15,CENSORED,CENSORED
recall_at_2R_plus_0,random,explore_10,5,C15,C16,OBSERVED,-0.19727891156462585
recall_at_2R_plus_0,random,explore_10,5,C15,C18,OBSERVED,-0.8198814409484724
recall_at_2R_plus_0,random,explore_10,5,C15,GCRIM,OBSERVED,-0.8196528390703148
recall_at_2R_plus_0,seed_similarity,frozen_svm,5,C15,C12,OBSERVED,-0.01837270341207349
recall_at_2R_plus_0,seed_similarity,frozen_svm,5,C15,C15,CENSORED,CENSORED
recall_at_2R_plus_0,seed_similarity,frozen_svm,5,C15,C16,OBSERVED,0.0
recall_at_2R_plus_0,seed_similarity,frozen_svm,5,C15,C18,OBSERVED,-0.0337437300501596
recall_at_2R_plus_0,seed_similarity,frozen_svm,5,C15,GCRIM,OBSERVED,-0.05177993527508091
recall_at_2R_plus_0,seed_similarity,uncertainty,5,C15,C12,OBSERVED,-0.3184601924759405
recall_at_2R_plus_0,seed_similarity,uncertainty,5,C15,C15,CENSORED,CENSORED
recall_at_2R_plus_0,seed_similarity,uncertainty,5,C15,C16,OBSERVED,-0.17006802721088435
recall_at_2R_plus_0,seed_similarity,uncertainty,5,C15,C18,OBSERVED,-0.4163246694026448
recall_at_2R_plus_0,seed_similarity,uncertainty,5,C15,GCRIM,OBSERVED,-0.23771697558105326
recall_at_2R_plus_0,seed_similarity,auto_tar,5,C15,C12,OBSERVED,-0.4715660542432196
recall_at_2R_plus_0,seed_similarity,auto_tar,5,C15,C15,CENSORED,CENSORED
recall_at_2R_plus_0,seed_similarity,auto_tar,5,C15,C16,OBSERVED,-0.16326530612244897
recall_at_2R_plus_0,seed_similarity,auto_tar,5,C15,C18,OBSERVED,-0.6242590059279526
recall_at_2R_plus_0,seed_similarity,auto_tar,5,C15,GCRIM,OBSERVED,-0.5098558399529274
recall_at_2R_plus_0,seed_similarity,fixed_20,5,C15,C12,OBSERVED,-0.4890638670166229
recall_at_2R_plus_0,seed_similarity,fixed_20,5,C15,C15,CENSORED,CENSORED
recall_at_2R_plus_0,seed_similarity,fixed_20,5,C15,C16,OBSERVED,-0.14965986394557823
recall_at_2R_plus_0,seed_similarity,fixed_20,5,C15,C18,OBSERVED,-0.6258549931600548
recall_at_2R_plus_0,seed_similarity,fixed_20,5,C15,GCRIM,OBSERVED,-0.5151515151515151
recall_at_2R_plus_0,seed_similarity,explore_10,5,C15,C12,OBSERVED,-0.4549431321084864
recall_at_2R_plus_0,seed_similarity,explore_10,5,C15,C15,CENSORED,CENSORED
recall_at_2R_plus_0,seed_similarity,explore_10,5,C15,C16,OBSERVED,-0.16326530612244897
recall_at_2R_plus_0,seed_similarity,explore_10,5,C15,C18,OBSERVED,-0.6194710442316461
recall_at_2R_plus_0,seed_similarity,explore_10,5,C15,GCRIM,OBSERVED,-0.5030891438658429
recall_at_2R_plus_0,frozen_svm,uncertainty,5,C15,C12,OBSERVED,-0.300087489063867
recall_at_2R_plus_0,frozen_svm,uncertainty,5,C15,C15,CENSORED,CENSORED
recall_at_2R_plus_0,frozen_svm,uncertainty,5,C15,C16,OBSERVED,-0.17006802721088435
recall_at_2R_plus_0,frozen_svm,uncertainty,5,C15,C18,OBSERVED,-0.38258093935248516
recall_at_2R_plus_0,frozen_svm,uncertainty,5,C15,GCRIM,OBSERVED,-0.18593704030597236
recall_at_2R_plus_0,frozen_svm,auto_tar,5,C15,C12,OBSERVED,-0.4531933508311461
recall_at_2R_plus_0,frozen_svm,auto_tar,5,C15,C15,CENSORED,CENSORED
recall_at_2R_plus_0,frozen_svm,auto_tar,5,C15,C16,OBSERVED,-0.16326530612244897
recall_at_2R_plus_0,frozen_svm,auto_tar,5,C15,C18,OBSERVED,-0.590515275877793
recall_at_2R_plus_0,frozen_svm,auto_tar,5,C15,GCRIM,OBSERVED,-0.4580759046778464
recall_at_2R_plus_0,frozen_svm,fixed_20,5,C15,C12,OBSERVED,-0.47069116360454943
recall_at_2R_plus_0,frozen_svm,fixed_20,5,C15,C15,CENSORED,CENSORED
recall_at_2R_plus_0,frozen_svm,fixed_20,5,C15,C16,OBSERVED,-0.14965986394557823
recall_at_2R_plus_0,frozen_svm,fixed_20,5,C15,C18,OBSERVED,-0.5921112631098951
recall_at_2R_plus_0,frozen_svm,fixed_20,5,C15,GCRIM,OBSERVED,-0.46337157987643424
recall_at_2R_plus_0,frozen_svm,explore_10,5,C15,C12,OBSERVED,-0.43657042869641294
recall_at_2R_plus_0,frozen_svm,explore_10,5,C15,C15,CENSORED,CENSORED
recall_at_2R_plus_0,frozen_svm,explore_10,5,C15,C16,OBSERVED,-0.16326530612244897
recall_at_2R_plus_0,frozen_svm,explore_10,5,C15,C18,OBSERVED,-0.5857273141814866
recall_at_2R_plus_0,frozen_svm,explore_10,5,C15,GCRIM,OBSERVED,-0.451309208590762
recall_at_2R_plus_0,uncertainty,auto_tar,5,C15,C12,OBSERVED,-0.15310586176727908
recall_at_2R_plus_0,uncertainty,auto_tar,5,C15,C15,CENSORED,CENSORED
recall_at_2R_plus_0,uncertainty,auto_tar,5,C15,C16,OBSERVED,0.006802721088435374
recall_at_2R_plus_0,uncertainty,auto_tar,5,C15,C18,OBSERVED,-0.2079343365253078
recall_at_2R_plus_0,uncertainty,auto_tar,5,C15,GCRIM,OBSERVED,-0.27213886437187407
recall_at_2R_plus_0,uncertainty,fixed_20,5,C15,C12,OBSERVED,-0.17060367454068243
recall_at_2R_plus_0,uncertainty,fixed_20,5,C15,C15,CENSORED,CENSORED
recall_at_2R_plus_0,uncertainty,fixed_20,5,C15,C16,OBSERVED,0.02040816326530612
recall_at_2R_plus_0,uncertainty,fixed_20,5,C15,C18,OBSERVED,-0.20953032375740993
recall_at_2R_plus_0,uncertainty,fixed_20,5,C15,GCRIM,OBSERVED,-0.2774345395704619
recall_at_2R_plus_0,uncertainty,explore_10,5,C15,C12,OBSERVED,-0.13648293963254593
recall_at_2R_plus_0,uncertainty,explore_10,5,C15,C15,CENSORED,CENSORED
recall_at_2R_plus_0,uncertainty,explore_10,5,C15,C16,OBSERVED,0.006802721088435374
recall_at_2R_plus_0,uncertainty,explore_10,5,C15,C18,OBSERVED,-0.20314637482900136
recall_at_2R_plus_0,uncertainty,explore_10,5,C15,GCRIM,OBSERVED,-0.26537216828478966
recall_at_2R_plus_0,auto_tar,fixed_20,5,C15,C12,OBSERVED,-0.017497812773403325
recall_at_2R_plus_0,auto_tar,fixed_20,5,C15,C15,CENSORED,CENSORED
recall_at_2R_plus_0,auto_tar,fixed_20,5,C15,C16,OBSERVED,0.013605442176870748
recall_at_2R_plus_0,auto_tar,fixed_20,5,C15,C18,OBSERVED,-0.0015959872321021432
recall_at_2R_plus_0,auto_tar,fixed_20,5,C15,GCRIM,OBSERVED,-0.00529567519858782
recall_at_2R_plus_0,auto_tar,explore_10,5,C15,C12,OBSERVED,0.016622922134733157
recall_at_2R_plus_0,auto_tar,explore_10,5,C15,C15,CENSORED,CENSORED
recall_at_2R_plus_0,auto_tar,explore_10,5,C15,C16,OBSERVED,0.0
recall_at_2R_plus_0,auto_tar,explore_10,5,C15,C18,OBSERVED,0.0047879616963064295
recall_at_2R_plus_0,auto_tar,explore_10,5,C15,GCRIM,OBSERVED,0.006766696087084437
recall_at_2R_plus_0,fixed_20,explore_10,5,C15,C12,OBSERVED,0.03412073490813648
recall_at_2R_plus_0,fixed_20,explore_10,5,C15,C15,CENSORED,CENSORED
recall_at_2R_plus_0,fixed_20,explore_10,5,C15,C16,OBSERVED,-0.013605442176870748
recall_at_2R_plus_0,fixed_20,explore_10,5,C15,C18,OBSERVED,0.006383948928408573
recall_at_2R_plus_0,fixed_20,explore_10,5,C15,GCRIM,OBSERVED,0.012062371285672257
recall_at_2R_plus_100,random,seed_similarity,5,C15,C12,OBSERVED,-0.3543307086614173
recall_at_2R_plus_100,random,seed_similarity,5,C15,C15,CENSORED,CENSORED
recall_at_2R_plus_100,random,seed_similarity,5,C15,C16,OBSERVED,-0.07482993197278912
recall_at_2R_plus_100,random,seed_similarity,5,C15,C18,OBSERVED,-0.2026903784769722
recall_at_2R_plus_100,random,seed_similarity,5,C15,GCRIM,OBSERVED,-0.31832892027066784
recall_at_2R_plus_100,random,frozen_svm,5,C15,C12,OBSERVED,-0.3779527559055118
recall_at_2R_plus_100,random,frozen_svm,5,C15,C15,CENSORED,CENSORED
recall_at_2R_plus_100,random,frozen_svm,5,C15,C16,OBSERVED,-0.08843537414965986
recall_at_2R_plus_100,random,frozen_svm,5,C15,C18,OBSERVED,-0.23689010487916096
recall_at_2R_plus_100,random,frozen_svm,5,C15,GCRIM,OBSERVED,-0.3748161223889379
recall_at_2R_plus_100,random,uncertainty,5,C15,C12,OBSERVED,-0.6771653543307087
recall_at_2R_plus_100,random,uncertainty,5,C15,C15,CENSORED,CENSORED
recall_at_2R_plus_100,random,uncertainty,5,C15,C16,OBSERVED,-0.43537414965986393
recall_at_2R_plus_100,random,uncertainty,5,C15,C18,OBSERVED,-0.6181030551755586
recall_at_2R_plus_100,random,uncertainty,5,C15,GCRIM,OBSERVED,-0.5581053250956164
recall_at_2R_plus_100,random,auto_tar,5,C15,C12,OBSERVED,-0.8293963254593176
recall_at_2R_plus_100,random,auto_tar,5,C15,C15,CENSORED,CENSORED
recall_at_2R_plus_100,random,auto_tar,5,C15,C16,OBSERVED,-0.42857142857142855
recall_at_2R_plus_100,random,auto_tar,5,C15,C18,OBSERVED,-0.82124943000456
recall_at_2R_plus_100,random,auto_tar,5,C15,GCRIM,OBSERVED,-0.8267137393350985
recall_at_2R_plus_100,random,fixed_20,5,C15,C12,OBSERVED,-0.8398950131233596
recall_at_2R_plus_100,random,fixed_20,5,C15,C15,CENSORED,CENSORED
recall_at_2R_plus_100,random,fixed_20,5,C15,C16,OBSERVED,-0.40816326530612246
recall_at_2R_plus_100,random,fixed_20,5,C15,C18,OBSERVED,-0.8235294117647058
recall_at_2R_plus_100,random,fixed_20,5,C15,GCRIM,OBSERVED,-0.8287731685789939
recall_at_2R_plus_100,random,explore_10,5,C15,C12,OBSERVED,-0.8188976377952756
recall_at_2R_plus_100,random,explore_10,5,C15,C15,CENSORED,CENSORED
recall_at_2R_plus_100,random,explore_10,5,C15,C16,OBSERVED,-0.32653061224489793
recall_at_2R_plus_100,random,explore_10,5,C15,C18,OBSERVED,-0.8169174646602827
recall_at_2R_plus_100,random,explore_10,5,C15,GCRIM,OBSERVED,-0.8217122683142101
recall_at_2R_plus_100,seed_similarity,frozen_svm,5,C15,C12,OBSERVED,-0.023622047244094488
recall_at_2R_plus_100,seed_similarity,frozen_svm,5,C15,C15,CENSORED,CENSORED
recall_at_2R_plus_100,seed_similarity,frozen_svm,5,C15,C16,OBSERVED,-0.013605442176870748
recall_at_2R_plus_100,seed_similarity,frozen_svm,5,C15,C18,OBSERVED,-0.03419972640218878
recall_at_2R_plus_100,seed_similarity,frozen_svm,5,C15,GCRIM,OBSERVED,-0.05648720211827008
recall_at_2R_plus_100,seed_similarity,uncertainty,5,C15,C12,OBSERVED,-0.3228346456692913
recall_at_2R_plus_100,seed_similarity,uncertainty,5,C15,C15,CENSORED,CENSORED
recall_at_2R_plus_100,seed_similarity,uncertainty,5,C15,C16,OBSERVED,-0.36054421768707484
recall_at_2R_plus_100,seed_similarity,uncertainty,5,C15,C18,OBSERVED,-0.4154126766985864
recall_at_2R_plus_100,seed_similarity,uncertainty,5,C15,GCRIM,OBSERVED,-0.23977640482494852
recall_at_2R_plus_100,seed_similarity,auto_tar,5,C15,C12,OBSERVED,-0.47506561679790027
recall_at_2R_plus_100,seed_similarity,auto_tar,5,C15,C15,CENSORED,CENSORED
recall_at_2R_plus_100,seed_similarity,auto_tar,5,C15,C16,OBSERVED,-0.35374149659863946
recall_at_2R_plus_100,seed_similarity,auto_tar,5,C15,C18,OBSERVED,-0.6185590515275878
recall_at_2R_plus_100,seed_similarity,auto_tar,5,C15,GCRIM,OBSERVED,-0.5083848190644307
recall_at_2R_plus_100,seed_similarity,fixed_20,5,C15,C12,OBSERVED,-0.48556430446194226
recall_at_2R_plus_100,seed_similarity,fixed_20,5,C15,C15,CENSORED,CENSORED
recall_at_2R_plus_100,seed_similarity,fixed_20,5,C15,C16,OBSERVED,-0.3333333333333333
recall_at_2R_plus_100,seed_similarity,fixed_20,5,C15,C18,OBSERVED,-0.6208390332877337
recall_at_2R_plus_100,seed_similarity,fixed_20,5,C15,GCRIM,OBSERVED,-0.510444248308326
recall_at_2R_plus_100,seed_similarity,explore_10,5,C15,C12,OBSERVED,-0.4645669291338583
recall_at_2R_plus_100,seed_similarity,explore_10,5,C15,C15,CENSORED,CENSORED
recall_at_2R_plus_100,seed_similarity,explore_10,5,C15,C16,OBSERVED,-0.25170068027210885
recall_at_2R_plus_100,seed_similarity,explore_10,5,C15,C18,OBSERVED,-0.6142270861833106
recall_at_2R_plus_100,seed_similarity,explore_10,5,C15,GCRIM,OBSERVED,-0.5033833480435422
recall_at_2R_plus_100,frozen_svm,uncertainty,5,C15,C12,OBSERVED,-0.2992125984251969
recall_at_2R_plus_100,frozen_svm,uncertainty,5,C15,C15,CENSORED,CENSORED
recall_at_2R_plus_100,frozen_svm,uncertainty,5,C15,C16,OBSERVED,-0.3469387755102041
recall_at_2R_plus_100,frozen_svm,uncertainty,5,C15,C18,OBSERVED,-0.3812129502963976
recall_at_2R_plus_100,frozen_svm,uncertainty,5,C15,GCRIM,OBSERVED,-0.18328920270667842
recall_at_2R_plus_100,frozen_svm,auto_tar,5,C15,C12,OBSERVED,-0.45144356955380577
recall_at_2R_plus_100,frozen_svm,auto_tar,5,C15,C15,CENSORED,CENSORED
recall_at_2R_plus_100,frozen_svm,auto_tar,5,C15,C16,OBSERVED,-0.3401360544217687
recall_at_2R_plus_100,frozen_svm,auto_tar,5,C15,C18,OBSERVED,-0.584359325125399
recall_at_2R_plus_100,frozen_svm,auto_tar,5,C15,GCRIM,OBSERVED,-0.45189761694616065
recall_at_2R_plus_100,frozen_svm,fixed_20,5,C15,C12,OBSERVED,-0.46194225721784776
recall_at_2R_plus_100,frozen_svm,fixed_20,5,C15,C15,CENSORED,CENSORED
recall_at_2R_plus_100,frozen_svm,fixed_20,5,C15,C16,OBSERVED,-0.3197278911564626
recall_at_2R_plus_100,frozen_svm,fixed_20,5,C15,C18,OBSERVED,-0.5866393068855449
recall_at_2R_plus_100,frozen_svm,fixed_20,5,C15,GCRIM,OBSERVED,-0.4539570461900559
recall_at_2R_plus_100,frozen_svm,explore_10,5,C15,C12,OBSERVED,-0.4409448818897638
recall_at_2R_plus_100,frozen_svm,explore_10,5,C15,C15,CENSORED,CENSORED
recall_at_2R_plus_100,frozen_svm,explore_10,5,C15,C16,OBSERVED,-0.23809523809523808
recall_at_2R_plus_100,frozen_svm,explore_10,5,C15,C18,OBSERVED,-0.5800273597811217
recall_at_2R_plus_100,frozen_svm,explore_10,5,C15,GCRIM,OBSERVED,-0.44689614592527216
recall_at_2R_plus_100,uncertainty,auto_tar,5,C15,C12,OBSERVED,-0.15223097112860892
recall_at_2R_plus_100,uncertainty,auto_tar,5,C15,C15,CENSORED,CENSORED
recall_at_2R_plus_100,uncertainty,auto_tar,5,C15,C16,OBSERVED,0.006802721088435374
recall_at_2R_plus_100,uncertainty,auto_tar,5,C15,C18,OBSERVED,-0.20314637482900136
recall_at_2R_plus_100,uncertainty,auto_tar,5,C15,GCRIM,OBSERVED,-0.2686084142394822
recall_at_2R_plus_100,uncertainty,fixed_20,5,C15,C12,OBSERVED,-0.16272965879265092
recall_at_2R_plus_100,uncertainty,fixed_20,5,C15,C15,CENSORED,CENSORED
recall_at_2R_plus_100,uncertainty,fixed_20,5,C15,C16,OBSERVED,0.027210884353741496
recall_at_2R_plus_100,uncertainty,fixed_20,5,C15,C18,OBSERVED,-0.2054263565891473
recall_at_2R_plus_100,uncertainty,fixed_20,5,C15,GCRIM,OBSERVED,-0.27066784348337747
recall_at_2R_plus_100,uncertainty,explore_10,5,C15,C12,OBSERVED,-0.14173228346456693
recall_at_2R_plus_100,uncertainty,explore_10,5,C15,C15,CENSORED,CENSORED
recall_at_2R_plus_100,uncertainty,explore_10,5,C15,C16,OBSERVED,0.10884353741496598
recall_at_2R_plus_100,uncertainty,explore_10,5,C15,C18,OBSERVED,-0.19881440948472412
recall_at_2R_plus_100,uncertainty,explore_10,5,C15,GCRIM,OBSERVED,-0.2636069432185937
recall_at_2R_plus_100,auto_tar,fixed_20,5,C15,C12,OBSERVED,-0.010498687664041995
recall_at_2R_plus_100,auto_tar,fixed_20,5,C15,C15,CENSORED,CENSORED
recall_at_2R_plus_100,auto_tar,fixed_20,5,C15,C16,OBSERVED,0.02040816326530612
recall_at_2R_plus_100,auto_tar,fixed_20,5,C15,C18,OBSERVED,-0.002279981760145919
recall_at_2R_plus_100,auto_tar,fixed_20,5,C15,GCRIM,OBSERVED,-0.002059429243895263
recall_at_2R_plus_100,auto_tar,explore_10,5,C15,C12,OBSERVED,0.010498687664041995
recall_at_2R_plus_100,auto_tar,explore_10,5,C15,C15,CENSORED,CENSORED
recall_at_2R_plus_100,auto_tar,explore_10,5,C15,C16,OBSERVED,0.10204081632653061
recall_at_2R_plus_100,auto_tar,explore_10,5,C15,C18,OBSERVED,0.004331965344277246
recall_at_2R_plus_100,auto_tar,explore_10,5,C15,GCRIM,OBSERVED,0.005001471020888497
recall_at_2R_plus_100,fixed_20,explore_10,5,C15,C12,OBSERVED,0.02099737532808399
recall_at_2R_plus_100,fixed_20,explore_10,5,C15,C15,CENSORED,CENSORED
recall_at_2R_plus_100,fixed_20,explore_10,5,C15,C16,OBSERVED,0.08163265306122448
recall_at_2R_plus_100,fixed_20,explore_10,5,C15,C18,OBSERVED,0.0066119471044231645
recall_at_2R_plus_100,fixed_20,explore_10,5,C15,GCRIM,OBSERVED,0.00706090026478376
recall_at_2R_plus_1000,random,seed_similarity,5,C15,C12,OBSERVED,-0.4549431321084864
recall_at_2R_plus_1000,random,seed_similarity,5,C15,C15,CENSORED,CENSORED
recall_at_2R_plus_1000,random,seed_similarity,5,C15,C16,OBSERVED,-0.2857142857142857
recall_at_2R_plus_1000,random,seed_similarity,5,C15,C18,OBSERVED,-0.2270861833105335
recall_at_2R_plus_1000,random,seed_similarity,5,C15,GCRIM,OBSERVED,-0.35657546337157986
recall_at_2R_plus_1000,random,frozen_svm,5,C15,C12,OBSERVED,-0.4776902887139108
recall_at_2R_plus_1000,random,frozen_svm,5,C15,C15,CENSORED,CENSORED
recall_at_2R_plus_1000,random,frozen_svm,5,C15,C16,OBSERVED,-0.2653061224489796
recall_at_2R_plus_1000,random,frozen_svm,5,C15,C18,OBSERVED,-0.25353397172822617
recall_at_2R_plus_1000,random,frozen_svm,5,C15,GCRIM,OBSERVED,-0.4195351573992351
recall_at_2R_plus_1000,random,uncertainty,5,C15,C12,OBSERVED,-0.7191601049868767
recall_at_2R_plus_1000,random,uncertainty,5,C15,C15,CENSORED,CENSORED
recall_at_2R_plus_1000,random,uncertainty,5,C15,C16,OBSERVED,-0.8435374149659864
recall_at_2R_plus_1000,random,uncertainty,5,C15,C18,OBSERVED,-0.617875056999544
recall_at_2R_plus_1000,random,uncertainty,5,C15,GCRIM,OBSERVED,-0.5622241835834069
recall_at_2R_plus_1000,random,auto_tar,5,C15,C12,OBSERVED,-0.8468941382327209
recall_at_2R_plus_1000,random,auto_tar,5,C15,C15,CENSORED,CENSORED
recall_at_2R_plus_1000,random,auto_tar,5,C15,C16,OBSERVED,-0.8435374149659864
recall_at_2R_plus_1000,random,auto_tar,5,C15,C18,OBSERVED,-0.8043775649794802
recall_at_2R_plus_1000,random,auto_tar,5,C15,GCRIM,OBSERVED,-0.8102383053839365
recall_at_2R_plus_1000,random,fixed_20,5,C15,C12,OBSERVED,-0.8468941382327209
recall_at_2R_plus_1000,random,fixed_20,5,C15,C15,CENSORED,CENSORED
recall_at_2R_plus_1000,random,fixed_20,5,C15,C16,OBSERVED,-0.8367346938775511
recall_at_2R_plus_1000,random,fixed_20,5,C15,C18,OBSERVED,-0.8041495668034656
recall_at_2R_plus_1000,random,fixed_20,5,C15,GCRIM,OBSERVED,-0.812591938805531
recall_at_2R_plus_1000,random,explore_10,5,C15,C12,OBSERVED,-0.847769028871391
recall_at_2R_plus_1000,random,explore_10,5,C15,C15,CENSORED,CENSORED
recall_at_2R_plus_1000,random,explore_10,5,C15,C16,OBSERVED,-0.8435374149659864
recall_at_2R_plus_1000,random,explore_10,5,C15,C18,OBSERVED,-0.8009575923392613
recall_at_2R_plus_1000,random,explore_10,5,C15,GCRIM,OBSERVED,-0.8058252427184466
recall_at_2R_plus_1000,seed_similarity,frozen_svm,5,C15,C12,OBSERVED,-0.022747156605424323
recall_at_2R_plus_1000,seed_similarity,frozen_svm,5,C15,C15,CENSORED,CENSORED
recall_at_2R_plus_1000,seed_similarity,frozen_svm,5,C15,C16,OBSERVED,0.02040816326530612
recall_at_2R_plus_1000,seed_similarity,frozen_svm,5,C15,C18,OBSERVED,-0.026447788417692658
recall_at_2R_plus_1000,seed_similarity,frozen_svm,5,C15,GCRIM,OBSERVED,-0.0629596940276552
recall_at_2R_plus_1000,seed_similarity,uncertainty,5,C15,C12,OBSERVED,-0.2642169728783902
recall_at_2R_plus_1000,seed_similarity,uncertainty,5,C15,C15,CENSORED,CENSORED
recall_at_2R_plus_1000,seed_similarity,uncertainty,5,C15,C16,OBSERVED,-0.5578231292517006
recall_at_2R_plus_1000,seed_similarity,uncertainty,5,C15,C18,OBSERVED,-0.3907888736890105
recall_at_2R_plus_1000,seed_similarity,uncertainty,5,C15,GCRIM,OBSERVED,-0.205648720211827
recall_at_2R_plus_1000,seed_similarity,auto_tar,5,C15,C12,OBSERVED,-0.39195100612423445
recall_at_2R_plus_1000,seed_similarity,auto_tar,5,C15,C15,CENSORED,CENSORED
recall_at_2R_plus_1000,seed_similarity,auto_tar,5,C15,C16,OBSERVED,-0.5578231292517006
recall_at_2R_plus_1000,seed_similarity,auto_tar,5,C15,C18,OBSERVED,-0.5772913816689467
recall_at_2R_plus_1000,seed_similarity,auto_tar,5,C15,GCRIM,OBSERVED,-0.45366284201235657
recall_at_2R_plus_1000,seed_similarity,fixed_20,5,C15,C12,OBSERVED,-0.39195100612423445
recall_at_2R_plus_1000,seed_similarity,fixed_20,5,C15,C15,CENSORED,CENSORED
recall_at_2R_plus_1000,seed_similarity,fixed_20,5,C15,C16,OBSERVED,-0.5510204081632653
recall_at_2R_plus_1000,seed_similarity,fixed_20,5,C15,C18,OBSERVED,-0.5770633834929321
recall_at_2R_plus_1000,seed_similarity,fixed_20,5,C15,GCRIM,OBSERVED,-0.4560164754339512
recall_at_2R_plus_1000,seed_similarity,explore_10,5,C15,C12,OBSERVED,-0.39282589676290464
recall_at_2R_plus_1000,seed_similarity,explore_10,5,C15,C15,CENSORED,CENSORED
recall_at_2R_plus_1000,seed_similarity,explore_10,5,C15,C16,OBSERVED,-0.5578231292517006
recall_at_2R_plus_1000,seed_similarity,explore_10,5,C15,C18,OBSERVED,-0.5738714090287278
recall_at_2R_plus_1000,seed_similarity,explore_10,5,C15,GCRIM,OBSERVED,-0.4492497793468667
recall_at_2R_plus_1000,frozen_svm,uncertainty,5,C15,C12,OBSERVED,-0.24146981627296588
recall_at_2R_plus_1000,frozen_svm,uncertainty,5,C15,C15,CENSORED,CENSORED
recall_at_2R_plus_1000,frozen_svm,uncertainty,5,C15,C16,OBSERVED,-0.5782312925170068
recall_at_2R_plus_1000,frozen_svm,uncertainty,5,C15,C18,OBSERVED,-0.3643410852713178
recall_at_2R_plus_1000,frozen_svm,uncertainty,5,C15,GCRIM,OBSERVED,-0.1426890261841718
recall_at_2R_plus_1000,frozen_svm,auto_tar,5,C15,C12,OBSERVED,-0.36920384951881013
recall_at_2R_plus_1000,frozen_svm,auto_tar,5,C15,C15,CENSORED,CENSORED
recall_at_2R_plus_1000,frozen_svm,auto_tar,5,C15,C16,OBSERVED,-0.5782312925170068
recall_at_2R_plus_1000,frozen_svm,auto_tar,5,C15,C18,OBSERVED,-0.550843593251254
recall_at_2R_plus_1000,frozen_svm,auto_tar,5,C15,GCRIM,OBSERVED,-0.3907031479847014
recall_at_2R_plus_1000,frozen_svm,fixed_20,5,C15,C12,OBSERVED,-0.36920384951881013
recall_at_2R_plus_1000,frozen_svm,fixed_20,5,C15,C15,CENSORED,CENSORED
recall_at_2R_plus_1000,frozen_svm,fixed_20,5,C15,C16,OBSERVED,-0.5714285714285714
recall_at_2R_plus_1000,frozen_svm,fixed_20,5,C15,C18,OBSERVED,-0.5506155950752394
recall_at_2R_plus_1000,frozen_svm,fixed_20,5,C15,GCRIM,OBSERVED,-0.39305678140629596
recall_at_2R_plus_1000,frozen_svm,explore_10,5,C15,C12,OBSERVED,-0.3700787401574803
recall_at_2R_plus_1000,frozen_svm,explore_10,5,C15,C15,CENSORED,CENSORED
recall_at_2R_plus_1000,frozen_svm,explore_10,5,C15,C16,OBSERVED,-0.5782312925170068
recall_at_2R_plus_1000,frozen_svm,explore_10,5,C15,C18,OBSERVED,-0.5474236206110351
recall_at_2R_plus_1000,frozen_svm,explore_10,5,C15,GCRIM,OBSERVED,-0.38629008531921155
recall_at_2R_plus_1000,uncertainty,auto_tar,5,C15,C12,OBSERVED,-0.12773403324584426
recall_at_2R_plus_1000,uncertainty,auto_tar,5,C15,C15,CENSORED,CENSORED
recall_at_2R_plus_1000,uncertainty,auto_tar,5,C15,C16,OBSERVED,0.0
recall_at_2R_plus_1000,uncertainty,auto_tar,5,C15,C18,OBSERVED,-0.18650250797993617
recall_at_2R_plus_1000,uncertainty,auto_tar,5,C15,GCRIM,OBSERVED,-0.24801412180052956
recall_at_2R_plus_1000,uncertainty,fixed_20,5,C15,C12,OBSERVED,-0.12773403324584426
recall_at_2R_plus_1000,uncertainty,fixed_20,5,C15,C15,CENSORED,CENSORED
recall_at_2R_plus_1000,uncertainty,fixed_20,5,C15,C16,OBSERVED,0.006802721088435374
recall_at_2R_plus_1000,uncertainty,fixed_20,5,C15,C18,OBSERVED,-0.18627450980392157
recall_at_2R_plus_1000,uncertainty,fixed_20,5,C15,GCRIM,OBSERVED,-0.2503677552221242
recall_at_2R_plus_1000,uncertainty,explore_10,5,C15,C12,OBSERVED,-0.12860892388451445
recall_at_2R_plus_1000,uncertainty,explore_10,5,C15,C15,CENSORED,CENSORED
recall_at_2R_plus_1000,uncertainty,explore_10,5,C15,C16,OBSERVED,0.0
recall_at_2R_plus_1000,uncertainty,explore_10,5,C15,C18,OBSERVED,-0.18308253533971727
recall_at_2R_plus_1000,uncertainty,explore_10,5,C15,GCRIM,OBSERVED,-0.2436010591350397
recall_at_2R_plus_1000,auto_tar,fixed_20,5,C15,C12,OBSERVED,0.0
recall_at_2R_plus_1000,auto_tar,fixed_20,5,C15,C15,CENSORED,CENSORED
recall_at_2R_plus_1000,auto_tar,fixed_20,5,C15,C16,OBSERVED,0.006802721088435374
recall_at_2R_plus_1000,auto_tar,fixed_20,5,C15,C18,OBSERVED,0.00022799817601459188
recall_at_2R_plus_1000,auto_tar,fixed_20,5,C15,GCRIM,OBSERVED,-0.0023536334215945864
recall_at_2R_plus_1000,auto_tar,explore_10,5,C15,C12,OBSERVED,-0.0008748906386701663
recall_at_2R_plus_1000,auto_tar,explore_10,5,C15,C15,CENSORED,CENSORED
recall_at_2R_plus_1000,auto_tar,explore_10,5,C15,C16,OBSERVED,0.0
recall_at_2R_plus_1000,auto_tar,explore_10,5,C15,C18,OBSERVED,0.003419972640218878
recall_at_2R_plus_1000,auto_tar,explore_10,5,C15,GCRIM,OBSERVED,0.00441306266548985
recall_at_2R_plus_1000,fixed_20,explore_10,5,C15,C12,OBSERVED,-0.0008748906386701663
recall_at_2R_plus_1000,fixed_20,explore_10,5,C15,C15,CENSORED,CENSORED
recall_at_2R_plus_1000,fixed_20,explore_10,5,C15,C16,OBSERVED,-0.006802721088435374
recall_at_2R_plus_1000,fixed_20,explore_10,5,C15,C18,OBSERVED,0.0031919744642042863
recall_at_2R_plus_1000,fixed_20,explore_10,5,C15,GCRIM,OBSERVED,0.006766696087084437
recall_at_4R_plus_0,random,seed_similarity,5,"C15,C18",C12,OBSERVED,-0.43132108486439197
recall_at_4R_plus_0,random,seed_similarity,5,"C15,C18",C15,CENSORED,CENSORED
recall_at_4R_plus_0,random,seed_similarity,5,"C15,C18",C16,OBSERVED,-0.07482993197278912
recall_at_4R_plus_0,random,seed_similarity,5,"C15,C18",C18,CENSORED,CENSORED
recall_at_4R_plus_0,random,seed_similarity,5,"C15,C18",GCRIM,OBSERVED,-0.3801117975875257
recall_at_4R_plus_0,random,frozen_svm,5,"C15,C18",C12,OBSERVED,-0.45931758530183725
recall_at_4R_plus_0,random,frozen_svm,5,"C15,C18",C15,CENSORED,CENSORED
recall_at_4R_plus_0,random,frozen_svm,5,"C15,C18",C16,OBSERVED,-0.08843537414965986
recall_at_4R_plus_0,random,frozen_svm,5,"C15,C18",C18,CENSORED,CENSORED
recall_at_4R_plus_0,random,frozen_svm,5,"C15,C18",GCRIM,OBSERVED,-0.4524860253015593
recall_at_4R_plus_0,random,uncertainty,5,"C15,C18",C12,OBSERVED,-0.7165354330708661
recall_at_4R_plus_0,random,uncertainty,5,"C15,C18",C15,CENSORED,CENSORED
recall_at_4R_plus_0,random,uncertainty,5,"C15,C18",C16,OBSERVED,-0.42857142857142855
recall_at_4R_plus_0,random,uncertainty,5,"C15,C18",C18,CENSORED,CENSORED
recall_at_4R_plus_0,random,uncertainty,5,"C15,C18",GCRIM,OBSERVED,-0.5392762577228597
recall_at_4R_plus_0,random,auto_tar,5,"C15,C18",C12,OBSERVED,-0.8486439195100612
recall_at_4R_plus_0,random,auto_tar,5,"C15,C18",C15,CENSORED,CENSORED
recall_at_4R_plus_0,random,auto_tar,5,"C15,C18",C16,OBSERVED,-0.4217687074829932
recall_at_4R_plus_0,random,auto_tar,5,"C15,C18",C18,CENSORED,CENSORED
recall_at_4R_plus_0,random,auto_tar,5,"C15,C18",GCRIM,OBSERVED,-0.764342453662842
recall_at_4R_plus_0,random,fixed_20,5,"C15,C18",C12,OBSERVED,-0.8521434820647419
recall_at_4R_plus_0,random,fixed_20,5,"C15,C18",C15,CENSORED,CENSORED
recall_at_4R_plus_0,random,fixed_20,5,"C15,C18",C16,OBSERVED,-0.40816326530612246
recall_at_4R_plus_0,random,fixed_20,5,"C15,C18",C18,CENSORED,CENSORED
recall_at_4R_plus_0,random,fixed_20,5,"C15,C18",GCRIM,OBSERVED,-0.7646366578405414
recall_at_4R_plus_0,random,explore_10,5,"C15,C18",C12,OBSERVED,-0.84251968503937
recall_at_4R_plus_0,random,explore_10,5,"C15,C18",C15,CENSORED,CENSORED
recall_at_4R_plus_0,random,explore_10,5,"C15,C18",C16,OBSERVED,-0.32653061224489793
recall_at_4R_plus_0,random,explore_10,5,"C15,C18",C18,CENSORED,CENSORED
recall_at_4R_plus_0,random,explore_10,5,"C15,C18",GCRIM,OBSERVED,-0.7628714327743454
recall_at_4R_plus_0,seed_similarity,frozen_svm,5,"C15,C18",C12,OBSERVED,-0.02799650043744532
recall_at_4R_plus_0,seed_similarity,frozen_svm,5,"C15,C18",C15,CENSORED,CENSORED
recall_at_4R_plus_0,seed_similarity,frozen_svm,5,"C15,C18",C16,OBSERVED,-0.013605442176870748
recall_at_4R_plus_0,seed_similarity,frozen_svm,5,"C15,C18",C18,CENSORED,CENSORED
recall_at_4R_plus_0,seed_similarity,frozen_svm,5,"C15,C18",GCRIM,OBSERVED,-0.07237422771403354
recall_at_4R_plus_0,seed_similarity,uncertainty,5,"C15,C18",C12,OBSERVED,-0.2852143482064742
recall_at_4R_plus_0,seed_similarity,uncertainty,5,"C15,C18",C15,CENSORED,CENSORED
recall_at_4R_plus_0,seed_similarity,uncertainty,5,"C15,C18",C16,OBSERVED,-0.35374149659863946
recall_at_4R_plus_0,seed_similarity,uncertainty,5,"C15,C18",C18,CENSORED,CENSORED
recall_at_4R_plus_0,seed_similarity,uncertainty,5,"C15,C18",GCRIM,OBSERVED,-0.15916446013533392
recall_at_4R_plus_0,seed_similarity,auto_tar,5,"C15,C18",C12,OBSERVED,-0.41732283464566927
recall_at_4R_plus_0,seed_similarity,auto_tar,5,"C15,C18",C15,CENSORED,CENSORED
recall_at_4R_plus_0,seed_similarity,auto_tar,5,"C15,C18",C16,OBSERVED,-0.3469387755102041
recall_at_4R_plus_0,seed_similarity,auto_tar,5,"C15,C18",C18,CENSORED,CENSORED
recall_at_4R_plus_0,seed_similarity,auto_tar,5,"C15,C18",GCRIM,OBSERVED,-0.38423065607531626
recall_at_4R_plus_0,seed_similarity,fixed_20,5,"C15,C18",C12,OBSERVED,-0.42082239720035
recall_at_4R_plus_0,seed_similarity,fixed_20,5,"C15,C18",C15,CENSORED,CENSORED
recall_at_4R_plus_0,seed_similarity,fixed_20,5,"C15,C18",C16,OBSERVED,-0.3333333333333333
recall_at_4R_plus_0,seed_similarity,fixed_20,5,"C15,C18",C18,CENSORED,CENSORED
recall_at_4R_plus_0,seed_similarity,fixed_20,5,"C15,C18",GCRIM,OBSERVED,-0.3845248602530156
recall_at_4R_plus_0,seed_similarity,explore_10,5,"C15,C18",C12,OBSERVED,-0.4111986001749781
recall_at_4R_plus_0,seed_similarity,explore_10,5,"C15,C18",C15,CENSORED,CENSORED
recall_at_4R_plus_0,seed_similarity,explore_10,5,"C15,C18",C16,OBSERVED,-0.25170068027210885
recall_at_4R_plus_0,seed_similarity,explore_10,5,"C15,C18",C18,CENSORED,CENSORED
recall_at_4R_plus_0,seed_similarity,explore_10,5,"C15,C18",GCRIM,OBSERVED,-0.38275963518681966
recall_at_4R_plus_0,frozen_svm,uncertainty,5,"C15,C18",C12,OBSERVED,-0.2572178477690289
recall_at_4R_plus_0,frozen_svm,uncertainty,5,"C15,C18",C15,CENSORED,CENSORED
recall_at_4R_plus_0,frozen_svm,uncertainty,5,"C15,C18",C16,OBSERVED,-0.3401360544217687
recall_at_4R_plus_0,frozen_svm,uncertainty,5,"C15,C18",C18,CENSORED,CENSORED
recall_at_4R_plus_0,frozen_svm,uncertainty,5,"C15,C18",GCRIM,OBSERVED,-0.08679023242130038
recall_at_4R_plus_0,frozen_svm,auto_tar,5,"C15,C18",C12,OBSERVED,-0.389326334208224
recall_at_4R_plus_0,frozen_svm,auto_tar,5,"C15,C18",C15,CENSORED,CENSORED
recall_at_4R_plus_0,frozen_svm,auto_tar,5,"C15,C18",C16,OBSERVED,-0.3333333333333333
recall_at_4R_plus_0,frozen_svm,auto_tar,5,"C15,C18",C18,CENSORED,CENSORED
recall_at_4R_plus_0,frozen_svm,auto_tar,5,"C15,C18",GCRIM,OBSERVED,-0.31185642836128274
recall_at_4R_plus_0,frozen_svm,fixed_20,5,"C15,C18",C12,OBSERVED,-0.39282589676290464
recall_at_4R_plus_0,frozen_svm,fixed_20,5,"C15,C18",C15,CENSORED,CENSORED
recall_at_4R_plus_0,frozen_svm,fixed_20,5,"C15,C18",C16,OBSERVED,-0.3197278911564626
recall_at_4R_plus_0,frozen_svm,fixed_20,5,"C15,C18",C18,CENSORED,CENSORED
recall_at_4R_plus_0,frozen_svm,fixed_20,5,"C15,C18",GCRIM,OBSERVED,-0.31215063253898206
recall_at_4R_plus_0,frozen_svm,explore_10,5,"C15,C18",C12,OBSERVED,-0.38320209973753283
recall_at_4R_plus_0,frozen_svm,explore_10,5,"C15,C18",C15,CENSORED,CENSORED
recall_at_4R_plus_0,frozen_svm,explore_10,5,"C15,C18",C16,OBSERVED,-0.23809523809523808
recall_at_4R_plus_0,frozen_svm,explore_10,5,"C15,C18",C18,CENSORED,CENSORED
recall_at_4R_plus_0,frozen_svm,explore_10,5,"C15,C18",GCRIM,OBSERVED,-0.3103854074727861
recall_at_4R_plus_0,uncertainty,auto_tar,5,"C15,C18",C12,OBSERVED,-0.1321084864391951
recall_at_4R_plus_0,uncertainty,auto_tar,5,"C15,C18",C15,CENSORED,CENSORED
recall_at_4R_plus_0,uncertainty,auto_tar,5,"C15,C18",C16,OBSERVED,0.006802721088435374
recall_at_4R_plus_0,uncertainty,auto_tar,5,"C15,C18",C18,CENSORED,CENSORED
recall_at_4R_plus_0,uncertainty,auto_tar,5,"C15,C18",GCRIM,OBSERVED,-0.22506619593998234
recall_at_4R_plus_0,uncertainty,fixed_20,5,"C15,C18",C12,OBSERVED,-0.13560804899387577
recall_at_4R_plus_0,uncertainty,fixed_20,5,"C15,C18",C15,CENSORED,CENSORED
recall_at_4R_plus_0,uncertainty,fixed_20,5,"C15,C18",C16,OBSERVED,0.02040816326530612
recall_at_4R_plus_0,uncertainty,fixed_20,5,"C15,C18",C18,CENSORED,CENSORED
recall_at_4R_plus_0,uncertainty,fixed_20,5,"C15,C18",GCRIM,OBSERVED,-0.22536040011768166
recall_at_4R_plus_0,uncertainty,explore_10,5,"C15,C18",C12,OBSERVED,-0.12598425196850394
recall_at_4R_plus_0,uncertainty,explore_10,5,"C15,C18",C15,CENSORED,CENSORED
recall_at_4R_plus_0,uncertainty,explore_10,5,"C15,C18",C16,OBSERVED,0.10204081632653061
recall_at_4R_plus_0,uncertainty,explore_10,5,"C15,C18",C18,CENSORED,CENSORED
recall_at_4R_plus_0,uncertainty,explore_10,5,"C15,C18",GCRIM,OBSERVED,-0.22359517505148574
recall_at_4R_plus_0,auto_tar,fixed_20,5,"C15,C18",C12,OBSERVED,-0.003499562554680665
recall_at_4R_plus_0,auto_tar,fixed_20,5,"C15,C18",C15,CENSORED,CENSORED
recall_at_4R_plus_0,auto_tar,fixed_20,5,"C15,C18",C16,OBSERVED,0.013605442176870748
recall_at_4R_plus_0,auto_tar,fixed_20,5,"C15,C18",C18,CENSORED,CENSORED
recall_at_4R_plus_0,auto_tar,fixed_20,5,"C15,C18",GCRIM,OBSERVED,-0.0002942041776993233
recall_at_4R_plus_0,auto_tar,explore_10,5,"C15,C18",C12,OBSERVED,0.006124234470691163
recall_at_4R_plus_0,auto_tar,explore_10,5,"C15,C18",C15,CENSORED,CENSORED
recall_at_4R_plus_0,auto_tar,explore_10,5,"C15,C18",C16,OBSERVED,0.09523809523809523
recall_at_4R_plus_0,auto_tar,explore_10,5,"C15,C18",C18,CENSORED,CENSORED
recall_at_4R_plus_0,auto_tar,explore_10,5,"C15,C18",GCRIM,OBSERVED,0.0014710208884966167
recall_at_4R_plus_0,fixed_20,explore_10,5,"C15,C18",C12,OBSERVED,0.009623797025371828
recall_at_4R_plus_0,fixed_20,explore_10,5,"C15,C18",C15,CENSORED,CENSORED
recall_at_4R_plus_0,fixed_20,explore_10,5,"C15,C18",C16,OBSERVED,0.08163265306122448
recall_at_4R_plus_0,fixed_20,explore_10,5,"C15,C18",C18,CENSORED,CENSORED
recall_at_4R_plus_0,fixed_20,explore_10,5,"C15,C18",GCRIM,OBSERVED,0.00176522506619594
recall_at_4R_plus_100,random,seed_similarity,5,"C15,C18",C12,OBSERVED,-0.44181977252843396
recall_at_4R_plus_100,random,seed_similarity,5,"C15,C18",C15,CENSORED,CENSORED
recall_at_4R_plus_100,random,seed_similarity,5,"C15,C18",C16,OBSERVED,-0.1292517006802721
recall_at_4R_plus_100,random,seed_similarity,5,"C15,C18",C18,CENSORED,CENSORED
recall_at_4R_plus_100,random,seed_similarity,5,"C15,C18",GCRIM,OBSERVED,-0.3815828184760224
recall_at_4R_plus_100,random,frozen_svm,5,"C15,C18",C12,OBSERVED,-0.4689413823272091
recall_at_4R_plus_100,random,frozen_svm,5,"C15,C18",C15,CENSORED,CENSORED
recall_at_4R_plus_100,random,frozen_svm,5,"C15,C18",C16,OBSERVED,-0.1292517006802721
recall_at_4R_plus_100,random,frozen_svm,5,"C15,C18",C18,CENSORED,CENSORED
recall_at_4R_plus_100,random,frozen_svm,5,"C15,C18",GCRIM,OBSERVED,-0.4524860253015593
recall_at_4R_plus_100,random,uncertainty,5,"C15,C18",C12,OBSERVED,-0.7217847769028871
recall_at_4R_plus_100,random,uncertainty,5,"C15,C18",C15,CENSORED,CENSORED
recall_at_4R_plus_100,random,uncertainty,5,"C15,C18",C16,OBSERVED,-0.673469387755102
recall_at_4R_plus_100,random,uncertainty,5,"C15,C18",C18,CENSORED,CENSORED
recall_at_4R_plus_100,random,uncertainty,5,"C15,C18",GCRIM,OBSERVED,-0.5360400117681671
recall_at_4R_plus_100,random,auto_tar,5,"C15,C18",C12,OBSERVED,-0.8530183727034121
recall_at_4R_plus_100,random,auto_tar,5,"C15,C18",C15,CENSORED,CENSORED
recall_at_4R_plus_100,random,auto_tar,5,"C15,C18",C16,OBSERVED,-0.6666666666666666
recall_at_4R_plus_100,random,auto_tar,5,"C15,C18",C18,CENSORED,CENSORED
recall_at_4R_plus_100,random,auto_tar,5,"C15,C18",GCRIM,OBSERVED,-0.7596351868196528
recall_at_4R_plus_100,random,fixed_20,5,"C15,C18",C12,OBSERVED,-0.8530183727034121
recall_at_4R_plus_100,random,fixed_20,5,"C15,C18",C15,CENSORED,CENSORED
recall_at_4R_plus_100,random,fixed_20,5,"C15,C18",C16,OBSERVED,-0.6598639455782312
recall_at_4R_plus_100,random,fixed_20,5,"C15,C18",C18,CENSORED,CENSORED
recall_at_4R_plus_100,random,fixed_20,5,"C15,C18",GCRIM,OBSERVED,-0.7599293909973521
recall_at_4R_plus_100,random,explore_10,5,"C15,C18",C12,OBSERVED,-0.8460192475940508
recall_at_4R_plus_100,random,explore_10,5,"C15,C18",C15,CENSORED,CENSORED
recall_at_4R_plus_100,random,explore_10,5,"C15,C18",C16,OBSERVED,-0.6462585034013606
recall_at_4R_plus_100,random,explore_10,5,"C15,C18",C18,CENSORED,CENSORED
recall_at_4R_plus_100,random,explore_10,5,"C15,C18",GCRIM,OBSERVED,-0.7590467784642542
recall_at_4R_plus_100,seed_similarity,frozen_svm,5,"C15,C18",C12,OBSERVED,-0.02712160979877515
recall_at_4R_plus_100,seed_similarity,frozen_svm,5,"C15,C18",C15,CENSORED,CENSORED
recall_at_4R_plus_100,seed_similarity,frozen_svm,5,"C15,C18",C16,OBSERVED,0.0
recall_at_4R_plus_100,seed_similarity,frozen_svm,5,"C15,C18",C18,CENSORED,CENSORED
recall_at_4R_plus_100,seed_similarity,frozen_svm,5,"C15,C18",GCRIM,OBSERVED,-0.07090320682553693
recall_at_4R_plus_100,seed_similarity,uncertainty,5,"C15,C18",C12,OBSERVED,-0.2799650043744532
recall_at_4R_plus_100,seed_similarity,uncertainty,5,"C15,C18",C15,CENSORED,CENSORED
recall_at_4R_plus_100,seed_similarity,uncertainty,5,"C15,C18",C16,OBSERVED,-0.54421768707483
recall_at_4R_plus_100,seed_similarity,uncertainty,5,"C15,C18",C18,CENSORED,CENSORED
recall_at_4R_plus_100,seed_similarity,uncertainty,5,"C15,C18",GCRIM,OBSERVED,-0.15445719329214475
recall_at_4R_plus_100,seed_similarity,auto_tar,5,"C15,C18",C12,OBSERVED,-0.4111986001749781
recall_at_4R_plus_100,seed_similarity,auto_tar,5,"C15,C18",C15,CENSORED,CENSORED
recall_at_4R_plus_100,seed_similarity,auto_tar,5,"C15,C18",C16,OBSERVED,-0.5374149659863946
recall_at_4R_plus_100,seed_similarity,auto_tar,5,"C15,C18",C18,CENSORED,CENSORED
recall_at_4R_plus_100,seed_similarity,auto_tar,5,"C15,C18",GCRIM,OBSERVED,-0.3780523683436305
recall_at_4R_plus_100,seed_similarity,fixed_20,5,"C15,C18",C12,OBSERVED,-0.4111986001749781
recall_at_4R_plus_100,seed_similarity,fixed_20,5,"C15,C18",C15,CENSORED,CENSORED
recall_at_4R_plus_100,seed_similarity,fixed_20,5,"C15,C18",C16,OBSERVED,-0.5306122448979592
recall_at_4R_plus_100,seed_similarity,fixed_20,5,"C15,C18",C18,CENSORED,CENSORED
recall_at_4R_plus_100,seed_similarity,fixed_20,5,"C15,C18",GCRIM,OBSERVED,-0.3783465725213298
recall_at_4R_plus_100,seed_similarity,explore_10,5,"C15,C18",C12,OBSERVED,-0.4041994750656168
recall_at_4R_plus_100,seed_similarity,explore_10,5,"C15,C18",C15,CENSORED,CENSORED
recall_at_4R_plus_100,seed_similarity,explore_10,5,"C15,C18",C16,OBSERVED,-0.5170068027210885
recall_at_4R_plus_100,seed_similarity,explore_10,5,"C15,C18",C18,CENSORED,CENSORED
recall_at_4R_plus_100,seed_similarity,explore_10,5,"C15,C18",GCRIM,OBSERVED,-0.37746395998823185
recall_at_4R_plus_100,frozen_svm,uncertainty,5,"C15,C18",C12,OBSERVED,-0.25284339457567806
recall_at_4R_plus_100,frozen_svm,uncertainty,5,"C15,C18",C15,CENSORED,CENSORED
recall_at_4R_plus_100,frozen_svm,uncertainty,5,"C15,C18",C16,OBSERVED,-0.54421768707483
recall_at_4R_plus_100,frozen_svm,uncertainty,5,"C15,C18",C18,CENSORED,CENSORED
recall_at_4R_plus_100,frozen_svm,uncertainty,5,"C15,C18",GCRIM,OBSERVED,-0.08355398646660783
recall_at_4R_plus_100,frozen_svm,auto_tar,5,"C15,C18",C12,OBSERVED,-0.38407699037620296
recall_at_4R_plus_100,frozen_svm,auto_tar,5,"C15,C18",C15,CENSORED,CENSORED
recall_at_4R_plus_100,frozen_svm,auto_tar,5,"C15,C18",C16,OBSERVED,-0.5374149659863946
recall_at_4R_plus_100,frozen_svm,auto_tar,5,"C15,C18",C18,CENSORED,CENSORED
recall_at_4R_plus_100,frozen_svm,auto_tar,5,"C15,C18",GCRIM,OBSERVED,-0.30714916151809357
recall_at_4R_plus_100,frozen_svm,fixed_20,5,"C15,C18",C12,OBSERVED,-0.38407699037620296
recall_at_4R_plus_100,frozen_svm,fixed_20,5,"C15,C18",C15,CENSORED,CENSORED
recall_at_4R_plus_100,frozen_svm,fixed_20,5,"C15,C18",C16,OBSERVED,-0.5306122448979592
recall_at_4R_plus_100,frozen_svm,fixed_20,5,"C15,C18",C18,CENSORED,CENSORED
recall_at_4R_plus_100,frozen_svm,fixed_20,5,"C15,C18",GCRIM,OBSERVED,-0.3074433656957929
recall_at_4R_plus_100,frozen_svm,explore_10,5,"C15,C18",C12,OBSERVED,-0.37707786526684167
recall_at_4R_plus_100,frozen_svm,explore_10,5,"C15,C18",C15,CENSORED,CENSORED
recall_at_4R_plus_100,frozen_svm,explore_10,5,"C15,C18",C16,OBSERVED,-0.5170068027210885
recall_at_4R_plus_100,frozen_svm,explore_10,5,"C15,C18",C18,CENSORED,CENSORED
recall_at_4R_plus_100,frozen_svm,explore_10,5,"C15,C18",GCRIM,OBSERVED,-0.30656075316269493
recall_at_4R_plus_100,uncertainty,auto_tar,5,"C15,C18",C12,OBSERVED,-0.13123359580052493
recall_at_4R_plus_100,uncertainty,auto_tar,5,"C15,C18",C15,CENSORED,CENSORED
recall_at_4R_plus_100,uncertainty,auto_tar,5,"C15,C18",C16,OBSERVED,0.006802721088435374
recall_at_4R_plus_100,uncertainty,auto_tar,5,"C15,C18",C18,CENSORED,CENSORED
recall_at_4R_plus_100,uncertainty,auto_tar,5,"C15,C18",GCRIM,OBSERVED,-0.22359517505148574
recall_at_4R_plus_100,uncertainty,fixed_20,5,"C15,C18",C12,OBSERVED,-0.13123359580052493
recall_at_4R_plus_100,uncertainty,fixed_20,5,"C15,C18",C15,CENSORED,CENSORED
recall_at_4R_plus_100,uncertainty,fixed_20,5,"C15,C18",C16,OBSERVED,0.013605442176870748
recall_at_4R_plus_100,uncertainty,fixed_20,5,"C15,C18",C18,CENSORED,CENSORED
recall_at_4R_plus_100,uncertainty,fixed_20,5,"C15,C18",GCRIM,OBSERVED,-0.22388937922918506
recall_at_4R_plus_100,uncertainty,explore_10,5,"C15,C18",C12,OBSERVED,-0.1242344706911636
recall_at_4R_plus_100,uncertainty,explore_10,5,"C15,C18",C15,CENSORED,CENSORED
recall_at_4R_plus_100,uncertainty,explore_10,5,"C15,C18",C16,OBSERVED,0.027210884353741496
recall_at_4R_plus_100,uncertainty,explore_10,5,"C15,C18",C18,CENSORED,CENSORED
recall_at_4R_plus_100,uncertainty,explore_10,5,"C15,C18",GCRIM,OBSERVED,-0.22300676669608707
recall_at_4R_plus_100,auto_tar,fixed_20,5,"C15,C18",C12,OBSERVED,0.0
recall_at_4R_plus_100,auto_tar,fixed_20,5,"C15,C18",C15,CENSORED,CENSORED
recall_at_4R_plus_100,auto_tar,fixed_20,5,"C15,C18",C16,OBSERVED,0.006802721088435374
recall_at_4R_plus_100,auto_tar,fixed_20,5,"C15,C18",C18,CENSORED,CENSORED
recall_at_4R_plus_100,auto_tar,fixed_20,5,"C15,C18",GCRIM,OBSERVED,-0.0002942041776993233
recall_at_4R_plus_100,auto_tar,explore_10,5,"C15,C18",C12,OBSERVED,0.00699912510936133
recall_at_4R_plus_100,auto_tar,explore_10,5,"C15,C18",C15,CENSORED,CENSORED
recall_at_4R_plus_100,auto_tar,explore_10,5,"C15,C18",C16,OBSERVED,0.02040816326530612
recall_at_4R_plus_100,auto_tar,explore_10,5,"C15,C18",C18,CENSORED,CENSORED
recall_at_4R_plus_100,auto_tar,explore_10,5,"C15,C18",GCRIM,OBSERVED,0.0005884083553986466
recall_at_4R_plus_100,fixed_20,explore_10,5,"C15,C18",C12,OBSERVED,0.00699912510936133
recall_at_4R_plus_100,fixed_20,explore_10,5,"C15,C18",C15,CENSORED,CENSORED
recall_at_4R_plus_100,fixed_20,explore_10,5,"C15,C18",C16,OBSERVED,0.013605442176870748
recall_at_4R_plus_100,fixed_20,explore_10,5,"C15,C18",C18,CENSORED,CENSORED
recall_at_4R_plus_100,fixed_20,explore_10,5,"C15,C18",GCRIM,OBSERVED,0.00088261253309797
recall_at_4R_plus_1000,random,seed_similarity,5,"C15,C18,GCRIM",C12,OBSERVED,-0.5004374453193351
recall_at_4R_plus_1000,random,seed_similarity,5,"C15,C18,GCRIM",C15,CENSORED,CENSORED
recall_at_4R_plus_1000,random,seed_similarity,5,"C15,C18,GCRIM",C16,OBSERVED,-0.2925170068027211
recall_at_4R_plus_1000,random,seed_similarity,5,"C15,C18,GCRIM",C18,CENSORED,CENSORED
recall_at_4R_plus_1000,random,seed_similarity,5,"C15,C18,GCRIM",GCRIM,CENSORED,CENSORED
recall_at_4R_plus_1000,random,frozen_svm,5,"C15,C18,GCRIM",C12,OBSERVED,-0.5161854768153981
recall_at_4R_plus_1000,random,frozen_svm,5,"C15,C18,GCRIM",C15,CENSORED,CENSORED
recall_at_4R_plus_1000,random,frozen_svm,5,"C15,C18,GCRIM",C16,OBSERVED,-0.272108843537415
recall_at_4R_plus_1000,random,frozen_svm,5,"C15,C18,GCRIM",C18,CENSORED,CENSORED
recall_at_4R_plus_1000,random,frozen_svm,5,"C15,C18,GCRIM",GCRIM,CENSORED,CENSORED
recall_at_4R_plus_1000,random,uncertainty,5,"C15,C18,GCRIM",C12,OBSERVED,-0.7069116360454943
recall_at_4R_plus_1000,random,uncertainty,5,"C15,C18,GCRIM",C15,CENSORED,CENSORED
recall_at_4R_plus_1000,random,uncertainty,5,"C15,C18,GCRIM",C16,OBSERVED,-0.8435374149659864
recall_at_4R_plus_1000,random,uncertainty,5,"C15,C18,GCRIM",C18,CENSORED,CENSORED
recall_at_4R_plus_1000,random,uncertainty,5,"C15,C18,GCRIM",GCRIM,CENSORED,CENSORED
recall_at_4R_plus_1000,random,auto_tar,5,"C15,C18,GCRIM",C12,OBSERVED,-0.820647419072616
recall_at_4R_plus_1000,random,auto_tar,5,"C15,C18,GCRIM",C15,CENSORED,CENSORED
recall_at_4R_plus_1000,random,auto_tar,5,"C15,C18,GCRIM",C16,OBSERVED,-0.8435374149659864
recall_at_4R_plus_1000,random,auto_tar,5,"C15,C18,GCRIM",C18,CENSORED,CENSORED
recall_at_4R_plus_1000,random,auto_tar,5,"C15,C18,GCRIM",GCRIM,CENSORED,CENSORED
recall_at_4R_plus_1000,random,fixed_20,5,"C15,C18,GCRIM",C12,OBSERVED,-0.820647419072616
recall_at_4R_plus_1000,random,fixed_20,5,"C15,C18,GCRIM",C15,CENSORED,CENSORED
recall_at_4R_plus_1000,random,fixed_20,5,"C15,C18,GCRIM",C16,OBSERVED,-0.8367346938775511
recall_at_4R_plus_1000,random,fixed_20,5,"C15,C18,GCRIM",C18,CENSORED,CENSORED
recall_at_4R_plus_1000,random,fixed_20,5,"C15,C18,GCRIM",GCRIM,CENSORED,CENSORED
recall_at_4R_plus_1000,random,explore_10,5,"C15,C18,GCRIM",C12,OBSERVED,-0.8188976377952756
recall_at_4R_plus_1000,random,explore_10,5,"C15,C18,GCRIM",C15,CENSORED,CENSORED
recall_at_4R_plus_1000,random,explore_10,5,"C15,C18,GCRIM",C16,OBSERVED,-0.8435374149659864
recall_at_4R_plus_1000,random,explore_10,5,"C15,C18,GCRIM",C18,CENSORED,CENSORED
recall_at_4R_plus_1000,random,explore_10,5,"C15,C18,GCRIM",GCRIM,CENSORED,CENSORED
recall_at_4R_plus_1000,seed_similarity,frozen_svm,5,"C15,C18,GCRIM",C12,OBSERVED,-0.015748031496062992
recall_at_4R_plus_1000,seed_similarity,frozen_svm,5,"C15,C18,GCRIM",C15,CENSORED,CENSORED
recall_at_4R_plus_1000,seed_similarity,frozen_svm,5,"C15,C18,GCRIM",C16,OBSERVED,0.02040816326530612
recall_at_4R_plus_1000,seed_similarity,frozen_svm,5,"C15,C18,GCRIM",C18,CENSORED,CENSORED
recall_at_4R_plus_1000,seed_similarity,frozen_svm,5,"C15,C18,GCRIM",GCRIM,CENSORED,CENSORED
recall_at_4R_plus_1000,seed_similarity,uncertainty,5,"C15,C18,GCRIM",C12,OBSERVED,-0.20647419072615922
recall_at_4R_plus_1000,seed_similarity,uncertainty,5,"C15,C18,GCRIM",C15,CENSORED,CENSORED
recall_at_4R_plus_1000,seed_similarity,uncertainty,5,"C15,C18,GCRIM",C16,OBSERVED,-0.5510204081632653
recall_at_4R_plus_1000,seed_similarity,uncertainty,5,"C15,C18,GCRIM",C18,CENSORED,CENSORED
recall_at_4R_plus_1000,seed_similarity,uncertainty,5,"C15,C18,GCRIM",GCRIM,CENSORED,CENSORED
recall_at_4R_plus_1000,seed_similarity,auto_tar,5,"C15,C18,GCRIM",C12,OBSERVED,-0.32020997375328086
recall_at_4R_plus_1000,seed_similarity,auto_tar,5,"C15,C18,GCRIM",C15,CENSORED,CENSORED
recall_at_4R_plus_1000,seed_similarity,auto_tar,5,"C15,C18,GCRIM",C16,OBSERVED,-0.5510204081632653
recall_at_4R_plus_1000,seed_similarity,auto_tar,5,"C15,C18,GCRIM",C18,CENSORED,CENSORED
recall_at_4R_plus_1000,seed_similarity,auto_tar,5,"C15,C18,GCRIM",GCRIM,CENSORED,CENSORED
recall_at_4R_plus_1000,seed_similarity,fixed_20,5,"C15,C18,GCRIM",C12,OBSERVED,-0.32020997375328086
recall_at_4R_plus_1000,seed_similarity,fixed_20,5,"C15,C18,GCRIM",C15,CENSORED,CENSORED
recall_at_4R_plus_1000,seed_similarity,fixed_20,5,"C15,C18,GCRIM",C16,OBSERVED,-0.54421768707483
recall_at_4R_plus_1000,seed_similarity,fixed_20,5,"C15,C18,GCRIM",C18,CENSORED,CENSORED
recall_at_4R_plus_1000,seed_similarity,fixed_20,5,"C15,C18,GCRIM",GCRIM,CENSORED,CENSORED
recall_at_4R_plus_1000,seed_similarity,explore_10,5,"C15,C18,GCRIM",C12,OBSERVED,-0.3184601924759405
recall_at_4R_plus_1000,seed_similarity,explore_10,5,"C15,C18,GCRIM",C15,CENSORED,CENSORED
recall_at_4R_plus_1000,seed_similarity,explore_10,5,"C15,C18,GCRIM",C16,OBSERVED,-0.5510204081632653
recall_at_4R_plus_1000,seed_similarity,explore_10,5,"C15,C18,GCRIM",C18,CENSORED,CENSORED
recall_at_4R_plus_1000,seed_similarity,explore_10,5,"C15,C18,GCRIM",GCRIM,CENSORED,CENSORED
recall_at_4R_plus_1000,frozen_svm,uncertainty,5,"C15,C18,GCRIM",C12,OBSERVED,-0.19072615923009623
recall_at_4R_plus_1000,frozen_svm,uncertainty,5,"C15,C18,GCRIM",C15,CENSORED,CENSORED
recall_at_4R_plus_1000,frozen_svm,uncertainty,5,"C15,C18,GCRIM",C16,OBSERVED,-0.5714285714285714
recall_at_4R_plus_1000,frozen_svm,uncertainty,5,"C15,C18,GCRIM",C18,CENSORED,CENSORED
recall_at_4R_plus_1000,frozen_svm,uncertainty,5,"C15,C18,GCRIM",GCRIM,CENSORED,CENSORED
recall_at_4R_plus_1000,frozen_svm,auto_tar,5,"C15,C18,GCRIM",C12,OBSERVED,-0.30446194225721784
recall_at_4R_plus_1000,frozen_svm,auto_tar,5,"C15,C18,GCRIM",C15,CENSORED,CENSORED
recall_at_4R_plus_1000,frozen_svm,auto_tar,5,"C15,C18,GCRIM",C16,OBSERVED,-0.5714285714285714
recall_at_4R_plus_1000,frozen_svm,auto_tar,5,"C15,C18,GCRIM",C18,CENSORED,CENSORED
recall_at_4R_plus_1000,frozen_svm,auto_tar,5,"C15,C18,GCRIM",GCRIM,CENSORED,CENSORED
recall_at_4R_plus_1000,frozen_svm,fixed_20,5,"C15,C18,GCRIM",C12,OBSERVED,-0.30446194225721784
recall_at_4R_plus_1000,frozen_svm,fixed_20,5,"C15,C18,GCRIM",C15,CENSORED,CENSORED
recall_at_4R_plus_1000,frozen_svm,fixed_20,5,"C15,C18,GCRIM",C16,OBSERVED,-0.564625850340136
recall_at_4R_plus_1000,frozen_svm,fixed_20,5,"C15,C18,GCRIM",C18,CENSORED,CENSORED
recall_at_4R_plus_1000,frozen_svm,fixed_20,5,"C15,C18,GCRIM",GCRIM,CENSORED,CENSORED
recall_at_4R_plus_1000,frozen_svm,explore_10,5,"C15,C18,GCRIM",C12,OBSERVED,-0.3027121609798775
recall_at_4R_plus_1000,frozen_svm,explore_10,5,"C15,C18,GCRIM",C15,CENSORED,CENSORED
recall_at_4R_plus_1000,frozen_svm,explore_10,5,"C15,C18,GCRIM",C16,OBSERVED,-0.5714285714285714
recall_at_4R_plus_1000,frozen_svm,explore_10,5,"C15,C18,GCRIM",C18,CENSORED,CENSORED
recall_at_4R_plus_1000,frozen_svm,explore_10,5,"C15,C18,GCRIM",GCRIM,CENSORED,CENSORED
recall_at_4R_plus_1000,uncertainty,auto_tar,5,"C15,C18,GCRIM",C12,OBSERVED,-0.1137357830271216
recall_at_4R_plus_1000,uncertainty,auto_tar,5,"C15,C18,GCRIM",C15,CENSORED,CENSORED
recall_at_4R_plus_1000,uncertainty,auto_tar,5,"C15,C18,GCRIM",C16,OBSERVED,0.0
recall_at_4R_plus_1000,uncertainty,auto_tar,5,"C15,C18,GCRIM",C18,CENSORED,CENSORED
recall_at_4R_plus_1000,uncertainty,auto_tar,5,"C15,C18,GCRIM",GCRIM,CENSORED,CENSORED
recall_at_4R_plus_1000,uncertainty,fixed_20,5,"C15,C18,GCRIM",C12,OBSERVED,-0.1137357830271216
recall_at_4R_plus_1000,uncertainty,fixed_20,5,"C15,C18,GCRIM",C15,CENSORED,CENSORED
recall_at_4R_plus_1000,uncertainty,fixed_20,5,"C15,C18,GCRIM",C16,OBSERVED,0.006802721088435374
recall_at_4R_plus_1000,uncertainty,fixed_20,5,"C15,C18,GCRIM",C18,CENSORED,CENSORED
recall_at_4R_plus_1000,uncertainty,fixed_20,5,"C15,C18,GCRIM",GCRIM,CENSORED,CENSORED
recall_at_4R_plus_1000,uncertainty,explore_10,5,"C15,C18,GCRIM",C12,OBSERVED,-0.11198600174978128
recall_at_4R_plus_1000,uncertainty,explore_10,5,"C15,C18,GCRIM",C15,CENSORED,CENSORED
recall_at_4R_plus_1000,uncertainty,explore_10,5,"C15,C18,GCRIM",C16,OBSERVED,0.0
recall_at_4R_plus_1000,uncertainty,explore_10,5,"C15,C18,GCRIM",C18,CENSORED,CENSORED
recall_at_4R_plus_1000,uncertainty,explore_10,5,"C15,C18,GCRIM",GCRIM,CENSORED,CENSORED
recall_at_4R_plus_1000,auto_tar,fixed_20,5,"C15,C18,GCRIM",C12,OBSERVED,0.0
recall_at_4R_plus_1000,auto_tar,fixed_20,5,"C15,C18,GCRIM",C15,CENSORED,CENSORED
recall_at_4R_plus_1000,auto_tar,fixed_20,5,"C15,C18,GCRIM",C16,OBSERVED,0.006802721088435374
recall_at_4R_plus_1000,auto_tar,fixed_20,5,"C15,C18,GCRIM",C18,CENSORED,CENSORED
recall_at_4R_plus_1000,auto_tar,fixed_20,5,"C15,C18,GCRIM",GCRIM,CENSORED,CENSORED
recall_at_4R_plus_1000,auto_tar,explore_10,5,"C15,C18,GCRIM",C12,OBSERVED,0.0017497812773403325
recall_at_4R_plus_1000,auto_tar,explore_10,5,"C15,C18,GCRIM",C15,CENSORED,CENSORED
recall_at_4R_plus_1000,auto_tar,explore_10,5,"C15,C18,GCRIM",C16,OBSERVED,0.0
recall_at_4R_plus_1000,auto_tar,explore_10,5,"C15,C18,GCRIM",C18,CENSORED,CENSORED
recall_at_4R_plus_1000,auto_tar,explore_10,5,"C15,C18,GCRIM",GCRIM,CENSORED,CENSORED
recall_at_4R_plus_1000,fixed_20,explore_10,5,"C15,C18,GCRIM",C12,OBSERVED,0.0017497812773403325
recall_at_4R_plus_1000,fixed_20,explore_10,5,"C15,C18,GCRIM",C15,CENSORED,CENSORED
recall_at_4R_plus_1000,fixed_20,explore_10,5,"C15,C18,GCRIM",C16,OBSERVED,-0.006802721088435374
recall_at_4R_plus_1000,fixed_20,explore_10,5,"C15,C18,GCRIM",C18,CENSORED,CENSORED
recall_at_4R_plus_1000,fixed_20,explore_10,5,"C15,C18,GCRIM",GCRIM,CENSORED,CENSORED
recall_at_R,random,seed_similarity,5,,C12,OBSERVED,-0.24934383202099739
recall_at_R,random,seed_similarity,5,,C15,OBSERVED,-0.34138948711813033
recall_at_R,random,seed_similarity,5,,C16,OBSERVED,0.0
recall_at_R,random,seed_similarity,5,,C18,OBSERVED,-0.1436388508891929
recall_at_R,random,seed_similarity,5,,GCRIM,OBSERVED,-0.24301265077964107
recall_at_R,random,frozen_svm,5,,C12,OBSERVED,-0.2642169728783902
recall_at_R,random,frozen_svm,5,,C15,OBSERVED,-0.2321129456807849
recall_at_R,random,frozen_svm,5,,C16,OBSERVED,-0.006802721088435374
recall_at_R,random,frozen_svm,5,,C18,OBSERVED,-0.16803465572275422
recall_at_R,random,frozen_svm,5,,GCRIM,OBSERVED,-0.26331273904089436
recall_at_R,random,uncertainty,5,,C12,OBSERVED,-0.4540682414698163
recall_at_R,random,uncertainty,5,,C15,OBSERVED,-0.20938023450586266
recall_at_R,random,uncertainty,5,,C16,OBSERVED,-0.1564625850340136
recall_at_R,random,uncertainty,5,,C18,OBSERVED,-0.43046055631554947
recall_at_R,random,uncertainty,5,,GCRIM,OBSERVED,-0.42953809944101207
recall_at_R,random,auto_tar,5,,C12,OBSERVED,-0.6342957130358705
recall_at_R,random,auto_tar,5,,C15,OBSERVED,-0.6918720587062296
recall_at_R,random,auto_tar,5,,C16,OBSERVED,-0.1564625850340136
recall_at_R,random,auto_tar,5,,C18,OBSERVED,-0.6967624259005928
recall_at_R,random,auto_tar,5,,GCRIM,OBSERVED,-0.7308031774051191
recall_at_R,random,fixed_20,5,,C12,OBSERVED,-0.6439195100612424
recall_at_R,random,fixed_20,5,,C15,OBSERVED,-0.7110153944324799
recall_at_R,random,fixed_20,5,,C16,OBSERVED,-0.08843537414965986
recall_at_R,random,fixed_20,5,,C18,OBSERVED,-0.6985864113087096
recall_at_R,random,fixed_20,5,,GCRIM,OBSERVED,-0.7366872609591056
recall_at_R,random,explore_10,5,,C12,OBSERVED,-0.615923009623797
recall_at_R,random,explore_10,5,,C15,OBSERVED,-0.669059583632448
recall_at_R,random,explore_10,5,,C16,OBSERVED,-0.1564625850340136
recall_at_R,random,explore_10,5,,C18,OBSERVED,-0.6600547195622435
recall_at_R,random,explore_10,5,,GCRIM,OBSERVED,-0.7005001471020889
recall_at_R,seed_similarity,frozen_svm,5,,C12,OBSERVED,-0.014873140857392825
recall_at_R,seed_similarity,frozen_svm,5,,C15,OBSERVED,0.10927654143734546
recall_at_R,seed_similarity,frozen_svm,5,,C16,OBSERVED,-0.006802721088435374
recall_at_R,seed_similarity,frozen_svm,5,,C18,OBSERVED,-0.02439580483356133
recall_at_R,seed_similarity,frozen_svm,5,,GCRIM,OBSERVED,-0.02030008826125331
recall_at_R,seed_similarity,uncertainty,5,,C12,OBSERVED,-0.2047244094488189
recall_at_R,seed_similarity,uncertainty,5,,C15,OBSERVED,0.13200925261226767
recall_at_R,seed_similarity,uncertainty,5,,C16,OBSERVED,-0.1564625850340136
recall_at_R,seed_similarity,uncertainty,5,,C18,OBSERVED,-0.2868217054263566
recall_at_R,seed_similarity,uncertainty,5,,GCRIM,OBSERVED,-0.186525448661371
recall_at_R,seed_similarity,auto_tar,5,,C12,OBSERVED,-0.38495188101487315
recall_at_R,seed_similarity,auto_tar,5,,C15,OBSERVED,-0.3504825715880992
recall_at_R,seed_similarity,auto_tar,5,,C16,OBSERVED,-0.1564625850340136
recall_at_R,seed_similarity,auto_tar,5,,C18,OBSERVED,-0.5531235750113999
recall_at_R,seed_similarity,auto_tar,5,,GCRIM,OBSERVED,-0.48779052662547806
recall_at_R,seed_similarity,fixed_20,5,,C12,OBSERVED,-0.39457567804024496
recall_at_R,seed_similarity,fixed_20,5,,C15,OBSERVED,-0.3696259073143495
recall_at_R,seed_similarity,fixed_20,5,,C16,OBSERVED,-0.08843537414965986
recall_at_R,seed_similarity,fixed_20,5,,C18,OBSERVED,-0.5549475604195167
recall_at_R,seed_similarity,fixed_20,5,,GCRIM,OBSERVED,-0.49367461017946457
recall_at_R,seed_similarity,explore_10,5,,C12,OBSERVED,-0.3665791776027997
recall_at_R,seed_similarity,explore_10,5,,C15,OBSERVED,-0.3276700965143176
recall_at_R,seed_similarity,explore_10,5,,C16,OBSERVED,-0.1564625850340136
recall_at_R,seed_similarity,explore_10,5,,C18,OBSERVED,-0.5164158686730507
recall_at_R,seed_similarity,explore_10,5,,GCRIM,OBSERVED,-0.4574874963224478
recall_at_R,frozen_svm,uncertainty,5,,C12,OBSERVED,-0.18985126859142606
recall_at_R,frozen_svm,uncertainty,5,,C15,OBSERVED,0.02273271117492223
recall_at_R,frozen_svm,uncertainty,5,,C16,OBSERVED,-0.14965986394557823
recall_at_R,frozen_svm,uncertainty,5,,C18,OBSERVED,-0.26242590059279525
recall_at_R,frozen_svm,uncertainty,5,,GCRIM,OBSERVED,-0.16622536040011768
recall_at_R,frozen_svm,auto_tar,5,,C12,OBSERVED,-0.3700787401574803
recall_at_R,frozen_svm,auto_tar,5,,C15,OBSERVED,-0.4597591130254447
recall_at_R,frozen_svm,auto_tar,5,,C16,OBSERVED,-0.14965986394557823
recall_at_R,frozen_svm,auto_tar,5,,C18,OBSERVED,-0.5287277701778386
recall_at_R,frozen_svm,auto_tar,5,,GCRIM,OBSERVED,-0.46749043836422477
recall_at_R,frozen_svm,fixed_20,5,,C12,OBSERVED,-0.37970253718285213
recall_at_R,frozen_svm,fixed_20,5,,C15,OBSERVED,-0.47890244875169496
recall_at_R,frozen_svm,fixed_20,5,,C16,OBSERVED,-0.08163265306122448
recall_at_R,frozen_svm,fixed_20,5,,C18,OBSERVED,-0.5305517555859554
recall_at_R,frozen_svm,fixed_20,5,,GCRIM,OBSERVED,-0.4733745219182112
recall_at_R,frozen_svm,explore_10,5,,C12,OBSERVED,-0.35170603674540685
recall_at_R,frozen_svm,explore_10,5,,C15,OBSERVED,-0.43694663795166305
recall_at_R,frozen_svm,explore_10,5,,C16,OBSERVED,-0.14965986394557823
recall_at_R,frozen_svm,explore_10,5,,C18,OBSERVED,-0.49202006383948926
recall_at_R,frozen_svm,explore_10,5,,GCRIM,OBSERVED,-0.4371874080611945
recall_at_R,uncertainty,auto_tar,5,,C12,OBSERVED,-0.18022747156605423
recall_at_R,uncertainty,auto_tar,5,,C15,OBSERVED,-0.4824918242003669
recall_at_R,uncertainty,auto_tar,5,,C16,OBSERVED,0.0
recall_at_R,uncertainty,auto_tar,5,,C18,OBSERVED,-0.2663018695850433
recall_at_R,uncertainty,auto_tar,5,,GCRIM,OBSERVED,-0.30126507796410706
recall_at_R,uncertainty,fixed_20,5,,C12,OBSERVED,-0.18985126859142606
recall_at_R,uncertainty,fixed_20,5,,C15,OBSERVED,-0.5016351599266172
recall_at_R,uncertainty,fixed_20,5,,C16,OBSERVED,0.06802721088435375
recall_at_R,uncertainty,fixed_20,5,,C18,OBSERVED,-0.26812585499316005
recall_at_R,uncertainty,fixed_20,5,,GCRIM,OBSERVED,-0.30714916151809357
recall_at_R,uncertainty,explore_10,5,,C12,OBSERVED,-0.16185476815398075
recall_at_R,uncertainty,explore_10,5,,C15,OBSERVED,-0.4596793491265853
recall_at_R,uncertainty,explore_10,5,,C16,OBSERVED,0.0
recall_at_R,uncertainty,explore_10,5,,C18,OBSERVED,-0.22959416324669402
recall_at_R,uncertainty,explore_10,5,,GCRIM,OBSERVED,-0.2709620476610768
recall_at_R,auto_tar,fixed_20,5,,C12,OBSERVED,-0.009623797025371828
recall_at_R,auto_tar,fixed_20,5,,C15,OBSERVED,-0.0191433357262503
recall_at_R,auto_tar,fixed_20,5,,C16,OBSERVED,0.06802721088435375
recall_at_R,auto_tar,fixed_20,5,,C18,OBSERVED,-0.001823985408116735
recall_at_R,auto_tar,fixed_20,5,,GCRIM,OBSERVED,-0.005884083553986467
recall_at_R,auto_tar,explore_10,5,,C12,OBSERVED,0.01837270341207349
recall_at_R,auto_tar,explore_10,5,,C15,OBSERVED,0.022812475073781608
recall_at_R,auto_tar,explore_10,5,,C16,OBSERVED,0.0
recall_at_R,auto_tar,explore_10,5,,C18,OBSERVED,0.03670770633834929
recall_at_R,auto_tar,explore_10,5,,GCRIM,OBSERVED,0.030303030303030304
recall_at_R,fixed_20,explore_10,5,,C12,OBSERVED,0.02799650043744532
recall_at_R,fixed_20,explore_10,5,,C15,OBSERVED,0.041955810800031905
recall_at_R,fixed_20,explore_10,5,,C16,OBSERVED,-0.06802721088435375
recall_at_R,fixed_20,explore_10,5,,C18,OBSERVED,0.03853169174646603
recall_at_R,fixed_20,explore_10,5,,GCRIM,OBSERVED,0.03618711385701677
