topic,seed,policy,n,positives,reviewed,metric,status,value,numerator,denominator,requested_depth,censor_lower_bound,censor_reason
C12,11,auto_tar,23149,381,5000,recall_at_1000,OBSERVED,0.8923884514435696,340.0,381.0,1000.0,,
C12,11,auto_tar,23149,381,5000,recall_at_R,OBSERVED,0.6509186351706037,248.0,381.0,381.0,,
C12,11,auto_tar,23149,381,5000,recall_at_2R,OBSERVED,0.8503937007874016,108.0,127.0,762.0,,
C12,11,auto_tar,23149,381,5000,recall_at_1R_plus_0,OBSERVED,0.6509186351706037,248.0,381.0,381.0,,
C12,11,auto_tar,23149,381,5000,recall_at_1R_plus_100,OBSERVED,0.7139107611548556,272.0,381.0,481.0,,
C12,11,auto_tar,23149,381,5000,recall_at_1R_plus_1000,OBSERVED,0.9238845144356955,352.0,381.0,1381.0,,
C12,11,auto_tar,23149,381,5000,recall_at_2R_plus_0,OBSERVED,0.8503937007874016,108.0,127.0,762.0,,
C12,11,auto_tar,23149,381,5000,recall_at_2R_plus_100,OBSERVED,0.8766404199475065,334.0,381.0,862.0,,
C12,11,auto_tar,23149,381,5000,recall_at_2R_plus_1000,OBSERVED,0.931758530183727,355.0,381.0,1762.0,,
C12,11,auto_tar,23149,381,5000,recall_at_4R_plus_0,OBSERVED,0.9238845144356955,352.0,381.0,1524.0,,
C12,11,auto_tar,23149,381,5000,recall_at_4R_plus_100,OBSERVED,0.931758530183727,355.0,381.0,1624.0,,
C12,11,auto_tar,23149,381,5000,recall_at_4R_plus_1000,OBSERVED,0.9396325459317585,358.0,381.0,2524.0,,
C12,11,auto_tar,23149,381,5000,effort_at_75,OBSERVED,562.0,562.0,1.0,,,
C12,11,auto_tar,23149,381,5000,batch_effort_at_75,OBSERVED,631.0,631.0,1.0,,,
C12,11,auto_tar,23149,381,5000,depth_fraction_at_75,OBSERVED,0.02427750658775757,562.0,23149.0,,,
C12,11,auto_tar,23149,381,5000,depth_per_positive_at_75,OBSERVED,1.4750656167979002,562.0,381.0,,,
C12,11,auto_tar,23149,381,5000,effort_at_80,OBSERVED,647.0,647.0,1.0,,,
C12,11,auto_tar,23149,381,5000,batch_effort_at_80,OBSERVED,708.0,708.0,1.0,,,
C12,11,auto_tar,23149,381,5000,depth_fraction_at_80,OBSERVED,0.027949371463130156,647.0,23149.0,,,
C12,11,auto_tar,23149,381,5000,depth_per_positive_at_80,OBSERVED,1.6981627296587927,647.0,381.0,,,
C12,11,auto_tar,23149,381,5000,effort_at_90,OBSERVED,1105.0,1105.0,1.0,,,
C12,11,auto_tar,23149,381,5000,batch_effort_at_90,OBSERVED,1106.0,1106.0,1.0,,,
C12,11,auto_tar,23149,381,5000,depth_fraction_at_90,OBSERVED,0.047734243379843624,1105.0,23149.0,,,
C12,11,auto_tar,23149,381,5000,depth_per_positive_at_90,OBSERVED,2.900262467191601,1105.0,381.0,,,
C12,11,explore_10,23149,381,5000,recall_at_1000,OBSERVED,0.884514435695538,337.0,381.0,1000.0,,
C12,11,explore_10,23149,381,5000,recall_at_R,OBSERVED,0.6430446194225722,245.0,381.0,381.0,,
C12,11,explore_10,23149,381,5000,recall_at_2R,OBSERVED,0.8320209973753281,317.0,381.0,762.0,,
C12,11,explore_10,23149,381,5000,recall_at_1R_plus_0,OBSERVED,0.6430446194225722,245.0,381.0,381.0,,
C12,11,explore_10,23149,381,5000,recall_at_1R_plus_100,OBSERVED,0.7112860892388452,271.0,381.0,481.0,,
C12,11,explore_10,23149,381,5000,recall_at_1R_plus_1000,OBSERVED,0.9081364829396326,346.0,381.0,1381.0,,
C12,11,explore_10,23149,381,5000,recall_at_2R_plus_0,OBSERVED,0.8320209973753281,317.0,381.0,762.0,,
C12,11,explore_10,23149,381,5000,recall_at_2R_plus_100,OBSERVED,0.8661417322834646,110.0,127.0,862.0,,
C12,11,explore_10,23149,381,5000,recall_at_2R_plus_1000,OBSERVED,0.931758530183727,355.0,381.0,1762.0,,
C12,11,explore_10,23149,381,5000,recall_at_4R_plus_0,OBSERVED,0.9186351706036745,350.0,381.0,1524.0,,
C12,11,explore_10,23149,381,5000,recall_at_4R_plus_100,OBSERVED,0.9238845144356955,352.0,381.0,1624.0,,
C12,11,explore_10,23149,381,5000,recall_at_4R_plus_1000,OBSERVED,0.937007874015748,119.0,127.0,2524.0,,
C12,11,explore_10,23149,381,5000,effort_at_75,OBSERVED,554.0,554.0,1.0,,,
C12,11,explore_10,23149,381,5000,batch_effort_at_75,OBSERVED,561.0,561.0,1.0,,,
C12,11,explore_10,23149,381,5000,depth_fraction_at_75,OBSERVED,0.023931919305369562,554.0,23149.0,,,
C12,11,explore_10,23149,381,5000,depth_per_positive_at_75,OBSERVED,1.4540682414698163,554.0,381.0,,,
C12,11,explore_10,23149,381,5000,effort_at_80,OBSERVED,667.0,667.0,1.0,,,
C12,11,explore_10,23149,381,5000,batch_effort_at_80,OBSERVED,708.0,708.0,1.0,,,
C12,11,explore_10,23149,381,5000,depth_fraction_at_80,OBSERVED,0.02881333966910018,667.0,23149.0,,,
C12,11,explore_10,23149,381,5000,depth_per_positive_at_80,OBSERVED,1.7506561679790027,667.0,381.0,,,
C12,11,explore_10,23149,381,5000,effort_at_90,OBSERVED,1182.0,1182.0,1.0,,,
C12,11,explore_10,23149,381,5000,batch_effort_at_90,OBSERVED,1233.0,1233.0,1.0,,,
C12,11,explore_10,23149,381,5000,depth_fraction_at_90,OBSERVED,0.0510605209728282,1182.0,23149.0,,,
C12,11,explore_10,23149,381,5000,depth_per_positive_at_90,OBSERVED,3.1023622047244093,394.0,127.0,,,
C12,11,fixed_20,23149,381,5000,recall_at_1000,OBSERVED,0.8976377952755905,114.0,127.0,1000.0,,
C12,11,fixed_20,23149,381,5000,recall_at_R,OBSERVED,0.6614173228346457,84.0,127.0,381.0,,
C12,11,fixed_20,23149,381,5000,recall_at_2R,OBSERVED,0.8740157480314961,111.0,127.0,762.0,,
C12,11,fixed_20,23149,381,5000,recall_at_1R_plus_0,OBSERVED,0.6614173228346457,84.0,127.0,381.0,,
C12,11,fixed_20,23149,381,5000,recall_at_1R_plus_100,OBSERVED,0.7375328083989501,281.0,381.0,481.0,,
C12,11,fixed_20,23149,381,5000,recall_at_1R_plus_1000,OBSERVED,0.9291338582677166,118.0,127.0,1381.0,,
C12,11,fixed_20,23149,381,5000,recall_at_2R_plus_0,OBSERVED,0.8740157480314961,111.0,127.0,762.0,,
C12,11,fixed_20,23149,381,5000,recall_at_2R_plus_100,OBSERVED,0.8871391076115486,338.0,381.0,862.0,,
C12,11,fixed_20,23149,381,5000,recall_at_2R_plus_1000,OBSERVED,0.931758530183727,355.0,381.0,1762.0,,
C12,11,fixed_20,23149,381,5000,recall_at_4R_plus_0,OBSERVED,0.9291338582677166,118.0,127.0,1524.0,,
C12,11,fixed_20,23149,381,5000,recall_at_4R_plus_100,OBSERVED,0.931758530183727,355.0,381.0,1624.0,,
C12,11,fixed_20,23149,381,5000,recall_at_4R_plus_1000,OBSERVED,0.9396325459317585,358.0,381.0,2524.0,,
C12,11,fixed_20,23149,381,5000,effort_at_75,OBSERVED,496.0,496.0,1.0,,,
C12,11,fixed_20,23149,381,5000,batch_effort_at_75,OBSERVED,501.0,501.0,1.0,,,
C12,11,fixed_20,23149,381,5000,depth_fraction_at_75,OBSERVED,0.021426411508056502,496.0,23149.0,,,
C12,11,fixed_20,23149,381,5000,depth_per_positive_at_75,OBSERVED,1.3018372703412073,496.0,381.0,,,
C12,11,fixed_20,23149,381,5000,effort_at_80,OBSERVED,579.0,579.0,1.0,,,
C12,11,fixed_20,23149,381,5000,batch_effort_at_80,OBSERVED,581.0,581.0,1.0,,,
C12,11,fixed_20,23149,381,5000,depth_fraction_at_80,OBSERVED,0.025011879562832087,579.0,23149.0,,,
C12,11,fixed_20,23149,381,5000,depth_per_positive_at_80,OBSERVED,1.5196850393700787,193.0,127.0,,,
C12,11,fixed_20,23149,381,5000,effort_at_90,OBSERVED,1054.0,1054.0,1.0,,,
C12,11,fixed_20,23149,381,5000,batch_effort_at_90,OBSERVED,1061.0,1061.0,1.0,,,
C12,11,fixed_20,23149,381,5000,depth_fraction_at_90,OBSERVED,0.04553112445462007,1054.0,23149.0,,,
C12,11,fixed_20,23149,381,5000,depth_per_positive_at_90,OBSERVED,2.7664041994750654,1054.0,381.0,,,
C12,11,frozen_svm,23149,381,5000,recall_at_1000,OBSERVED,0.6299212598425197,80.0,127.0,1000.0,,
C12,11,frozen_svm,23149,381,5000,recall_at_R,OBSERVED,0.4356955380577428,166.0,381.0,381.0,,
C12,11,frozen_svm,23149,381,5000,recall_at_2R,OBSERVED,0.5721784776902887,218.0,381.0,762.0,,
C12,11,frozen_svm,23149,381,5000,recall_at_1R_plus_0,OBSERVED,0.4356955380577428,166.0,381.0,381.0,,
C12,11,frozen_svm,23149,381,5000,recall_at_1R_plus_100,OBSERVED,0.4776902887139108,182.0,381.0,481.0,,
C12,11,frozen_svm,23149,381,5000,recall_at_1R_plus_1000,OBSERVED,0.6955380577427821,265.0,381.0,1381.0,,
C12,11,frozen_svm,23149,381,5000,recall_at_2R_plus_0,OBSERVED,0.5721784776902887,218.0,381.0,762.0,,
C12,11,frozen_svm,23149,381,5000,recall_at_2R_plus_100,OBSERVED,0.6010498687664042,229.0,381.0,862.0,,
C12,11,frozen_svm,23149,381,5000,recall_at_2R_plus_1000,OBSERVED,0.7296587926509186,278.0,381.0,1762.0,,
C12,11,frozen_svm,23149,381,5000,recall_at_4R_plus_0,OBSERVED,0.7086614173228346,90.0,127.0,1524.0,,
C12,11,frozen_svm,23149,381,5000,recall_at_4R_plus_100,OBSERVED,0.7191601049868767,274.0,381.0,1624.0,,
C12,11,frozen_svm,23149,381,5000,recall_at_4R_plus_1000,OBSERVED,0.7900262467191601,301.0,381.0,2524.0,,
C12,11,frozen_svm,23149,381,5000,effort_at_75,OBSERVED,1965.0,1965.0,1.0,,,
C12,11,frozen_svm,23149,381,5000,batch_effort_at_75,OBSERVED,2090.0,2090.0,1.0,,,
C12,11,frozen_svm,23149,381,5000,depth_fraction_at_75,OBSERVED,0.0848848762365545,1965.0,23149.0,,,
C12,11,frozen_svm,23149,381,5000,depth_per_positive_at_75,OBSERVED,5.15748031496063,655.0,127.0,,,
C12,11,frozen_svm,23149,381,5000,effort_at_80,OBSERVED,2993.0,2993.0,1.0,,,
C12,11,frozen_svm,23149,381,5000,batch_effort_at_80,OBSERVED,3145.0,3145.0,1.0,,,
C12,11,frozen_svm,23149,381,5000,depth_fraction_at_80,OBSERVED,0.12929284202341354,2993.0,23149.0,,,
C12,11,frozen_svm,23149,381,5000,depth_per_positive_at_80,OBSERVED,7.8556430446194225,2993.0,381.0,,,
C12,11,frozen_svm,23149,381,5000,effort_at_90,CENSORED,CENSORED,,,,5000.0,target_not_reached
C12,11,frozen_svm,23149,381,5000,batch_effort_at_90,CENSORED,CENSORED,,,,5000.0,target_not_reached
C12,11,frozen_svm,23149,381,5000,depth_fraction_at_90,CENSORED,CENSORED,,,,0.21599205149250508,target_not_reached
C12,11,frozen_svm,23149,381,5000,depth_per_positive_at_90,CENSORED,CENSORED,,,,13.123359580052494,target_not_reached
C12,11,random,23149,381,5000,recall_at_1000,OBSERVED,0.05249343832020997,20.0,381.0,1000.0,,
C12,11,random,23149,381,5000,recall_at_R,OBSERVED,0.02099737532808399,8.0,381.0,381.0,,
C12,11,random,23149,381,5000,recall_at_2R,OBSERVED,0.03412073490813648,13.0,381.0,762.0,,
C12,11,random,23149,381,5000,recall_at_1R_plus_0,OBSERVED,0.02099737532808399,8.0,381.0,381.0,,
C12,11,random,23149,381,5000,recall_at_1R_plus_100,OBSERVED,0.023622047244094488,3.0,127.0,481.0,,
C12,11,random,23149,381,5000,recall_at_1R_plus_1000,OBSERVED,0.07874015748031496,10.0,127.0,1381.0,,
C12,11,random,23149,381,5000,recall_at_2R_plus_0,OBSERVED,0.03412073490813648,13.0,381.0,762.0,,
C12,11,random,23149,381,5000,recall_at_2R_plus_100,OBSERVED,0.03674540682414698,14.0,381.0,862.0,,
C12,11,random,23149,381,5000,recall_at_2R_plus_1000,OBSERVED,0.08923884514435695,34.0,381.0,1762.0,,
C12,11,random,23149,381,5000,recall_at_4R_plus_0,OBSERVED,0.08136482939632546,31.0,381.0,1524.0,,
C12,11,random,23149,381,5000,recall_at_4R_plus_100,OBSERVED,0.08398950131233596,32.0,381.0,1624.0,,
C12,11,random,23149,381,5000,recall_at_4R_plus_1000,OBSERVED,0.12598425196850394,16.0,127.0,2524.0,,
C12,11,random,23149,381,5000,effort_at_75,CENSORED,CENSORED,,,,5000.0,target_not_reached
C12,11,random,23149,381,5000,batch_effort_at_75,CENSORED,CENSORED,,,,5000.0,target_not_reached
C12,11,random,23149,381,5000,depth_fraction_at_75,CENSORED,CENSORED,,,,0.21599205149250508,target_not_reached
C12,11,random,23149,381,5000,depth_per_positive_at_75,CENSORED,CENSORED,,,,13.123359580052494,target_not_reached
C12,11,random,23149,381,5000,effort_at_80,CENSORED,CENSORED,,,,5000.0,target_not_reached
C12,11,random,23149,381,5000,batch_effort_at_80,CENSORED,CENSORED,,,,5000.0,target_not_reached
C12,11,random,23149,381,5000,depth_fraction_at_80,CENSORED,CENSORED,,,,0.21599205149250508,target_not_reached
C12,11,random,23149,381,5000,depth_per_positive_at_80,CENSORED,CENSORED,,,,13.123359580052494,target_not_reached
C12,11,random,23149,381,5000,effort_at_90,CENSORED,CENSORED,,,,5000.0,target_not_reached
C12,11,random,23149,381,5000,batch_effort_at_90,CENSORED,CENSORED,,,,5000.0,target_not_reached
C12,11,random,23149,381,5000,depth_fraction_at_90,CENSORED,CENSORED,,,,0.21599205149250508,target_not_reached
C12,11,random,23149,381,5000,depth_per_positive_at_90,CENSORED,CENSORED,,,,13.123359580052494,target_not_reached
C12,11,seed_similarity,23149,381,5000,recall_at_1000,OBSERVED,0.5249343832020997,200.0,381.0,1000.0,,
C12,11,seed_similarity,23149,381,5000,recall_at_R,OBSERVED,0.35170603674540685,134.0,381.0,381.0,,
C12,11,seed_similarity,23149,381,5000,recall_at_2R,OBSERVED,0.48031496062992124,61.0,127.0,762.0,,
C12,11,seed_similarity,23149,381,5000,recall_at_1R_plus_0,OBSERVED,0.35170603674540685,134.0,381.0,381.0,,
C12,11,seed_similarity,23149,381,5000,recall_at_1R_plus_100,OBSERVED,0.3910761154855643,149.0,381.0,481.0,,
C12,11,seed_similarity,23149,381,5000,recall_at_1R_plus_1000,OBSERVED,0.5958005249343832,227.0,381.0,1381.0,,
C12,11,seed_similarity,23149,381,5000,recall_at_2R_plus_0,OBSERVED,0.48031496062992124,61.0,127.0,762.0,,
C12,11,seed_similarity,23149,381,5000,recall_at_2R_plus_100,OBSERVED,0.49606299212598426,63.0,127.0,862.0,,
C12,11,seed_similarity,23149,381,5000,recall_at_2R_plus_1000,OBSERVED,0.6666666666666666,2.0,3.0,1762.0,,
C12,11,seed_similarity,23149,381,5000,recall_at_4R_plus_0,OBSERVED,0.6246719160104987,238.0,381.0,1524.0,,
C12,11,seed_similarity,23149,381,5000,recall_at_4R_plus_100,OBSERVED,0.6351706036745407,242.0,381.0,1624.0,,
C12,11,seed_similarity,23149,381,5000,recall_at_4R_plus_1000,OBSERVED,0.7191601049868767,274.0,381.0,2524.0,,
C12,11,seed_similarity,23149,381,5000,effort_at_75,OBSERVED,2904.0,2904.0,1.0,,,
C12,11,seed_similarity,23149,381,5000,batch_effort_at_75,OBSERVED,3145.0,3145.0,1.0,,,
C12,11,seed_similarity,23149,381,5000,depth_fraction_at_75,OBSERVED,0.12544818350684694,2904.0,23149.0,,,
C12,11,seed_similarity,23149,381,5000,depth_per_positive_at_75,OBSERVED,7.622047244094488,968.0,127.0,,,
C12,11,seed_similarity,23149,381,5000,effort_at_80,OBSERVED,3945.0,3945.0,1.0,,,
C12,11,seed_similarity,23149,381,5000,batch_effort_at_80,OBSERVED,4252.0,4252.0,1.0,,,
C12,11,seed_similarity,23149,381,5000,depth_fraction_at_80,OBSERVED,0.1704177286275865,3945.0,23149.0,,,
C12,11,seed_similarity,23149,381,5000,depth_per_positive_at_80,OBSERVED,10.354330708661417,1315.0,127.0,,,
C12,11,seed_similarity,23149,381,5000,effort_at_90,CENSORED,CENSORED,,,,5000.0,target_not_reached
C12,11,seed_similarity,23149,381,5000,batch_effort_at_90,CENSORED,CENSORED,,,,5000.0,target_not_reached
C12,11,seed_similarity,23149,381,5000,depth_fraction_at_90,CENSORED,CENSORED,,,,0.21599205149250508,target_not_reached
C12,11,seed_similarity,23149,381,5000,depth_per_positive_at_90,CENSORED,CENSORED,,,,13.123359580052494,target_not_reached
C12,11,uncertainty,23149,381,5000,recall_at_1000,OBSERVED,0.7480314960629921,95.0,127.0,1000.0,,
C12,11,uncertainty,23149,381,5000,recall_at_R,OBSERVED,0.48556430446194226,185.0,381.0,381.0,,
C12,11,uncertainty,23149,381,5000,recall_at_2R,OBSERVED,0.7007874015748031,89.0,127.0,762.0,,
C12,11,uncertainty,23149,381,5000,recall_at_1R_plus_0,OBSERVED,0.48556430446194226,185.0,381.0,381.0,,
C12,11,uncertainty,23149,381,5000,recall_at_1R_plus_100,OBSERVED,0.5590551181102362,71.0,127.0,481.0,,
C12,11,uncertainty,23149,381,5000,recall_at_1R_plus_1000,OBSERVED,0.7769028871391076,296.0,381.0,1381.0,,
C12,11,uncertainty,23149,381,5000,recall_at_2R_plus_0,OBSERVED,0.7007874015748031,89.0,127.0,762.0,,
C12,11,uncertainty,23149,381,5000,recall_at_2R_plus_100,OBSERVED,0.7296587926509186,278.0,381.0,862.0,,
C12,11,uncertainty,23149,381,5000,recall_at_2R_plus_1000,OBSERVED,0.7979002624671916,304.0,381.0,1762.0,,
C12,11,uncertainty,23149,381,5000,recall_at_4R_plus_0,OBSERVED,0.7926509186351706,302.0,381.0,1524.0,,
C12,11,uncertainty,23149,381,5000,recall_at_4R_plus_100,OBSERVED,0.7952755905511811,101.0,127.0,1624.0,,
C12,11,uncertainty,23149,381,5000,recall_at_4R_plus_1000,OBSERVED,0.8320209973753281,317.0,381.0,2524.0,,
C12,11,uncertainty,23149,381,5000,effort_at_75,OBSERVED,1033.0,1033.0,1.0,,,
C12,11,uncertainty,23149,381,5000,batch_effort_at_75,OBSERVED,1106.0,1106.0,1.0,,,
C12,11,uncertainty,23149,381,5000,depth_fraction_at_75,OBSERVED,0.04462395783835155,1033.0,23149.0,,,
C12,11,uncertainty,23149,381,5000,depth_per_positive_at_75,OBSERVED,2.711286089238845,1033.0,381.0,,,
C12,11,uncertainty,23149,381,5000,effort_at_80,OBSERVED,1885.0,1885.0,1.0,,,
C12,11,uncertainty,23149,381,5000,batch_effort_at_80,OBSERVED,2090.0,2090.0,1.0,,,
C12,11,uncertainty,23149,381,5000,depth_fraction_at_80,OBSERVED,0.08142900341267441,1885.0,23149.0,,,
C12,11,uncertainty,23149,381,5000,depth_per_positive_at_80,OBSERVED,4.94750656167979,1885.0,381.0,,,
C12,11,uncertainty,23149,381,5000,effort_at_90,CENSORED,CENSORED,,,,5000.0,target_not_reached
C12,11,uncertainty,23149,381,5000,batch_effort_at_90,CENSORED,CENSORED,,,,5000.0,target_not_reached
C12,11,uncertainty,23149,381,5000,depth_fraction_at_90,CENSORED,CENSORED,,,,0.21599205149250508,target_not_reached
C12,11,uncertainty,23149,381,5000,depth_per_positive_at_90,CENSORED,CENSORED,,,,13.123359580052494,target_not_reached
C12,29,auto_tar,23149,381,5000,recall_at_1000,OBSERVED,0.8818897637795275,112.0,127.0,1000.0,,
C12,29,auto_tar,23149,381,5000,recall_at_R,OBSERVED,0.6430446194225722,245.0,381.0,381.0,,
C12,29,auto_tar,23149,381,5000,recall_at_2R,OBSERVED,0.8346456692913385,106.0,127.0,762.0,,
C12,29,auto_tar,23149,381,5000,recall_at_1R_plus_0,OBSERVED,0.6430446194225722,245.0,381.0,381.0,,
C12,29,auto_tar,23149,381,5000,recall_at_1R_plus_100,OBSERVED,0.7296587926509186,278.0,381.0,481.0,,
C12,29,auto_tar,23149,381,5000,recall_at_1R_plus_1000,OBSERVED,0.9186351706036745,350.0,381.0,1381.0,,
C12,29,auto_tar,23149,381,5000,recall_at_2R_plus_0,OBSERVED,0.8346456692913385,106.0,127.0,762.0,,
C12,29,auto_tar,23149,381,5000,recall_at_2R_plus_100,OBSERVED,0.8530183727034121,325.0,381.0,862.0,,
C12,29,auto_tar,23149,381,5000,recall_at_2R_plus_1000,OBSERVED,0.931758530183727,355.0,381.0,1762.0,,
C12,29,auto_tar,23149,381,5000,recall_at_4R_plus_0,OBSERVED,0.9212598425196851,117.0,127.0,1524.0,,
C12,29,auto_tar,23149,381,5000,recall_at_4R_plus_100,OBSERVED,0.931758530183727,355.0,381.0,1624.0,,
C12,29,auto_tar,23149,381,5000,recall_at_4R_plus_1000,OBSERVED,0.9396325459317585,358.0,381.0,2524.0,,
C12,29,auto_tar,23149,381,5000,effort_at_75,OBSERVED,519.0,519.0,1.0,,,
C12,29,auto_tar,23149,381,5000,batch_effort_at_75,OBSERVED,561.0,561.0,1.0,,,
C12,29,auto_tar,23149,381,5000,depth_fraction_at_75,OBSERVED,0.02241997494492203,519.0,23149.0,,,
C12,29,auto_tar,23149,381,5000,depth_per_positive_at_75,OBSERVED,1.3622047244094488,173.0,127.0,,,
C12,29,auto_tar,23149,381,5000,effort_at_80,OBSERVED,650.0,650.0,1.0,,,
C12,29,auto_tar,23149,381,5000,batch_effort_at_80,OBSERVED,708.0,708.0,1.0,,,
C12,29,auto_tar,23149,381,5000,depth_fraction_at_80,OBSERVED,0.02807896669402566,650.0,23149.0,,,
C12,29,auto_tar,23149,381,5000,depth_per_positive_at_80,OBSERVED,1.7060367454068242,650.0,381.0,,,
C12,29,auto_tar,23149,381,5000,effort_at_90,OBSERVED,1108.0,1108.0,1.0,,,
C12,29,auto_tar,23149,381,5000,batch_effort_at_90,OBSERVED,1233.0,1233.0,1.0,,,
C12,29,auto_tar,23149,381,5000,depth_fraction_at_90,OBSERVED,0.047863838610739125,1108.0,23149.0,,,
C12,29,auto_tar,23149,381,5000,depth_per_positive_at_90,OBSERVED,2.9081364829396326,1108.0,381.0,,,
C12,29,explore_10,23149,381,5000,recall_at_1000,OBSERVED,0.884514435695538,337.0,381.0,1000.0,,
C12,29,explore_10,23149,381,5000,recall_at_R,OBSERVED,0.6115485564304461,233.0,381.0,381.0,,
C12,29,explore_10,23149,381,5000,recall_at_2R,OBSERVED,0.8398950131233596,320.0,381.0,762.0,,
C12,29,explore_10,23149,381,5000,recall_at_1R_plus_0,OBSERVED,0.6115485564304461,233.0,381.0,381.0,,
C12,29,explore_10,23149,381,5000,recall_at_1R_plus_100,OBSERVED,0.6929133858267716,88.0,127.0,481.0,,
C12,29,explore_10,23149,381,5000,recall_at_1R_plus_1000,OBSERVED,0.9133858267716536,116.0,127.0,1381.0,,
C12,29,explore_10,23149,381,5000,recall_at_2R_plus_0,OBSERVED,0.8398950131233596,320.0,381.0,762.0,,
C12,29,explore_10,23149,381,5000,recall_at_2R_plus_100,OBSERVED,0.8556430446194225,326.0,381.0,862.0,,
C12,29,explore_10,23149,381,5000,recall_at_2R_plus_1000,OBSERVED,0.9343832020997376,356.0,381.0,1762.0,,
C12,29,explore_10,23149,381,5000,recall_at_4R_plus_0,OBSERVED,0.9212598425196851,117.0,127.0,1524.0,,
C12,29,explore_10,23149,381,5000,recall_at_4R_plus_100,OBSERVED,0.926509186351706,353.0,381.0,1624.0,,
C12,29,explore_10,23149,381,5000,recall_at_4R_plus_1000,OBSERVED,0.9396325459317585,358.0,381.0,2524.0,,
C12,29,explore_10,23149,381,5000,effort_at_75,OBSERVED,562.0,562.0,1.0,,,
C12,29,explore_10,23149,381,5000,batch_effort_at_75,OBSERVED,631.0,631.0,1.0,,,
C12,29,explore_10,23149,381,5000,depth_fraction_at_75,OBSERVED,0.02427750658775757,562.0,23149.0,,,
C12,29,explore_10,23149,381,5000,depth_per_positive_at_75,OBSERVED,1.4750656167979002,562.0,381.0,,,
C12,29,explore_10,23149,381,5000,effort_at_80,OBSERVED,634.0,634.0,1.0,,,
C12,29,explore_10,23149,381,5000,batch_effort_at_80,OBSERVED,708.0,708.0,1.0,,,
C12,29,explore_10,23149,381,5000,depth_fraction_at_80,OBSERVED,0.027387792129249643,634.0,23149.0,,,
C12,29,explore_10,23149,381,5000,depth_per_positive_at_80,OBSERVED,1.6640419947506562,634.0,381.0,,,
C12,29,explore_10,23149,381,5000,effort_at_90,OBSERVED,1150.0,1150.0,1.0,,,
C12,29,explore_10,23149,381,5000,batch_effort_at_90,OBSERVED,1233.0,1233.0,1.0,,,
C12,29,explore_10,23149,381,5000,depth_fraction_at_90,OBSERVED,0.049678171843276164,1150.0,23149.0,,,
C12,29,explore_10,23149,381,5000,depth_per_positive_at_90,OBSERVED,3.0183727034120733,1150.0,381.0,,,
C12,29,fixed_20,23149,381,5000,recall_at_1000,OBSERVED,0.8923884514435696,340.0,381.0,1000.0,,
C12,29,fixed_20,23149,381,5000,recall_at_R,OBSERVED,0.6692913385826772,85.0,127.0,381.0,,
C12,29,fixed_20,23149,381,5000,recall_at_2R,OBSERVED,0.8582677165354331,109.0,127.0,762.0,,
C12,29,fixed_20,23149,381,5000,recall_at_1R_plus_0,OBSERVED,0.6692913385826772,85.0,127.0,381.0,,
C12,29,fixed_20,23149,381,5000,recall_at_1R_plus_100,OBSERVED,0.7322834645669292,93.0,127.0,481.0,,
C12,29,fixed_20,23149,381,5000,recall_at_1R_plus_1000,OBSERVED,0.926509186351706,353.0,381.0,1381.0,,
C12,29,fixed_20,23149,381,5000,recall_at_2R_plus_0,OBSERVED,0.8582677165354331,109.0,127.0,762.0,,
C12,29,fixed_20,23149,381,5000,recall_at_2R_plus_100,OBSERVED,0.8766404199475065,334.0,381.0,862.0,,
C12,29,fixed_20,23149,381,5000,recall_at_2R_plus_1000,OBSERVED,0.931758530183727,355.0,381.0,1762.0,,
C12,29,fixed_20,23149,381,5000,recall_at_4R_plus_0,OBSERVED,0.9291338582677166,118.0,127.0,1524.0,,
C12,29,fixed_20,23149,381,5000,recall_at_4R_plus_100,OBSERVED,0.931758530183727,355.0,381.0,1624.0,,
C12,29,fixed_20,23149,381,5000,recall_at_4R_plus_1000,OBSERVED,0.9396325459317585,358.0,381.0,2524.0,,
C12,29,fixed_20,23149,381,5000,effort_at_75,OBSERVED,521.0,521.0,1.0,,,
C12,29,fixed_20,23149,381,5000,batch_effort_at_75,OBSERVED,521.0,521.0,1.0,,,
C12,29,fixed_20,23149,381,5000,depth_fraction_at_75,OBSERVED,0.022506371765519027,521.0,23149.0,,,
C12,29,fixed_20,23149,381,5000,depth_per_positive_at_75,OBSERVED,1.3674540682414698,521.0,381.0,,,
C12,29,fixed_20,23149,381,5000,effort_at_80,OBSERVED,589.0,589.0,1.0,,,
C12,29,fixed_20,23149,381,5000,batch_effort_at_80,OBSERVED,601.0,601.0,1.0,,,
C12,29,fixed_20,23149,381,5000,depth_fraction_at_80,OBSERVED,0.025443863665817096,589.0,23149.0,,,
C12,29,fixed_20,23149,381,5000,depth_per_positive_at_80,OBSERVED,1.5459317585301837,589.0,381.0,,,
C12,29,fixed_20,23149,381,5000,effort_at_90,OBSERVED,1082.0,1082.0,1.0,,,
C12,29,fixed_20,23149,381,5000,batch_effort_at_90,OBSERVED,1101.0,1101.0,1.0,,,
C12,29,fixed_20,23149,381,5000,depth_fraction_at_90,OBSERVED,0.0467406799429781,1082.0,23149.0,,,
C12,29,fixed_20,23149,381,5000,depth_per_positive_at_90,OBSERVED,2.8398950131233596,1082.0,381.0,,,
C12,29,frozen_svm,23149,381,5000,recall_at_1000,OBSERVED,0.29396325459317585,112.0,381.0,1000.0,,
C12,29,frozen_svm,23149,381,5000,recall_at_R,OBSERVED,0.14960629921259844,19.0,127.0,381.0,,
C12,29,frozen_svm,23149,381,5000,recall_at_2R,OBSERVED,0.2335958005249344,89.0,381.0,762.0,,
C12,29,frozen_svm,23149,381,5000,recall_at_1R_plus_0,OBSERVED,0.14960629921259844,19.0,127.0,381.0,,
C12,29,frozen_svm,23149,381,5000,recall_at_1R_plus_100,OBSERVED,0.16272965879265092,62.0,381.0,481.0,,
C12,29,frozen_svm,23149,381,5000,recall_at_1R_plus_1000,OBSERVED,0.3753280839895013,143.0,381.0,1381.0,,
C12,29,frozen_svm,23149,381,5000,recall_at_2R_plus_0,OBSERVED,0.2335958005249344,89.0,381.0,762.0,,
C12,29,frozen_svm,23149,381,5000,recall_at_2R_plus_100,OBSERVED,0.24934383202099739,95.0,381.0,862.0,,
C12,29,frozen_svm,23149,381,5000,recall_at_2R_plus_1000,OBSERVED,0.4409448818897638,56.0,127.0,1762.0,,
C12,29,frozen_svm,23149,381,5000,recall_at_4R_plus_0,OBSERVED,0.3989501312335958,152.0,381.0,1524.0,,
C12,29,frozen_svm,23149,381,5000,recall_at_4R_plus_100,OBSERVED,0.4199475065616798,160.0,381.0,1624.0,,
C12,29,frozen_svm,23149,381,5000,recall_at_4R_plus_1000,OBSERVED,0.5433070866141733,69.0,127.0,2524.0,,
C12,29,frozen_svm,23149,381,5000,effort_at_75,OBSERVED,4716.0,4716.0,1.0,,,
C12,29,frozen_svm,23149,381,5000,batch_effort_at_75,OBSERVED,5000.0,5000.0,1.0,,,
C12,29,frozen_svm,23149,381,5000,depth_fraction_at_75,OBSERVED,0.2037237029677308,4716.0,23149.0,,,
C12,29,frozen_svm,23149,381,5000,depth_per_positive_at_75,OBSERVED,12.377952755905511,1572.0,127.0,,,
C12,29,frozen_svm,23149,381,5000,effort_at_80,CENSORED,CENSORED,,,,5000.0,target_not_reached
C12,29,frozen_svm,23149,381,5000,batch_effort_at_80,CENSORED,CENSORED,,,,5000.0,target_not_reached
C12,29,frozen_svm,23149,381,5000,depth_fraction_at_80,CENSORED,CENSORED,,,,0.21599205149250508,target_not_reached
C12,29,frozen_svm,23149,381,5000,depth_per_positive_at_80,CENSORED,CENSORED,,,,13.123359580052494,target_not_reached
C12,29,frozen_svm,23149,381,5000,effort_at_90,CENSORED,CENSORED,,,,5000.0,target_not_reached
C12,29,frozen_svm,23149,381,5000,batch_effort_at_90,CENSORED,CENSORED,,,,5000.0,target_not_reached
C12,29,frozen_svm,23149,381,5000,depth_fraction_at_90,CENSORED,CENSORED,,,,0.21599205149250508,target_not_reached
C12,29,frozen_svm,23149,381,5000,depth_per_positive_at_90,CENSORED,CENSORED,,,,13.123359580052494,target_not_reached
C12,29,random,23149,381,5000,recall_at_1000,OBSERVED,0.06824146981627296,26.0,381.0,1000.0,,
C12,29,random,23149,381,5000,recall_at_R,OBSERVED,0.02099737532808399,8.0,381.0,381.0,,
C12,29,random,23149,381,5000,recall_at_2R,OBSERVED,0.047244094488188976,6.0,127.0,762.0,,
C12,29,random,23149,381,5000,recall_at_1R_plus_0,OBSERVED,0.02099737532808399,8.0,381.0,381.0,,
C12,29,random,23149,381,5000,recall_at_1R_plus_100,OBSERVED,0.028871391076115485,11.0,381.0,481.0,,
C12,29,random,23149,381,5000,recall_at_1R_plus_1000,OBSERVED,0.08923884514435695,34.0,381.0,1381.0,,
C12,29,random,23149,381,5000,recall_at_2R_plus_0,OBSERVED,0.047244094488188976,6.0,127.0,762.0,,
C12,29,random,23149,381,5000,recall_at_2R_plus_100,OBSERVED,0.05774278215223097,22.0,381.0,862.0,,
C12,29,random,23149,381,5000,recall_at_2R_plus_1000,OBSERVED,0.10498687664041995,40.0,381.0,1762.0,,
C12,29,random,23149,381,5000,recall_at_4R_plus_0,OBSERVED,0.09711286089238845,37.0,381.0,1524.0,,
C12,29,random,23149,381,5000,recall_at_4R_plus_100,OBSERVED,0.09973753280839895,38.0,381.0,1624.0,,
C12,29,random,23149,381,5000,recall_at_4R_plus_1000,OBSERVED,0.14173228346456693,18.0,127.0,2524.0,,
C12,29,random,23149,381,5000,effort_at_75,CENSORED,CENSORED,,,,5000.0,target_not_reached
C12,29,random,23149,381,5000,batch_effort_at_75,CENSORED,CENSORED,,,,5000.0,target_not_reached
C12,29,random,23149,381,5000,depth_fraction_at_75,CENSORED,CENSORED,,,,0.21599205149250508,target_not_reached
C12,29,random,23149,381,5000,depth_per_positive_at_75,CENSORED,CENSORED,,,,13.123359580052494,target_not_reached
C12,29,random,23149,381,5000,effort_at_80,CENSORED,CENSORED,,,,5000.0,target_not_reached
C12,29,random,23149,381,5000,batch_effort_at_80,CENSORED,CENSORED,,,,5000.0,target_not_reached
C12,29,random,23149,381,5000,depth_fraction_at_80,CENSORED,CENSORED,,,,0.21599205149250508,target_not_reached
C12,29,random,23149,381,5000,depth_per_positive_at_80,CENSORED,CENSORED,,,,13.123359580052494,target_not_reached
C12,29,random,23149,381,5000,effort_at_90,CENSORED,CENSORED,,,,5000.0,target_not_reached
C12,29,random,23149,381,5000,batch_effort_at_90,CENSORED,CENSORED,,,,5000.0,target_not_reached
C12,29,random,23149,381,5000,depth_fraction_at_90,CENSORED,CENSORED,,,,0.21599205149250508,target_not_reached
C12,29,random,23149,381,5000,depth_per_positive_at_90,CENSORED,CENSORED,,,,13.123359580052494,target_not_reached
C12,29,seed_similarity,23149,381,5000,recall_at_1000,OBSERVED,0.32545931758530183,124.0,381.0,1000.0,,
C12,29,seed_similarity,23149,381,5000,recall_at_R,OBSERVED,0.14960629921259844,19.0,127.0,381.0,,
C12,29,seed_similarity,23149,381,5000,recall_at_2R,OBSERVED,0.2677165354330709,34.0,127.0,762.0,,
C12,29,seed_similarity,23149,381,5000,recall_at_1R_plus_0,OBSERVED,0.14960629921259844,19.0,127.0,381.0,,
C12,29,seed_similarity,23149,381,5000,recall_at_1R_plus_100,OBSERVED,0.1889763779527559,24.0,127.0,481.0,,
C12,29,seed_similarity,23149,381,5000,recall_at_1R_plus_1000,OBSERVED,0.3753280839895013,143.0,381.0,1381.0,,
C12,29,seed_similarity,23149,381,5000,recall_at_2R_plus_0,OBSERVED,0.2677165354330709,34.0,127.0,762.0,,
C12,29,seed_similarity,23149,381,5000,recall_at_2R_plus_100,OBSERVED,0.29396325459317585,112.0,381.0,862.0,,
C12,29,seed_similarity,23149,381,5000,recall_at_2R_plus_1000,OBSERVED,0.4199475065616798,160.0,381.0,1762.0,,
C12,29,seed_similarity,23149,381,5000,recall_at_4R_plus_0,OBSERVED,0.3884514435695538,148.0,381.0,1524.0,,
C12,29,seed_similarity,23149,381,5000,recall_at_4R_plus_100,OBSERVED,0.4015748031496063,51.0,127.0,1624.0,,
C12,29,seed_similarity,23149,381,5000,recall_at_4R_plus_1000,OBSERVED,0.5249343832020997,200.0,381.0,2524.0,,
C12,29,seed_similarity,23149,381,5000,effort_at_75,CENSORED,CENSORED,,,,5000.0,target_not_reached
C12,29,seed_similarity,23149,381,5000,batch_effort_at_75,CENSORED,CENSORED,,,,5000.0,target_not_reached
C12,29,seed_similarity,23149,381,5000,depth_fraction_at_75,CENSORED,CENSORED,,,,0.21599205149250508,target_not_reached
C12,29,seed_similarity,23149,381,5000,depth_per_positive_at_75,CENSORED,CENSORED,,,,13.123359580052494,target_not_reached
C12,29,seed_similarity,23149,381,5000,effort_at_80,CENSORED,CENSORED,,,,5000.0,target_not_reached
C12,29,seed_similarity,23149,381,5000,batch_effort_at_80,CENSORED,CENSORED,,,,5000.0,target_not_reached
C12,29,seed_similarity,23149,381,5000,depth_fraction_at_80,CENSORED,CENSORED,,,,0.21599205149250508,target_not_reached
C12,29,seed_similarity,23149,381,5000,depth_per_positive_at_80,CENSORED,CENSORED,,,,13.123359580052494,target_not_reached
C12,29,seed_similarity,23149,381,5000,effort_at_90,CENSORED,CENSORED,,,,5000.0,target_not_reached
C12,29,seed_similarity,23149,381,5000,batch_effort_at_90,CENSORED,CENSORED,,,,5000.0,target_not_reached
C12,29,seed_similarity,23149,381,5000,depth_fraction_at_90,CENSORED,CENSORED,,,,0.21599205149250508,target_not_reached
C12,29,seed_similarity,23149,381,5000,depth_per_positive_at_90,CENSORED,CENSORED,,,,13.123359580052494,target_not_reached
C12,29,uncertainty,23149,381,5000,recall_at_1000,OBSERVED,0.7506561679790026,286.0,381.0,1000.0,,
C12,29,uncertainty,23149,381,5000,recall_at_R,OBSERVED,0.46981627296587924,179.0,381.0,381.0,,
C12,29,uncertainty,23149,381,5000,recall_at_2R,OBSERVED,0.6929133858267716,88.0,127.0,762.0,,
C12,29,uncertainty,23149,381,5000,recall_at_1R_plus_0,OBSERVED,0.46981627296587924,179.0,381.0,381.0,,
C12,29,uncertainty,23149,381,5000,recall_at_1R_plus_100,OBSERVED,0.5485564304461942,209.0,381.0,481.0,,
C12,29,uncertainty,23149,381,5000,recall_at_1R_plus_1000,OBSERVED,0.7952755905511811,101.0,127.0,1381.0,,
C12,29,uncertainty,23149,381,5000,recall_at_2R_plus_0,OBSERVED,0.6929133858267716,88.0,127.0,762.0,,
C12,29,uncertainty,23149,381,5000,recall_at_2R_plus_100,OBSERVED,0.7112860892388452,271.0,381.0,862.0,,
C12,29,uncertainty,23149,381,5000,recall_at_2R_plus_1000,OBSERVED,0.8083989501312336,308.0,381.0,1762.0,,
C12,29,uncertainty,23149,381,5000,recall_at_4R_plus_0,OBSERVED,0.8031496062992126,102.0,127.0,1524.0,,
C12,29,uncertainty,23149,381,5000,recall_at_4R_plus_100,OBSERVED,0.8083989501312336,308.0,381.0,1624.0,,
C12,29,uncertainty,23149,381,5000,recall_at_4R_plus_1000,OBSERVED,0.821522309711286,313.0,381.0,2524.0,,
C12,29,uncertainty,23149,381,5000,effort_at_75,OBSERVED,979.0,979.0,1.0,,,
C12,29,uncertainty,23149,381,5000,batch_effort_at_75,OBSERVED,991.0,991.0,1.0,,,
C12,29,uncertainty,23149,381,5000,depth_fraction_at_75,OBSERVED,0.04229124368223249,979.0,23149.0,,,
C12,29,uncertainty,23149,381,5000,depth_per_positive_at_75,OBSERVED,2.5695538057742784,979.0,381.0,,,
C12,29,uncertainty,23149,381,5000,effort_at_80,OBSERVED,1403.0,1403.0,1.0,,,
C12,29,uncertainty,23149,381,5000,batch_effort_at_80,OBSERVED,1527.0,1527.0,1.0,,,
C12,29,uncertainty,23149,381,5000,depth_fraction_at_80,OBSERVED,0.06060736964879693,1403.0,23149.0,,,
C12,29,uncertainty,23149,381,5000,depth_per_positive_at_80,OBSERVED,3.6824146981627295,1403.0,381.0,,,
C12,29,uncertainty,23149,381,5000,effort_at_90,CENSORED,CENSORED,,,,5000.0,target_not_reached
C12,29,uncertainty,23149,381,5000,batch_effort_at_90,CENSORED,CENSORED,,,,5000.0,target_not_reached
C12,29,uncertainty,23149,381,5000,depth_fraction_at_90,CENSORED,CENSORED,,,,0.21599205149250508,target_not_reached
C12,29,uncertainty,23149,381,5000,depth_per_positive_at_90,CENSORED,CENSORED,,,,13.123359580052494,target_not_reached
C12,47,auto_tar,23149,381,5000,recall_at_1000,OBSERVED,0.9002624671916011,343.0,381.0,1000.0,,
C12,47,auto_tar,23149,381,5000,recall_at_R,OBSERVED,0.6692913385826772,85.0,127.0,381.0,,
C12,47,auto_tar,23149,381,5000,recall_at_2R,OBSERVED,0.8608923884514436,328.0,381.0,762.0,,
C12,47,auto_tar,23149,381,5000,recall_at_1R_plus_0,OBSERVED,0.6692913385826772,85.0,127.0,381.0,,
C12,47,auto_tar,23149,381,5000,recall_at_1R_plus_100,OBSERVED,0.7322834645669292,93.0,127.0,481.0,,
C12,47,auto_tar,23149,381,5000,recall_at_1R_plus_1000,OBSERVED,0.926509186351706,353.0,381.0,1381.0,,
C12,47,auto_tar,23149,381,5000,recall_at_2R_plus_0,OBSERVED,0.8608923884514436,328.0,381.0,762.0,,
C12,47,auto_tar,23149,381,5000,recall_at_2R_plus_100,OBSERVED,0.8818897637795275,112.0,127.0,862.0,,
C12,47,auto_tar,23149,381,5000,recall_at_2R_plus_1000,OBSERVED,0.931758530183727,355.0,381.0,1762.0,,
C12,47,auto_tar,23149,381,5000,recall_at_4R_plus_0,OBSERVED,0.931758530183727,355.0,381.0,1524.0,,
C12,47,auto_tar,23149,381,5000,recall_at_4R_plus_100,OBSERVED,0.931758530183727,355.0,381.0,1624.0,,
C12,47,auto_tar,23149,381,5000,recall_at_4R_plus_1000,OBSERVED,0.9396325459317585,358.0,381.0,2524.0,,
C12,47,auto_tar,23149,381,5000,effort_at_75,OBSERVED,518.0,518.0,1.0,,,
C12,47,auto_tar,23149,381,5000,batch_effort_at_75,OBSERVED,561.0,561.0,1.0,,,
C12,47,auto_tar,23149,381,5000,depth_fraction_at_75,OBSERVED,0.022376776534623527,74.0,3307.0,,,
C12,47,auto_tar,23149,381,5000,depth_per_positive_at_75,OBSERVED,1.3595800524934383,518.0,381.0,,,
C12,47,auto_tar,23149,381,5000,effort_at_80,OBSERVED,630.0,630.0,1.0,,,
C12,47,auto_tar,23149,381,5000,batch_effort_at_80,OBSERVED,631.0,631.0,1.0,,,
C12,47,auto_tar,23149,381,5000,depth_fraction_at_80,OBSERVED,0.027214998488055638,90.0,3307.0,,,
C12,47,auto_tar,23149,381,5000,depth_per_positive_at_80,OBSERVED,1.6535433070866141,210.0,127.0,,,
C12,47,auto_tar,23149,381,5000,effort_at_90,OBSERVED,1000.0,1000.0,1.0,,,
C12,47,auto_tar,23149,381,5000,batch_effort_at_90,OBSERVED,1106.0,1106.0,1.0,,,
C12,47,auto_tar,23149,381,5000,depth_fraction_at_90,OBSERVED,0.043198410298501015,1000.0,23149.0,,,
C12,47,auto_tar,23149,381,5000,depth_per_positive_at_90,OBSERVED,2.6246719160104988,1000.0,381.0,,,
C12,47,explore_10,23149,381,5000,recall_at_1000,OBSERVED,0.884514435695538,337.0,381.0,1000.0,,
C12,47,explore_10,23149,381,5000,recall_at_R,OBSERVED,0.6535433070866141,83.0,127.0,381.0,,
C12,47,explore_10,23149,381,5000,recall_at_2R,OBSERVED,0.8241469816272966,314.0,381.0,762.0,,
C12,47,explore_10,23149,381,5000,recall_at_1R_plus_0,OBSERVED,0.6535433070866141,83.0,127.0,381.0,,
C12,47,explore_10,23149,381,5000,recall_at_1R_plus_100,OBSERVED,0.7217847769028871,275.0,381.0,481.0,,
C12,47,explore_10,23149,381,5000,recall_at_1R_plus_1000,OBSERVED,0.9081364829396326,346.0,381.0,1381.0,,
C12,47,explore_10,23149,381,5000,recall_at_2R_plus_0,OBSERVED,0.8241469816272966,314.0,381.0,762.0,,
C12,47,explore_10,23149,381,5000,recall_at_2R_plus_100,OBSERVED,0.8582677165354331,109.0,127.0,862.0,,
C12,47,explore_10,23149,381,5000,recall_at_2R_plus_1000,OBSERVED,0.931758530183727,355.0,381.0,1762.0,,
C12,47,explore_10,23149,381,5000,recall_at_4R_plus_0,OBSERVED,0.9186351706036745,350.0,381.0,1524.0,,
C12,47,explore_10,23149,381,5000,recall_at_4R_plus_100,OBSERVED,0.9238845144356955,352.0,381.0,1624.0,,
C12,47,explore_10,23149,381,5000,recall_at_4R_plus_1000,OBSERVED,0.937007874015748,119.0,127.0,2524.0,,
C12,47,explore_10,23149,381,5000,effort_at_75,OBSERVED,530.0,530.0,1.0,,,
C12,47,explore_10,23149,381,5000,batch_effort_at_75,OBSERVED,561.0,561.0,1.0,,,
C12,47,explore_10,23149,381,5000,depth_fraction_at_75,OBSERVED,0.02289515745820554,530.0,23149.0,,,
C12,47,explore_10,23149,381,5000,depth_per_positive_at_75,OBSERVED,1.3910761154855642,530.0,381.0,,,
C12,47,explore_10,23149,381,5000,effort_at_80,OBSERVED,664.0,664.0,1.0,,,
C12,47,explore_10,23149,381,5000,batch_effort_at_80,OBSERVED,708.0,708.0,1.0,,,
C12,47,explore_10,23149,381,5000,depth_fraction_at_80,OBSERVED,0.028683744438204675,664.0,23149.0,,,
C12,47,explore_10,23149,381,5000,depth_per_positive_at_80,OBSERVED,1.7427821522309712,664.0,381.0,,,
C12,47,explore_10,23149,381,5000,effort_at_90,OBSERVED,1180.0,1180.0,1.0,,,
C12,47,explore_10,23149,381,5000,batch_effort_at_90,OBSERVED,1233.0,1233.0,1.0,,,
C12,47,explore_10,23149,381,5000,depth_fraction_at_90,OBSERVED,0.050974124152231196,1180.0,23149.0,,,
C12,47,explore_10,23149,381,5000,depth_per_positive_at_90,OBSERVED,3.0971128608923886,1180.0,381.0,,,
C12,47,fixed_20,23149,381,5000,recall_at_1000,OBSERVED,0.89501312335958,341.0,381.0,1000.0,,
C12,47,fixed_20,23149,381,5000,recall_at_R,OBSERVED,0.6614173228346457,84.0,127.0,381.0,,
C12,47,fixed_20,23149,381,5000,recall_at_2R,OBSERVED,0.8661417322834646,110.0,127.0,762.0,,
C12,47,fixed_20,23149,381,5000,recall_at_1R_plus_0,OBSERVED,0.6614173228346457,84.0,127.0,381.0,,
C12,47,fixed_20,23149,381,5000,recall_at_1R_plus_100,OBSERVED,0.7401574803149606,94.0,127.0,481.0,,
C12,47,fixed_20,23149,381,5000,recall_at_1R_plus_1000,OBSERVED,0.9291338582677166,118.0,127.0,1381.0,,
C12,47,fixed_20,23149,381,5000,recall_at_2R_plus_0,OBSERVED,0.8661417322834646,110.0,127.0,762.0,,
C12,47,fixed_20,23149,381,5000,recall_at_2R_plus_100,OBSERVED,0.8792650918635171,335.0,381.0,862.0,,
C12,47,fixed_20,23149,381,5000,recall_at_2R_plus_1000,OBSERVED,0.931758530183727,355.0,381.0,1762.0,,
C12,47,fixed_20,23149,381,5000,recall_at_4R_plus_0,OBSERVED,0.9291338582677166,118.0,127.0,1524.0,,
C12,47,fixed_20,23149,381,5000,recall_at_4R_plus_100,OBSERVED,0.931758530183727,355.0,381.0,1624.0,,
C12,47,fixed_20,23149,381,5000,recall_at_4R_plus_1000,OBSERVED,0.9396325459317585,358.0,381.0,2524.0,,
C12,47,fixed_20,23149,381,5000,effort_at_75,OBSERVED,490.0,490.0,1.0,,,
C12,47,fixed_20,23149,381,5000,batch_effort_at_75,OBSERVED,501.0,501.0,1.0,,,
C12,47,fixed_20,23149,381,5000,depth_fraction_at_75,OBSERVED,0.0211672210462655,70.0,3307.0,,,
C12,47,fixed_20,23149,381,5000,depth_per_positive_at_75,OBSERVED,1.2860892388451444,490.0,381.0,,,
C12,47,fixed_20,23149,381,5000,effort_at_80,OBSERVED,566.0,566.0,1.0,,,
C12,47,fixed_20,23149,381,5000,batch_effort_at_80,OBSERVED,581.0,581.0,1.0,,,
C12,47,fixed_20,23149,381,5000,depth_fraction_at_80,OBSERVED,0.024450300228951574,566.0,23149.0,,,
C12,47,fixed_20,23149,381,5000,depth_per_positive_at_80,OBSERVED,1.4855643044619422,566.0,381.0,,,
C12,47,fixed_20,23149,381,5000,effort_at_90,OBSERVED,1062.0,1062.0,1.0,,,
C12,47,fixed_20,23149,381,5000,batch_effort_at_90,OBSERVED,1081.0,1081.0,1.0,,,
C12,47,fixed_20,23149,381,5000,depth_fraction_at_90,OBSERVED,0.04587671173700808,1062.0,23149.0,,,
C12,47,fixed_20,23149,381,5000,depth_per_positive_at_90,OBSERVED,2.7874015748031495,354.0,127.0,,,
C12,47,frozen_svm,23149,381,5000,recall_at_1000,OBSERVED,0.42782152230971127,163.0,381.0,1000.0,,
C12,47,frozen_svm,23149,381,5000,recall_at_R,OBSERVED,0.2677165354330709,34.0,127.0,381.0,,
C12,47,frozen_svm,23149,381,5000,recall_at_2R,OBSERVED,0.3805774278215223,145.0,381.0,762.0,,
C12,47,frozen_svm,23149,381,5000,recall_at_1R_plus_0,OBSERVED,0.2677165354330709,34.0,127.0,381.0,,
C12,47,frozen_svm,23149,381,5000,recall_at_1R_plus_100,OBSERVED,0.29658792650918636,113.0,381.0,481.0,,
C12,47,frozen_svm,23149,381,5000,recall_at_1R_plus_1000,OBSERVED,0.49606299212598426,63.0,127.0,1381.0,,
C12,47,frozen_svm,23149,381,5000,recall_at_2R_plus_0,OBSERVED,0.3805774278215223,145.0,381.0,762.0,,
C12,47,frozen_svm,23149,381,5000,recall_at_2R_plus_100,OBSERVED,0.4068241469816273,155.0,381.0,862.0,,
C12,47,frozen_svm,23149,381,5000,recall_at_2R_plus_1000,OBSERVED,0.5170603674540682,197.0,381.0,1762.0,,
C12,47,frozen_svm,23149,381,5000,recall_at_4R_plus_0,OBSERVED,0.5013123359580053,191.0,381.0,1524.0,,
C12,47,frozen_svm,23149,381,5000,recall_at_4R_plus_100,OBSERVED,0.5039370078740157,64.0,127.0,1624.0,,
C12,47,frozen_svm,23149,381,5000,recall_at_4R_plus_1000,OBSERVED,0.5721784776902887,218.0,381.0,2524.0,,
C12,47,frozen_svm,23149,381,5000,effort_at_75,CENSORED,CENSORED,,,,5000.0,target_not_reached
C12,47,frozen_svm,23149,381,5000,batch_effort_at_75,CENSORED,CENSORED,,,,5000.0,target_not_reached
C12,47,frozen_svm,23149,381,5000,depth_fraction_at_75,CENSORED,CENSORED,,,,0.21599205149250508,target_not_reached
C12,47,frozen_svm,23149,381,5000,depth_per_positive_at_75,CENSORED,CENSORED,,,,13.123359580052494,target_not_reached
C12,47,frozen_svm,23149,381,5000,effort_at_80,CENSORED,CENSORED,,,,5000.0,target_not_reached
C12,47,frozen_svm,23149,381,5000,batch_effort_at_80,CENSORED,CENSORED,,,,5000.0,target_not_reached
C12,47,frozen_svm,23149,381,5000,depth_fraction_at_80,CENSORED,CENSORED,,,,0.21599205149250508,target_not_reached
C12,47,frozen_svm,23149,381,5000,depth_per_positive_at_80,CENSORED,CENSORED,,,,13.123359580052494,target_not_reached
C12,47,frozen_svm,23149,381,5000,effort_at_90,CENSORED,CENSORED,,,,5000.0,target_not_reached
C12,47,frozen_svm,23149,381,5000,batch_effort_at_90,CENSORED,CENSORED,,,,5000.0,target_not_reached
C12,47,frozen_svm,23149,381,5000,depth_fraction_at_90,CENSORED,CENSORED,,,,0.21599205149250508,target_not_reached
C12,47,frozen_svm,23149,381,5000,depth_per_positive_at_90,CENSORED,CENSORED,,,,13.123359580052494,target_not_reached
C12,47,random,23149,381,5000,recall_at_1000,OBSERVED,0.03674540682414698,14.0,381.0,1000.0,,
C12,47,random,23149,381,5000,recall_at_R,OBSERVED,0.01837270341207349,7.0,381.0,381.0,,
C12,47,random,23149,381,5000,recall_at_2R,OBSERVED,0.028871391076115485,11.0,381.0,762.0,,
C12,47,random,23149,381,5000,recall_at_1R_plus_0,OBSERVED,0.01837270341207349,7.0,381.0,381.0,,
C12,47,random,23149,381,5000,recall_at_1R_plus_100,OBSERVED,0.02099737532808399,8.0,381.0,481.0,,
C12,47,random,23149,381,5000,recall_at_1R_plus_1000,OBSERVED,0.05249343832020997,20.0,381.0,1381.0,,
C12,47,random,23149,381,5000,recall_at_2R_plus_0,OBSERVED,0.028871391076115485,11.0,381.0,762.0,,
C12,47,random,23149,381,5000,recall_at_2R_plus_100,OBSERVED,0.028871391076115485,11.0,381.0,862.0,,
C12,47,random,23149,381,5000,recall_at_2R_plus_1000,OBSERVED,0.06036745406824147,23.0,381.0,1762.0,,
C12,47,random,23149,381,5000,recall_at_4R_plus_0,OBSERVED,0.05249343832020997,20.0,381.0,1524.0,,
C12,47,random,23149,381,5000,recall_at_4R_plus_100,OBSERVED,0.05249343832020997,20.0,381.0,1624.0,,
C12,47,random,23149,381,5000,recall_at_4R_plus_1000,OBSERVED,0.08923884514435695,34.0,381.0,2524.0,,
C12,47,random,23149,381,5000,effort_at_75,CENSORED,CENSORED,,,,5000.0,target_not_reached
C12,47,random,23149,381,5000,batch_effort_at_75,CENSORED,CENSORED,,,,5000.0,target_not_reached
C12,47,random,23149,381,5000,depth_fraction_at_75,CENSORED,CENSORED,,,,0.21599205149250508,target_not_reached
C12,47,random,23149,381,5000,depth_per_positive_at_75,CENSORED,CENSORED,,,,13.123359580052494,target_not_reached
C12,47,random,23149,381,5000,effort_at_80,CENSORED,CENSORED,,,,5000.0,target_not_reached
C12,47,random,23149,381,5000,batch_effort_at_80,CENSORED,CENSORED,,,,5000.0,target_not_reached
C12,47,random,23149,381,5000,depth_fraction_at_80,CENSORED,CENSORED,,,,0.21599205149250508,target_not_reached
C12,47,random,23149,381,5000,depth_per_positive_at_80,CENSORED,CENSORED,,,,13.123359580052494,target_not_reached
C12,47,random,23149,381,5000,effort_at_90,CENSORED,CENSORED,,,,5000.0,target_not_reached
C12,47,random,23149,381,5000,batch_effort_at_90,CENSORED,CENSORED,,,,5000.0,target_not_reached
C12,47,random,23149,381,5000,depth_fraction_at_90,CENSORED,CENSORED,,,,0.21599205149250508,target_not_reached
C12,47,random,23149,381,5000,depth_per_positive_at_90,CENSORED,CENSORED,,,,13.123359580052494,target_not_reached
C12,47,seed_similarity,23149,381,5000,recall_at_1000,OBSERVED,0.4225721784776903,161.0,381.0,1000.0,,
C12,47,seed_similarity,23149,381,5000,recall_at_R,OBSERVED,0.30708661417322836,39.0,127.0,381.0,,
C12,47,seed_similarity,23149,381,5000,recall_at_2R,OBSERVED,0.38320209973753283,146.0,381.0,762.0,,
C12,47,seed_similarity,23149,381,5000,recall_at_1R_plus_0,OBSERVED,0.30708661417322836,39.0,127.0,381.0,,
C12,47,seed_similarity,23149,381,5000,recall_at_1R_plus_100,OBSERVED,0.32808398950131235,125.0,381.0,481.0,,
C12,47,seed_similarity,23149,381,5000,recall_at_1R_plus_1000,OBSERVED,0.49343832020997375,188.0,381.0,1381.0,,
C12,47,seed_similarity,23149,381,5000,recall_at_2R_plus_0,OBSERVED,0.38320209973753283,146.0,381.0,762.0,,
C12,47,seed_similarity,23149,381,5000,recall_at_2R_plus_100,OBSERVED,0.3963254593175853,151.0,381.0,862.0,,
C12,47,seed_similarity,23149,381,5000,recall_at_2R_plus_1000,OBSERVED,0.5328083989501312,203.0,381.0,1762.0,,
C12,47,seed_similarity,23149,381,5000,recall_at_4R_plus_0,OBSERVED,0.5118110236220472,65.0,127.0,1524.0,,
C12,47,seed_similarity,23149,381,5000,recall_at_4R_plus_100,OBSERVED,0.5249343832020997,200.0,381.0,1624.0,,
C12,47,seed_similarity,23149,381,5000,recall_at_4R_plus_1000,OBSERVED,0.6141732283464567,78.0,127.0,2524.0,,
C12,47,seed_similarity,23149,381,5000,effort_at_75,CENSORED,CENSORED,,,,5000.0,target_not_reached
C12,47,seed_similarity,23149,381,5000,batch_effort_at_75,CENSORED,CENSORED,,,,5000.0,target_not_reached
C12,47,seed_similarity,23149,381,5000,depth_fraction_at_75,CENSORED,CENSORED,,,,0.21599205149250508,target_not_reached
C12,47,seed_similarity,23149,381,5000,depth_per_positive_at_75,CENSORED,CENSORED,,,,13.123359580052494,target_not_reached
C12,47,seed_similarity,23149,381,5000,effort_at_80,CENSORED,CENSORED,,,,5000.0,target_not_reached
C12,47,seed_similarity,23149,381,5000,batch_effort_at_80,CENSORED,CENSORED,,,,5000.0,target_not_reached
C12,47,seed_similarity,23149,381,5000,depth_fraction_at_80,CENSORED,CENSORED,,,,0.21599205149250508,target_not_reached
C12,47,seed_similarity,23149,381,5000,depth_per_positive_at_80,CENSORED,CENSORED,,,,13.123359580052494,target_not_reached
C12,47,seed_similarity,23149,381,5000,effort_at_90,CENSORED,CENSORED,,,,5000.0,target_not_reached
C12,47,seed_similarity,23149,381,5000,batch_effort_at_90,CENSORED,CENSORED,,,,5000.0,target_not_reached
C12,47,seed_similarity,23149,381,5000,depth_fraction_at_90,CENSORED,CENSORED,,,,0.21599205149250508,target_not_reached
C12,47,seed_similarity,23149,381,5000,depth_per_positive_at_90,CENSORED,CENSORED,,,,13.123359580052494,target_not_reached
C12,47,uncertainty,23149,381,5000,recall_at_1000,OBSERVED,0.7322834645669292,93.0,127.0,1000.0,,
C12,47,uncertainty,23149,381,5000,recall_at_R,OBSERVED,0.4671916010498688,178.0,381.0,381.0,,
C12,47,uncertainty,23149,381,5000,recall_at_2R,OBSERVED,0.6929133858267716,88.0,127.0,762.0,,
C12,47,uncertainty,23149,381,5000,recall_at_1R_plus_0,OBSERVED,0.4671916010498688,178.0,381.0,381.0,,
C12,47,uncertainty,23149,381,5000,recall_at_1R_plus_100,OBSERVED,0.5695538057742782,217.0,381.0,481.0,,
C12,47,uncertainty,23149,381,5000,recall_at_1R_plus_1000,OBSERVED,0.7716535433070866,98.0,127.0,1381.0,,
C12,47,uncertainty,23149,381,5000,recall_at_2R_plus_0,OBSERVED,0.6929133858267716,88.0,127.0,762.0,,
C12,47,uncertainty,23149,381,5000,recall_at_2R_plus_100,OBSERVED,0.7139107611548556,272.0,381.0,862.0,,
C12,47,uncertainty,23149,381,5000,recall_at_2R_plus_1000,OBSERVED,0.8057742782152231,307.0,381.0,1762.0,,
C12,47,uncertainty,23149,381,5000,recall_at_4R_plus_0,OBSERVED,0.7847769028871391,299.0,381.0,1524.0,,
C12,47,uncertainty,23149,381,5000,recall_at_4R_plus_100,OBSERVED,0.7979002624671916,304.0,381.0,1624.0,,
C12,47,uncertainty,23149,381,5000,recall_at_4R_plus_1000,OBSERVED,0.8241469816272966,314.0,381.0,2524.0,,
C12,47,uncertainty,23149,381,5000,effort_at_75,OBSERVED,1085.0,1085.0,1.0,,,
C12,47,uncertainty,23149,381,5000,batch_effort_at_75,OBSERVED,1106.0,1106.0,1.0,,,
C12,47,uncertainty,23149,381,5000,depth_fraction_at_75,OBSERVED,0.0468702751738736,155.0,3307.0,,,
C12,47,uncertainty,23149,381,5000,depth_per_positive_at_75,OBSERVED,2.847769028871391,1085.0,381.0,,,
C12,47,uncertainty,23149,381,5000,effort_at_80,OBSERVED,1698.0,1698.0,1.0,,,
C12,47,uncertainty,23149,381,5000,batch_effort_at_80,OBSERVED,1884.0,1884.0,1.0,,,
C12,47,uncertainty,23149,381,5000,depth_fraction_at_80,OBSERVED,0.07335090068685472,1698.0,23149.0,,,
C12,47,uncertainty,23149,381,5000,depth_per_positive_at_80,OBSERVED,4.456692913385827,566.0,127.0,,,
C12,47,uncertainty,23149,381,5000,effort_at_90,CENSORED,CENSORED,,,,5000.0,target_not_reached
C12,47,uncertainty,23149,381,5000,batch_effort_at_90,CENSORED,CENSORED,,,,5000.0,target_not_reached
C12,47,uncertainty,23149,381,5000,depth_fraction_at_90,CENSORED,CENSORED,,,,0.21599205149250508,target_not_reached
C12,47,uncertainty,23149,381,5000,depth_per_positive_at_90,CENSORED,CENSORED,,,,13.123359580052494,target_not_reached
C15,11,auto_tar,23149,4179,5000,recall_at_1000,OBSERVED,0.23665948791576932,989.0,4179.0,1000.0,,
C15,11,auto_tar,23149,4179,5000,recall_at_R,OBSERVED,0.8798755683177794,3677.0,4179.0,4179.0,,
C15,11,auto_tar,23149,4179,5000,recall_at_2R,CENSORED,CENSORED,,,8358.0,,requested_depth_exceeds_logged_budget
C15,11,auto_tar,23149,4179,5000,recall_at_1R_plus_0,OBSERVED,0.8798755683177794,3677.0,4179.0,4179.0,,
C15,11,auto_tar,23149,4179,5000,recall_at_1R_plus_100,OBSERVED,0.888490069394592,3713.0,4179.0,4279.0,,
C15,11,auto_tar,23149,4179,5000,recall_at_1R_plus_1000,CENSORED,CENSORED,,,5179.0,,requested_depth_exceeds_logged_budget
C15,11,auto_tar,23149,4179,5000,recall_at_2R_plus_0,CENSORED,CENSORED,,,8358.0,,requested_depth_exceeds_logged_budget
C15,11,auto_tar,23149,4179,5000,recall_at_2R_plus_100,CENSORED,CENSORED,,,8458.0,,requested_depth_exceeds_logged_budget
C15,11,auto_tar,23149,4179,5000,recall_at_2R_plus_1000,CENSORED,CENSORED,,,9358.0,,requested_depth_exceeds_logged_budget
C15,11,auto_tar,23149,4179,5000,recall_at_4R_plus_0,CENSORED,CENSORED,,,16716.0,,requested_depth_exceeds_logged_budget
C15,11,auto_tar,23149,4179,5000,recall_at_4R_plus_100,CENSORED,CENSORED,,,16816.0,,requested_depth_exceeds_logged_budget
C15,11,auto_tar,23149,4179,5000,recall_at_4R_plus_1000,CENSORED,CENSORED,,,17716.0,,requested_depth_exceeds_logged_budget
C15,11,auto_tar,23149,4179,5000,effort_at_75,OBSERVED,3273.0,3273.0,1.0,,,
C15,11,auto_tar,23149,4179,5000,batch_effort_at_75,OBSERVED,3479.0,3479.0,1.0,,,
C15,11,auto_tar,23149,4179,5000,depth_fraction_at_75,OBSERVED,0.1413883969069938,3273.0,23149.0,,,
C15,11,auto_tar,23149,4179,5000,depth_per_positive_at_75,OBSERVED,0.7832017229002154,1091.0,1393.0,,,
C15,11,auto_tar,23149,4179,5000,effort_at_80,OBSERVED,3535.0,3535.0,1.0,,,
C15,11,auto_tar,23149,4179,5000,batch_effort_at_80,OBSERVED,3847.0,3847.0,1.0,,,
C15,11,auto_tar,23149,4179,5000,depth_fraction_at_80,OBSERVED,0.1527063804052011,505.0,3307.0,,,
C15,11,auto_tar,23149,4179,5000,depth_per_positive_at_80,OBSERVED,0.8458961474036851,505.0,597.0,,,
C15,11,auto_tar,23149,4179,5000,effort_at_90,OBSERVED,4423.0,4423.0,1.0,,,
C15,11,auto_tar,23149,4179,5000,batch_effort_at_90,OBSERVED,4698.0,4698.0,1.0,,,
C15,11,auto_tar,23149,4179,5000,depth_fraction_at_90,OBSERVED,0.19106656875026998,4423.0,23149.0,,,
C15,11,auto_tar,23149,4179,5000,depth_per_positive_at_90,OBSERVED,1.0583871739650634,4423.0,4179.0,,,
C15,11,explore_10,23149,4179,5000,recall_at_1000,OBSERVED,0.21847331897583153,913.0,4179.0,1000.0,,
C15,11,explore_10,23149,4179,5000,recall_at_R,OBSERVED,0.843742522134482,3526.0,4179.0,4179.0,,
C15,11,explore_10,23149,4179,5000,recall_at_2R,CENSORED,CENSORED,,,8358.0,,requested_depth_exceeds_logged_budget
C15,11,explore_10,23149,4179,5000,recall_at_1R_plus_0,OBSERVED,0.843742522134482,3526.0,4179.0,4179.0,,
C15,11,explore_10,23149,4179,5000,recall_at_1R_plus_100,OBSERVED,0.8528356066044508,1188.0,1393.0,4279.0,,
C15,11,explore_10,23149,4179,5000,recall_at_1R_plus_1000,CENSORED,CENSORED,,,5179.0,,requested_depth_exceeds_logged_budget
C15,11,explore_10,23149,4179,5000,recall_at_2R_plus_0,CENSORED,CENSORED,,,8358.0,,requested_depth_exceeds_logged_budget
C15,11,explore_10,23149,4179,5000,recall_at_2R_plus_100,CENSORED,CENSORED,,,8458.0,,requested_depth_exceeds_logged_budget
C15,11,explore_10,23149,4179,5000,recall_at_2R_plus_1000,CENSORED,CENSORED,,,9358.0,,requested_depth_exceeds_logged_budget
C15,11,explore_10,23149,4179,5000,recall_at_4R_plus_0,CENSORED,CENSORED,,,16716.0,,requested_depth_exceeds_logged_budget
C15,11,explore_10,23149,4179,5000,recall_at_4R_plus_100,CENSORED,CENSORED,,,16816.0,,requested_depth_exceeds_logged_budget
C15,11,explore_10,23149,4179,5000,recall_at_4R_plus_1000,CENSORED,CENSORED,,,17716.0,,requested_depth_exceeds_logged_budget
C15,11,explore_10,23149,4179,5000,effort_at_75,OBSERVED,3555.0,3555.0,1.0,,,
C15,11,explore_10,23149,4179,5000,batch_effort_at_75,OBSERVED,3847.0,3847.0,1.0,,,
C15,11,explore_10,23149,4179,5000,depth_fraction_at_75,OBSERVED,0.1535703486111711,3555.0,23149.0,,,
C15,11,explore_10,23149,4179,5000,depth_per_positive_at_75,OBSERVED,0.8506819813352476,1185.0,1393.0,,,
C15,11,explore_10,23149,4179,5000,effort_at_80,OBSERVED,3850.0,3850.0,1.0,,,
C15,11,explore_10,23149,4179,5000,batch_effort_at_80,OBSERVED,4252.0,4252.0,1.0,,,
C15,11,explore_10,23149,4179,5000,depth_fraction_at_80,OBSERVED,0.16631387964922892,550.0,3307.0,,,
C15,11,explore_10,23149,4179,5000,depth_per_positive_at_80,OBSERVED,0.9212730318257957,550.0,597.0,,,
C15,11,explore_10,23149,4179,5000,effort_at_90,OBSERVED,4817.0,4817.0,1.0,,,
C15,11,explore_10,23149,4179,5000,batch_effort_at_90,OBSERVED,5000.0,5000.0,1.0,,,
C15,11,explore_10,23149,4179,5000,depth_fraction_at_90,OBSERVED,0.2080867424078794,4817.0,23149.0,,,
C15,11,explore_10,23149,4179,5000,depth_per_positive_at_90,OBSERVED,1.1526681024168461,4817.0,4179.0,,,
C15,11,fixed_20,23149,4179,5000,recall_at_1000,OBSERVED,0.23594161282603493,986.0,4179.0,1000.0,,
C15,11,fixed_20,23149,4179,5000,recall_at_R,OBSERVED,0.8911222780569514,532.0,597.0,4179.0,,
C15,11,fixed_20,23149,4179,5000,recall_at_2R,CENSORED,CENSORED,,,8358.0,,requested_depth_exceeds_logged_budget
C15,11,fixed_20,23149,4179,5000,recall_at_1R_plus_0,OBSERVED,0.8911222780569514,532.0,597.0,4179.0,,
C15,11,fixed_20,23149,4179,5000,recall_at_1R_plus_100,OBSERVED,0.899736779133764,3760.0,4179.0,4279.0,,
C15,11,fixed_20,23149,4179,5000,recall_at_1R_plus_1000,CENSORED,CENSORED,,,5179.0,,requested_depth_exceeds_logged_budget
C15,11,fixed_20,23149,4179,5000,recall_at_2R_plus_0,CENSORED,CENSORED,,,8358.0,,requested_depth_exceeds_logged_budget
C15,11,fixed_20,23149,4179,5000,recall_at_2R_plus_100,CENSORED,CENSORED,,,8458.0,,requested_depth_exceeds_logged_budget
C15,11,fixed_20,23149,4179,5000,recall_at_2R_plus_1000,CENSORED,CENSORED,,,9358.0,,requested_depth_exceeds_logged_budget
C15,11,fixed_20,23149,4179,5000,recall_at_4R_plus_0,CENSORED,CENSORED,,,16716.0,,requested_depth_exceeds_logged_budget
C15,11,fixed_20,23149,4179,5000,recall_at_4R_plus_100,CENSORED,CENSORED,,,16816.0,,requested_depth_exceeds_logged_budget
C15,11,fixed_20,23149,4179,5000,recall_at_4R_plus_1000,CENSORED,CENSORED,,,17716.0,,requested_depth_exceeds_logged_budget
C15,11,fixed_20,23149,4179,5000,effort_at_75,OBSERVED,3223.0,3223.0,1.0,,,
C15,11,fixed_20,23149,4179,5000,batch_effort_at_75,OBSERVED,3241.0,3241.0,1.0,,,
C15,11,fixed_20,23149,4179,5000,depth_fraction_at_75,OBSERVED,0.13922847639206878,3223.0,23149.0,,,
C15,11,fixed_20,23149,4179,5000,depth_per_positive_at_75,OBSERVED,0.7712371380713089,3223.0,4179.0,,,
C15,11,fixed_20,23149,4179,5000,effort_at_80,OBSERVED,3491.0,3491.0,1.0,,,
C15,11,fixed_20,23149,4179,5000,batch_effort_at_80,OBSERVED,3501.0,3501.0,1.0,,,
C15,11,fixed_20,23149,4179,5000,depth_fraction_at_80,OBSERVED,0.15080565035206706,3491.0,23149.0,,,
C15,11,fixed_20,23149,4179,5000,depth_per_positive_at_80,OBSERVED,0.8353673127542475,3491.0,4179.0,,,
C15,11,fixed_20,23149,4179,5000,effort_at_90,OBSERVED,4283.0,4283.0,1.0,,,
C15,11,fixed_20,23149,4179,5000,batch_effort_at_90,OBSERVED,4301.0,4301.0,1.0,,,
C15,11,fixed_20,23149,4179,5000,depth_fraction_at_90,OBSERVED,0.18501879130847984,4283.0,23149.0,,,
C15,11,fixed_20,23149,4179,5000,depth_per_positive_at_90,OBSERVED,1.0248863364441254,4283.0,4179.0,,,
C15,11,frozen_svm,23149,4179,5000,recall_at_1000,OBSERVED,0.15218951902368988,212.0,1393.0,1000.0,,
C15,11,frozen_svm,23149,4179,5000,recall_at_R,OBSERVED,0.41421392677674085,577.0,1393.0,4179.0,,
C15,11,frozen_svm,23149,4179,5000,recall_at_2R,CENSORED,CENSORED,,,8358.0,,requested_depth_exceeds_logged_budget
C15,11,frozen_svm,23149,4179,5000,recall_at_1R_plus_0,OBSERVED,0.41421392677674085,577.0,1393.0,4179.0,,
C15,11,frozen_svm,23149,4179,5000,recall_at_1R_plus_100,OBSERVED,0.4204355108877722,251.0,597.0,4279.0,,
C15,11,frozen_svm,23149,4179,5000,recall_at_1R_plus_1000,CENSORED,CENSORED,,,5179.0,,requested_depth_exceeds_logged_budget
C15,11,frozen_svm,23149,4179,5000,recall_at_2R_plus_0,CENSORED,CENSORED,,,8358.0,,requested_depth_exceeds_logged_budget
C15,11,frozen_svm,23149,4179,5000,recall_at_2R_plus_100,CENSORED,CENSORED,,,8458.0,,requested_depth_exceeds_logged_budget
C15,11,frozen_svm,23149,4179,5000,recall_at_2R_plus_1000,CENSORED,CENSORED,,,9358.0,,requested_depth_exceeds_logged_budget
C15,11,frozen_svm,23149,4179,5000,recall_at_4R_plus_0,CENSORED,CENSORED,,,16716.0,,requested_depth_exceeds_logged_budget
C15,11,frozen_svm,23149,4179,5000,recall_at_4R_plus_100,CENSORED,CENSORED,,,16816.0,,requested_depth_exceeds_logged_budget
C15,11,frozen_svm,23149,4179,5000,recall_at_4R_plus_1000,CENSORED,CENSORED,,,17716.0,,requested_depth_exceeds_logged_budget
C15,11,frozen_svm,23149,4179,5000,effort_at_75,CENSORED,CENSORED,,,,5000.0,target_not_reached
C15,11,frozen_svm,23149,4179,5000,batch_effort_at_75,CENSORED,CENSORED,,,,5000.0,target_not_reached
C15,11,frozen_svm,23149,4179,5000,depth_fraction_at_75,CENSORED,CENSORED,,,,0.21599205149250508,target_not_reached
C15,11,frozen_svm,23149,4179,5000,depth_per_positive_at_75,CENSORED,CENSORED,,,,1.1964584828906437,target_not_reached
C15,11,frozen_svm,23149,4179,5000,effort_at_80,CENSORED,CENSORED,,,,5000.0,target_not_reached
C15,11,frozen_svm,23149,4179,5000,batch_effort_at_80,CENSORED,CENSORED,,,,5000.0,target_not_reached
C15,11,frozen_svm,23149,4179,5000,depth_fraction_at_80,CENSORED,CENSORED,,,,0.21599205149250508,target_not_reached
C15,11,frozen_svm,23149,4179,5000,depth_per_positive_at_80,CENSORED,CENSORED,,,,1.1964584828906437,target_not_reached
C15,11,frozen_svm,23149,4179,5000,effort_at_90,CENSORED,CENSORED,,,,5000.0,target_not_reached
C15,11,frozen_svm,23149,4179,5000,batch_effort_at_90,CENSORED,CENSORED,,,,5000.0,target_not_reached
C15,11,frozen_svm,23149,4179,5000,depth_fraction_at_90,CENSORED,CENSORED,,,,0.21599205149250508,target_not_reached
C15,11,frozen_svm,23149,4179,5000,depth_per_positive_at_90,CENSORED,CENSORED,,,,1.1964584828906437,target_not_reached
C15,11,random,23149,4179,5000,recall_at_1000,OBSERVED,0.046183297439578844,193.0,4179.0,1000.0,,
C15,11,random,23149,4179,5000,recall_at_R,OBSERVED,0.17946877243359655,250.0,1393.0,4179.0,,
C15,11,random,23149,4179,5000,recall_at_2R,CENSORED,CENSORED,,,8358.0,,requested_depth_exceeds_logged_budget
C15,11,random,23149,4179,5000,recall_at_1R_plus_0,OBSERVED,0.17946877243359655,250.0,1393.0,4179.0,,
C15,11,random,23149,4179,5000,recall_at_1R_plus_100,OBSERVED,0.18257956448911222,109.0,597.0,4279.0,,
C15,11,random,23149,4179,5000,recall_at_1R_plus_1000,CENSORED,CENSORED,,,5179.0,,requested_depth_exceeds_logged_budget
C15,11,random,23149,4179,5000,recall_at_2R_plus_0,CENSORED,CENSORED,,,8358.0,,requested_depth_exceeds_logged_budget
C15,11,random,23149,4179,5000,recall_at_2R_plus_100,CENSORED,CENSORED,,,8458.0,,requested_depth_exceeds_logged_budget
C15,11,random,23149,4179,5000,recall_at_2R_plus_1000,CENSORED,CENSORED,,,9358.0,,requested_depth_exceeds_logged_budget
C15,11,random,23149,4179,5000,recall_at_4R_plus_0,CENSORED,CENSORED,,,16716.0,,requested_depth_exceeds_logged_budget
C15,11,random,23149,4179,5000,recall_at_4R_plus_100,CENSORED,CENSORED,,,16816.0,,requested_depth_exceeds_logged_budget
C15,11,random,23149,4179,5000,recall_at_4R_plus_1000,CENSORED,CENSORED,,,17716.0,,requested_depth_exceeds_logged_budget
C15,11,random,23149,4179,5000,effort_at_75,CENSORED,CENSORED,,,,5000.0,target_not_reached
C15,11,random,23149,4179,5000,batch_effort_at_75,CENSORED,CENSORED,,,,5000.0,target_not_reached
C15,11,random,23149,4179,5000,depth_fraction_at_75,CENSORED,CENSORED,,,,0.21599205149250508,target_not_reached
C15,11,random,23149,4179,5000,depth_per_positive_at_75,CENSORED,CENSORED,,,,1.1964584828906437,target_not_reached
C15,11,random,23149,4179,5000,effort_at_80,CENSORED,CENSORED,,,,5000.0,target_not_reached
C15,11,random,23149,4179,5000,batch_effort_at_80,CENSORED,CENSORED,,,,5000.0,target_not_reached
C15,11,random,23149,4179,5000,depth_fraction_at_80,CENSORED,CENSORED,,,,0.21599205149250508,target_not_reached
C15,11,random,23149,4179,5000,depth_per_positive_at_80,CENSORED,CENSORED,,,,1.1964584828906437,target_not_reached
C15,11,random,23149,4179,5000,effort_at_90,CENSORED,CENSORED,,,,5000.0,target_not_reached
C15,11,random,23149,4179,5000,batch_effort_at_90,CENSORED,CENSORED,,,,5000.0,target_not_reached
C15,11,random,23149,4179,5000,depth_fraction_at_90,CENSORED,CENSORED,,,,0.21599205149250508,target_not_reached
C15,11,random,23149,4179,5000,depth_per_positive_at_90,CENSORED,CENSORED,,,,1.1964584828906437,target_not_reached
C15,11,seed_similarity,23149,4179,5000,recall_at_1000,OBSERVED,0.20770519262981574,124.0,597.0,1000.0,,
C15,11,seed_similarity,23149,4179,5000,recall_at_R,OBSERVED,0.5955970327829624,2489.0,4179.0,4179.0,,
C15,11,seed_similarity,23149,4179,5000,recall_at_2R,CENSORED,CENSORED,,,8358.0,,requested_depth_exceeds_logged_budget
C15,11,seed_similarity,23149,4179,5000,recall_at_1R_plus_0,OBSERVED,0.5955970327829624,2489.0,4179.0,4179.0,,
C15,11,seed_similarity,23149,4179,5000,recall_at_1R_plus_100,OBSERVED,0.6030150753768844,120.0,199.0,4279.0,,
C15,11,seed_similarity,23149,4179,5000,recall_at_1R_plus_1000,CENSORED,CENSORED,,,5179.0,,requested_depth_exceeds_logged_budget
C15,11,seed_similarity,23149,4179,5000,recall_at_2R_plus_0,CENSORED,CENSORED,,,8358.0,,requested_depth_exceeds_logged_budget
C15,11,seed_similarity,23149,4179,5000,recall_at_2R_plus_100,CENSORED,CENSORED,,,8458.0,,requested_depth_exceeds_logged_budget
C15,11,seed_similarity,23149,4179,5000,recall_at_2R_plus_1000,CENSORED,CENSORED,,,9358.0,,requested_depth_exceeds_logged_budget
C15,11,seed_similarity,23149,4179,5000,recall_at_4R_plus_0,CENSORED,CENSORED,,,16716.0,,requested_depth_exceeds_logged_budget
C15,11,seed_similarity,23149,4179,5000,recall_at_4R_plus_100,CENSORED,CENSORED,,,16816.0,,requested_depth_exceeds_logged_budget
C15,11,seed_similarity,23149,4179,5000,recall_at_4R_plus_1000,CENSORED,CENSORED,,,17716.0,,requested_depth_exceeds_logged_budget
C15,11,seed_similarity,23149,4179,5000,effort_at_75,CENSORED,CENSORED,,,,5000.0,target_not_reached
C15,11,seed_similarity,23149,4179,5000,batch_effort_at_75,CENSORED,CENSORED,,,,5000.0,target_not_reached
C15,11,seed_similarity,23149,4179,5000,depth_fraction_at_75,CENSORED,CENSORED,,,,0.21599205149250508,target_not_reached
C15,11,seed_similarity,23149,4179,5000,depth_per_positive_at_75,CENSORED,CENSORED,,,,1.1964584828906437,target_not_reached
C15,11,seed_similarity,23149,4179,5000,effort_at_80,CENSORED,CENSORED,,,,5000.0,target_not_reached
C15,11,seed_similarity,23149,4179,5000,batch_effort_at_80,CENSORED,CENSORED,,,,5000.0,target_not_reached
C15,11,seed_similarity,23149,4179,5000,depth_fraction_at_80,CENSORED,CENSORED,,,,0.21599205149250508,target_not_reached
C15,11,seed_similarity,23149,4179,5000,depth_per_positive_at_80,CENSORED,CENSORED,,,,1.1964584828906437,target_not_reached
C15,11,seed_similarity,23149,4179,5000,effort_at_90,CENSORED,CENSORED,,,,5000.0,target_not_reached
C15,11,seed_similarity,23149,4179,5000,batch_effort_at_90,CENSORED,CENSORED,,,,5000.0,target_not_reached
C15,11,seed_similarity,23149,4179,5000,depth_fraction_at_90,CENSORED,CENSORED,,,,0.21599205149250508,target_not_reached
C15,11,seed_similarity,23149,4179,5000,depth_per_positive_at_90,CENSORED,CENSORED,,,,1.1964584828906437,target_not_reached
C15,11,uncertainty,23149,4179,5000,recall_at_1000,OBSERVED,0.1316104331179708,550.0,4179.0,1000.0,,
C15,11,uncertainty,23149,4179,5000,recall_at_R,OBSERVED,0.3910026322086624,1634.0,4179.0,4179.0,,
C15,11,uncertainty,23149,4179,5000,recall_at_2R,CENSORED,CENSORED,,,8358.0,,requested_depth_exceeds_logged_budget
C15,11,uncertainty,23149,4179,5000,recall_at_1R_plus_0,OBSERVED,0.3910026322086624,1634.0,4179.0,4179.0,,
C15,11,uncertainty,23149,4179,5000,recall_at_1R_plus_100,OBSERVED,0.3965063412299593,1657.0,4179.0,4279.0,,
C15,11,uncertainty,23149,4179,5000,recall_at_1R_plus_1000,CENSORED,CENSORED,,,5179.0,,requested_depth_exceeds_logged_budget
C15,11,uncertainty,23149,4179,5000,recall_at_2R_plus_0,CENSORED,CENSORED,,,8358.0,,requested_depth_exceeds_logged_budget
C15,11,uncertainty,23149,4179,5000,recall_at_2R_plus_100,CENSORED,CENSORED,,,8458.0,,requested_depth_exceeds_logged_budget
C15,11,uncertainty,23149,4179,5000,recall_at_2R_plus_1000,CENSORED,CENSORED,,,9358.0,,requested_depth_exceeds_logged_budget
C15,11,uncertainty,23149,4179,5000,recall_at_4R_plus_0,CENSORED,CENSORED,,,16716.0,,requested_depth_exceeds_logged_budget
C15,11,uncertainty,23149,4179,5000,recall_at_4R_plus_100,CENSORED,CENSORED,,,16816.0,,requested_depth_exceeds_logged_budget
C15,11,uncertainty,23149,4179,5000,recall_at_4R_plus_1000,CENSORED,CENSORED,,,17716.0,,requested_depth_exceeds_logged_budget
C15,11,uncertainty,23149,4179,5000,effort_at_75,CENSORED,CENSORED,,,,5000.0,target_not_reached
C15,11,uncertainty,23149,4179,5000,batch_effort_at_75,CENSORED,CENSORED,,,,5000.0,target_not_reached
C15,11,uncertainty,23149,4179,5000,depth_fraction_at_75,CENSORED,CENSORED,,,,0.21599205149250508,target_not_reached
C15,11,uncertainty,23149,4179,5000,depth_per_positive_at_75,CENSORED,CENSORED,,,,1.1964584828906437,target_not_reached
C15,11,uncertainty,23149,4179,5000,effort_at_80,CENSORED,CENSORED,,,,5000.0,target_not_reached
C15,11,uncertainty,23149,4179,5000,batch_effort_at_80,CENSORED,CENSORED,,,,5000.0,target_not_reached
C15,11,uncertainty,23149,4179,5000,depth_fraction_at_80,CENSORED,CENSORED,,,,0.21599205149250508,target_not_reached
C15,11,uncertainty,23149,4179,5000,depth_per_positive_at_80,CENSORED,CENSORED,,,,1.1964584828906437,target_not_reached
C15,11,uncertainty,23149,4179,5000,effort_at_90,CENSORED,CENSORED,,,,5000.0,target_not_reached
C15,11,uncertainty,23149,4179,5000,batch_effort_at_90,CENSORED,CENSORED,,,,5000.0,target_not_reached
C15,11,uncertainty,23149,4179,5000,depth_fraction_at_90,CENSORED,CENSORED,,,,0.21599205149250508,target_not_reached
C15,11,uncertainty,23149,4179,5000,depth_per_positive_at_90,CENSORED,CENSORED,,,,1.1964584828906437,target_not_reached
C15,29,auto_tar,23149,4179,5000,recall_at_1000,OBSERVED,0.23881311318497248,998.0,4179.0,1000.0,,
C15,29,auto_tar,23149,4179,5000,recall_at_R,OBSERVED,0.8731754008135918,3649.0,4179.0,4179.0,,
C15,29,auto_tar,23149,4179,5000,recall_at_2R,CENSORED,CENSORED,,,8358.0,,requested_depth_exceeds_logged_budget
C15,29,auto_tar,23149,4179,5000,recall_at_1R_plus_0,OBSERVED,0.8731754008135918,3649.0,4179.0,4179.0,,
C15,29,auto_tar,23149,4179,5000,recall_at_1R_plus_100,OBSERVED,0.8805934434075138,3680.0,4179.0,4279.0,,
C15,29,auto_tar,23149,4179,5000,recall_at_1R_plus_1000,CENSORED,CENSORED,,,5179.0,,requested_depth_exceeds_logged_budget
C15,29,auto_tar,23149,4179,5000,recall_at_2R_plus_0,CENSORED,CENSORED,,,8358.0,,requested_depth_exceeds_logged_budget
C15,29,auto_tar,23149,4179,5000,recall_at_2R_plus_100,CENSORED,CENSORED,,,8458.0,,requested_depth_exceeds_logged_budget
C15,29,auto_tar,23149,4179,5000,recall_at_2R_plus_1000,CENSORED,CENSORED,,,9358.0,,requested_depth_exceeds_logged_budget
C15,29,auto_tar,23149,4179,5000,recall_at_4R_plus_0,CENSORED,CENSORED,,,16716.0,,requested_depth_exceeds_logged_budget
C15,29,auto_tar,23149,4179,5000,recall_at_4R_plus_100,CENSORED,CENSORED,,,16816.0,,requested_depth_exceeds_logged_budget
C15,29,auto_tar,23149,4179,5000,recall_at_4R_plus_1000,CENSORED,CENSORED,,,17716.0,,requested_depth_exceeds_logged_budget
C15,29,auto_tar,23149,4179,5000,effort_at_75,OBSERVED,3320.0,3320.0,1.0,,,
C15,29,auto_tar,23149,4179,5000,batch_effort_at_75,OBSERVED,3479.0,3479.0,1.0,,,
C15,29,auto_tar,23149,4179,5000,depth_fraction_at_75,OBSERVED,0.14341872219102336,3320.0,23149.0,,,
C15,29,auto_tar,23149,4179,5000,depth_per_positive_at_75,OBSERVED,0.7944484326393874,3320.0,4179.0,,,
C15,29,auto_tar,23149,4179,5000,effort_at_80,OBSERVED,3596.0,3596.0,1.0,,,
C15,29,auto_tar,23149,4179,5000,batch_effort_at_80,OBSERVED,3847.0,3847.0,1.0,,,
C15,29,auto_tar,23149,4179,5000,depth_fraction_at_80,OBSERVED,0.15534148343340964,3596.0,23149.0,,,
C15,29,auto_tar,23149,4179,5000,depth_per_positive_at_80,OBSERVED,0.860492940894951,3596.0,4179.0,,,
C15,29,auto_tar,23149,4179,5000,effort_at_90,OBSERVED,4570.0,4570.0,1.0,,,
C15,29,auto_tar,23149,4179,5000,batch_effort_at_90,OBSERVED,4698.0,4698.0,1.0,,,
C15,29,auto_tar,23149,4179,5000,depth_fraction_at_90,OBSERVED,0.19741673506414964,4570.0,23149.0,,,
C15,29,auto_tar,23149,4179,5000,depth_per_positive_at_90,OBSERVED,1.0935630533620484,4570.0,4179.0,,,
C15,29,explore_10,23149,4179,5000,recall_at_1000,OBSERVED,0.22134481933476907,925.0,4179.0,1000.0,,
C15,29,explore_10,23149,4179,5000,recall_at_R,OBSERVED,0.8444603972242163,3529.0,4179.0,4179.0,,
C15,29,explore_10,23149,4179,5000,recall_at_2R,CENSORED,CENSORED,,,8358.0,,requested_depth_exceeds_logged_budget
C15,29,explore_10,23149,4179,5000,recall_at_1R_plus_0,OBSERVED,0.8444603972242163,3529.0,4179.0,4179.0,,
C15,29,explore_10,23149,4179,5000,recall_at_1R_plus_100,OBSERVED,0.8525963149078727,509.0,597.0,4279.0,,
C15,29,explore_10,23149,4179,5000,recall_at_1R_plus_1000,CENSORED,CENSORED,,,5179.0,,requested_depth_exceeds_logged_budget
C15,29,explore_10,23149,4179,5000,recall_at_2R_plus_0,CENSORED,CENSORED,,,8358.0,,requested_depth_exceeds_logged_budget
C15,29,explore_10,23149,4179,5000,recall_at_2R_plus_100,CENSORED,CENSORED,,,8458.0,,requested_depth_exceeds_logged_budget
C15,29,explore_10,23149,4179,5000,recall_at_2R_plus_1000,CENSORED,CENSORED,,,9358.0,,requested_depth_exceeds_logged_budget
C15,29,explore_10,23149,4179,5000,recall_at_4R_plus_0,CENSORED,CENSORED,,,16716.0,,requested_depth_exceeds_logged_budget
C15,29,explore_10,23149,4179,5000,recall_at_4R_plus_100,CENSORED,CENSORED,,,16816.0,,requested_depth_exceeds_logged_budget
C15,29,explore_10,23149,4179,5000,recall_at_4R_plus_1000,CENSORED,CENSORED,,,17716.0,,requested_depth_exceeds_logged_budget
C15,29,explore_10,23149,4179,5000,effort_at_75,OBSERVED,3518.0,3518.0,1.0,,,
C15,29,explore_10,23149,4179,5000,batch_effort_at_75,OBSERVED,3847.0,3847.0,1.0,,,
C15,29,explore_10,23149,4179,5000,depth_fraction_at_75,OBSERVED,0.15197200743012657,3518.0,23149.0,,,
C15,29,explore_10,23149,4179,5000,depth_per_positive_at_75,OBSERVED,0.8418281885618569,3518.0,4179.0,,,
C15,29,explore_10,23149,4179,5000,effort_at_80,OBSERVED,3794.0,3794.0,1.0,,,
C15,29,explore_10,23149,4179,5000,batch_effort_at_80,OBSERVED,3847.0,3847.0,1.0,,,
C15,29,explore_10,23149,4179,5000,depth_fraction_at_80,OBSERVED,0.16389476867251285,542.0,3307.0,,,
C15,29,explore_10,23149,4179,5000,depth_per_positive_at_80,OBSERVED,0.9078726968174204,542.0,597.0,,,
C15,29,explore_10,23149,4179,5000,effort_at_90,OBSERVED,4758.0,4758.0,1.0,,,
C15,29,explore_10,23149,4179,5000,batch_effort_at_90,OBSERVED,5000.0,5000.0,1.0,,,
C15,29,explore_10,23149,4179,5000,depth_fraction_at_90,OBSERVED,0.20553803620026784,4758.0,23149.0,,,
C15,29,explore_10,23149,4179,5000,depth_per_positive_at_90,OBSERVED,1.1385498923187365,1586.0,1393.0,,,
C15,29,fixed_20,23149,4179,5000,recall_at_1000,OBSERVED,0.23881311318497248,998.0,4179.0,1000.0,,
C15,29,fixed_20,23149,4179,5000,recall_at_R,OBSERVED,0.8930366116295765,1244.0,1393.0,4179.0,,
C15,29,fixed_20,23149,4179,5000,recall_at_2R,CENSORED,CENSORED,,,8358.0,,requested_depth_exceeds_logged_budget
C15,29,fixed_20,23149,4179,5000,recall_at_1R_plus_0,OBSERVED,0.8930366116295765,1244.0,1393.0,4179.0,,
C15,29,fixed_20,23149,4179,5000,recall_at_1R_plus_100,OBSERVED,0.9009332376166547,1255.0,1393.0,4279.0,,
C15,29,fixed_20,23149,4179,5000,recall_at_1R_plus_1000,CENSORED,CENSORED,,,5179.0,,requested_depth_exceeds_logged_budget
C15,29,fixed_20,23149,4179,5000,recall_at_2R_plus_0,CENSORED,CENSORED,,,8358.0,,requested_depth_exceeds_logged_budget
C15,29,fixed_20,23149,4179,5000,recall_at_2R_plus_100,CENSORED,CENSORED,,,8458.0,,requested_depth_exceeds_logged_budget
C15,29,fixed_20,23149,4179,5000,recall_at_2R_plus_1000,CENSORED,CENSORED,,,9358.0,,requested_depth_exceeds_logged_budget
C15,29,fixed_20,23149,4179,5000,recall_at_4R_plus_0,CENSORED,CENSORED,,,16716.0,,requested_depth_exceeds_logged_budget
C15,29,fixed_20,23149,4179,5000,recall_at_4R_plus_100,CENSORED,CENSORED,,,16816.0,,requested_depth_exceeds_logged_budget
C15,29,fixed_20,23149,4179,5000,recall_at_4R_plus_1000,CENSORED,CENSORED,,,17716.0,,requested_depth_exceeds_logged_budget
C15,29,fixed_20,23149,4179,5000,effort_at_75,OBSERVED,3219.0,3219.0,1.0,,,
C15,29,fixed_20,23149,4179,5000,batch_effort_at_75,OBSERVED,3221.0,3221.0,1.0,,,
C15,29,fixed_20,23149,4179,5000,depth_fraction_at_75,OBSERVED,0.13905568275087477,3219.0,23149.0,,,
C15,29,fixed_20,23149,4179,5000,depth_per_positive_at_75,OBSERVED,0.7702799712849964,1073.0,1393.0,,,
C15,29,fixed_20,23149,4179,5000,effort_at_80,OBSERVED,3478.0,3478.0,1.0,,,
C15,29,fixed_20,23149,4179,5000,batch_effort_at_80,OBSERVED,3481.0,3481.0,1.0,,,
C15,29,fixed_20,23149,4179,5000,depth_fraction_at_80,OBSERVED,0.15024407101818654,3478.0,23149.0,,,
C15,29,fixed_20,23149,4179,5000,depth_per_positive_at_80,OBSERVED,0.8322565206987318,3478.0,4179.0,,,
C15,29,fixed_20,23149,4179,5000,effort_at_90,OBSERVED,4262.0,4262.0,1.0,,,
C15,29,fixed_20,23149,4179,5000,batch_effort_at_90,OBSERVED,4281.0,4281.0,1.0,,,
C15,29,fixed_20,23149,4179,5000,depth_fraction_at_90,OBSERVED,0.18411162469221132,4262.0,23149.0,,,
C15,29,fixed_20,23149,4179,5000,depth_per_positive_at_90,OBSERVED,1.0198612108159846,4262.0,4179.0,,,
C15,29,frozen_svm,23149,4179,5000,recall_at_1000,OBSERVED,0.21847331897583153,913.0,4179.0,1000.0,,
C15,29,frozen_svm,23149,4179,5000,recall_at_R,OBSERVED,0.5137592725532424,2147.0,4179.0,4179.0,,
C15,29,frozen_svm,23149,4179,5000,recall_at_2R,CENSORED,CENSORED,,,8358.0,,requested_depth_exceeds_logged_budget
C15,29,frozen_svm,23149,4179,5000,recall_at_1R_plus_0,OBSERVED,0.5137592725532424,2147.0,4179.0,4179.0,,
C15,29,frozen_svm,23149,4179,5000,recall_at_1R_plus_100,OBSERVED,0.5187843981813831,2168.0,4179.0,4279.0,,
C15,29,frozen_svm,23149,4179,5000,recall_at_1R_plus_1000,CENSORED,CENSORED,,,5179.0,,requested_depth_exceeds_logged_budget
C15,29,frozen_svm,23149,4179,5000,recall_at_2R_plus_0,CENSORED,CENSORED,,,8358.0,,requested_depth_exceeds_logged_budget
C15,29,frozen_svm,23149,4179,5000,recall_at_2R_plus_100,CENSORED,CENSORED,,,8458.0,,requested_depth_exceeds_logged_budget
C15,29,frozen_svm,23149,4179,5000,recall_at_2R_plus_1000,CENSORED,CENSORED,,,9358.0,,requested_depth_exceeds_logged_budget
C15,29,frozen_svm,23149,4179,5000,recall_at_4R_plus_0,CENSORED,CENSORED,,,16716.0,,requested_depth_exceeds_logged_budget
C15,29,frozen_svm,23149,4179,5000,recall_at_4R_plus_100,CENSORED,CENSORED,,,16816.0,,requested_depth_exceeds_logged_budget
C15,29,frozen_svm,23149,4179,5000,recall_at_4R_plus_1000,CENSORED,CENSORED,,,17716.0,,requested_depth_exceeds_logged_budget
C15,29,frozen_svm,23149,4179,5000,effort_at_75,CENSORED,CENSORED,,,,5000.0,target_not_reached
C15,29,frozen_svm,23149,4179,5000,batch_effort_at_75,CENSORED,CENSORED,,,,5000.0,target_not_reached
C15,29,frozen_svm,23149,4179,5000,depth_fraction_at_75,CENSORED,CENSORED,,,,0.21599205149250508,target_not_reached
C15,29,frozen_svm,23149,4179,5000,depth_per_positive_at_75,CENSORED,CENSORED,,,,1.1964584828906437,target_not_reached
C15,29,frozen_svm,23149,4179,5000,effort_at_80,CENSORED,CENSORED,,,,5000.0,target_not_reached
C15,29,frozen_svm,23149,4179,5000,batch_effort_at_80,CENSORED,CENSORED,,,,5000.0,target_not_reached
C15,29,frozen_svm,23149,4179,5000,depth_fraction_at_80,CENSORED,CENSORED,,,,0.21599205149250508,target_not_reached
C15,29,frozen_svm,23149,4179,5000,depth_per_positive_at_80,CENSORED,CENSORED,,,,1.1964584828906437,target_not_reached
C15,29,frozen_svm,23149,4179,5000,effort_at_90,CENSORED,CENSORED,,,,5000.0,target_not_reached
C15,29,frozen_svm,23149,4179,5000,batch_effort_at_90,CENSORED,CENSORED,,,,5000.0,target_not_reached
C15,29,frozen_svm,23149,4179,5000,depth_fraction_at_90,CENSORED,CENSORED,,,,0.21599205149250508,target_not_reached
C15,29,frozen_svm,23149,4179,5000,depth_per_positive_at_90,CENSORED,CENSORED,,,,1.1964584828906437,target_not_reached
C15,29,random,23149,4179,5000,recall_at_1000,OBSERVED,0.04594400574300072,64.0,1393.0,1000.0,,
C15,29,random,23149,4179,5000,recall_at_R,OBSERVED,0.18449389806173727,257.0,1393.0,4179.0,,
C15,29,random,23149,4179,5000,recall_at_2R,CENSORED,CENSORED,,,8358.0,,requested_depth_exceeds_logged_budget
C15,29,random,23149,4179,5000,recall_at_1R_plus_0,OBSERVED,0.18449389806173727,257.0,1393.0,4179.0,,
C15,29,random,23149,4179,5000,recall_at_1R_plus_100,OBSERVED,0.1883225652069873,787.0,4179.0,4279.0,,
C15,29,random,23149,4179,5000,recall_at_1R_plus_1000,CENSORED,CENSORED,,,5179.0,,requested_depth_exceeds_logged_budget
C15,29,random,23149,4179,5000,recall_at_2R_plus_0,CENSORED,CENSORED,,,8358.0,,requested_depth_exceeds_logged_budget
C15,29,random,23149,4179,5000,recall_at_2R_plus_100,CENSORED,CENSORED,,,8458.0,,requested_depth_exceeds_logged_budget
C15,29,random,23149,4179,5000,recall_at_2R_plus_1000,CENSORED,CENSORED,,,9358.0,,requested_depth_exceeds_logged_budget
C15,29,random,23149,4179,5000,recall_at_4R_plus_0,CENSORED,CENSORED,,,16716.0,,requested_depth_exceeds_logged_budget
C15,29,random,23149,4179,5000,recall_at_4R_plus_100,CENSORED,CENSORED,,,16816.0,,requested_depth_exceeds_logged_budget
C15,29,random,23149,4179,5000,recall_at_4R_plus_1000,CENSORED,CENSORED,,,17716.0,,requested_depth_exceeds_logged_budget
C15,29,random,23149,4179,5000,effort_at_75,CENSORED,CENSORED,,,,5000.0,target_not_reached
C15,29,random,23149,4179,5000,batch_effort_at_75,CENSORED,CENSORED,,,,5000.0,target_not_reached
C15,29,random,23149,4179,5000,depth_fraction_at_75,CENSORED,CENSORED,,,,0.21599205149250508,target_not_reached
C15,29,random,23149,4179,5000,depth_per_positive_at_75,CENSORED,CENSORED,,,,1.1964584828906437,target_not_reached
C15,29,random,23149,4179,5000,effort_at_80,CENSORED,CENSORED,,,,5000.0,target_not_reached
C15,29,random,23149,4179,5000,batch_effort_at_80,CENSORED,CENSORED,,,,5000.0,target_not_reached
C15,29,random,23149,4179,5000,depth_fraction_at_80,CENSORED,CENSORED,,,,0.21599205149250508,target_not_reached
C15,29,random,23149,4179,5000,depth_per_positive_at_80,CENSORED,CENSORED,,,,1.1964584828906437,target_not_reached
C15,29,random,23149,4179,5000,effort_at_90,CENSORED,CENSORED,,,,5000.0,target_not_reached
C15,29,random,23149,4179,5000,batch_effort_at_90,CENSORED,CENSORED,,,,5000.0,target_not_reached
C15,29,random,23149,4179,5000,depth_fraction_at_90,CENSORED,CENSORED,,,,0.21599205149250508,target_not_reached
C15,29,random,23149,4179,5000,depth_per_positive_at_90,CENSORED,CENSORED,,,,1.1964584828906437,target_not_reached
C15,29,seed_similarity,23149,4179,5000,recall_at_1000,OBSERVED,0.23426657094998804,979.0,4179.0,1000.0,,
C15,29,seed_similarity,23149,4179,5000,recall_at_R,OBSERVED,0.6089973677913376,2545.0,4179.0,4179.0,,
C15,29,seed_similarity,23149,4179,5000,recall_at_2R,CENSORED,CENSORED,,,8358.0,,requested_depth_exceeds_logged_budget
C15,29,seed_similarity,23149,4179,5000,recall_at_1R_plus_0,OBSERVED,0.6089973677913376,2545.0,4179.0,4179.0,,
C15,29,seed_similarity,23149,4179,5000,recall_at_1R_plus_100,OBSERVED,0.6130653266331658,122.0,199.0,4279.0,,
C15,29,seed_similarity,23149,4179,5000,recall_at_1R_plus_1000,CENSORED,CENSORED,,,5179.0,,requested_depth_exceeds_logged_budget
C15,29,seed_similarity,23149,4179,5000,recall_at_2R_plus_0,CENSORED,CENSORED,,,8358.0,,requested_depth_exceeds_logged_budget
C15,29,seed_similarity,23149,4179,5000,recall_at_2R_plus_100,CENSORED,CENSORED,,,8458.0,,requested_depth_exceeds_logged_budget
C15,29,seed_similarity,23149,4179,5000,recall_at_2R_plus_1000,CENSORED,CENSORED,,,9358.0,,requested_depth_exceeds_logged_budget
C15,29,seed_similarity,23149,4179,5000,recall_at_4R_plus_0,CENSORED,CENSORED,,,16716.0,,requested_depth_exceeds_logged_budget
C15,29,seed_similarity,23149,4179,5000,recall_at_4R_plus_100,CENSORED,CENSORED,,,16816.0,,requested_depth_exceeds_logged_budget
C15,29,seed_similarity,23149,4179,5000,recall_at_4R_plus_1000,CENSORED,CENSORED,,,17716.0,,requested_depth_exceeds_logged_budget
C15,29,seed_similarity,23149,4179,5000,effort_at_75,CENSORED,CENSORED,,,,5000.0,target_not_reached
C15,29,seed_similarity,23149,4179,5000,batch_effort_at_75,CENSORED,CENSORED,,,,5000.0,target_not_reached
C15,29,seed_similarity,23149,4179,5000,depth_fraction_at_75,CENSORED,CENSORED,,,,0.21599205149250508,target_not_reached
C15,29,seed_similarity,23149,4179,5000,depth_per_positive_at_75,CENSORED,CENSORED,,,,1.1964584828906437,target_not_reached
C15,29,seed_similarity,23149,4179,5000,effort_at_80,CENSORED,CENSORED,,,,5000.0,target_not_reached
C15,29,seed_similarity,23149,4179,5000,batch_effort_at_80,CENSORED,CENSORED,,,,5000.0,target_not_reached
C15,29,seed_similarity,23149,4179,5000,depth_fraction_at_80,CENSORED,CENSORED,,,,0.21599205149250508,target_not_reached
C15,29,seed_similarity,23149,4179,5000,depth_per_positive_at_80,CENSORED,CENSORED,,,,1.1964584828906437,target_not_reached
C15,29,seed_similarity,23149,4179,5000,effort_at_90,CENSORED,CENSORED,,,,5000.0,target_not_reached
C15,29,seed_similarity,23149,4179,5000,batch_effort_at_90,CENSORED,CENSORED,,,,5000.0,target_not_reached
C15,29,seed_similarity,23149,4179,5000,depth_fraction_at_90,CENSORED,CENSORED,,,,0.21599205149250508,target_not_reached
C15,29,seed_similarity,23149,4179,5000,depth_per_positive_at_90,CENSORED,CENSORED,,,,1.1964584828906437,target_not_reached
C15,29,uncertainty,23149,4179,5000,recall_at_1000,OBSERVED,0.13280689160086145,185.0,1393.0,1000.0,,
C15,29,uncertainty,23149,4179,5000,recall_at_R,OBSERVED,0.39028475711892796,233.0,597.0,4179.0,,
C15,29,uncertainty,23149,4179,5000,recall_at_2R,CENSORED,CENSORED,,,8358.0,,requested_depth_exceeds_logged_budget
C15,29,uncertainty,23149,4179,5000,recall_at_1R_plus_0,OBSERVED,0.39028475711892796,233.0,597.0,4179.0,,
C15,29,uncertainty,23149,4179,5000,recall_at_1R_plus_100,OBSERVED,0.39578846614022495,1654.0,4179.0,4279.0,,
C15,29,uncertainty,23149,4179,5000,recall_at_1R_plus_1000,CENSORED,CENSORED,,,5179.0,,requested_depth_exceeds_logged_budget
C15,29,uncertainty,23149,4179,5000,recall_at_2R_plus_0,CENSORED,CENSORED,,,8358.0,,requested_depth_exceeds_logged_budget
C15,29,uncertainty,23149,4179,5000,recall_at_2R_plus_100,CENSORED,CENSORED,,,8458.0,,requested_depth_exceeds_logged_budget
C15,29,uncertainty,23149,4179,5000,recall_at_2R_plus_1000,CENSORED,CENSORED,,,9358.0,,requested_depth_exceeds_logged_budget
C15,29,uncertainty,23149,4179,5000,recall_at_4R_plus_0,CENSORED,CENSORED,,,16716.0,,requested_depth_exceeds_logged_budget
C15,29,uncertainty,23149,4179,5000,recall_at_4R_plus_100,CENSORED,CENSORED,,,16816.0,,requested_depth_exceeds_logged_budget
C15,29,uncertainty,23149,4179,5000,recall_at_4R_plus_1000,CENSORED,CENSORED,,,17716.0,,requested_depth_exceeds_logged_budget
C15,29,uncertainty,23149,4179,5000,effort_at_75,CENSORED,CENSORED,,,,5000.0,target_not_reached
C15,29,uncertainty,23149,4179,5000,batch_effort_at_75,CENSORED,CENSORED,,,,5000.0,target_not_reached
C15,29,uncertainty,23149,4179,5000,depth_fraction_at_75,CENSORED,CENSORED,,,,0.21599205149250508,target_not_reached
C15,29,uncertainty,23149,4179,5000,depth_per_positive_at_75,CENSORED,CENSORED,,,,1.1964584828906437,target_not_reached
C15,29,uncertainty,23149,4179,5000,effort_at_80,CENSORED,CENSORED,,,,5000.0,target_not_reached
C15,29,uncertainty,23149,4179,5000,batch_effort_at_80,CENSORED,CENSORED,,,,5000.0,target_not_reached
C15,29,uncertainty,23149,4179,5000,depth_fraction_at_80,CENSORED,CENSORED,,,,0.21599205149250508,target_not_reached
C15,29,uncertainty,23149,4179,5000,depth_per_positive_at_80,CENSORED,CENSORED,,,,1.1964584828906437,target_not_reached
C15,29,uncertainty,23149,4179,5000,effort_at_90,CENSORED,CENSORED,,,,5000.0,target_not_reached
C15,29,uncertainty,23149,4179,5000,batch_effort_at_90,CENSORED,CENSORED,,,,5000.0,target_not_reached
C15,29,uncertainty,23149,4179,5000,depth_fraction_at_90,CENSORED,CENSORED,,,,0.21599205149250508,target_not_reached
C15,29,uncertainty,23149,4179,5000,depth_per_positive_at_90,CENSORED,CENSORED,,,,1.1964584828906437,target_not_reached
C15,47,auto_tar,23149,4179,5000,recall_at_1000,OBSERVED,0.23689877961234745,330.0,1393.0,1000.0,,
C15,47,auto_tar,23149,4179,5000,recall_at_R,OBSERVED,0.8650394831299354,1205.0,1393.0,4179.0,,
C15,47,auto_tar,23149,4179,5000,recall_at_2R,CENSORED,CENSORED,,,8358.0,,requested_depth_exceeds_logged_budget
C15,47,auto_tar,23149,4179,5000,recall_at_1R_plus_0,OBSERVED,0.8650394831299354,1205.0,1393.0,4179.0,,
C15,47,auto_tar,23149,4179,5000,recall_at_1R_plus_100,OBSERVED,0.8765254845656856,1221.0,1393.0,4279.0,,
C15,47,auto_tar,23149,4179,5000,recall_at_1R_plus_1000,CENSORED,CENSORED,,,5179.0,,requested_depth_exceeds_logged_budget
C15,47,auto_tar,23149,4179,5000,recall_at_2R_plus_0,CENSORED,CENSORED,,,8358.0,,requested_depth_exceeds_logged_budget
C15,47,auto_tar,23149,4179,5000,recall_at_2R_plus_100,CENSORED,CENSORED,,,8458.0,,requested_depth_exceeds_logged_budget
C15,47,auto_tar,23149,4179,5000,recall_at_2R_plus_1000,CENSORED,CENSORED,,,9358.0,,requested_depth_exceeds_logged_budget
C15,47,auto_tar,23149,4179,5000,recall_at_4R_plus_0,CENSORED,CENSORED,,,16716.0,,requested_depth_exceeds_logged_budget
C15,47,auto_tar,23149,4179,5000,recall_at_4R_plus_100,CENSORED,CENSORED,,,16816.0,,requested_depth_exceeds_logged_budget
C15,47,auto_tar,23149,4179,5000,recall_at_4R_plus_1000,CENSORED,CENSORED,,,17716.0,,requested_depth_exceeds_logged_budget
C15,47,auto_tar,23149,4179,5000,effort_at_75,OBSERVED,3312.0,3312.0,1.0,,,
C15,47,auto_tar,23149,4179,5000,batch_effort_at_75,OBSERVED,3479.0,3479.0,1.0,,,
C15,47,auto_tar,23149,4179,5000,depth_fraction_at_75,OBSERVED,0.14307313490863535,3312.0,23149.0,,,
C15,47,auto_tar,23149,4179,5000,depth_per_positive_at_75,OBSERVED,0.7925340990667624,1104.0,1393.0,,,
C15,47,auto_tar,23149,4179,5000,effort_at_80,OBSERVED,3638.0,3638.0,1.0,,,
C15,47,auto_tar,23149,4179,5000,batch_effort_at_80,OBSERVED,3847.0,3847.0,1.0,,,
C15,47,auto_tar,23149,4179,5000,depth_fraction_at_80,OBSERVED,0.1571558166659467,3638.0,23149.0,,,
C15,47,auto_tar,23149,4179,5000,depth_per_positive_at_80,OBSERVED,0.8705431921512323,3638.0,4179.0,,,
C15,47,auto_tar,23149,4179,5000,effort_at_90,OBSERVED,4467.0,4467.0,1.0,,,
C15,47,auto_tar,23149,4179,5000,batch_effort_at_90,OBSERVED,4698.0,4698.0,1.0,,,
C15,47,auto_tar,23149,4179,5000,depth_fraction_at_90,OBSERVED,0.19296729880340405,4467.0,23149.0,,,
C15,47,auto_tar,23149,4179,5000,depth_per_positive_at_90,OBSERVED,1.068916008614501,1489.0,1393.0,,,
C15,47,explore_10,23149,4179,5000,recall_at_1000,OBSERVED,0.22014836085187844,920.0,4179.0,1000.0,,
C15,47,explore_10,23149,4179,5000,recall_at_R,OBSERVED,0.8614501076812635,1200.0,1393.0,4179.0,,
C15,47,explore_10,23149,4179,5000,recall_at_2R,CENSORED,CENSORED,,,8358.0,,requested_depth_exceeds_logged_budget
C15,47,explore_10,23149,4179,5000,recall_at_1R_plus_0,OBSERVED,0.8614501076812635,1200.0,1393.0,4179.0,,
C15,47,explore_10,23149,4179,5000,recall_at_1R_plus_100,OBSERVED,0.8703039004546542,3637.0,4179.0,4279.0,,
C15,47,explore_10,23149,4179,5000,recall_at_1R_plus_1000,CENSORED,CENSORED,,,5179.0,,requested_depth_exceeds_logged_budget
C15,47,explore_10,23149,4179,5000,recall_at_2R_plus_0,CENSORED,CENSORED,,,8358.0,,requested_depth_exceeds_logged_budget
C15,47,explore_10,23149,4179,5000,recall_at_2R_plus_100,CENSORED,CENSORED,,,8458.0,,requested_depth_exceeds_logged_budget
C15,47,explore_10,23149,4179,5000,recall_at_2R_plus_1000,CENSORED,CENSORED,,,9358.0,,requested_depth_exceeds_logged_budget
C15,47,explore_10,23149,4179,5000,recall_at_4R_plus_0,CENSORED,CENSORED,,,16716.0,,requested_depth_exceeds_logged_budget
C15,47,explore_10,23149,4179,5000,recall_at_4R_plus_100,CENSORED,CENSORED,,,16816.0,,requested_depth_exceeds_logged_budget
C15,47,explore_10,23149,4179,5000,recall_at_4R_plus_1000,CENSORED,CENSORED,,,17716.0,,requested_depth_exceeds_logged_budget
C15,47,explore_10,23149,4179,5000,effort_at_75,OBSERVED,3516.0,3516.0,1.0,,,
C15,47,explore_10,23149,4179,5000,batch_effort_at_75,OBSERVED,3847.0,3847.0,1.0,,,
C15,47,explore_10,23149,4179,5000,depth_fraction_at_75,OBSERVED,0.15188561060952957,3516.0,23149.0,,,
C15,47,explore_10,23149,4179,5000,depth_per_positive_at_75,OBSERVED,0.8413496051687006,1172.0,1393.0,,,
C15,47,explore_10,23149,4179,5000,effort_at_80,OBSERVED,3763.0,3763.0,1.0,,,
C15,47,explore_10,23149,4179,5000,batch_effort_at_80,OBSERVED,3847.0,3847.0,1.0,,,
C15,47,explore_10,23149,4179,5000,depth_fraction_at_80,OBSERVED,0.16255561795325932,3763.0,23149.0,,,
C15,47,explore_10,23149,4179,5000,depth_per_positive_at_80,OBSERVED,0.9004546542234985,3763.0,4179.0,,,
C15,47,explore_10,23149,4179,5000,effort_at_90,OBSERVED,4637.0,4637.0,1.0,,,
C15,47,explore_10,23149,4179,5000,batch_effort_at_90,OBSERVED,4698.0,4698.0,1.0,,,
C15,47,explore_10,23149,4179,5000,depth_fraction_at_90,OBSERVED,0.2003110285541492,4637.0,23149.0,,,
C15,47,explore_10,23149,4179,5000,depth_per_positive_at_90,OBSERVED,1.1095955970327829,4637.0,4179.0,,,
C15,47,fixed_20,23149,4179,5000,recall_at_1000,OBSERVED,0.23546302943287867,328.0,1393.0,1000.0,,
C15,47,fixed_20,23149,4179,5000,recall_at_R,OBSERVED,0.8913615697535295,3725.0,4179.0,4179.0,,
C15,47,fixed_20,23149,4179,5000,recall_at_2R,CENSORED,CENSORED,,,8358.0,,requested_depth_exceeds_logged_budget
C15,47,fixed_20,23149,4179,5000,recall_at_1R_plus_0,OBSERVED,0.8913615697535295,3725.0,4179.0,4179.0,,
C15,47,fixed_20,23149,4179,5000,recall_at_1R_plus_100,OBSERVED,0.8973438621679828,1250.0,1393.0,4279.0,,
C15,47,fixed_20,23149,4179,5000,recall_at_1R_plus_1000,CENSORED,CENSORED,,,5179.0,,requested_depth_exceeds_logged_budget
C15,47,fixed_20,23149,4179,5000,recall_at_2R_plus_0,CENSORED,CENSORED,,,8358.0,,requested_depth_exceeds_logged_budget
C15,47,fixed_20,23149,4179,5000,recall_at_2R_plus_100,CENSORED,CENSORED,,,8458.0,,requested_depth_exceeds_logged_budget
C15,47,fixed_20,23149,4179,5000,recall_at_2R_plus_1000,CENSORED,CENSORED,,,9358.0,,requested_depth_exceeds_logged_budget
C15,47,fixed_20,23149,4179,5000,recall_at_4R_plus_0,CENSORED,CENSORED,,,16716.0,,requested_depth_exceeds_logged_budget
C15,47,fixed_20,23149,4179,5000,recall_at_4R_plus_100,CENSORED,CENSORED,,,16816.0,,requested_depth_exceeds_logged_budget
C15,47,fixed_20,23149,4179,5000,recall_at_4R_plus_1000,CENSORED,CENSORED,,,17716.0,,requested_depth_exceeds_logged_budget
C15,47,fixed_20,23149,4179,5000,effort_at_75,OBSERVED,3235.0,3235.0,1.0,,,
C15,47,fixed_20,23149,4179,5000,batch_effort_at_75,OBSERVED,3241.0,3241.0,1.0,,,
C15,47,fixed_20,23149,4179,5000,depth_fraction_at_75,OBSERVED,0.13974685731565079,3235.0,23149.0,,,
C15,47,fixed_20,23149,4179,5000,depth_per_positive_at_75,OBSERVED,0.7741086384302465,3235.0,4179.0,,,
C15,47,fixed_20,23149,4179,5000,effort_at_80,OBSERVED,3479.0,3479.0,1.0,,,
C15,47,fixed_20,23149,4179,5000,batch_effort_at_80,OBSERVED,3481.0,3481.0,1.0,,,
C15,47,fixed_20,23149,4179,5000,depth_fraction_at_80,OBSERVED,0.15028726942848503,497.0,3307.0,,,
C15,47,fixed_20,23149,4179,5000,depth_per_positive_at_80,OBSERVED,0.8324958123953099,497.0,597.0,,,
C15,47,fixed_20,23149,4179,5000,effort_at_90,OBSERVED,4310.0,4310.0,1.0,,,
C15,47,fixed_20,23149,4179,5000,batch_effort_at_90,OBSERVED,4321.0,4321.0,1.0,,,
C15,47,fixed_20,23149,4179,5000,depth_fraction_at_90,OBSERVED,0.18618514838653938,4310.0,23149.0,,,
C15,47,fixed_20,23149,4179,5000,depth_per_positive_at_90,OBSERVED,1.0313472122517349,4310.0,4179.0,,,
C15,47,frozen_svm,23149,4179,5000,recall_at_1000,OBSERVED,0.0899736779133764,376.0,4179.0,1000.0,,
C15,47,frozen_svm,23149,4179,5000,recall_at_R,OBSERVED,0.3108399138549892,433.0,1393.0,4179.0,,
C15,47,frozen_svm,23149,4179,5000,recall_at_2R,CENSORED,CENSORED,,,8358.0,,requested_depth_exceeds_logged_budget
C15,47,frozen_svm,23149,4179,5000,recall_at_1R_plus_0,OBSERVED,0.3108399138549892,433.0,1393.0,4179.0,,
C15,47,frozen_svm,23149,4179,5000,recall_at_1R_plus_100,OBSERVED,0.31754008135917683,1327.0,4179.0,4279.0,,
C15,47,frozen_svm,23149,4179,5000,recall_at_1R_plus_1000,CENSORED,CENSORED,,,5179.0,,requested_depth_exceeds_logged_budget
C15,47,frozen_svm,23149,4179,5000,recall_at_2R_plus_0,CENSORED,CENSORED,,,8358.0,,requested_depth_exceeds_logged_budget
C15,47,frozen_svm,23149,4179,5000,recall_at_2R_plus_100,CENSORED,CENSORED,,,8458.0,,requested_depth_exceeds_logged_budget
C15,47,frozen_svm,23149,4179,5000,recall_at_2R_plus_1000,CENSORED,CENSORED,,,9358.0,,requested_depth_exceeds_logged_budget
C15,47,frozen_svm,23149,4179,5000,recall_at_4R_plus_0,CENSORED,CENSORED,,,16716.0,,requested_depth_exceeds_logged_budget
C15,47,frozen_svm,23149,4179,5000,recall_at_4R_plus_100,CENSORED,CENSORED,,,16816.0,,requested_depth_exceeds_logged_budget
C15,47,frozen_svm,23149,4179,5000,recall_at_4R_plus_1000,CENSORED,CENSORED,,,17716.0,,requested_depth_exceeds_logged_budget
C15,47,frozen_svm,23149,4179,5000,effort_at_75,CENSORED,CENSORED,,,,5000.0,target_not_reached
C15,47,frozen_svm,23149,4179,5000,batch_effort_at_75,CENSORED,CENSORED,,,,5000.0,target_not_reached
C15,47,frozen_svm,23149,4179,5000,depth_fraction_at_75,CENSORED,CENSORED,,,,0.21599205149250508,target_not_reached
C15,47,frozen_svm,23149,4179,5000,depth_per_positive_at_75,CENSORED,CENSORED,,,,1.1964584828906437,target_not_reached
C15,47,frozen_svm,23149,4179,5000,effort_at_80,CENSORED,CENSORED,,,,5000.0,target_not_reached
C15,47,frozen_svm,23149,4179,5000,batch_effort_at_80,CENSORED,CENSORED,,,,5000.0,target_not_reached
C15,47,frozen_svm,23149,4179,5000,depth_fraction_at_80,CENSORED,CENSORED,,,,0.21599205149250508,target_not_reached
C15,47,frozen_svm,23149,4179,5000,depth_per_positive_at_80,CENSORED,CENSORED,,,,1.1964584828906437,target_not_reached
C15,47,frozen_svm,23149,4179,5000,effort_at_90,CENSORED,CENSORED,,,,5000.0,target_not_reached
C15,47,frozen_svm,23149,4179,5000,batch_effort_at_90,CENSORED,CENSORED,,,,5000.0,target_not_reached
C15,47,frozen_svm,23149,4179,5000,depth_fraction_at_90,CENSORED,CENSORED,,,,0.21599205149250508,target_not_reached
C15,47,frozen_svm,23149,4179,5000,depth_per_positive_at_90,CENSORED,CENSORED,,,,1.1964584828906437,target_not_reached
C15,47,random,23149,4179,5000,recall_at_1000,OBSERVED,0.04187604690117253,25.0,597.0,1000.0,,
C15,47,random,23149,4179,5000,recall_at_R,OBSERVED,0.17851160564728405,746.0,4179.0,4179.0,,
C15,47,random,23149,4179,5000,recall_at_2R,CENSORED,CENSORED,,,8358.0,,requested_depth_exceeds_logged_budget
C15,47,random,23149,4179,5000,recall_at_1R_plus_0,OBSERVED,0.17851160564728405,746.0,4179.0,4179.0,,
C15,47,random,23149,4179,5000,recall_at_1R_plus_100,OBSERVED,0.18473318975831537,772.0,4179.0,4279.0,,
C15,47,random,23149,4179,5000,recall_at_1R_plus_1000,CENSORED,CENSORED,,,5179.0,,requested_depth_exceeds_logged_budget
C15,47,random,23149,4179,5000,recall_at_2R_plus_0,CENSORED,CENSORED,,,8358.0,,requested_depth_exceeds_logged_budget
C15,47,random,23149,4179,5000,recall_at_2R_plus_100,CENSORED,CENSORED,,,8458.0,,requested_depth_exceeds_logged_budget
C15,47,random,23149,4179,5000,recall_at_2R_plus_1000,CENSORED,CENSORED,,,9358.0,,requested_depth_exceeds_logged_budget
C15,47,random,23149,4179,5000,recall_at_4R_plus_0,CENSORED,CENSORED,,,16716.0,,requested_depth_exceeds_logged_budget
C15,47,random,23149,4179,5000,recall_at_4R_plus_100,CENSORED,CENSORED,,,16816.0,,requested_depth_exceeds_logged_budget
C15,47,random,23149,4179,5000,recall_at_4R_plus_1000,CENSORED,CENSORED,,,17716.0,,requested_depth_exceeds_logged_budget
C15,47,random,23149,4179,5000,effort_at_75,CENSORED,CENSORED,,,,5000.0,target_not_reached
C15,47,random,23149,4179,5000,batch_effort_at_75,CENSORED,CENSORED,,,,5000.0,target_not_reached
C15,47,random,23149,4179,5000,depth_fraction_at_75,CENSORED,CENSORED,,,,0.21599205149250508,target_not_reached
C15,47,random,23149,4179,5000,depth_per_positive_at_75,CENSORED,CENSORED,,,,1.1964584828906437,target_not_reached
C15,47,random,23149,4179,5000,effort_at_80,CENSORED,CENSORED,,,,5000.0,target_not_reached
C15,47,random,23149,4179,5000,batch_effort_at_80,CENSORED,CENSORED,,,,5000.0,target_not_reached
C15,47,random,23149,4179,5000,depth_fraction_at_80,CENSORED,CENSORED,,,,0.21599205149250508,target_not_reached
C15,47,random,23149,4179,5000,depth_per_positive_at_80,CENSORED,CENSORED,,,,1.1964584828906437,target_not_reached
C15,47,random,23149,4179,5000,effort_at_90,CENSORED,CENSORED,,,,5000.0,target_not_reached
C15,47,random,23149,4179,5000,batch_effort_at_90,CENSORED,CENSORED,,,,5000.0,target_not_reached
C15,47,random,23149,4179,5000,depth_fraction_at_90,CENSORED,CENSORED,,,,0.21599205149250508,target_not_reached
C15,47,random,23149,4179,5000,depth_per_positive_at_90,CENSORED,CENSORED,,,,1.1964584828906437,target_not_reached
C15,47,seed_similarity,23149,4179,5000,recall_at_1000,OBSERVED,0.1057669298875329,442.0,4179.0,1000.0,,
C15,47,seed_similarity,23149,4179,5000,recall_at_R,OBSERVED,0.36204833692270877,1513.0,4179.0,4179.0,,
C15,47,seed_similarity,23149,4179,5000,recall_at_2R,CENSORED,CENSORED,,,8358.0,,requested_depth_exceeds_logged_budget
C15,47,seed_similarity,23149,4179,5000,recall_at_1R_plus_0,OBSERVED,0.36204833692270877,1513.0,4179.0,4179.0,,
C15,47,seed_similarity,23149,4179,5000,recall_at_1R_plus_100,OBSERVED,0.3697056712132089,515.0,1393.0,4279.0,,
C15,47,seed_similarity,23149,4179,5000,recall_at_1R_plus_1000,CENSORED,CENSORED,,,5179.0,,requested_depth_exceeds_logged_budget
C15,47,seed_similarity,23149,4179,5000,recall_at_2R_plus_0,CENSORED,CENSORED,,,8358.0,,requested_depth_exceeds_logged_budget
C15,47,seed_similarity,23149,4179,5000,recall_at_2R_plus_100,CENSORED,CENSORED,,,8458.0,,requested_depth_exceeds_logged_budget
C15,47,seed_similarity,23149,4179,5000,recall_at_2R_plus_1000,CENSORED,CENSORED,,,9358.0,,requested_depth_exceeds_logged_budget
C15,47,seed_similarity,23149,4179,5000,recall_at_4R_plus_0,CENSORED,CENSORED,,,16716.0,,requested_depth_exceeds_logged_budget
C15,47,seed_similarity,23149,4179,5000,recall_at_4R_plus_100,CENSORED,CENSORED,,,16816.0,,requested_depth_exceeds_logged_budget
C15,47,seed_similarity,23149,4179,5000,recall_at_4R_plus_1000,CENSORED,CENSORED,,,17716.0,,requested_depth_exceeds_logged_budget
C15,47,seed_similarity,23149,4179,5000,effort_at_75,CENSORED,CENSORED,,,,5000.0,target_not_reached
C15,47,seed_similarity,23149,4179,5000,batch_effort_at_75,CENSORED,CENSORED,,,,5000.0,target_not_reached
C15,47,seed_similarity,23149,4179,5000,depth_fraction_at_75,CENSORED,CENSORED,,,,0.21599205149250508,target_not_reached
C15,47,seed_similarity,23149,4179,5000,depth_per_positive_at_75,CENSORED,CENSORED,,,,1.1964584828906437,target_not_reached
C15,47,seed_similarity,23149,4179,5000,effort_at_80,CENSORED,CENSORED,,,,5000.0,target_not_reached
C15,47,seed_similarity,23149,4179,5000,batch_effort_at_80,CENSORED,CENSORED,,,,5000.0,target_not_reached
C15,47,seed_similarity,23149,4179,5000,depth_fraction_at_80,CENSORED,CENSORED,,,,0.21599205149250508,target_not_reached
C15,47,seed_similarity,23149,4179,5000,depth_per_positive_at_80,CENSORED,CENSORED,,,,1.1964584828906437,target_not_reached
C15,47,seed_similarity,23149,4179,5000,effort_at_90,CENSORED,CENSORED,,,,5000.0,target_not_reached
C15,47,seed_similarity,23149,4179,5000,batch_effort_at_90,CENSORED,CENSORED,,,,5000.0,target_not_reached
C15,47,seed_similarity,23149,4179,5000,depth_fraction_at_90,CENSORED,CENSORED,,,,0.21599205149250508,target_not_reached
C15,47,seed_similarity,23149,4179,5000,depth_per_positive_at_90,CENSORED,CENSORED,,,,1.1964584828906437,target_not_reached
C15,47,uncertainty,23149,4179,5000,recall_at_1000,OBSERVED,0.13208901651112706,184.0,1393.0,1000.0,,
C15,47,uncertainty,23149,4179,5000,recall_at_R,OBSERVED,0.38932759033261544,1627.0,4179.0,4179.0,,
C15,47,uncertainty,23149,4179,5000,recall_at_2R,CENSORED,CENSORED,,,8358.0,,requested_depth_exceeds_logged_budget
C15,47,uncertainty,23149,4179,5000,recall_at_1R_plus_0,OBSERVED,0.38932759033261544,1627.0,4179.0,4179.0,,
C15,47,uncertainty,23149,4179,5000,recall_at_1R_plus_100,OBSERVED,0.3950705910504905,1651.0,4179.0,4279.0,,
C15,47,uncertainty,23149,4179,5000,recall_at_1R_plus_1000,CENSORED,CENSORED,,,5179.0,,requested_depth_exceeds_logged_budget
C15,47,uncertainty,23149,4179,5000,recall_at_2R_plus_0,CENSORED,CENSORED,,,8358.0,,requested_depth_exceeds_logged_budget
C15,47,uncertainty,23149,4179,5000,recall_at_2R_plus_100,CENSORED,CENSORED,,,8458.0,,requested_depth_exceeds_logged_budget
C15,47,uncertainty,23149,4179,5000,recall_at_2R_plus_1000,CENSORED,CENSORED,,,9358.0,,requested_depth_exceeds_logged_budget
C15,47,uncertainty,23149,4179,5000,recall_at_4R_plus_0,CENSORED,CENSORED,,,16716.0,,requested_depth_exceeds_logged_budget
C15,47,uncertainty,23149,4179,5000,recall_at_4R_plus_100,CENSORED,CENSORED,,,16816.0,,requested_depth_exceeds_logged_budget
C15,47,uncertainty,23149,4179,5000,recall_at_4R_plus_1000,CENSORED,CENSORED,,,17716.0,,requested_depth_exceeds_logged_budget
C15,47,uncertainty,23149,4179,5000,effort_at_75,CENSORED,CENSORED,,,,5000.0,target_not_reached
C15,47,uncertainty,23149,4179,5000,batch_effort_at_75,CENSORED,CENSORED,,,,5000.0,target_not_reached
C15,47,uncertainty,23149,4179,5000,depth_fraction_at_75,CENSORED,CENSORED,,,,0.21599205149250508,target_not_reached
C15,47,uncertainty,23149,4179,5000,depth_per_positive_at_75,CENSORED,CENSORED,,,,1.1964584828906437,target_not_reached
C15,47,uncertainty,23149,4179,5000,effort_at_80,CENSORED,CENSORED,,,,5000.0,target_not_reached
C15,47,uncertainty,23149,4179,5000,batch_effort_at_80,CENSORED,CENSORED,,,,5000.0,target_not_reached
C15,47,uncertainty,23149,4179,5000,depth_fraction_at_80,CENSORED,CENSORED,,,,0.21599205149250508,target_not_reached
C15,47,uncertainty,23149,4179,5000,depth_per_positive_at_80,CENSORED,CENSORED,,,,1.1964584828906437,target_not_reached
C15,47,uncertainty,23149,4179,5000,effort_at_90,CENSORED,CENSORED,,,,5000.0,target_not_reached
C15,47,uncertainty,23149,4179,5000,batch_effort_at_90,CENSORED,CENSORED,,,,5000.0,target_not_reached
C15,47,uncertainty,23149,4179,5000,depth_fraction_at_90,CENSORED,CENSORED,,,,0.21599205149250508,target_not_reached
C15,47,uncertainty,23149,4179,5000,depth_per_positive_at_90,CENSORED,CENSORED,,,,1.1964584828906437,target_not_reached
C16,11,auto_tar,23149,49,5000,recall_at_1000,OBSERVED,0.8979591836734694,44.0,49.0,1000.0,,
C16,11,auto_tar,23149,49,5000,recall_at_R,OBSERVED,0.02040816326530612,1.0,49.0,49.0,,
C16,11,auto_tar,23149,49,5000,recall_at_2R,OBSERVED,0.02040816326530612,1.0,49.0,98.0,,
C16,11,auto_tar,23149,49,5000,recall_at_1R_plus_0,OBSERVED,0.02040816326530612,1.0,49.0,49.0,,
C16,11,auto_tar,23149,49,5000,recall_at_1R_plus_100,OBSERVED,0.04081632653061224,2.0,49.0,149.0,,
C16,11,auto_tar,23149,49,5000,recall_at_1R_plus_1000,OBSERVED,0.8979591836734694,44.0,49.0,1049.0,,
C16,11,auto_tar,23149,49,5000,recall_at_2R_plus_0,OBSERVED,0.02040816326530612,1.0,49.0,98.0,,
C16,11,auto_tar,23149,49,5000,recall_at_2R_plus_100,OBSERVED,0.04081632653061224,2.0,49.0,198.0,,
C16,11,auto_tar,23149,49,5000,recall_at_2R_plus_1000,OBSERVED,0.8979591836734694,44.0,49.0,1098.0,,
C16,11,auto_tar,23149,49,5000,recall_at_4R_plus_0,OBSERVED,0.04081632653061224,2.0,49.0,196.0,,
C16,11,auto_tar,23149,49,5000,recall_at_4R_plus_100,OBSERVED,0.5102040816326531,25.0,49.0,296.0,,
C16,11,auto_tar,23149,49,5000,recall_at_4R_plus_1000,OBSERVED,0.8979591836734694,44.0,49.0,1196.0,,
C16,11,auto_tar,23149,49,5000,effort_at_75,OBSERVED,395.0,395.0,1.0,,,
C16,11,auto_tar,23149,49,5000,batch_effort_at_75,OBSERVED,441.0,441.0,1.0,,,
C16,11,auto_tar,23149,49,5000,depth_fraction_at_75,OBSERVED,0.017063372067907902,395.0,23149.0,,,
C16,11,auto_tar,23149,49,5000,depth_per_positive_at_75,OBSERVED,8.061224489795919,395.0,49.0,,,
C16,11,auto_tar,23149,49,5000,effort_at_80,OBSERVED,467.0,467.0,1.0,,,
C16,11,auto_tar,23149,49,5000,batch_effort_at_80,OBSERVED,498.0,498.0,1.0,,,
C16,11,auto_tar,23149,49,5000,depth_fraction_at_80,OBSERVED,0.020173657609399973,467.0,23149.0,,,
C16,11,auto_tar,23149,49,5000,depth_per_positive_at_80,OBSERVED,9.53061224489796,467.0,49.0,,,
C16,11,auto_tar,23149,49,5000,effort_at_90,OBSERVED,1639.0,1639.0,1.0,,,
C16,11,auto_tar,23149,49,5000,batch_effort_at_90,OBSERVED,1697.0,1697.0,1.0,,,
C16,11,auto_tar,23149,49,5000,depth_fraction_at_90,OBSERVED,0.07080219447924316,1639.0,23149.0,,,
C16,11,auto_tar,23149,49,5000,depth_per_positive_at_90,OBSERVED,33.44897959183673,1639.0,49.0,,,
C16,11,explore_10,23149,49,5000,recall_at_1000,OBSERVED,0.8979591836734694,44.0,49.0,1000.0,,
C16,11,explore_10,23149,49,5000,recall_at_R,OBSERVED,0.02040816326530612,1.0,49.0,49.0,,
C16,11,explore_10,23149,49,5000,recall_at_2R,OBSERVED,0.02040816326530612,1.0,49.0,98.0,,
C16,11,explore_10,23149,49,5000,recall_at_1R_plus_0,OBSERVED,0.02040816326530612,1.0,49.0,49.0,,
C16,11,explore_10,23149,49,5000,recall_at_1R_plus_100,OBSERVED,0.04081632653061224,2.0,49.0,149.0,,
C16,11,explore_10,23149,49,5000,recall_at_1R_plus_1000,OBSERVED,0.8979591836734694,44.0,49.0,1049.0,,
C16,11,explore_10,23149,49,5000,recall_at_2R_plus_0,OBSERVED,0.02040816326530612,1.0,49.0,98.0,,
C16,11,explore_10,23149,49,5000,recall_at_2R_plus_100,OBSERVED,0.04081632653061224,2.0,49.0,198.0,,
C16,11,explore_10,23149,49,5000,recall_at_2R_plus_1000,OBSERVED,0.8979591836734694,44.0,49.0,1098.0,,
C16,11,explore_10,23149,49,5000,recall_at_4R_plus_0,OBSERVED,0.04081632653061224,2.0,49.0,196.0,,
C16,11,explore_10,23149,49,5000,recall_at_4R_plus_100,OBSERVED,0.3469387755102041,17.0,49.0,296.0,,
C16,11,explore_10,23149,49,5000,recall_at_4R_plus_1000,OBSERVED,0.8979591836734694,44.0,49.0,1196.0,,
C16,11,explore_10,23149,49,5000,effort_at_75,OBSERVED,444.0,444.0,1.0,,,
C16,11,explore_10,23149,49,5000,batch_effort_at_75,OBSERVED,498.0,498.0,1.0,,,
C16,11,explore_10,23149,49,5000,depth_fraction_at_75,OBSERVED,0.01918009417253445,444.0,23149.0,,,
C16,11,explore_10,23149,49,5000,depth_per_positive_at_75,OBSERVED,9.061224489795919,444.0,49.0,,,
C16,11,explore_10,23149,49,5000,effort_at_80,OBSERVED,493.0,493.0,1.0,,,
C16,11,explore_10,23149,49,5000,batch_effort_at_80,OBSERVED,498.0,498.0,1.0,,,
C16,11,explore_10,23149,49,5000,depth_fraction_at_80,OBSERVED,0.021296816277161002,493.0,23149.0,,,
C16,11,explore_10,23149,49,5000,depth_per_positive_at_80,OBSERVED,10.061224489795919,493.0,49.0,,,
C16,11,explore_10,23149,49,5000,effort_at_90,OBSERVED,1782.0,1782.0,1.0,,,
C16,11,explore_10,23149,49,5000,batch_effort_at_90,OBSERVED,1884.0,1884.0,1.0,,,
C16,11,explore_10,23149,49,5000,depth_fraction_at_90,OBSERVED,0.07697956715192882,1782.0,23149.0,,,
C16,11,explore_10,23149,49,5000,depth_per_positive_at_90,OBSERVED,36.36734693877551,1782.0,49.0,,,
C16,11,fixed_20,23149,49,5000,recall_at_1000,OBSERVED,0.8979591836734694,44.0,49.0,1000.0,,
C16,11,fixed_20,23149,49,5000,recall_at_R,OBSERVED,0.02040816326530612,1.0,49.0,49.0,,
C16,11,fixed_20,23149,49,5000,recall_at_2R,OBSERVED,0.02040816326530612,1.0,49.0,98.0,,
C16,11,fixed_20,23149,49,5000,recall_at_1R_plus_0,OBSERVED,0.02040816326530612,1.0,49.0,49.0,,
C16,11,fixed_20,23149,49,5000,recall_at_1R_plus_100,OBSERVED,0.02040816326530612,1.0,49.0,149.0,,
C16,11,fixed_20,23149,49,5000,recall_at_1R_plus_1000,OBSERVED,0.8979591836734694,44.0,49.0,1049.0,,
C16,11,fixed_20,23149,49,5000,recall_at_2R_plus_0,OBSERVED,0.02040816326530612,1.0,49.0,98.0,,
C16,11,fixed_20,23149,49,5000,recall_at_2R_plus_100,OBSERVED,0.04081632653061224,2.0,49.0,198.0,,
C16,11,fixed_20,23149,49,5000,recall_at_2R_plus_1000,OBSERVED,0.8979591836734694,44.0,49.0,1098.0,,
C16,11,fixed_20,23149,49,5000,recall_at_4R_plus_0,OBSERVED,0.04081632653061224,2.0,49.0,196.0,,
C16,11,fixed_20,23149,49,5000,recall_at_4R_plus_100,OBSERVED,0.4897959183673469,24.0,49.0,296.0,,
C16,11,fixed_20,23149,49,5000,recall_at_4R_plus_1000,OBSERVED,0.8979591836734694,44.0,49.0,1196.0,,
C16,11,fixed_20,23149,49,5000,effort_at_75,OBSERVED,403.0,403.0,1.0,,,
C16,11,fixed_20,23149,49,5000,batch_effort_at_75,OBSERVED,421.0,421.0,1.0,,,
C16,11,fixed_20,23149,49,5000,depth_fraction_at_75,OBSERVED,0.01740895935029591,403.0,23149.0,,,
C16,11,fixed_20,23149,49,5000,depth_per_positive_at_75,OBSERVED,8.224489795918368,403.0,49.0,,,
C16,11,fixed_20,23149,49,5000,effort_at_80,OBSERVED,433.0,433.0,1.0,,,
C16,11,fixed_20,23149,49,5000,batch_effort_at_80,OBSERVED,441.0,441.0,1.0,,,
C16,11,fixed_20,23149,49,5000,depth_fraction_at_80,OBSERVED,0.01870491165925094,433.0,23149.0,,,
C16,11,fixed_20,23149,49,5000,depth_per_positive_at_80,OBSERVED,8.83673469387755,433.0,49.0,,,
C16,11,fixed_20,23149,49,5000,effort_at_90,OBSERVED,1642.0,1642.0,1.0,,,
C16,11,fixed_20,23149,49,5000,batch_effort_at_90,OBSERVED,1661.0,1661.0,1.0,,,
C16,11,fixed_20,23149,49,5000,depth_fraction_at_90,OBSERVED,0.07093178971013867,1642.0,23149.0,,,
C16,11,fixed_20,23149,49,5000,depth_per_positive_at_90,OBSERVED,33.51020408163265,1642.0,49.0,,,
C16,11,frozen_svm,23149,49,5000,recall_at_1000,OBSERVED,0.20408163265306123,10.0,49.0,1000.0,,
C16,11,frozen_svm,23149,49,5000,recall_at_R,OBSERVED,0.02040816326530612,1.0,49.0,49.0,,
C16,11,frozen_svm,23149,49,5000,recall_at_2R,OBSERVED,0.02040816326530612,1.0,49.0,98.0,,
C16,11,frozen_svm,23149,49,5000,recall_at_1R_plus_0,OBSERVED,0.02040816326530612,1.0,49.0,49.0,,
C16,11,frozen_svm,23149,49,5000,recall_at_1R_plus_100,OBSERVED,0.02040816326530612,1.0,49.0,149.0,,
C16,11,frozen_svm,23149,49,5000,recall_at_1R_plus_1000,OBSERVED,0.20408163265306123,10.0,49.0,1049.0,,
C16,11,frozen_svm,23149,49,5000,recall_at_2R_plus_0,OBSERVED,0.02040816326530612,1.0,49.0,98.0,,
C16,11,frozen_svm,23149,49,5000,recall_at_2R_plus_100,OBSERVED,0.02040816326530612,1.0,49.0,198.0,,
C16,11,frozen_svm,23149,49,5000,recall_at_2R_plus_1000,OBSERVED,0.20408163265306123,10.0,49.0,1098.0,,
C16,11,frozen_svm,23149,49,5000,recall_at_4R_plus_0,OBSERVED,0.02040816326530612,1.0,49.0,196.0,,
C16,11,frozen_svm,23149,49,5000,recall_at_4R_plus_100,OBSERVED,0.02040816326530612,1.0,49.0,296.0,,
C16,11,frozen_svm,23149,49,5000,recall_at_4R_plus_1000,OBSERVED,0.20408163265306123,10.0,49.0,1196.0,,
C16,11,frozen_svm,23149,49,5000,effort_at_75,CENSORED,CENSORED,,,,5000.0,target_not_reached
C16,11,frozen_svm,23149,49,5000,batch_effort_at_75,CENSORED,CENSORED,,,,5000.0,target_not_reached
C16,11,frozen_svm,23149,49,5000,depth_fraction_at_75,CENSORED,CENSORED,,,,0.21599205149250508,target_not_reached
C16,11,frozen_svm,23149,49,5000,depth_per_positive_at_75,CENSORED,CENSORED,,,,102.04081632653062,target_not_reached
C16,11,frozen_svm,23149,49,5000,effort_at_80,CENSORED,CENSORED,,,,5000.0,target_not_reached
C16,11,frozen_svm,23149,49,5000,batch_effort_at_80,CENSORED,CENSORED,,,,5000.0,target_not_reached
C16,11,frozen_svm,23149,49,5000,depth_fraction_at_80,CENSORED,CENSORED,,,,0.21599205149250508,target_not_reached
C16,11,frozen_svm,23149,49,5000,depth_per_positive_at_80,CENSORED,CENSORED,,,,102.04081632653062,target_not_reached
C16,11,frozen_svm,23149,49,5000,effort_at_90,CENSORED,CENSORED,,,,5000.0,target_not_reached
C16,11,frozen_svm,23149,49,5000,batch_effort_at_90,CENSORED,CENSORED,,,,5000.0,target_not_reached
C16,11,frozen_svm,23149,49,5000,depth_fraction_at_90,CENSORED,CENSORED,,,,0.21599205149250508,target_not_reached
C16,11,frozen_svm,23149,49,5000,depth_per_positive_at_90,CENSORED,CENSORED,,,,102.04081632653062,target_not_reached
C16,11,random,23149,49,5000,recall_at_1000,OBSERVED,0.08163265306122448,4.0,49.0,1000.0,,
C16,11,random,23149,49,5000,recall_at_R,OBSERVED,0.04081632653061224,2.0,49.0,49.0,,
C16,11,random,23149,49,5000,recall_at_2R,OBSERVED,0.04081632653061224,2.0,49.0,98.0,,
C16,11,random,23149,49,5000,recall_at_1R_plus_0,OBSERVED,0.04081632653061224,2.0,49.0,49.0,,
C16,11,random,23149,49,5000,recall_at_1R_plus_100,OBSERVED,0.04081632653061224,2.0,49.0,149.0,,
C16,11,random,23149,49,5000,recall_at_1R_plus_1000,OBSERVED,0.08163265306122448,4.0,49.0,1049.0,,
C16,11,random,23149,49,5000,recall_at_2R_plus_0,OBSERVED,0.04081632653061224,2.0,49.0,98.0,,
C16,11,random,23149,49,5000,recall_at_2R_plus_100,OBSERVED,0.04081632653061224,2.0,49.0,198.0,,
C16,11,random,23149,49,5000,recall_at_2R_plus_1000,OBSERVED,0.08163265306122448,4.0,49.0,1098.0,,
C16,11,random,23149,49,5000,recall_at_4R_plus_0,OBSERVED,0.04081632653061224,2.0,49.0,196.0,,
C16,11,random,23149,49,5000,recall_at_4R_plus_100,OBSERVED,0.08163265306122448,4.0,49.0,296.0,,
C16,11,random,23149,49,5000,recall_at_4R_plus_1000,OBSERVED,0.08163265306122448,4.0,49.0,1196.0,,
C16,11,random,23149,49,5000,effort_at_75,CENSORED,CENSORED,,,,5000.0,target_not_reached
C16,11,random,23149,49,5000,batch_effort_at_75,CENSORED,CENSORED,,,,5000.0,target_not_reached
C16,11,random,23149,49,5000,depth_fraction_at_75,CENSORED,CENSORED,,,,0.21599205149250508,target_not_reached
C16,11,random,23149,49,5000,depth_per_positive_at_75,CENSORED,CENSORED,,,,102.04081632653062,target_not_reached
C16,11,random,23149,49,5000,effort_at_80,CENSORED,CENSORED,,,,5000.0,target_not_reached
C16,11,random,23149,49,5000,batch_effort_at_80,CENSORED,CENSORED,,,,5000.0,target_not_reached
C16,11,random,23149,49,5000,depth_fraction_at_80,CENSORED,CENSORED,,,,0.21599205149250508,target_not_reached
C16,11,random,23149,49,5000,depth_per_positive_at_80,CENSORED,CENSORED,,,,102.04081632653062,target_not_reached
C16,11,random,23149,49,5000,effort_at_90,CENSORED,CENSORED,,,,5000.0,target_not_reached
C16,11,random,23149,49,5000,batch_effort_at_90,CENSORED,CENSORED,,,,5000.0,target_not_reached
C16,11,random,23149,49,5000,depth_fraction_at_90,CENSORED,CENSORED,,,,0.21599205149250508,target_not_reached
C16,11,random,23149,49,5000,depth_per_positive_at_90,CENSORED,CENSORED,,,,102.04081632653062,target_not_reached
C16,11,seed_similarity,23149,49,5000,recall_at_1000,OBSERVED,0.16326530612244897,8.0,49.0,1000.0,,
C16,11,seed_similarity,23149,49,5000,recall_at_R,OBSERVED,0.02040816326530612,1.0,49.0,49.0,,
C16,11,seed_similarity,23149,49,5000,recall_at_2R,OBSERVED,0.02040816326530612,1.0,49.0,98.0,,
C16,11,seed_similarity,23149,49,5000,recall_at_1R_plus_0,OBSERVED,0.02040816326530612,1.0,49.0,49.0,,
C16,11,seed_similarity,23149,49,5000,recall_at_1R_plus_100,OBSERVED,0.02040816326530612,1.0,49.0,149.0,,
C16,11,seed_similarity,23149,49,5000,recall_at_1R_plus_1000,OBSERVED,0.16326530612244897,8.0,49.0,1049.0,,
C16,11,seed_similarity,23149,49,5000,recall_at_2R_plus_0,OBSERVED,0.02040816326530612,1.0,49.0,98.0,,
C16,11,seed_similarity,23149,49,5000,recall_at_2R_plus_100,OBSERVED,0.02040816326530612,1.0,49.0,198.0,,
C16,11,seed_similarity,23149,49,5000,recall_at_2R_plus_1000,OBSERVED,0.1836734693877551,9.0,49.0,1098.0,,
C16,11,seed_similarity,23149,49,5000,recall_at_4R_plus_0,OBSERVED,0.02040816326530612,1.0,49.0,196.0,,
C16,11,seed_similarity,23149,49,5000,recall_at_4R_plus_100,OBSERVED,0.02040816326530612,1.0,49.0,296.0,,
C16,11,seed_similarity,23149,49,5000,recall_at_4R_plus_1000,OBSERVED,0.20408163265306123,10.0,49.0,1196.0,,
C16,11,seed_similarity,23149,49,5000,effort_at_75,CENSORED,CENSORED,,,,5000.0,target_not_reached
C16,11,seed_similarity,23149,49,5000,batch_effort_at_75,CENSORED,CENSORED,,,,5000.0,target_not_reached
C16,11,seed_similarity,23149,49,5000,depth_fraction_at_75,CENSORED,CENSORED,,,,0.21599205149250508,target_not_reached
C16,11,seed_similarity,23149,49,5000,depth_per_positive_at_75,CENSORED,CENSORED,,,,102.04081632653062,target_not_reached
C16,11,seed_similarity,23149,49,5000,effort_at_80,CENSORED,CENSORED,,,,5000.0,target_not_reached
C16,11,seed_similarity,23149,49,5000,batch_effort_at_80,CENSORED,CENSORED,,,,5000.0,target_not_reached
C16,11,seed_similarity,23149,49,5000,depth_fraction_at_80,CENSORED,CENSORED,,,,0.21599205149250508,target_not_reached
C16,11,seed_similarity,23149,49,5000,depth_per_positive_at_80,CENSORED,CENSORED,,,,102.04081632653062,target_not_reached
C16,11,seed_similarity,23149,49,5000,effort_at_90,CENSORED,CENSORED,,,,5000.0,target_not_reached
C16,11,seed_similarity,23149,49,5000,batch_effort_at_90,CENSORED,CENSORED,,,,5000.0,target_not_reached
C16,11,seed_similarity,23149,49,5000,depth_fraction_at_90,CENSORED,CENSORED,,,,0.21599205149250508,target_not_reached
C16,11,seed_similarity,23149,49,5000,depth_per_positive_at_90,CENSORED,CENSORED,,,,102.04081632653062,target_not_reached
C16,11,uncertainty,23149,49,5000,recall_at_1000,OBSERVED,0.8979591836734694,44.0,49.0,1000.0,,
C16,11,uncertainty,23149,49,5000,recall_at_R,OBSERVED,0.02040816326530612,1.0,49.0,49.0,,
C16,11,uncertainty,23149,49,5000,recall_at_2R,OBSERVED,0.02040816326530612,1.0,49.0,98.0,,
C16,11,uncertainty,23149,49,5000,recall_at_1R_plus_0,OBSERVED,0.02040816326530612,1.0,49.0,49.0,,
C16,11,uncertainty,23149,49,5000,recall_at_1R_plus_100,OBSERVED,0.04081632653061224,2.0,49.0,149.0,,
C16,11,uncertainty,23149,49,5000,recall_at_1R_plus_1000,OBSERVED,0.8979591836734694,44.0,49.0,1049.0,,
C16,11,uncertainty,23149,49,5000,recall_at_2R_plus_0,OBSERVED,0.02040816326530612,1.0,49.0,98.0,,
C16,11,uncertainty,23149,49,5000,recall_at_2R_plus_100,OBSERVED,0.04081632653061224,2.0,49.0,198.0,,
C16,11,uncertainty,23149,49,5000,recall_at_2R_plus_1000,OBSERVED,0.8979591836734694,44.0,49.0,1098.0,,
C16,11,uncertainty,23149,49,5000,recall_at_4R_plus_0,OBSERVED,0.04081632653061224,2.0,49.0,196.0,,
C16,11,uncertainty,23149,49,5000,recall_at_4R_plus_100,OBSERVED,0.5102040816326531,25.0,49.0,296.0,,
C16,11,uncertainty,23149,49,5000,recall_at_4R_plus_1000,OBSERVED,0.8979591836734694,44.0,49.0,1196.0,,
C16,11,uncertainty,23149,49,5000,effort_at_75,OBSERVED,395.0,395.0,1.0,,,
C16,11,uncertainty,23149,49,5000,batch_effort_at_75,OBSERVED,441.0,441.0,1.0,,,
C16,11,uncertainty,23149,49,5000,depth_fraction_at_75,OBSERVED,0.017063372067907902,395.0,23149.0,,,
C16,11,uncertainty,23149,49,5000,depth_per_positive_at_75,OBSERVED,8.061224489795919,395.0,49.0,,,
C16,11,uncertainty,23149,49,5000,effort_at_80,OBSERVED,467.0,467.0,1.0,,,
C16,11,uncertainty,23149,49,5000,batch_effort_at_80,OBSERVED,498.0,498.0,1.0,,,
C16,11,uncertainty,23149,49,5000,depth_fraction_at_80,OBSERVED,0.020173657609399973,467.0,23149.0,,,
C16,11,uncertainty,23149,49,5000,depth_per_positive_at_80,OBSERVED,9.53061224489796,467.0,49.0,,,
C16,11,uncertainty,23149,49,5000,effort_at_90,OBSERVED,1639.0,1639.0,1.0,,,
C16,11,uncertainty,23149,49,5000,batch_effort_at_90,OBSERVED,1697.0,1697.0,1.0,,,
C16,11,uncertainty,23149,49,5000,depth_fraction_at_90,OBSERVED,0.07080219447924316,1639.0,23149.0,,,
C16,11,uncertainty,23149,49,5000,depth_per_positive_at_90,OBSERVED,33.44897959183673,1639.0,49.0,,,
C16,29,auto_tar,23149,49,5000,recall_at_1000,OBSERVED,0.8979591836734694,44.0,49.0,1000.0,,
C16,29,auto_tar,23149,49,5000,recall_at_R,OBSERVED,0.02040816326530612,1.0,49.0,49.0,,
C16,29,auto_tar,23149,49,5000,recall_at_2R,OBSERVED,0.02040816326530612,1.0,49.0,98.0,,
C16,29,auto_tar,23149,49,5000,recall_at_1R_plus_0,OBSERVED,0.02040816326530612,1.0,49.0,49.0,,
C16,29,auto_tar,23149,49,5000,recall_at_1R_plus_100,OBSERVED,0.04081632653061224,2.0,49.0,149.0,,
C16,29,auto_tar,23149,49,5000,recall_at_1R_plus_1000,OBSERVED,0.8979591836734694,44.0,49.0,1049.0,,
C16,29,auto_tar,23149,49,5000,recall_at_2R_plus_0,OBSERVED,0.02040816326530612,1.0,49.0,98.0,,
C16,29,auto_tar,23149,49,5000,recall_at_2R_plus_100,OBSERVED,0.5510204081632653,27.0,49.0,198.0,,
C16,29,auto_tar,23149,49,5000,recall_at_2R_plus_1000,OBSERVED,0.8979591836734694,44.0,49.0,1098.0,,
C16,29,auto_tar,23149,49,5000,recall_at_4R_plus_0,OBSERVED,0.5306122448979592,26.0,49.0,196.0,,
C16,29,auto_tar,23149,49,5000,recall_at_4R_plus_100,OBSERVED,0.7755102040816326,38.0,49.0,296.0,,
C16,29,auto_tar,23149,49,5000,recall_at_4R_plus_1000,OBSERVED,0.8979591836734694,44.0,49.0,1196.0,,
C16,29,auto_tar,23149,49,5000,effort_at_75,OBSERVED,236.0,236.0,1.0,,,
C16,29,auto_tar,23149,49,5000,batch_effort_at_75,OBSERVED,266.0,266.0,1.0,,,
C16,29,auto_tar,23149,49,5000,depth_fraction_at_75,OBSERVED,0.01019482483044624,236.0,23149.0,,,
C16,29,auto_tar,23149,49,5000,depth_per_positive_at_75,OBSERVED,4.816326530612245,236.0,49.0,,,
C16,29,auto_tar,23149,49,5000,effort_at_80,OBSERVED,326.0,326.0,1.0,,,
C16,29,auto_tar,23149,49,5000,batch_effort_at_80,OBSERVED,344.0,344.0,1.0,,,
C16,29,auto_tar,23149,49,5000,depth_fraction_at_80,OBSERVED,0.014082681757311331,326.0,23149.0,,,
C16,29,auto_tar,23149,49,5000,depth_per_positive_at_80,OBSERVED,6.653061224489796,326.0,49.0,,,
C16,29,auto_tar,23149,49,5000,effort_at_90,OBSERVED,3946.0,3946.0,1.0,,,
C16,29,auto_tar,23149,49,5000,batch_effort_at_90,OBSERVED,4252.0,4252.0,1.0,,,
C16,29,auto_tar,23149,49,5000,depth_fraction_at_90,OBSERVED,0.170460927037885,3946.0,23149.0,,,
C16,29,auto_tar,23149,49,5000,depth_per_positive_at_90,OBSERVED,80.53061224489795,3946.0,49.0,,,
C16,29,explore_10,23149,49,5000,recall_at_1000,OBSERVED,0.8979591836734694,44.0,49.0,1000.0,,
C16,29,explore_10,23149,49,5000,recall_at_R,OBSERVED,0.02040816326530612,1.0,49.0,49.0,,
C16,29,explore_10,23149,49,5000,recall_at_2R,OBSERVED,0.02040816326530612,1.0,49.0,98.0,,
C16,29,explore_10,23149,49,5000,recall_at_1R_plus_0,OBSERVED,0.02040816326530612,1.0,49.0,49.0,,
C16,29,explore_10,23149,49,5000,recall_at_1R_plus_100,OBSERVED,0.04081632653061224,2.0,49.0,149.0,,
C16,29,explore_10,23149,49,5000,recall_at_1R_plus_1000,OBSERVED,0.8979591836734694,44.0,49.0,1049.0,,
C16,29,explore_10,23149,49,5000,recall_at_2R_plus_0,OBSERVED,0.02040816326530612,1.0,49.0,98.0,,
C16,29,explore_10,23149,49,5000,recall_at_2R_plus_100,OBSERVED,0.24489795918367346,12.0,49.0,198.0,,
C16,29,explore_10,23149,49,5000,recall_at_2R_plus_1000,OBSERVED,0.8979591836734694,44.0,49.0,1098.0,,
C16,29,explore_10,23149,49,5000,recall_at_4R_plus_0,OBSERVED,0.24489795918367346,12.0,49.0,196.0,,
C16,29,explore_10,23149,49,5000,recall_at_4R_plus_100,OBSERVED,0.8775510204081632,43.0,49.0,296.0,,
C16,29,explore_10,23149,49,5000,recall_at_4R_plus_1000,OBSERVED,0.8979591836734694,44.0,49.0,1196.0,,
C16,29,explore_10,23149,49,5000,effort_at_75,OBSERVED,255.0,255.0,1.0,,,
C16,29,explore_10,23149,49,5000,batch_effort_at_75,OBSERVED,266.0,266.0,1.0,,,
C16,29,explore_10,23149,49,5000,depth_fraction_at_75,OBSERVED,0.011015594626117758,255.0,23149.0,,,
C16,29,explore_10,23149,49,5000,depth_per_positive_at_75,OBSERVED,5.204081632653061,255.0,49.0,,,
C16,29,explore_10,23149,49,5000,effort_at_80,OBSERVED,267.0,267.0,1.0,,,
C16,29,explore_10,23149,49,5000,batch_effort_at_80,OBSERVED,303.0,303.0,1.0,,,
C16,29,explore_10,23149,49,5000,depth_fraction_at_80,OBSERVED,0.01153397554969977,267.0,23149.0,,,
C16,29,explore_10,23149,49,5000,depth_per_positive_at_80,OBSERVED,5.448979591836735,267.0,49.0,,,
C16,29,explore_10,23149,49,5000,effort_at_90,OBSERVED,4319.0,4319.0,1.0,,,
C16,29,explore_10,23149,49,5000,batch_effort_at_90,OBSERVED,4698.0,4698.0,1.0,,,
C16,29,explore_10,23149,49,5000,depth_fraction_at_90,OBSERVED,0.18657393407922587,617.0,3307.0,,,
C16,29,explore_10,23149,49,5000,depth_per_positive_at_90,OBSERVED,88.14285714285714,617.0,7.0,,,
C16,29,fixed_20,23149,49,5000,recall_at_1000,OBSERVED,0.8775510204081632,43.0,49.0,1000.0,,
C16,29,fixed_20,23149,49,5000,recall_at_R,OBSERVED,0.02040816326530612,1.0,49.0,49.0,,
C16,29,fixed_20,23149,49,5000,recall_at_2R,OBSERVED,0.02040816326530612,1.0,49.0,98.0,,
C16,29,fixed_20,23149,49,5000,recall_at_1R_plus_0,OBSERVED,0.02040816326530612,1.0,49.0,49.0,,
C16,29,fixed_20,23149,49,5000,recall_at_1R_plus_100,OBSERVED,0.14285714285714285,1.0,7.0,149.0,,
C16,29,fixed_20,23149,49,5000,recall_at_1R_plus_1000,OBSERVED,0.8775510204081632,43.0,49.0,1049.0,,
C16,29,fixed_20,23149,49,5000,recall_at_2R_plus_0,OBSERVED,0.02040816326530612,1.0,49.0,98.0,,
C16,29,fixed_20,23149,49,5000,recall_at_2R_plus_100,OBSERVED,0.5714285714285714,4.0,7.0,198.0,,
C16,29,fixed_20,23149,49,5000,recall_at_2R_plus_1000,OBSERVED,0.8775510204081632,43.0,49.0,1098.0,,
C16,29,fixed_20,23149,49,5000,recall_at_4R_plus_0,OBSERVED,0.5714285714285714,4.0,7.0,196.0,,
C16,29,fixed_20,23149,49,5000,recall_at_4R_plus_100,OBSERVED,0.7755102040816326,38.0,49.0,296.0,,
C16,29,fixed_20,23149,49,5000,recall_at_4R_plus_1000,OBSERVED,0.8775510204081632,43.0,49.0,1196.0,,
C16,29,fixed_20,23149,49,5000,effort_at_75,OBSERVED,282.0,282.0,1.0,,,
C16,29,fixed_20,23149,49,5000,batch_effort_at_75,OBSERVED,301.0,301.0,1.0,,,
C16,29,fixed_20,23149,49,5000,depth_fraction_at_75,OBSERVED,0.012181951704177286,282.0,23149.0,,,
C16,29,fixed_20,23149,49,5000,depth_per_positive_at_75,OBSERVED,5.755102040816326,282.0,49.0,,,
C16,29,fixed_20,23149,49,5000,effort_at_80,OBSERVED,311.0,311.0,1.0,,,
C16,29,fixed_20,23149,49,5000,batch_effort_at_80,OBSERVED,321.0,321.0,1.0,,,
C16,29,fixed_20,23149,49,5000,depth_fraction_at_80,OBSERVED,0.013434705602833816,311.0,23149.0,,,
C16,29,fixed_20,23149,49,5000,depth_per_positive_at_80,OBSERVED,6.346938775510204,311.0,49.0,,,
C16,29,fixed_20,23149,49,5000,effort_at_90,OBSERVED,3938.0,3938.0,1.0,,,
C16,29,fixed_20,23149,49,5000,batch_effort_at_90,OBSERVED,3941.0,3941.0,1.0,,,
C16,29,fixed_20,23149,49,5000,depth_fraction_at_90,OBSERVED,0.170115339755497,3938.0,23149.0,,,
C16,29,fixed_20,23149,49,5000,depth_per_positive_at_90,OBSERVED,80.36734693877551,3938.0,49.0,,,
C16,29,frozen_svm,23149,49,5000,recall_at_1000,OBSERVED,0.08163265306122448,4.0,49.0,1000.0,,
C16,29,frozen_svm,23149,49,5000,recall_at_R,OBSERVED,0.02040816326530612,1.0,49.0,49.0,,
C16,29,frozen_svm,23149,49,5000,recall_at_2R,OBSERVED,0.02040816326530612,1.0,49.0,98.0,,
C16,29,frozen_svm,23149,49,5000,recall_at_1R_plus_0,OBSERVED,0.02040816326530612,1.0,49.0,49.0,,
C16,29,frozen_svm,23149,49,5000,recall_at_1R_plus_100,OBSERVED,0.02040816326530612,1.0,49.0,149.0,,
C16,29,frozen_svm,23149,49,5000,recall_at_1R_plus_1000,OBSERVED,0.08163265306122448,4.0,49.0,1049.0,,
C16,29,frozen_svm,23149,49,5000,recall_at_2R_plus_0,OBSERVED,0.02040816326530612,1.0,49.0,98.0,,
C16,29,frozen_svm,23149,49,5000,recall_at_2R_plus_100,OBSERVED,0.04081632653061224,2.0,49.0,198.0,,
C16,29,frozen_svm,23149,49,5000,recall_at_2R_plus_1000,OBSERVED,0.08163265306122448,4.0,49.0,1098.0,,
C16,29,frozen_svm,23149,49,5000,recall_at_4R_plus_0,OBSERVED,0.04081632653061224,2.0,49.0,196.0,,
C16,29,frozen_svm,23149,49,5000,recall_at_4R_plus_100,OBSERVED,0.04081632653061224,2.0,49.0,296.0,,
C16,29,frozen_svm,23149,49,5000,recall_at_4R_plus_1000,OBSERVED,0.08163265306122448,4.0,49.0,1196.0,,
C16,29,frozen_svm,23149,49,5000,effort_at_75,CENSORED,CENSORED,,,,5000.0,target_not_reached
C16,29,frozen_svm,23149,49,5000,batch_effort_at_75,CENSORED,CENSORED,,,,5000.0,target_not_reached
C16,29,frozen_svm,23149,49,5000,depth_fraction_at_75,CENSORED,CENSORED,,,,0.21599205149250508,target_not_reached
C16,29,frozen_svm,23149,49,5000,depth_per_positive_at_75,CENSORED,CENSORED,,,,102.04081632653062,target_not_reached
C16,29,frozen_svm,23149,49,5000,effort_at_80,CENSORED,CENSORED,,,,5000.0,target_not_reached
C16,29,frozen_svm,23149,49,5000,batch_effort_at_80,CENSORED,CENSORED,,,,5000.0,target_not_reached
C16,29,frozen_svm,23149,49,5000,depth_fraction_at_80,CENSORED,CENSORED,,,,0.21599205149250508,target_not_reached
C16,29,frozen_svm,23149,49,5000,depth_per_positive_at_80,CENSORED,CENSORED,,,,102.04081632653062,target_not_reached
C16,29,frozen_svm,23149,49,5000,effort_at_90,CENSORED,CENSORED,,,,5000.0,target_not_reached
C16,29,frozen_svm,23149,49,5000,batch_effort_at_90,CENSORED,CENSORED,,,,5000.0,target_not_reached
C16,29,frozen_svm,23149,49,5000,depth_fraction_at_90,CENSORED,CENSORED,,,,0.21599205149250508,target_not_reached
C16,29,frozen_svm,23149,49,5000,depth_per_positive_at_90,CENSORED,CENSORED,,,,102.04081632653062,target_not_reached
C16,29,random,23149,49,5000,recall_at_1000,OBSERVED,0.02040816326530612,1.0,49.0,1000.0,,
C16,29,random,23149,49,5000,recall_at_R,OBSERVED,0.02040816326530612,1.0,49.0,49.0,,
C16,29,random,23149,49,5000,recall_at_2R,OBSERVED,0.02040816326530612,1.0,49.0,98.0,,
C16,29,random,23149,49,5000,recall_at_1R_plus_0,OBSERVED,0.02040816326530612,1.0,49.0,49.0,,
C16,29,random,23149,49,5000,recall_at_1R_plus_100,OBSERVED,0.02040816326530612,1.0,49.0,149.0,,
C16,29,random,23149,49,5000,recall_at_1R_plus_1000,OBSERVED,0.02040816326530612,1.0,49.0,1049.0,,
C16,29,random,23149,49,5000,recall_at_2R_plus_0,OBSERVED,0.02040816326530612,1.0,49.0,98.0,,
C16,29,random,23149,49,5000,recall_at_2R_plus_100,OBSERVED,0.02040816326530612,1.0,49.0,198.0,,
C16,29,random,23149,49,5000,recall_at_2R_plus_1000,OBSERVED,0.02040816326530612,1.0,49.0,1098.0,,
C16,29,random,23149,49,5000,recall_at_4R_plus_0,OBSERVED,0.02040816326530612,1.0,49.0,196.0,,
C16,29,random,23149,49,5000,recall_at_4R_plus_100,OBSERVED,0.02040816326530612,1.0,49.0,296.0,,
C16,29,random,23149,49,5000,recall_at_4R_plus_1000,OBSERVED,0.02040816326530612,1.0,49.0,1196.0,,
C16,29,random,23149,49,5000,effort_at_75,CENSORED,CENSORED,,,,5000.0,target_not_reached
C16,29,random,23149,49,5000,batch_effort_at_75,CENSORED,CENSORED,,,,5000.0,target_not_reached
C16,29,random,23149,49,5000,depth_fraction_at_75,CENSORED,CENSORED,,,,0.21599205149250508,target_not_reached
C16,29,random,23149,49,5000,depth_per_positive_at_75,CENSORED,CENSORED,,,,102.04081632653062,target_not_reached
C16,29,random,23149,49,5000,effort_at_80,CENSORED,CENSORED,,,,5000.0,target_not_reached
C16,29,random,23149,49,5000,batch_effort_at_80,CENSORED,CENSORED,,,,5000.0,target_not_reached
C16,29,random,23149,49,5000,depth_fraction_at_80,CENSORED,CENSORED,,,,0.21599205149250508,target_not_reached
C16,29,random,23149,49,5000,depth_per_positive_at_80,CENSORED,CENSORED,,,,102.04081632653062,target_not_reached
C16,29,random,23149,49,5000,effort_at_90,CENSORED,CENSORED,,,,5000.0,target_not_reached
C16,29,random,23149,49,5000,batch_effort_at_90,CENSORED,CENSORED,,,,5000.0,target_not_reached
C16,29,random,23149,49,5000,depth_fraction_at_90,CENSORED,CENSORED,,,,0.21599205149250508,target_not_reached
C16,29,random,23149,49,5000,depth_per_positive_at_90,CENSORED,CENSORED,,,,102.04081632653062,target_not_reached
C16,29,seed_similarity,23149,49,5000,recall_at_1000,OBSERVED,0.14285714285714285,1.0,7.0,1000.0,,
C16,29,seed_similarity,23149,49,5000,recall_at_R,OBSERVED,0.02040816326530612,1.0,49.0,49.0,,
C16,29,seed_similarity,23149,49,5000,recall_at_2R,OBSERVED,0.02040816326530612,1.0,49.0,98.0,,
C16,29,seed_similarity,23149,49,5000,recall_at_1R_plus_0,OBSERVED,0.02040816326530612,1.0,49.0,49.0,,
C16,29,seed_similarity,23149,49,5000,recall_at_1R_plus_100,OBSERVED,0.02040816326530612,1.0,49.0,149.0,,
C16,29,seed_similarity,23149,49,5000,recall_at_1R_plus_1000,OBSERVED,0.14285714285714285,1.0,7.0,1049.0,,
C16,29,seed_similarity,23149,49,5000,recall_at_2R_plus_0,OBSERVED,0.02040816326530612,1.0,49.0,98.0,,
C16,29,seed_similarity,23149,49,5000,recall_at_2R_plus_100,OBSERVED,0.02040816326530612,1.0,49.0,198.0,,
C16,29,seed_similarity,23149,49,5000,recall_at_2R_plus_1000,OBSERVED,0.16326530612244897,8.0,49.0,1098.0,,
C16,29,seed_similarity,23149,49,5000,recall_at_4R_plus_0,OBSERVED,0.02040816326530612,1.0,49.0,196.0,,
C16,29,seed_similarity,23149,49,5000,recall_at_4R_plus_100,OBSERVED,0.02040816326530612,1.0,49.0,296.0,,
C16,29,seed_similarity,23149,49,5000,recall_at_4R_plus_1000,OBSERVED,0.16326530612244897,8.0,49.0,1196.0,,
C16,29,seed_similarity,23149,49,5000,effort_at_75,CENSORED,CENSORED,,,,5000.0,target_not_reached
C16,29,seed_similarity,23149,49,5000,batch_effort_at_75,CENSORED,CENSORED,,,,5000.0,target_not_reached
C16,29,seed_similarity,23149,49,5000,depth_fraction_at_75,CENSORED,CENSORED,,,,0.21599205149250508,target_not_reached
C16,29,seed_similarity,23149,49,5000,depth_per_positive_at_75,CENSORED,CENSORED,,,,102.04081632653062,target_not_reached
C16,29,seed_similarity,23149,49,5000,effort_at_80,CENSORED,CENSORED,,,,5000.0,target_not_reached
C16,29,seed_similarity,23149,49,5000,batch_effort_at_80,CENSORED,CENSORED,,,,5000.0,target_not_reached
C16,29,seed_similarity,23149,49,5000,depth_fraction_at_80,CENSORED,CENSORED,,,,0.21599205149250508,target_not_reached
C16,29,seed_similarity,23149,49,5000,depth_per_positive_at_80,CENSORED,CENSORED,,,,102.04081632653062,target_not_reached
C16,29,seed_similarity,23149,49,5000,effort_at_90,CENSORED,CENSORED,,,,5000.0,target_not_reached
C16,29,seed_similarity,23149,49,5000,batch_effort_at_90,CENSORED,CENSORED,,,,5000.0,target_not_reached
C16,29,seed_similarity,23149,49,5000,depth_fraction_at_90,CENSORED,CENSORED,,,,0.21599205149250508,target_not_reached
C16,29,seed_similarity,23149,49,5000,depth_per_positive_at_90,CENSORED,CENSORED,,,,102.04081632653062,target_not_reached
C16,29,uncertainty,23149,49,5000,recall_at_1000,OBSERVED,0.8979591836734694,44.0,49.0,1000.0,,
C16,29,uncertainty,23149,49,5000,recall_at_R,OBSERVED,0.02040816326530612,1.0,49.0,49.0,,
C16,29,uncertainty,23149,49,5000,recall_at_2R,OBSERVED,0.02040816326530612,1.0,49.0,98.0,,
C16,29,uncertainty,23149,49,5000,recall_at_1R_plus_0,OBSERVED,0.02040816326530612,1.0,49.0,49.0,,
C16,29,uncertainty,23149,49,5000,recall_at_1R_plus_100,OBSERVED,0.04081632653061224,2.0,49.0,149.0,,
C16,29,uncertainty,23149,49,5000,recall_at_1R_plus_1000,OBSERVED,0.8979591836734694,44.0,49.0,1049.0,,
C16,29,uncertainty,23149,49,5000,recall_at_2R_plus_0,OBSERVED,0.02040816326530612,1.0,49.0,98.0,,
C16,29,uncertainty,23149,49,5000,recall_at_2R_plus_100,OBSERVED,0.5510204081632653,27.0,49.0,198.0,,
C16,29,uncertainty,23149,49,5000,recall_at_2R_plus_1000,OBSERVED,0.8979591836734694,44.0,49.0,1098.0,,
C16,29,uncertainty,23149,49,5000,recall_at_4R_plus_0,OBSERVED,0.5306122448979592,26.0,49.0,196.0,,
C16,29,uncertainty,23149,49,5000,recall_at_4R_plus_100,OBSERVED,0.7755102040816326,38.0,49.0,296.0,,
C16,29,uncertainty,23149,49,5000,recall_at_4R_plus_1000,OBSERVED,0.8979591836734694,44.0,49.0,1196.0,,
C16,29,uncertainty,23149,49,5000,effort_at_75,OBSERVED,236.0,236.0,1.0,,,
C16,29,uncertainty,23149,49,5000,batch_effort_at_75,OBSERVED,266.0,266.0,1.0,,,
C16,29,uncertainty,23149,49,5000,depth_fraction_at_75,OBSERVED,0.01019482483044624,236.0,23149.0,,,
C16,29,uncertainty,23149,49,5000,depth_per_positive_at_75,OBSERVED,4.816326530612245,236.0,49.0,,,
C16,29,uncertainty,23149,49,5000,effort_at_80,OBSERVED,326.0,326.0,1.0,,,
C16,29,uncertainty,23149,49,5000,batch_effort_at_80,OBSERVED,344.0,344.0,1.0,,,
C16,29,uncertainty,23149,49,5000,depth_fraction_at_80,OBSERVED,0.014082681757311331,326.0,23149.0,,,
C16,29,uncertainty,23149,49,5000,depth_per_positive_at_80,OBSERVED,6.653061224489796,326.0,49.0,,,
C16,29,uncertainty,23149,49,5000,effort_at_90,OBSERVED,3946.0,3946.0,1.0,,,
C16,29,uncertainty,23149,49,5000,batch_effort_at_90,OBSERVED,4252.0,4252.0,1.0,,,
C16,29,uncertainty,23149,49,5000,depth_fraction_at_90,OBSERVED,0.170460927037885,3946.0,23149.0,,,
C16,29,uncertainty,23149,49,5000,depth_per_positive_at_90,OBSERVED,80.53061224489795,3946.0,49.0,,,
C16,47,auto_tar,23149,49,5000,recall_at_1000,OBSERVED,0.8571428571428571,6.0,7.0,1000.0,,
C16,47,auto_tar,23149,49,5000,recall_at_R,OBSERVED,0.5102040816326531,25.0,49.0,49.0,,
C16,47,auto_tar,23149,49,5000,recall_at_2R,OBSERVED,0.6326530612244898,31.0,49.0,98.0,,
C16,47,auto_tar,23149,49,5000,recall_at_1R_plus_0,OBSERVED,0.5102040816326531,25.0,49.0,49.0,,
C16,47,auto_tar,23149,49,5000,recall_at_1R_plus_100,OBSERVED,0.673469387755102,33.0,49.0,149.0,,
C16,47,auto_tar,23149,49,5000,recall_at_1R_plus_1000,OBSERVED,0.8571428571428571,6.0,7.0,1049.0,,
C16,47,auto_tar,23149,49,5000,recall_at_2R_plus_0,OBSERVED,0.6326530612244898,31.0,49.0,98.0,,
C16,47,auto_tar,23149,49,5000,recall_at_2R_plus_100,OBSERVED,0.7755102040816326,38.0,49.0,198.0,,
C16,47,auto_tar,23149,49,5000,recall_at_2R_plus_1000,OBSERVED,0.8571428571428571,6.0,7.0,1098.0,,
C16,47,auto_tar,23149,49,5000,recall_at_4R_plus_0,OBSERVED,0.7755102040816326,38.0,49.0,196.0,,
C16,47,auto_tar,23149,49,5000,recall_at_4R_plus_100,OBSERVED,0.8367346938775511,41.0,49.0,296.0,,
C16,47,auto_tar,23149,49,5000,recall_at_4R_plus_1000,OBSERVED,0.8571428571428571,6.0,7.0,1196.0,,
C16,47,auto_tar,23149,49,5000,effort_at_75,OBSERVED,181.0,181.0,1.0,,,
C16,47,auto_tar,23149,49,5000,batch_effort_at_75,OBSERVED,203.0,203.0,1.0,,,
C16,47,auto_tar,23149,49,5000,depth_fraction_at_75,OBSERVED,0.007818912264028683,181.0,23149.0,,,
C16,47,auto_tar,23149,49,5000,depth_per_positive_at_75,OBSERVED,3.693877551020408,181.0,49.0,,,
C16,47,auto_tar,23149,49,5000,effort_at_80,OBSERVED,241.0,241.0,1.0,,,
C16,47,auto_tar,23149,49,5000,batch_effort_at_80,OBSERVED,266.0,266.0,1.0,,,
C16,47,auto_tar,23149,49,5000,depth_fraction_at_80,OBSERVED,0.010410816881938744,241.0,23149.0,,,
C16,47,auto_tar,23149,49,5000,depth_per_positive_at_80,OBSERVED,4.918367346938775,241.0,49.0,,,
C16,47,auto_tar,23149,49,5000,effort_at_90,OBSERVED,4965.0,4965.0,1.0,,,
C16,47,auto_tar,23149,49,5000,batch_effort_at_90,OBSERVED,5000.0,5000.0,1.0,,,
C16,47,auto_tar,23149,49,5000,depth_fraction_at_90,OBSERVED,0.21448010713205753,4965.0,23149.0,,,
C16,47,auto_tar,23149,49,5000,depth_per_positive_at_90,OBSERVED,101.3265306122449,4965.0,49.0,,,
C16,47,explore_10,23149,49,5000,recall_at_1000,OBSERVED,0.8571428571428571,6.0,7.0,1000.0,,
C16,47,explore_10,23149,49,5000,recall_at_R,OBSERVED,0.5102040816326531,25.0,49.0,49.0,,
C16,47,explore_10,23149,49,5000,recall_at_2R,OBSERVED,0.6326530612244898,31.0,49.0,98.0,,
C16,47,explore_10,23149,49,5000,recall_at_1R_plus_0,OBSERVED,0.5102040816326531,25.0,49.0,49.0,,
C16,47,explore_10,23149,49,5000,recall_at_1R_plus_100,OBSERVED,0.673469387755102,33.0,49.0,149.0,,
C16,47,explore_10,23149,49,5000,recall_at_1R_plus_1000,OBSERVED,0.8571428571428571,6.0,7.0,1049.0,,
C16,47,explore_10,23149,49,5000,recall_at_2R_plus_0,OBSERVED,0.6326530612244898,31.0,49.0,98.0,,
C16,47,explore_10,23149,49,5000,recall_at_2R_plus_100,OBSERVED,0.7755102040816326,38.0,49.0,198.0,,
C16,47,explore_10,23149,49,5000,recall_at_2R_plus_1000,OBSERVED,0.8571428571428571,6.0,7.0,1098.0,,
C16,47,explore_10,23149,49,5000,recall_at_4R_plus_0,OBSERVED,0.7755102040816326,38.0,49.0,196.0,,
C16,47,explore_10,23149,49,5000,recall_at_4R_plus_100,OBSERVED,0.8367346938775511,41.0,49.0,296.0,,
C16,47,explore_10,23149,49,5000,recall_at_4R_plus_1000,OBSERVED,0.8571428571428571,6.0,7.0,1196.0,,
C16,47,explore_10,23149,49,5000,effort_at_75,OBSERVED,181.0,181.0,1.0,,,
C16,47,explore_10,23149,49,5000,batch_effort_at_75,OBSERVED,203.0,203.0,1.0,,,
C16,47,explore_10,23149,49,5000,depth_fraction_at_75,OBSERVED,0.007818912264028683,181.0,23149.0,,,
C16,47,explore_10,23149,49,5000,depth_per_positive_at_75,OBSERVED,3.693877551020408,181.0,49.0,,,
C16,47,explore_10,23149,49,5000,effort_at_80,OBSERVED,241.0,241.0,1.0,,,
C16,47,explore_10,23149,49,5000,batch_effort_at_80,OBSERVED,266.0,266.0,1.0,,,
C16,47,explore_10,23149,49,5000,depth_fraction_at_80,OBSERVED,0.010410816881938744,241.0,23149.0,,,
C16,47,explore_10,23149,49,5000,depth_per_positive_at_80,OBSERVED,4.918367346938775,241.0,49.0,,,
C16,47,explore_10,23149,49,5000,effort_at_90,CENSORED,CENSORED,,,,5000.0,target_not_reached
C16,47,explore_10,23149,49,5000,batch_effort_at_90,CENSORED,CENSORED,,,,5000.0,target_not_reached
C16,47,explore_10,23149,49,5000,depth_fraction_at_90,CENSORED,CENSORED,,,,0.21599205149250508,target_not_reached
C16,47,explore_10,23149,49,5000,depth_per_positive_at_90,CENSORED,CENSORED,,,,102.04081632653062,target_not_reached
C16,47,fixed_20,23149,49,5000,recall_at_1000,OBSERVED,0.8571428571428571,6.0,7.0,1000.0,,
C16,47,fixed_20,23149,49,5000,recall_at_R,OBSERVED,0.30612244897959184,15.0,49.0,49.0,,
C16,47,fixed_20,23149,49,5000,recall_at_2R,OBSERVED,0.5918367346938775,29.0,49.0,98.0,,
C16,47,fixed_20,23149,49,5000,recall_at_1R_plus_0,OBSERVED,0.30612244897959184,15.0,49.0,49.0,,
C16,47,fixed_20,23149,49,5000,recall_at_1R_plus_100,OBSERVED,0.6326530612244898,31.0,49.0,149.0,,
C16,47,fixed_20,23149,49,5000,recall_at_1R_plus_1000,OBSERVED,0.8571428571428571,6.0,7.0,1049.0,,
C16,47,fixed_20,23149,49,5000,recall_at_2R_plus_0,OBSERVED,0.5918367346938775,29.0,49.0,98.0,,
C16,47,fixed_20,23149,49,5000,recall_at_2R_plus_100,OBSERVED,0.6938775510204082,34.0,49.0,198.0,,
C16,47,fixed_20,23149,49,5000,recall_at_2R_plus_1000,OBSERVED,0.8571428571428571,6.0,7.0,1098.0,,
C16,47,fixed_20,23149,49,5000,recall_at_4R_plus_0,OBSERVED,0.6938775510204082,34.0,49.0,196.0,,
C16,47,fixed_20,23149,49,5000,recall_at_4R_plus_100,OBSERVED,0.8367346938775511,41.0,49.0,296.0,,
C16,47,fixed_20,23149,49,5000,recall_at_4R_plus_1000,OBSERVED,0.8571428571428571,6.0,7.0,1196.0,,
C16,47,fixed_20,23149,49,5000,effort_at_75,OBSERVED,207.0,207.0,1.0,,,
C16,47,fixed_20,23149,49,5000,batch_effort_at_75,OBSERVED,221.0,221.0,1.0,,,
C16,47,fixed_20,23149,49,5000,depth_fraction_at_75,OBSERVED,0.00894207093178971,207.0,23149.0,,,
C16,47,fixed_20,23149,49,5000,depth_per_positive_at_75,OBSERVED,4.224489795918367,207.0,49.0,,,
C16,47,fixed_20,23149,49,5000,effort_at_80,OBSERVED,255.0,255.0,1.0,,,
C16,47,fixed_20,23149,49,5000,batch_effort_at_80,OBSERVED,261.0,261.0,1.0,,,
C16,47,fixed_20,23149,49,5000,depth_fraction_at_80,OBSERVED,0.011015594626117758,255.0,23149.0,,,
C16,47,fixed_20,23149,49,5000,depth_per_positive_at_80,OBSERVED,5.204081632653061,255.0,49.0,,,
C16,47,fixed_20,23149,49,5000,effort_at_90,OBSERVED,4979.0,4979.0,1.0,,,
C16,47,fixed_20,23149,49,5000,batch_effort_at_90,OBSERVED,4981.0,4981.0,1.0,,,
C16,47,fixed_20,23149,49,5000,depth_fraction_at_90,OBSERVED,0.21508488487623656,4979.0,23149.0,,,
C16,47,fixed_20,23149,49,5000,depth_per_positive_at_90,OBSERVED,101.61224489795919,4979.0,49.0,,,
C16,47,frozen_svm,23149,49,5000,recall_at_1000,OBSERVED,0.6326530612244898,31.0,49.0,1000.0,,
C16,47,frozen_svm,23149,49,5000,recall_at_R,OBSERVED,0.061224489795918366,3.0,49.0,49.0,,
C16,47,frozen_svm,23149,49,5000,recall_at_2R,OBSERVED,0.14285714285714285,1.0,7.0,98.0,,
C16,47,frozen_svm,23149,49,5000,recall_at_1R_plus_0,OBSERVED,0.061224489795918366,3.0,49.0,49.0,,
C16,47,frozen_svm,23149,49,5000,recall_at_1R_plus_100,OBSERVED,0.2653061224489796,13.0,49.0,149.0,,
C16,47,frozen_svm,23149,49,5000,recall_at_1R_plus_1000,OBSERVED,0.6326530612244898,31.0,49.0,1049.0,,
C16,47,frozen_svm,23149,49,5000,recall_at_2R_plus_0,OBSERVED,0.14285714285714285,1.0,7.0,98.0,,
C16,47,frozen_svm,23149,49,5000,recall_at_2R_plus_100,OBSERVED,0.2857142857142857,2.0,7.0,198.0,,
C16,47,frozen_svm,23149,49,5000,recall_at_2R_plus_1000,OBSERVED,0.6326530612244898,31.0,49.0,1098.0,,
C16,47,frozen_svm,23149,49,5000,recall_at_4R_plus_0,OBSERVED,0.2857142857142857,2.0,7.0,196.0,,
C16,47,frozen_svm,23149,49,5000,recall_at_4R_plus_100,OBSERVED,0.4489795918367347,22.0,49.0,296.0,,
C16,47,frozen_svm,23149,49,5000,recall_at_4R_plus_1000,OBSERVED,0.6530612244897959,32.0,49.0,1196.0,,
C16,47,frozen_svm,23149,49,5000,effort_at_75,OBSERVED,4629.0,4629.0,1.0,,,
C16,47,frozen_svm,23149,49,5000,batch_effort_at_75,OBSERVED,4698.0,4698.0,1.0,,,
C16,47,frozen_svm,23149,49,5000,depth_fraction_at_75,OBSERVED,0.1999654412717612,4629.0,23149.0,,,
C16,47,frozen_svm,23149,49,5000,depth_per_positive_at_75,OBSERVED,94.46938775510205,4629.0,49.0,,,
C16,47,frozen_svm,23149,49,5000,effort_at_80,CENSORED,CENSORED,,,,5000.0,target_not_reached
C16,47,frozen_svm,23149,49,5000,batch_effort_at_80,CENSORED,CENSORED,,,,5000.0,target_not_reached
C16,47,frozen_svm,23149,49,5000,depth_fraction_at_80,CENSORED,CENSORED,,,,0.21599205149250508,target_not_reached
C16,47,frozen_svm,23149,49,5000,depth_per_positive_at_80,CENSORED,CENSORED,,,,102.04081632653062,target_not_reached
C16,47,frozen_svm,23149,49,5000,effort_at_90,CENSORED,CENSORED,,,,5000.0,target_not_reached
C16,47,frozen_svm,23149,49,5000,batch_effort_at_90,CENSORED,CENSORED,,,,5000.0,target_not_reached
C16,47,frozen_svm,23149,49,5000,depth_fraction_at_90,CENSORED,CENSORED,,,,0.21599205149250508,target_not_reached
C16,47,frozen_svm,23149,49,5000,depth_per_positive_at_90,CENSORED,CENSORED,,,,102.04081632653062,target_not_reached
C16,47,random,23149,49,5000,recall_at_1000,OBSERVED,0.02040816326530612,1.0,49.0,1000.0,,
C16,47,random,23149,49,5000,recall_at_R,OBSERVED,0.02040816326530612,1.0,49.0,49.0,,
C16,47,random,23149,49,5000,recall_at_2R,OBSERVED,0.02040816326530612,1.0,49.0,98.0,,
C16,47,random,23149,49,5000,recall_at_1R_plus_0,OBSERVED,0.02040816326530612,1.0,49.0,49.0,,
C16,47,random,23149,49,5000,recall_at_1R_plus_100,OBSERVED,0.02040816326530612,1.0,49.0,149.0,,
C16,47,random,23149,49,5000,recall_at_1R_plus_1000,OBSERVED,0.02040816326530612,1.0,49.0,1049.0,,
C16,47,random,23149,49,5000,recall_at_2R_plus_0,OBSERVED,0.02040816326530612,1.0,49.0,98.0,,
C16,47,random,23149,49,5000,recall_at_2R_plus_100,OBSERVED,0.02040816326530612,1.0,49.0,198.0,,
C16,47,random,23149,49,5000,recall_at_2R_plus_1000,OBSERVED,0.02040816326530612,1.0,49.0,1098.0,,
C16,47,random,23149,49,5000,recall_at_4R_plus_0,OBSERVED,0.02040816326530612,1.0,49.0,196.0,,
C16,47,random,23149,49,5000,recall_at_4R_plus_100,OBSERVED,0.02040816326530612,1.0,49.0,296.0,,
C16,47,random,23149,49,5000,recall_at_4R_plus_1000,OBSERVED,0.02040816326530612,1.0,49.0,1196.0,,
C16,47,random,23149,49,5000,effort_at_75,CENSORED,CENSORED,,,,5000.0,target_not_reached
C16,47,random,23149,49,5000,batch_effort_at_75,CENSORED,CENSORED,,,,5000.0,target_not_reached
C16,47,random,23149,49,5000,depth_fraction_at_75,CENSORED,CENSORED,,,,0.21599205149250508,target_not_reached
C16,47,random,23149,49,5000,depth_per_positive_at_75,CENSORED,CENSORED,,,,102.04081632653062,target_not_reached
C16,47,random,23149,49,5000,effort_at_80,CENSORED,CENSORED,,,,5000.0,target_not_reached
C16,47,random,23149,49,5000,batch_effort_at_80,CENSORED,CENSORED,,,,5000.0,target_not_reached
C16,47,random,23149,49,5000,depth_fraction_at_80,CENSORED,CENSORED,,,,0.21599205149250508,target_not_reached
C16,47,random,23149,49,5000,depth_per_positive_at_80,CENSORED,CENSORED,,,,102.04081632653062,target_not_reached
C16,47,random,23149,49,5000,effort_at_90,CENSORED,CENSORED,,,,5000.0,target_not_reached
C16,47,random,23149,49,5000,batch_effort_at_90,CENSORED,CENSORED,,,,5000.0,target_not_reached
C16,47,random,23149,49,5000,depth_fraction_at_90,CENSORED,CENSORED,,,,0.21599205149250508,target_not_reached
C16,47,random,23149,49,5000,depth_per_positive_at_90,CENSORED,CENSORED,,,,102.04081632653062,target_not_reached
C16,47,seed_similarity,23149,49,5000,recall_at_1000,OBSERVED,0.6326530612244898,31.0,49.0,1000.0,,
C16,47,seed_similarity,23149,49,5000,recall_at_R,OBSERVED,0.04081632653061224,2.0,49.0,49.0,,
C16,47,seed_similarity,23149,49,5000,recall_at_2R,OBSERVED,0.14285714285714285,1.0,7.0,98.0,,
C16,47,seed_similarity,23149,49,5000,recall_at_1R_plus_0,OBSERVED,0.04081632653061224,2.0,49.0,49.0,,
C16,47,seed_similarity,23149,49,5000,recall_at_1R_plus_100,OBSERVED,0.20408163265306123,10.0,49.0,149.0,,
C16,47,seed_similarity,23149,49,5000,recall_at_1R_plus_1000,OBSERVED,0.6326530612244898,31.0,49.0,1049.0,,
C16,47,seed_similarity,23149,49,5000,recall_at_2R_plus_0,OBSERVED,0.14285714285714285,1.0,7.0,98.0,,
C16,47,seed_similarity,23149,49,5000,recall_at_2R_plus_100,OBSERVED,0.2653061224489796,13.0,49.0,198.0,,
C16,47,seed_similarity,23149,49,5000,recall_at_2R_plus_1000,OBSERVED,0.6326530612244898,31.0,49.0,1098.0,,
C16,47,seed_similarity,23149,49,5000,recall_at_4R_plus_0,OBSERVED,0.2653061224489796,13.0,49.0,196.0,,
C16,47,seed_similarity,23149,49,5000,recall_at_4R_plus_100,OBSERVED,0.46938775510204084,23.0,49.0,296.0,,
C16,47,seed_similarity,23149,49,5000,recall_at_4R_plus_1000,OBSERVED,0.6326530612244898,31.0,49.0,1196.0,,
C16,47,seed_similarity,23149,49,5000,effort_at_75,OBSERVED,2876.0,2876.0,1.0,,,
C16,47,seed_similarity,23149,49,5000,batch_effort_at_75,OBSERVED,3145.0,3145.0,1.0,,,
C16,47,seed_similarity,23149,49,5000,depth_fraction_at_75,OBSERVED,0.12423862801848892,2876.0,23149.0,,,
C16,47,seed_similarity,23149,49,5000,depth_per_positive_at_75,OBSERVED,58.69387755102041,2876.0,49.0,,,
C16,47,seed_similarity,23149,49,5000,effort_at_80,OBSERVED,3921.0,3921.0,1.0,,,
C16,47,seed_similarity,23149,49,5000,batch_effort_at_80,OBSERVED,4252.0,4252.0,1.0,,,
C16,47,seed_similarity,23149,49,5000,depth_fraction_at_80,OBSERVED,0.16938096678042247,3921.0,23149.0,,,
C16,47,seed_similarity,23149,49,5000,depth_per_positive_at_80,OBSERVED,80.0204081632653,3921.0,49.0,,,
C16,47,seed_similarity,23149,49,5000,effort_at_90,CENSORED,CENSORED,,,,5000.0,target_not_reached
C16,47,seed_similarity,23149,49,5000,batch_effort_at_90,CENSORED,CENSORED,,,,5000.0,target_not_reached
C16,47,seed_similarity,23149,49,5000,depth_fraction_at_90,CENSORED,CENSORED,,,,0.21599205149250508,target_not_reached
C16,47,seed_similarity,23149,49,5000,depth_per_positive_at_90,CENSORED,CENSORED,,,,102.04081632653062,target_not_reached
C16,47,uncertainty,23149,49,5000,recall_at_1000,OBSERVED,0.8571428571428571,6.0,7.0,1000.0,,
C16,47,uncertainty,23149,49,5000,recall_at_R,OBSERVED,0.5102040816326531,25.0,49.0,49.0,,
C16,47,uncertainty,23149,49,5000,recall_at_2R,OBSERVED,0.6530612244897959,32.0,49.0,98.0,,
C16,47,uncertainty,23149,49,5000,recall_at_1R_plus_0,OBSERVED,0.5102040816326531,25.0,49.0,49.0,,
C16,47,uncertainty,23149,49,5000,recall_at_1R_plus_100,OBSERVED,0.6938775510204082,34.0,49.0,149.0,,
C16,47,uncertainty,23149,49,5000,recall_at_1R_plus_1000,OBSERVED,0.8571428571428571,6.0,7.0,1049.0,,
C16,47,uncertainty,23149,49,5000,recall_at_2R_plus_0,OBSERVED,0.6530612244897959,32.0,49.0,98.0,,
C16,47,uncertainty,23149,49,5000,recall_at_2R_plus_100,OBSERVED,0.7959183673469388,39.0,49.0,198.0,,
C16,47,uncertainty,23149,49,5000,recall_at_2R_plus_1000,OBSERVED,0.8571428571428571,6.0,7.0,1098.0,,
C16,47,uncertainty,23149,49,5000,recall_at_4R_plus_0,OBSERVED,0.7959183673469388,39.0,49.0,196.0,,
C16,47,uncertainty,23149,49,5000,recall_at_4R_plus_100,OBSERVED,0.8571428571428571,6.0,7.0,296.0,,
C16,47,uncertainty,23149,49,5000,recall_at_4R_plus_1000,OBSERVED,0.8571428571428571,6.0,7.0,1196.0,,
C16,47,uncertainty,23149,49,5000,effort_at_75,OBSERVED,177.0,177.0,1.0,,,
C16,47,uncertainty,23149,49,5000,batch_effort_at_75,OBSERVED,203.0,203.0,1.0,,,
C16,47,uncertainty,23149,49,5000,depth_fraction_at_75,OBSERVED,0.00764611862283468,177.0,23149.0,,,
C16,47,uncertainty,23149,49,5000,depth_per_positive_at_75,OBSERVED,3.6122448979591835,177.0,49.0,,,
C16,47,uncertainty,23149,49,5000,effort_at_80,OBSERVED,206.0,206.0,1.0,,,
C16,47,uncertainty,23149,49,5000,batch_effort_at_80,OBSERVED,233.0,233.0,1.0,,,
C16,47,uncertainty,23149,49,5000,depth_fraction_at_80,OBSERVED,0.00889887252149121,206.0,23149.0,,,
C16,47,uncertainty,23149,49,5000,depth_per_positive_at_80,OBSERVED,4.204081632653061,206.0,49.0,,,
C16,47,uncertainty,23149,49,5000,effort_at_90,OBSERVED,4965.0,4965.0,1.0,,,
C16,47,uncertainty,23149,49,5000,batch_effort_at_90,OBSERVED,5000.0,5000.0,1.0,,,
C16,47,uncertainty,23149,49,5000,depth_fraction_at_90,OBSERVED,0.21448010713205753,4965.0,23149.0,,,
C16,47,uncertainty,23149,49,5000,depth_per_positive_at_90,OBSERVED,101.3265306122449,4965.0,49.0,,,
C18,11,auto_tar,23149,1462,5000,recall_at_1000,OBSERVED,0.5813953488372093,25.0,43.0,1000.0,,
C18,11,auto_tar,23149,1462,5000,recall_at_R,OBSERVED,0.7633378932968536,558.0,731.0,1462.0,,
C18,11,auto_tar,23149,1462,5000,recall_at_2R,OBSERVED,0.9521203830369357,696.0,731.0,2924.0,,
C18,11,auto_tar,23149,1462,5000,recall_at_1R_plus_0,OBSERVED,0.7633378932968536,558.0,731.0,1462.0,,
C18,11,auto_tar,23149,1462,5000,recall_at_1R_plus_100,OBSERVED,0.7934336525307798,580.0,731.0,1562.0,,
C18,11,auto_tar,23149,1462,5000,recall_at_1R_plus_1000,OBSERVED,0.9363885088919288,1369.0,1462.0,2462.0,,
C18,11,auto_tar,23149,1462,5000,recall_at_2R_plus_0,OBSERVED,0.9521203830369357,696.0,731.0,2924.0,,
C18,11,auto_tar,23149,1462,5000,recall_at_2R_plus_100,OBSERVED,0.9541723666210671,1395.0,1462.0,3024.0,,
C18,11,auto_tar,23149,1462,5000,recall_at_2R_plus_1000,OBSERVED,0.9719562243502052,1421.0,1462.0,3924.0,,
C18,11,auto_tar,23149,1462,5000,recall_at_4R_plus_0,CENSORED,CENSORED,,,5848.0,,requested_depth_exceeds_logged_budget
C18,11,auto_tar,23149,1462,5000,recall_at_4R_plus_100,CENSORED,CENSORED,,,5948.0,,requested_depth_exceeds_logged_budget
C18,11,auto_tar,23149,1462,5000,recall_at_4R_plus_1000,CENSORED,CENSORED,,,6848.0,,requested_depth_exceeds_logged_budget
C18,11,auto_tar,23149,1462,5000,effort_at_75,OBSERVED,1413.0,1413.0,1.0,,,
C18,11,auto_tar,23149,1462,5000,batch_effort_at_75,OBSERVED,1527.0,1527.0,1.0,,,
C18,11,auto_tar,23149,1462,5000,depth_fraction_at_75,OBSERVED,0.06103935375178193,1413.0,23149.0,,,
C18,11,auto_tar,23149,1462,5000,depth_per_positive_at_75,OBSERVED,0.966484268125855,1413.0,1462.0,,,
C18,11,auto_tar,23149,1462,5000,effort_at_80,OBSERVED,1587.0,1587.0,1.0,,,
C18,11,auto_tar,23149,1462,5000,batch_effort_at_80,OBSERVED,1697.0,1697.0,1.0,,,
C18,11,auto_tar,23149,1462,5000,depth_fraction_at_80,OBSERVED,0.0685558771437211,1587.0,23149.0,,,
C18,11,auto_tar,23149,1462,5000,depth_per_positive_at_80,OBSERVED,1.085499316005472,1587.0,1462.0,,,
C18,11,auto_tar,23149,1462,5000,effort_at_90,OBSERVED,2091.0,2091.0,1.0,,,
C18,11,auto_tar,23149,1462,5000,batch_effort_at_90,OBSERVED,2317.0,2317.0,1.0,,,
C18,11,auto_tar,23149,1462,5000,depth_fraction_at_90,OBSERVED,0.09032787593416562,2091.0,23149.0,,,
C18,11,auto_tar,23149,1462,5000,depth_per_positive_at_90,OBSERVED,1.430232558139535,123.0,86.0,,,
C18,11,explore_10,23149,1462,5000,recall_at_1000,OBSERVED,0.5410396716826266,791.0,1462.0,1000.0,,
C18,11,explore_10,23149,1462,5000,recall_at_R,OBSERVED,0.7250341997264022,530.0,731.0,1462.0,,
C18,11,explore_10,23149,1462,5000,recall_at_2R,OBSERVED,0.9487004103967168,1387.0,1462.0,2924.0,,
C18,11,explore_10,23149,1462,5000,recall_at_1R_plus_0,OBSERVED,0.7250341997264022,530.0,731.0,1462.0,,
C18,11,explore_10,23149,1462,5000,recall_at_1R_plus_100,OBSERVED,0.759233926128591,555.0,731.0,1562.0,,
C18,11,explore_10,23149,1462,5000,recall_at_1R_plus_1000,OBSERVED,0.9172366621067032,1341.0,1462.0,2462.0,,
C18,11,explore_10,23149,1462,5000,recall_at_2R_plus_0,OBSERVED,0.9487004103967168,1387.0,1462.0,2924.0,,
C18,11,explore_10,23149,1462,5000,recall_at_2R_plus_100,OBSERVED,0.9514363885088919,1391.0,1462.0,3024.0,,
C18,11,explore_10,23149,1462,5000,recall_at_2R_plus_1000,OBSERVED,0.9685362517099864,708.0,731.0,3924.0,,
C18,11,explore_10,23149,1462,5000,recall_at_4R_plus_0,CENSORED,CENSORED,,,5848.0,,requested_depth_exceeds_logged_budget
C18,11,explore_10,23149,1462,5000,recall_at_4R_plus_100,CENSORED,CENSORED,,,5948.0,,requested_depth_exceeds_logged_budget
C18,11,explore_10,23149,1462,5000,recall_at_4R_plus_1000,CENSORED,CENSORED,,,6848.0,,requested_depth_exceeds_logged_budget
C18,11,explore_10,23149,1462,5000,effort_at_75,OBSERVED,1539.0,1539.0,1.0,,,
C18,11,explore_10,23149,1462,5000,batch_effort_at_75,OBSERVED,1697.0,1697.0,1.0,,,
C18,11,explore_10,23149,1462,5000,depth_fraction_at_75,OBSERVED,0.06648235344939306,1539.0,23149.0,,,
C18,11,explore_10,23149,1462,5000,depth_per_positive_at_75,OBSERVED,1.0526675786593707,1539.0,1462.0,,,
C18,11,explore_10,23149,1462,5000,effort_at_80,OBSERVED,1729.0,1729.0,1.0,,,
C18,11,explore_10,23149,1462,5000,batch_effort_at_80,OBSERVED,1884.0,1884.0,1.0,,,
C18,11,explore_10,23149,1462,5000,depth_fraction_at_80,OBSERVED,0.07469005140610825,247.0,3307.0,,,
C18,11,explore_10,23149,1462,5000,depth_per_positive_at_80,OBSERVED,1.182626538987688,1729.0,1462.0,,,
C18,11,explore_10,23149,1462,5000,effort_at_90,OBSERVED,2262.0,2262.0,1.0,,,
C18,11,explore_10,23149,1462,5000,batch_effort_at_90,OBSERVED,2317.0,2317.0,1.0,,,
C18,11,explore_10,23149,1462,5000,depth_fraction_at_90,OBSERVED,0.0977148040952093,2262.0,23149.0,,,
C18,11,explore_10,23149,1462,5000,depth_per_positive_at_90,OBSERVED,1.5471956224350205,1131.0,731.0,,,
C18,11,fixed_20,23149,1462,5000,recall_at_1000,OBSERVED,0.5841313269493844,427.0,731.0,1000.0,,
C18,11,fixed_20,23149,1462,5000,recall_at_R,OBSERVED,0.7729138166894665,565.0,731.0,1462.0,,
C18,11,fixed_20,23149,1462,5000,recall_at_2R,OBSERVED,0.9548563611491108,698.0,731.0,2924.0,,
C18,11,fixed_20,23149,1462,5000,recall_at_1R_plus_0,OBSERVED,0.7729138166894665,565.0,731.0,1462.0,,
C18,11,fixed_20,23149,1462,5000,recall_at_1R_plus_100,OBSERVED,0.79890560875513,584.0,731.0,1562.0,,
C18,11,fixed_20,23149,1462,5000,recall_at_1R_plus_1000,OBSERVED,0.9439124487004104,690.0,731.0,2462.0,,
C18,11,fixed_20,23149,1462,5000,recall_at_2R_plus_0,OBSERVED,0.9548563611491108,698.0,731.0,2924.0,,
C18,11,fixed_20,23149,1462,5000,recall_at_2R_plus_100,OBSERVED,0.9569083447332422,1399.0,1462.0,3024.0,,
C18,11,fixed_20,23149,1462,5000,recall_at_2R_plus_1000,OBSERVED,0.9726402188782489,711.0,731.0,3924.0,,
C18,11,fixed_20,23149,1462,5000,recall_at_4R_plus_0,CENSORED,CENSORED,,,5848.0,,requested_depth_exceeds_logged_budget
C18,11,fixed_20,23149,1462,5000,recall_at_4R_plus_100,CENSORED,CENSORED,,,5948.0,,requested_depth_exceeds_logged_budget
C18,11,fixed_20,23149,1462,5000,recall_at_4R_plus_1000,CENSORED,CENSORED,,,6848.0,,requested_depth_exceeds_logged_budget
C18,11,fixed_20,23149,1462,5000,effort_at_75,OBSERVED,1383.0,1383.0,1.0,,,
C18,11,fixed_20,23149,1462,5000,batch_effort_at_75,OBSERVED,1401.0,1401.0,1.0,,,
C18,11,fixed_20,23149,1462,5000,depth_fraction_at_75,OBSERVED,0.0597434014428269,1383.0,23149.0,,,
C18,11,fixed_20,23149,1462,5000,depth_per_positive_at_75,OBSERVED,0.9459644322845417,1383.0,1462.0,,,
C18,11,fixed_20,23149,1462,5000,effort_at_80,OBSERVED,1564.0,1564.0,1.0,,,
C18,11,fixed_20,23149,1462,5000,batch_effort_at_80,OBSERVED,1581.0,1581.0,1.0,,,
C18,11,fixed_20,23149,1462,5000,depth_fraction_at_80,OBSERVED,0.06756231370685559,1564.0,23149.0,,,
C18,11,fixed_20,23149,1462,5000,depth_per_positive_at_80,OBSERVED,1.069767441860465,46.0,43.0,,,
C18,11,fixed_20,23149,1462,5000,effort_at_90,OBSERVED,2078.0,2078.0,1.0,,,
C18,11,fixed_20,23149,1462,5000,batch_effort_at_90,OBSERVED,2081.0,2081.0,1.0,,,
C18,11,fixed_20,23149,1462,5000,depth_fraction_at_90,OBSERVED,0.08976629660028511,2078.0,23149.0,,,
C18,11,fixed_20,23149,1462,5000,depth_per_positive_at_90,OBSERVED,1.4213406292749657,1039.0,731.0,,,
C18,11,frozen_svm,23149,1462,5000,recall_at_1000,OBSERVED,0.25170998632010944,184.0,731.0,1000.0,,
C18,11,frozen_svm,23149,1462,5000,recall_at_R,OBSERVED,0.3180574555403557,465.0,1462.0,1462.0,,
C18,11,frozen_svm,23149,1462,5000,recall_at_2R,OBSERVED,0.4439124487004104,649.0,1462.0,2924.0,,
C18,11,frozen_svm,23149,1462,5000,recall_at_1R_plus_0,OBSERVED,0.3180574555403557,465.0,1462.0,1462.0,,
C18,11,frozen_svm,23149,1462,5000,recall_at_1R_plus_100,OBSERVED,0.33105335157318744,242.0,731.0,1562.0,,
C18,11,frozen_svm,23149,1462,5000,recall_at_1R_plus_1000,OBSERVED,0.41928864569083446,613.0,1462.0,2462.0,,
C18,11,frozen_svm,23149,1462,5000,recall_at_2R_plus_0,OBSERVED,0.4439124487004104,649.0,1462.0,2924.0,,
C18,11,frozen_svm,23149,1462,5000,recall_at_2R_plus_100,OBSERVED,0.45075239398084815,659.0,1462.0,3024.0,,
C18,11,frozen_svm,23149,1462,5000,recall_at_2R_plus_1000,OBSERVED,0.49589603283173733,725.0,1462.0,3924.0,,
C18,11,frozen_svm,23149,1462,5000,recall_at_4R_plus_0,CENSORED,CENSORED,,,5848.0,,requested_depth_exceeds_logged_budget
C18,11,frozen_svm,23149,1462,5000,recall_at_4R_plus_100,CENSORED,CENSORED,,,5948.0,,requested_depth_exceeds_logged_budget
C18,11,frozen_svm,23149,1462,5000,recall_at_4R_plus_1000,CENSORED,CENSORED,,,6848.0,,requested_depth_exceeds_logged_budget
C18,11,frozen_svm,23149,1462,5000,effort_at_75,CENSORED,CENSORED,,,,5000.0,target_not_reached
C18,11,frozen_svm,23149,1462,5000,batch_effort_at_75,CENSORED,CENSORED,,,,5000.0,target_not_reached
C18,11,frozen_svm,23149,1462,5000,depth_fraction_at_75,CENSORED,CENSORED,,,,0.21599205149250508,target_not_reached
C18,11,frozen_svm,23149,1462,5000,depth_per_positive_at_75,CENSORED,CENSORED,,,,3.4199726402188784,target_not_reached
C18,11,frozen_svm,23149,1462,5000,effort_at_80,CENSORED,CENSORED,,,,5000.0,target_not_reached
C18,11,frozen_svm,23149,1462,5000,batch_effort_at_80,CENSORED,CENSORED,,,,5000.0,target_not_reached
C18,11,frozen_svm,23149,1462,5000,depth_fraction_at_80,CENSORED,CENSORED,,,,0.21599205149250508,target_not_reached
C18,11,frozen_svm,23149,1462,5000,depth_per_positive_at_80,CENSORED,CENSORED,,,,3.4199726402188784,target_not_reached
C18,11,frozen_svm,23149,1462,5000,effort_at_90,CENSORED,CENSORED,,,,5000.0,target_not_reached
C18,11,frozen_svm,23149,1462,5000,batch_effort_at_90,CENSORED,CENSORED,,,,5000.0,target_not_reached
C18,11,frozen_svm,23149,1462,5000,depth_fraction_at_90,CENSORED,CENSORED,,,,0.21599205149250508,target_not_reached
C18,11,frozen_svm,23149,1462,5000,depth_per_positive_at_90,CENSORED,CENSORED,,,,3.4199726402188784,target_not_reached
C18,11,random,23149,1462,5000,recall_at_1000,OBSERVED,0.05129958960328317,75.0,1462.0,1000.0,,
C18,11,random,23149,1462,5000,recall_at_R,OBSERVED,0.073187414500684,107.0,1462.0,1462.0,,
C18,11,random,23149,1462,5000,recall_at_2R,OBSERVED,0.1292749658002736,189.0,1462.0,2924.0,,
C18,11,random,23149,1462,5000,recall_at_1R_plus_0,OBSERVED,0.073187414500684,107.0,1462.0,1462.0,,
C18,11,random,23149,1462,5000,recall_at_1R_plus_100,OBSERVED,0.0786593707250342,115.0,1462.0,1562.0,,
C18,11,random,23149,1462,5000,recall_at_1R_plus_1000,OBSERVED,0.11627906976744186,5.0,43.0,2462.0,,
C18,11,random,23149,1462,5000,recall_at_2R_plus_0,OBSERVED,0.1292749658002736,189.0,1462.0,2924.0,,
C18,11,random,23149,1462,5000,recall_at_2R_plus_100,OBSERVED,0.13679890560875513,100.0,731.0,3024.0,,
C18,11,random,23149,1462,5000,recall_at_2R_plus_1000,OBSERVED,0.16689466484268126,122.0,731.0,3924.0,,
C18,11,random,23149,1462,5000,recall_at_4R_plus_0,CENSORED,CENSORED,,,5848.0,,requested_depth_exceeds_logged_budget
C18,11,random,23149,1462,5000,recall_at_4R_plus_100,CENSORED,CENSORED,,,5948.0,,requested_depth_exceeds_logged_budget
C18,11,random,23149,1462,5000,recall_at_4R_plus_1000,CENSORED,CENSORED,,,6848.0,,requested_depth_exceeds_logged_budget
C18,11,random,23149,1462,5000,effort_at_75,CENSORED,CENSORED,,,,5000.0,target_not_reached
C18,11,random,23149,1462,5000,batch_effort_at_75,CENSORED,CENSORED,,,,5000.0,target_not_reached
C18,11,random,23149,1462,5000,depth_fraction_at_75,CENSORED,CENSORED,,,,0.21599205149250508,target_not_reached
C18,11,random,23149,1462,5000,depth_per_positive_at_75,CENSORED,CENSORED,,,,3.4199726402188784,target_not_reached
C18,11,random,23149,1462,5000,effort_at_80,CENSORED,CENSORED,,,,5000.0,target_not_reached
C18,11,random,23149,1462,5000,batch_effort_at_80,CENSORED,CENSORED,,,,5000.0,target_not_reached
C18,11,random,23149,1462,5000,depth_fraction_at_80,CENSORED,CENSORED,,,,0.21599205149250508,target_not_reached
C18,11,random,23149,1462,5000,depth_per_positive_at_80,CENSORED,CENSORED,,,,3.4199726402188784,target_not_reached
C18,11,random,23149,1462,5000,effort_at_90,CENSORED,CENSORED,,,,5000.0,target_not_reached
C18,11,random,23149,1462,5000,batch_effort_at_90,CENSORED,CENSORED,,,,5000.0,target_not_reached
C18,11,random,23149,1462,5000,depth_fraction_at_90,CENSORED,CENSORED,,,,0.21599205149250508,target_not_reached
C18,11,random,23149,1462,5000,depth_per_positive_at_90,CENSORED,CENSORED,,,,3.4199726402188784,target_not_reached
C18,11,seed_similarity,23149,1462,5000,recall_at_1000,OBSERVED,0.2558139534883721,11.0,43.0,1000.0,,
C18,11,seed_similarity,23149,1462,5000,recall_at_R,OBSERVED,0.3221614227086183,471.0,1462.0,1462.0,,
C18,11,seed_similarity,23149,1462,5000,recall_at_2R,OBSERVED,0.46101231190150477,337.0,731.0,2924.0,,
C18,11,seed_similarity,23149,1462,5000,recall_at_1R_plus_0,OBSERVED,0.3221614227086183,471.0,1462.0,1462.0,,
C18,11,seed_similarity,23149,1462,5000,recall_at_1R_plus_100,OBSERVED,0.332421340629275,243.0,731.0,1562.0,,
C18,11,seed_similarity,23149,1462,5000,recall_at_1R_plus_1000,OBSERVED,0.42818057455540354,313.0,731.0,2462.0,,
C18,11,seed_similarity,23149,1462,5000,recall_at_2R_plus_0,OBSERVED,0.46101231190150477,337.0,731.0,2924.0,,
C18,11,seed_similarity,23149,1462,5000,recall_at_2R_plus_100,OBSERVED,0.46990424076607384,687.0,1462.0,3024.0,,
C18,11,seed_similarity,23149,1462,5000,recall_at_2R_plus_1000,OBSERVED,0.5383036935704515,787.0,1462.0,3924.0,,
C18,11,seed_similarity,23149,1462,5000,recall_at_4R_plus_0,CENSORED,CENSORED,,,5848.0,,requested_depth_exceeds_logged_budget
C18,11,seed_similarity,23149,1462,5000,recall_at_4R_plus_100,CENSORED,CENSORED,,,5948.0,,requested_depth_exceeds_logged_budget
C18,11,seed_similarity,23149,1462,5000,recall_at_4R_plus_1000,CENSORED,CENSORED,,,6848.0,,requested_depth_exceeds_logged_budget
C18,11,seed_similarity,23149,1462,5000,effort_at_75,CENSORED,CENSORED,,,,5000.0,target_not_reached
C18,11,seed_similarity,23149,1462,5000,batch_effort_at_75,CENSORED,CENSORED,,,,5000.0,target_not_reached
C18,11,seed_similarity,23149,1462,5000,depth_fraction_at_75,CENSORED,CENSORED,,,,0.21599205149250508,target_not_reached
C18,11,seed_similarity,23149,1462,5000,depth_per_positive_at_75,CENSORED,CENSORED,,,,3.4199726402188784,target_not_reached
C18,11,seed_similarity,23149,1462,5000,effort_at_80,CENSORED,CENSORED,,,,5000.0,target_not_reached
C18,11,seed_similarity,23149,1462,5000,batch_effort_at_80,CENSORED,CENSORED,,,,5000.0,target_not_reached
C18,11,seed_similarity,23149,1462,5000,depth_fraction_at_80,CENSORED,CENSORED,,,,0.21599205149250508,target_not_reached
C18,11,seed_similarity,23149,1462,5000,depth_per_positive_at_80,CENSORED,CENSORED,,,,3.4199726402188784,target_not_reached
C18,11,seed_similarity,23149,1462,5000,effort_at_90,CENSORED,CENSORED,,,,5000.0,target_not_reached
C18,11,seed_similarity,23149,1462,5000,batch_effort_at_90,CENSORED,CENSORED,,,,5000.0,target_not_reached
C18,11,seed_similarity,23149,1462,5000,depth_fraction_at_90,CENSORED,CENSORED,,,,0.21599205149250508,target_not_reached
C18,11,seed_similarity,23149,1462,5000,depth_per_positive_at_90,CENSORED,CENSORED,,,,3.4199726402188784,target_not_reached
C18,11,uncertainty,23149,1462,5000,recall_at_1000,OBSERVED,0.35772913816689467,523.0,1462.0,1000.0,,
C18,11,uncertainty,23149,1462,5000,recall_at_R,OBSERVED,0.5068399452804377,741.0,1462.0,1462.0,,
C18,11,uncertainty,23149,1462,5000,recall_at_2R,OBSERVED,0.7517099863201094,1099.0,1462.0,2924.0,,
C18,11,uncertainty,23149,1462,5000,recall_at_1R_plus_0,OBSERVED,0.5068399452804377,741.0,1462.0,1462.0,,
C18,11,uncertainty,23149,1462,5000,recall_at_1R_plus_100,OBSERVED,0.539671682626539,789.0,1462.0,1562.0,,
C18,11,uncertainty,23149,1462,5000,recall_at_1R_plus_1000,OBSERVED,0.6956224350205198,1017.0,1462.0,2462.0,,
C18,11,uncertainty,23149,1462,5000,recall_at_2R_plus_0,OBSERVED,0.7517099863201094,1099.0,1462.0,2924.0,,
C18,11,uncertainty,23149,1462,5000,recall_at_2R_plus_100,OBSERVED,0.7585499316005472,1109.0,1462.0,3024.0,,
C18,11,uncertainty,23149,1462,5000,recall_at_2R_plus_1000,OBSERVED,0.7913816689466484,1157.0,1462.0,3924.0,,
C18,11,uncertainty,23149,1462,5000,recall_at_4R_plus_0,CENSORED,CENSORED,,,5848.0,,requested_depth_exceeds_logged_budget
C18,11,uncertainty,23149,1462,5000,recall_at_4R_plus_100,CENSORED,CENSORED,,,5948.0,,requested_depth_exceeds_logged_budget
C18,11,uncertainty,23149,1462,5000,recall_at_4R_plus_1000,CENSORED,CENSORED,,,6848.0,,requested_depth_exceeds_logged_budget
C18,11,uncertainty,23149,1462,5000,effort_at_75,OBSERVED,2895.0,2895.0,1.0,,,
C18,11,uncertainty,23149,1462,5000,batch_effort_at_75,OBSERVED,3145.0,3145.0,1.0,,,
C18,11,uncertainty,23149,1462,5000,depth_fraction_at_75,OBSERVED,0.12505939781416045,2895.0,23149.0,,,
C18,11,uncertainty,23149,1462,5000,depth_per_positive_at_75,OBSERVED,1.9801641586867305,2895.0,1462.0,,,
C18,11,uncertainty,23149,1462,5000,effort_at_80,OBSERVED,4208.0,4208.0,1.0,,,
C18,11,uncertainty,23149,1462,5000,batch_effort_at_80,OBSERVED,4252.0,4252.0,1.0,,,
C18,11,uncertainty,23149,1462,5000,depth_fraction_at_80,OBSERVED,0.18177891053609227,4208.0,23149.0,,,
C18,11,uncertainty,23149,1462,5000,depth_per_positive_at_80,OBSERVED,2.878248974008208,2104.0,731.0,,,
C18,11,uncertainty,23149,1462,5000,effort_at_90,CENSORED,CENSORED,,,,5000.0,target_not_reached
C18,11,uncertainty,23149,1462,5000,batch_effort_at_90,CENSORED,CENSORED,,,,5000.0,target_not_reached
C18,11,uncertainty,23149,1462,5000,depth_fraction_at_90,CENSORED,CENSORED,,,,0.21599205149250508,target_not_reached
C18,11,uncertainty,23149,1462,5000,depth_per_positive_at_90,CENSORED,CENSORED,,,,3.4199726402188784,target_not_reached
C18,29,auto_tar,23149,1462,5000,recall_at_1000,OBSERVED,0.5772913816689467,422.0,731.0,1000.0,,
C18,29,auto_tar,23149,1462,5000,recall_at_R,OBSERVED,0.7770177838577291,568.0,731.0,1462.0,,
C18,29,auto_tar,23149,1462,5000,recall_at_2R,OBSERVED,0.9548563611491108,698.0,731.0,2924.0,,
C18,29,auto_tar,23149,1462,5000,recall_at_1R_plus_0,OBSERVED,0.7770177838577291,568.0,731.0,1462.0,,
C18,29,auto_tar,23149,1462,5000,recall_at_1R_plus_100,OBSERVED,0.8009575923392613,1171.0,1462.0,1562.0,,
C18,29,auto_tar,23149,1462,5000,recall_at_1R_plus_1000,OBSERVED,0.9384404924760602,686.0,731.0,2462.0,,
C18,29,auto_tar,23149,1462,5000,recall_at_2R_plus_0,OBSERVED,0.9548563611491108,698.0,731.0,2924.0,,
C18,29,auto_tar,23149,1462,5000,recall_at_2R_plus_100,OBSERVED,0.9562243502051984,699.0,731.0,3024.0,,
C18,29,auto_tar,23149,1462,5000,recall_at_2R_plus_1000,OBSERVED,0.9733242134062927,1423.0,1462.0,3924.0,,
C18,29,auto_tar,23149,1462,5000,recall_at_4R_plus_0,CENSORED,CENSORED,,,5848.0,,requested_depth_exceeds_logged_budget
C18,29,auto_tar,23149,1462,5000,recall_at_4R_plus_100,CENSORED,CENSORED,,,5948.0,,requested_depth_exceeds_logged_budget
C18,29,auto_tar,23149,1462,5000,recall_at_4R_plus_1000,CENSORED,CENSORED,,,6848.0,,requested_depth_exceeds_logged_budget
C18,29,auto_tar,23149,1462,5000,effort_at_75,OBSERVED,1390.0,1390.0,1.0,,,
C18,29,auto_tar,23149,1462,5000,batch_effort_at_75,OBSERVED,1527.0,1527.0,1.0,,,
C18,29,auto_tar,23149,1462,5000,depth_fraction_at_75,OBSERVED,0.060045790314916414,1390.0,23149.0,,,
C18,29,auto_tar,23149,1462,5000,depth_per_positive_at_75,OBSERVED,0.9507523939808481,695.0,731.0,,,
C18,29,auto_tar,23149,1462,5000,effort_at_80,OBSERVED,1561.0,1561.0,1.0,,,
C18,29,auto_tar,23149,1462,5000,batch_effort_at_80,OBSERVED,1697.0,1697.0,1.0,,,
C18,29,auto_tar,23149,1462,5000,depth_fraction_at_80,OBSERVED,0.06743271847596008,223.0,3307.0,,,
C18,29,auto_tar,23149,1462,5000,depth_per_positive_at_80,OBSERVED,1.0677154582763337,1561.0,1462.0,,,
C18,29,auto_tar,23149,1462,5000,effort_at_90,OBSERVED,2129.0,2129.0,1.0,,,
C18,29,auto_tar,23149,1462,5000,batch_effort_at_90,OBSERVED,2317.0,2317.0,1.0,,,
C18,29,auto_tar,23149,1462,5000,depth_fraction_at_90,OBSERVED,0.09196941552550866,2129.0,23149.0,,,
C18,29,auto_tar,23149,1462,5000,depth_per_positive_at_90,OBSERVED,1.4562243502051984,2129.0,1462.0,,,
C18,29,explore_10,23149,1462,5000,recall_at_1000,OBSERVED,0.5437756497948016,795.0,1462.0,1000.0,,
C18,29,explore_10,23149,1462,5000,recall_at_R,OBSERVED,0.7311901504787962,1069.0,1462.0,1462.0,,
C18,29,explore_10,23149,1462,5000,recall_at_2R,OBSERVED,0.9493844049247606,694.0,731.0,2924.0,,
C18,29,explore_10,23149,1462,5000,recall_at_1R_plus_0,OBSERVED,0.7311901504787962,1069.0,1462.0,1462.0,,
C18,29,explore_10,23149,1462,5000,recall_at_1R_plus_100,OBSERVED,0.7585499316005472,1109.0,1462.0,1562.0,,
C18,29,explore_10,23149,1462,5000,recall_at_1R_plus_1000,OBSERVED,0.9151846785225718,669.0,731.0,2462.0,,
C18,29,explore_10,23149,1462,5000,recall_at_2R_plus_0,OBSERVED,0.9493844049247606,694.0,731.0,2924.0,,
C18,29,explore_10,23149,1462,5000,recall_at_2R_plus_100,OBSERVED,0.9514363885088919,1391.0,1462.0,3024.0,,
C18,29,explore_10,23149,1462,5000,recall_at_2R_plus_1000,OBSERVED,0.96922024623803,1417.0,1462.0,3924.0,,
C18,29,explore_10,23149,1462,5000,recall_at_4R_plus_0,CENSORED,CENSORED,,,5848.0,,requested_depth_exceeds_logged_budget
C18,29,explore_10,23149,1462,5000,recall_at_4R_plus_100,CENSORED,CENSORED,,,5948.0,,requested_depth_exceeds_logged_budget
C18,29,explore_10,23149,1462,5000,recall_at_4R_plus_1000,CENSORED,CENSORED,,,6848.0,,requested_depth_exceeds_logged_budget
C18,29,explore_10,23149,1462,5000,effort_at_75,OBSERVED,1541.0,1541.0,1.0,,,
C18,29,explore_10,23149,1462,5000,batch_effort_at_75,OBSERVED,1697.0,1697.0,1.0,,,
C18,29,explore_10,23149,1462,5000,depth_fraction_at_75,OBSERVED,0.06656875026999007,1541.0,23149.0,,,
C18,29,explore_10,23149,1462,5000,depth_per_positive_at_75,OBSERVED,1.0540355677154583,1541.0,1462.0,,,
C18,29,explore_10,23149,1462,5000,effort_at_80,OBSERVED,1715.0,1715.0,1.0,,,
C18,29,explore_10,23149,1462,5000,batch_effort_at_80,OBSERVED,1884.0,1884.0,1.0,,,
C18,29,explore_10,23149,1462,5000,depth_fraction_at_80,OBSERVED,0.07408527366192924,245.0,3307.0,,,
C18,29,explore_10,23149,1462,5000,depth_per_positive_at_80,OBSERVED,1.1730506155950753,1715.0,1462.0,,,
C18,29,explore_10,23149,1462,5000,effort_at_90,OBSERVED,2318.0,2318.0,1.0,,,
C18,29,explore_10,23149,1462,5000,batch_effort_at_90,OBSERVED,2567.0,2567.0,1.0,,,
C18,29,explore_10,23149,1462,5000,depth_fraction_at_90,OBSERVED,0.10013391507192536,2318.0,23149.0,,,
C18,29,explore_10,23149,1462,5000,depth_per_positive_at_90,OBSERVED,1.585499316005472,1159.0,731.0,,,
C18,29,fixed_20,23149,1462,5000,recall_at_1000,OBSERVED,0.5813953488372093,25.0,43.0,1000.0,,
C18,29,fixed_20,23149,1462,5000,recall_at_R,OBSERVED,0.7722298221614227,1129.0,1462.0,1462.0,,
C18,29,fixed_20,23149,1462,5000,recall_at_2R,OBSERVED,0.9555403556771546,1397.0,1462.0,2924.0,,
C18,29,fixed_20,23149,1462,5000,recall_at_1R_plus_0,OBSERVED,0.7722298221614227,1129.0,1462.0,1462.0,,
C18,29,fixed_20,23149,1462,5000,recall_at_1R_plus_100,OBSERVED,0.8043775649794802,588.0,731.0,1562.0,,
C18,29,fixed_20,23149,1462,5000,recall_at_1R_plus_1000,OBSERVED,0.9425444596443229,689.0,731.0,2462.0,,
C18,29,fixed_20,23149,1462,5000,recall_at_2R_plus_0,OBSERVED,0.9555403556771546,1397.0,1462.0,2924.0,,
C18,29,fixed_20,23149,1462,5000,recall_at_2R_plus_100,OBSERVED,0.9582763337893296,1401.0,1462.0,3024.0,,
C18,29,fixed_20,23149,1462,5000,recall_at_2R_plus_1000,OBSERVED,0.9726402188782489,711.0,731.0,3924.0,,
C18,29,fixed_20,23149,1462,5000,recall_at_4R_plus_0,CENSORED,CENSORED,,,5848.0,,requested_depth_exceeds_logged_budget
C18,29,fixed_20,23149,1462,5000,recall_at_4R_plus_100,CENSORED,CENSORED,,,5948.0,,requested_depth_exceeds_logged_budget
C18,29,fixed_20,23149,1462,5000,recall_at_4R_plus_1000,CENSORED,CENSORED,,,6848.0,,requested_depth_exceeds_logged_budget
C18,29,fixed_20,23149,1462,5000,effort_at_75,OBSERVED,1387.0,1387.0,1.0,,,
C18,29,fixed_20,23149,1462,5000,batch_effort_at_75,OBSERVED,1401.0,1401.0,1.0,,,
C18,29,fixed_20,23149,1462,5000,depth_fraction_at_75,OBSERVED,0.05991619508402091,1387.0,23149.0,,,
C18,29,fixed_20,23149,1462,5000,depth_per_positive_at_75,OBSERVED,0.9487004103967168,1387.0,1462.0,,,
C18,29,fixed_20,23149,1462,5000,effort_at_80,OBSERVED,1549.0,1549.0,1.0,,,
C18,29,fixed_20,23149,1462,5000,batch_effort_at_80,OBSERVED,1561.0,1561.0,1.0,,,
C18,29,fixed_20,23149,1462,5000,depth_fraction_at_80,OBSERVED,0.06691433755237808,1549.0,23149.0,,,
C18,29,fixed_20,23149,1462,5000,depth_per_positive_at_80,OBSERVED,1.0595075239398084,1549.0,1462.0,,,
C18,29,fixed_20,23149,1462,5000,effort_at_90,OBSERVED,2081.0,2081.0,1.0,,,
C18,29,fixed_20,23149,1462,5000,batch_effort_at_90,OBSERVED,2081.0,2081.0,1.0,,,
C18,29,fixed_20,23149,1462,5000,depth_fraction_at_90,OBSERVED,0.08989589183118062,2081.0,23149.0,,,
C18,29,fixed_20,23149,1462,5000,depth_per_positive_at_90,OBSERVED,1.423392612859097,2081.0,1462.0,,,
C18,29,frozen_svm,23149,1462,5000,recall_at_1000,OBSERVED,0.22093023255813954,19.0,86.0,1000.0,,
C18,29,frozen_svm,23149,1462,5000,recall_at_R,OBSERVED,0.2948016415868673,431.0,1462.0,1462.0,,
C18,29,frozen_svm,23149,1462,5000,recall_at_2R,OBSERVED,0.4528043775649795,331.0,731.0,2924.0,,
C18,29,frozen_svm,23149,1462,5000,recall_at_1R_plus_0,OBSERVED,0.2948016415868673,431.0,1462.0,1462.0,,
C18,29,frozen_svm,23149,1462,5000,recall_at_1R_plus_100,OBSERVED,0.30984952120383036,453.0,1462.0,1562.0,,
C18,29,frozen_svm,23149,1462,5000,recall_at_1R_plus_1000,OBSERVED,0.4042407660738714,591.0,1462.0,2462.0,,
C18,29,frozen_svm,23149,1462,5000,recall_at_2R_plus_0,OBSERVED,0.4528043775649795,331.0,731.0,2924.0,,
C18,29,frozen_svm,23149,1462,5000,recall_at_2R_plus_100,OBSERVED,0.46511627906976744,20.0,43.0,3024.0,,
C18,29,frozen_svm,23149,1462,5000,recall_at_2R_plus_1000,OBSERVED,0.5300957592339262,775.0,1462.0,3924.0,,
C18,29,frozen_svm,23149,1462,5000,recall_at_4R_plus_0,CENSORED,CENSORED,,,5848.0,,requested_depth_exceeds_logged_budget
C18,29,frozen_svm,23149,1462,5000,recall_at_4R_plus_100,CENSORED,CENSORED,,,5948.0,,requested_depth_exceeds_logged_budget
C18,29,frozen_svm,23149,1462,5000,recall_at_4R_plus_1000,CENSORED,CENSORED,,,6848.0,,requested_depth_exceeds_logged_budget
C18,29,frozen_svm,23149,1462,5000,effort_at_75,CENSORED,CENSORED,,,,5000.0,target_not_reached
C18,29,frozen_svm,23149,1462,5000,batch_effort_at_75,CENSORED,CENSORED,,,,5000.0,target_not_reached
C18,29,frozen_svm,23149,1462,5000,depth_fraction_at_75,CENSORED,CENSORED,,,,0.21599205149250508,target_not_reached
C18,29,frozen_svm,23149,1462,5000,depth_per_positive_at_75,CENSORED,CENSORED,,,,3.4199726402188784,target_not_reached
C18,29,frozen_svm,23149,1462,5000,effort_at_80,CENSORED,CENSORED,,,,5000.0,target_not_reached
C18,29,frozen_svm,23149,1462,5000,batch_effort_at_80,CENSORED,CENSORED,,,,5000.0,target_not_reached
C18,29,frozen_svm,23149,1462,5000,depth_fraction_at_80,CENSORED,CENSORED,,,,0.21599205149250508,target_not_reached
C18,29,frozen_svm,23149,1462,5000,depth_per_positive_at_80,CENSORED,CENSORED,,,,3.4199726402188784,target_not_reached
C18,29,frozen_svm,23149,1462,5000,effort_at_90,CENSORED,CENSORED,,,,5000.0,target_not_reached
C18,29,frozen_svm,23149,1462,5000,batch_effort_at_90,CENSORED,CENSORED,,,,5000.0,target_not_reached
C18,29,frozen_svm,23149,1462,5000,depth_fraction_at_90,CENSORED,CENSORED,,,,0.21599205149250508,target_not_reached
C18,29,frozen_svm,23149,1462,5000,depth_per_positive_at_90,CENSORED,CENSORED,,,,3.4199726402188784,target_not_reached
C18,29,random,23149,1462,5000,recall_at_1000,OBSERVED,0.047879616963064295,35.0,731.0,1000.0,,
C18,29,random,23149,1462,5000,recall_at_R,OBSERVED,0.06703146374829001,49.0,731.0,1462.0,,
C18,29,random,23149,1462,5000,recall_at_2R,OBSERVED,0.11627906976744186,5.0,43.0,2924.0,,
C18,29,random,23149,1462,5000,recall_at_1R_plus_0,OBSERVED,0.06703146374829001,49.0,731.0,1462.0,,
C18,29,random,23149,1462,5000,recall_at_1R_plus_100,OBSERVED,0.06976744186046512,3.0,43.0,1562.0,,
C18,29,random,23149,1462,5000,recall_at_1R_plus_1000,OBSERVED,0.10465116279069768,9.0,86.0,2462.0,,
C18,29,random,23149,1462,5000,recall_at_2R_plus_0,OBSERVED,0.11627906976744186,5.0,43.0,2924.0,,
C18,29,random,23149,1462,5000,recall_at_2R_plus_100,OBSERVED,0.12175102599179206,89.0,731.0,3024.0,,
C18,29,random,23149,1462,5000,recall_at_2R_plus_1000,OBSERVED,0.15253077975376197,223.0,1462.0,3924.0,,
C18,29,random,23149,1462,5000,recall_at_4R_plus_0,CENSORED,CENSORED,,,5848.0,,requested_depth_exceeds_logged_budget
C18,29,random,23149,1462,5000,recall_at_4R_plus_100,CENSORED,CENSORED,,,5948.0,,requested_depth_exceeds_logged_budget
C18,29,random,23149,1462,5000,recall_at_4R_plus_1000,CENSORED,CENSORED,,,6848.0,,requested_depth_exceeds_logged_budget
C18,29,random,23149,1462,5000,effort_at_75,CENSORED,CENSORED,,,,5000.0,target_not_reached
C18,29,random,23149,1462,5000,batch_effort_at_75,CENSORED,CENSORED,,,,5000.0,target_not_reached
C18,29,random,23149,1462,5000,depth_fraction_at_75,CENSORED,CENSORED,,,,0.21599205149250508,target_not_reached
C18,29,random,23149,1462,5000,depth_per_positive_at_75,CENSORED,CENSORED,,,,3.4199726402188784,target_not_reached
C18,29,random,23149,1462,5000,effort_at_80,CENSORED,CENSORED,,,,5000.0,target_not_reached
C18,29,random,23149,1462,5000,batch_effort_at_80,CENSORED,CENSORED,,,,5000.0,target_not_reached
C18,29,random,23149,1462,5000,depth_fraction_at_80,CENSORED,CENSORED,,,,0.21599205149250508,target_not_reached
C18,29,random,23149,1462,5000,depth_per_positive_at_80,CENSORED,CENSORED,,,,3.4199726402188784,target_not_reached
C18,29,random,23149,1462,5000,effort_at_90,CENSORED,CENSORED,,,,5000.0,target_not_reached
C18,29,random,23149,1462,5000,batch_effort_at_90,CENSORED,CENSORED,,,,5000.0,target_not_reached
C18,29,random,23149,1462,5000,depth_fraction_at_90,CENSORED,CENSORED,,,,0.21599205149250508,target_not_reached
C18,29,random,23149,1462,5000,depth_per_positive_at_90,CENSORED,CENSORED,,,,3.4199726402188784,target_not_reached
C18,29,seed_similarity,23149,1462,5000,recall_at_1000,OBSERVED,0.18604651162790697,8.0,43.0,1000.0,,
C18,29,seed_similarity,23149,1462,5000,recall_at_R,OBSERVED,0.23734610123119015,347.0,1462.0,1462.0,,
C18,29,seed_similarity,23149,1462,5000,recall_at_2R,OBSERVED,0.37688098495212036,551.0,1462.0,2924.0,,
C18,29,seed_similarity,23149,1462,5000,recall_at_1R_plus_0,OBSERVED,0.23734610123119015,347.0,1462.0,1462.0,,
C18,29,seed_similarity,23149,1462,5000,recall_at_1R_plus_100,OBSERVED,0.2503419972640219,183.0,731.0,1562.0,,
C18,29,seed_similarity,23149,1462,5000,recall_at_1R_plus_1000,OBSERVED,0.34062927496580025,249.0,731.0,2462.0,,
C18,29,seed_similarity,23149,1462,5000,recall_at_2R_plus_0,OBSERVED,0.37688098495212036,551.0,1462.0,2924.0,,
C18,29,seed_similarity,23149,1462,5000,recall_at_2R_plus_100,OBSERVED,0.3844049247606019,281.0,731.0,3024.0,,
C18,29,seed_similarity,23149,1462,5000,recall_at_2R_plus_1000,OBSERVED,0.4439124487004104,649.0,1462.0,3924.0,,
C18,29,seed_similarity,23149,1462,5000,recall_at_4R_plus_0,CENSORED,CENSORED,,,5848.0,,requested_depth_exceeds_logged_budget
C18,29,seed_similarity,23149,1462,5000,recall_at_4R_plus_100,CENSORED,CENSORED,,,5948.0,,requested_depth_exceeds_logged_budget
C18,29,seed_similarity,23149,1462,5000,recall_at_4R_plus_1000,CENSORED,CENSORED,,,6848.0,,requested_depth_exceeds_logged_budget
C18,29,seed_similarity,23149,1462,5000,effort_at_75,CENSORED,CENSORED,,,,5000.0,target_not_reached
C18,29,seed_similarity,23149,1462,5000,batch_effort_at_75,CENSORED,CENSORED,,,,5000.0,target_not_reached
C18,29,seed_similarity,23149,1462,5000,depth_fraction_at_75,CENSORED,CENSORED,,,,0.21599205149250508,target_not_reached
C18,29,seed_similarity,23149,1462,5000,depth_per_positive_at_75,CENSORED,CENSORED,,,,3.4199726402188784,target_not_reached
C18,29,seed_similarity,23149,1462,5000,effort_at_80,CENSORED,CENSORED,,,,5000.0,target_not_reached
C18,29,seed_similarity,23149,1462,5000,batch_effort_at_80,CENSORED,CENSORED,,,,5000.0,target_not_reached
C18,29,seed_similarity,23149,1462,5000,depth_fraction_at_80,CENSORED,CENSORED,,,,0.21599205149250508,target_not_reached
C18,29,seed_similarity,23149,1462,5000,depth_per_positive_at_80,CENSORED,CENSORED,,,,3.4199726402188784,target_not_reached
C18,29,seed_similarity,23149,1462,5000,effort_at_90,CENSORED,CENSORED,,,,5000.0,target_not_reached
C18,29,seed_similarity,23149,1462,5000,batch_effort_at_90,CENSORED,CENSORED,,,,5000.0,target_not_reached
C18,29,seed_similarity,23149,1462,5000,depth_fraction_at_90,CENSORED,CENSORED,,,,0.21599205149250508,target_not_reached
C18,29,seed_similarity,23149,1462,5000,depth_per_positive_at_90,CENSORED,CENSORED,,,,3.4199726402188784,target_not_reached
C18,29,uncertainty,23149,1462,5000,recall_at_1000,OBSERVED,0.3590971272229822,525.0,1462.0,1000.0,,
C18,29,uncertainty,23149,1462,5000,recall_at_R,OBSERVED,0.5027359781121751,735.0,1462.0,1462.0,,
C18,29,uncertainty,23149,1462,5000,recall_at_2R,OBSERVED,0.7462380300957593,1091.0,1462.0,2924.0,,
C18,29,uncertainty,23149,1462,5000,recall_at_1R_plus_0,OBSERVED,0.5027359781121751,735.0,1462.0,1462.0,,
C18,29,uncertainty,23149,1462,5000,recall_at_1R_plus_100,OBSERVED,0.533515731874145,390.0,731.0,1562.0,,
C18,29,uncertainty,23149,1462,5000,recall_at_1R_plus_1000,OBSERVED,0.6963064295485636,509.0,731.0,2462.0,,
C18,29,uncertainty,23149,1462,5000,recall_at_2R_plus_0,OBSERVED,0.7462380300957593,1091.0,1462.0,2924.0,,
C18,29,uncertainty,23149,1462,5000,recall_at_2R_plus_100,OBSERVED,0.7496580027359782,548.0,731.0,3024.0,,
C18,29,uncertainty,23149,1462,5000,recall_at_2R_plus_1000,OBSERVED,0.7838577291381669,573.0,731.0,3924.0,,
C18,29,uncertainty,23149,1462,5000,recall_at_4R_plus_0,CENSORED,CENSORED,,,5848.0,,requested_depth_exceeds_logged_budget
C18,29,uncertainty,23149,1462,5000,recall_at_4R_plus_100,CENSORED,CENSORED,,,5948.0,,requested_depth_exceeds_logged_budget
C18,29,uncertainty,23149,1462,5000,recall_at_4R_plus_1000,CENSORED,CENSORED,,,6848.0,,requested_depth_exceeds_logged_budget
C18,29,uncertainty,23149,1462,5000,effort_at_75,OBSERVED,3029.0,3029.0,1.0,,,
C18,29,uncertainty,23149,1462,5000,batch_effort_at_75,OBSERVED,3145.0,3145.0,1.0,,,
C18,29,uncertainty,23149,1462,5000,depth_fraction_at_75,OBSERVED,0.13084798479415957,3029.0,23149.0,,,
C18,29,uncertainty,23149,1462,5000,depth_per_positive_at_75,OBSERVED,2.0718194254445965,3029.0,1462.0,,,
C18,29,uncertainty,23149,1462,5000,effort_at_80,OBSERVED,4429.0,4429.0,1.0,,,
C18,29,uncertainty,23149,1462,5000,batch_effort_at_80,OBSERVED,4698.0,4698.0,1.0,,,
C18,29,uncertainty,23149,1462,5000,depth_fraction_at_80,OBSERVED,0.191325759212061,4429.0,23149.0,,,
C18,29,uncertainty,23149,1462,5000,depth_per_positive_at_80,OBSERVED,3.0294117647058822,103.0,34.0,,,
C18,29,uncertainty,23149,1462,5000,effort_at_90,CENSORED,CENSORED,,,,5000.0,target_not_reached
C18,29,uncertainty,23149,1462,5000,batch_effort_at_90,CENSORED,CENSORED,,,,5000.0,target_not_reached
C18,29,uncertainty,23149,1462,5000,depth_fraction_at_90,CENSORED,CENSORED,,,,0.21599205149250508,target_not_reached
C18,29,uncertainty,23149,1462,5000,depth_per_positive_at_90,CENSORED,CENSORED,,,,3.4199726402188784,target_not_reached
C18,47,auto_tar,23149,1462,5000,recall_at_1000,OBSERVED,0.5779753761969905,845.0,1462.0,1000.0,,
C18,47,auto_tar,23149,1462,5000,recall_at_R,OBSERVED,0.7633378932968536,558.0,731.0,1462.0,,
C18,47,auto_tar,23149,1462,5000,recall_at_2R,OBSERVED,0.9541723666210671,1395.0,1462.0,2924.0,,
C18,47,auto_tar,23149,1462,5000,recall_at_1R_plus_0,OBSERVED,0.7633378932968536,558.0,731.0,1462.0,,
C18,47,auto_tar,23149,1462,5000,recall_at_1R_plus_100,OBSERVED,0.7886456908344733,1153.0,1462.0,1562.0,,
C18,47,auto_tar,23149,1462,5000,recall_at_1R_plus_1000,OBSERVED,0.9404924760601915,1375.0,1462.0,2462.0,,
C18,47,auto_tar,23149,1462,5000,recall_at_2R_plus_0,OBSERVED,0.9541723666210671,1395.0,1462.0,2924.0,,
C18,47,auto_tar,23149,1462,5000,recall_at_2R_plus_100,OBSERVED,0.9555403556771546,1397.0,1462.0,3024.0,,
C18,47,auto_tar,23149,1462,5000,recall_at_2R_plus_1000,OBSERVED,0.9733242134062927,1423.0,1462.0,3924.0,,
C18,47,auto_tar,23149,1462,5000,recall_at_4R_plus_0,CENSORED,CENSORED,,,5848.0,,requested_depth_exceeds_logged_budget
C18,47,auto_tar,23149,1462,5000,recall_at_4R_plus_100,CENSORED,CENSORED,,,5948.0,,requested_depth_exceeds_logged_budget
C18,47,auto_tar,23149,1462,5000,recall_at_4R_plus_1000,CENSORED,CENSORED,,,6848.0,,requested_depth_exceeds_logged_budget
C18,47,auto_tar,23149,1462,5000,effort_at_75,OBSERVED,1422.0,1422.0,1.0,,,
C18,47,auto_tar,23149,1462,5000,batch_effort_at_75,OBSERVED,1527.0,1527.0,1.0,,,
C18,47,auto_tar,23149,1462,5000,depth_fraction_at_75,OBSERVED,0.06142813944446844,1422.0,23149.0,,,
C18,47,auto_tar,23149,1462,5000,depth_per_positive_at_75,OBSERVED,0.9726402188782489,711.0,731.0,,,
C18,47,auto_tar,23149,1462,5000,effort_at_80,OBSERVED,1591.0,1591.0,1.0,,,
C18,47,auto_tar,23149,1462,5000,batch_effort_at_80,OBSERVED,1697.0,1697.0,1.0,,,
C18,47,auto_tar,23149,1462,5000,depth_fraction_at_80,OBSERVED,0.06872867078491511,1591.0,23149.0,,,
C18,47,auto_tar,23149,1462,5000,depth_per_positive_at_80,OBSERVED,1.088235294117647,37.0,34.0,,,
C18,47,auto_tar,23149,1462,5000,effort_at_90,OBSERVED,2085.0,2085.0,1.0,,,
C18,47,auto_tar,23149,1462,5000,batch_effort_at_90,OBSERVED,2090.0,2090.0,1.0,,,
C18,47,auto_tar,23149,1462,5000,depth_fraction_at_90,OBSERVED,0.09006868547237462,2085.0,23149.0,,,
C18,47,auto_tar,23149,1462,5000,depth_per_positive_at_90,OBSERVED,1.4261285909712722,2085.0,1462.0,,,
C18,47,explore_10,23149,1462,5000,recall_at_1000,OBSERVED,0.53077975376197,388.0,731.0,1000.0,,
C18,47,explore_10,23149,1462,5000,recall_at_R,OBSERVED,0.7373461012311902,539.0,731.0,1462.0,,
C18,47,explore_10,23149,1462,5000,recall_at_2R,OBSERVED,0.9487004103967168,1387.0,1462.0,2924.0,,
C18,47,explore_10,23149,1462,5000,recall_at_1R_plus_0,OBSERVED,0.7373461012311902,539.0,731.0,1462.0,,
C18,47,explore_10,23149,1462,5000,recall_at_1R_plus_100,OBSERVED,0.7626538987688098,1115.0,1462.0,1562.0,,
C18,47,explore_10,23149,1462,5000,recall_at_1R_plus_1000,OBSERVED,0.920656634746922,673.0,731.0,2462.0,,
C18,47,explore_10,23149,1462,5000,recall_at_2R_plus_0,OBSERVED,0.9487004103967168,1387.0,1462.0,2924.0,,
C18,47,explore_10,23149,1462,5000,recall_at_2R_plus_100,OBSERVED,0.9500683994528044,1389.0,1462.0,3024.0,,
C18,47,explore_10,23149,1462,5000,recall_at_2R_plus_1000,OBSERVED,0.9705882352941176,33.0,34.0,3924.0,,
C18,47,explore_10,23149,1462,5000,recall_at_4R_plus_0,CENSORED,CENSORED,,,5848.0,,requested_depth_exceeds_logged_budget
C18,47,explore_10,23149,1462,5000,recall_at_4R_plus_100,CENSORED,CENSORED,,,5948.0,,requested_depth_exceeds_logged_budget
C18,47,explore_10,23149,1462,5000,recall_at_4R_plus_1000,CENSORED,CENSORED,,,6848.0,,requested_depth_exceeds_logged_budget
C18,47,explore_10,23149,1462,5000,effort_at_75,OBSERVED,1503.0,1503.0,1.0,,,
C18,47,explore_10,23149,1462,5000,batch_effort_at_75,OBSERVED,1527.0,1527.0,1.0,,,
C18,47,explore_10,23149,1462,5000,depth_fraction_at_75,OBSERVED,0.06492721067864703,1503.0,23149.0,,,
C18,47,explore_10,23149,1462,5000,depth_per_positive_at_75,OBSERVED,1.0280437756497949,1503.0,1462.0,,,
C18,47,explore_10,23149,1462,5000,effort_at_80,OBSERVED,1698.0,1698.0,1.0,,,
C18,47,explore_10,23149,1462,5000,batch_effort_at_80,OBSERVED,1884.0,1884.0,1.0,,,
C18,47,explore_10,23149,1462,5000,depth_fraction_at_80,OBSERVED,0.07335090068685472,1698.0,23149.0,,,
C18,47,explore_10,23149,1462,5000,depth_per_positive_at_80,OBSERVED,1.161422708618331,849.0,731.0,,,
C18,47,explore_10,23149,1462,5000,effort_at_90,OBSERVED,2234.0,2234.0,1.0,,,
C18,47,explore_10,23149,1462,5000,batch_effort_at_90,OBSERVED,2317.0,2317.0,1.0,,,
C18,47,explore_10,23149,1462,5000,depth_fraction_at_90,OBSERVED,0.09650524860685127,2234.0,23149.0,,,
C18,47,explore_10,23149,1462,5000,depth_per_positive_at_90,OBSERVED,1.5280437756497949,1117.0,731.0,,,
C18,47,fixed_20,23149,1462,5000,recall_at_1000,OBSERVED,0.5772913816689467,422.0,731.0,1000.0,,
C18,47,fixed_20,23149,1462,5000,recall_at_R,OBSERVED,0.7640218878248974,1117.0,1462.0,1462.0,,
C18,47,fixed_20,23149,1462,5000,recall_at_2R,OBSERVED,0.9555403556771546,1397.0,1462.0,2924.0,,
C18,47,fixed_20,23149,1462,5000,recall_at_1R_plus_0,OBSERVED,0.7640218878248974,1117.0,1462.0,1462.0,,
C18,47,fixed_20,23149,1462,5000,recall_at_1R_plus_100,OBSERVED,0.7961696306429549,582.0,731.0,1562.0,,
C18,47,fixed_20,23149,1462,5000,recall_at_1R_plus_1000,OBSERVED,0.9445964432284542,1381.0,1462.0,2462.0,,
C18,47,fixed_20,23149,1462,5000,recall_at_2R_plus_0,OBSERVED,0.9555403556771546,1397.0,1462.0,2924.0,,
C18,47,fixed_20,23149,1462,5000,recall_at_2R_plus_100,OBSERVED,0.957592339261286,700.0,731.0,3024.0,,
C18,47,fixed_20,23149,1462,5000,recall_at_2R_plus_1000,OBSERVED,0.9726402188782489,711.0,731.0,3924.0,,
C18,47,fixed_20,23149,1462,5000,recall_at_4R_plus_0,CENSORED,CENSORED,,,5848.0,,requested_depth_exceeds_logged_budget
C18,47,fixed_20,23149,1462,5000,recall_at_4R_plus_100,CENSORED,CENSORED,,,5948.0,,requested_depth_exceeds_logged_budget
C18,47,fixed_20,23149,1462,5000,recall_at_4R_plus_1000,CENSORED,CENSORED,,,6848.0,,requested_depth_exceeds_logged_budget
C18,47,fixed_20,23149,1462,5000,effort_at_75,OBSERVED,1414.0,1414.0,1.0,,,
C18,47,fixed_20,23149,1462,5000,batch_effort_at_75,OBSERVED,1421.0,1421.0,1.0,,,
C18,47,fixed_20,23149,1462,5000,depth_fraction_at_75,OBSERVED,0.06108255216208044,202.0,3307.0,,,
C18,47,fixed_20,23149,1462,5000,depth_per_positive_at_75,OBSERVED,0.9671682626538988,707.0,731.0,,,
C18,47,fixed_20,23149,1462,5000,effort_at_80,OBSERVED,1573.0,1573.0,1.0,,,
C18,47,fixed_20,23149,1462,5000,batch_effort_at_80,OBSERVED,1581.0,1581.0,1.0,,,
C18,47,fixed_20,23149,1462,5000,depth_fraction_at_80,OBSERVED,0.0679510993995421,1573.0,23149.0,,,
C18,47,fixed_20,23149,1462,5000,depth_per_positive_at_80,OBSERVED,1.075923392612859,1573.0,1462.0,,,
C18,47,fixed_20,23149,1462,5000,effort_at_90,OBSERVED,2070.0,2070.0,1.0,,,
C18,47,fixed_20,23149,1462,5000,batch_effort_at_90,OBSERVED,2081.0,2081.0,1.0,,,
C18,47,fixed_20,23149,1462,5000,depth_fraction_at_90,OBSERVED,0.0894207093178971,2070.0,23149.0,,,
C18,47,fixed_20,23149,1462,5000,depth_per_positive_at_90,OBSERVED,1.4158686730506156,1035.0,731.0,,,
C18,47,frozen_svm,23149,1462,5000,recall_at_1000,OBSERVED,0.08002735978112176,117.0,1462.0,1000.0,,
C18,47,frozen_svm,23149,1462,5000,recall_at_R,OBSERVED,0.10465116279069768,9.0,86.0,1462.0,,
C18,47,frozen_svm,23149,1462,5000,recall_at_2R,OBSERVED,0.19288645690834474,141.0,731.0,2924.0,,
C18,47,frozen_svm,23149,1462,5000,recall_at_1R_plus_0,OBSERVED,0.10465116279069768,9.0,86.0,1462.0,,
C18,47,frozen_svm,23149,1462,5000,recall_at_1R_plus_100,OBSERVED,0.1094391244870041,80.0,731.0,1562.0,,
C18,47,frozen_svm,23149,1462,5000,recall_at_1R_plus_1000,OBSERVED,0.17305061559507523,253.0,1462.0,2462.0,,
C18,47,frozen_svm,23149,1462,5000,recall_at_2R_plus_0,OBSERVED,0.19288645690834474,141.0,731.0,2924.0,,
C18,47,frozen_svm,23149,1462,5000,recall_at_2R_plus_100,OBSERVED,0.19699042407660738,144.0,731.0,3024.0,,
C18,47,frozen_svm,23149,1462,5000,recall_at_2R_plus_1000,OBSERVED,0.24008207934336526,351.0,1462.0,3924.0,,
C18,47,frozen_svm,23149,1462,5000,recall_at_4R_plus_0,CENSORED,CENSORED,,,5848.0,,requested_depth_exceeds_logged_budget
C18,47,frozen_svm,23149,1462,5000,recall_at_4R_plus_100,CENSORED,CENSORED,,,5948.0,,requested_depth_exceeds_logged_budget
C18,47,frozen_svm,23149,1462,5000,recall_at_4R_plus_1000,CENSORED,CENSORED,,,6848.0,,requested_depth_exceeds_logged_budget
C18,47,frozen_svm,23149,1462,5000,effort_at_75,CENSORED,CENSORED,,,,5000.0,target_not_reached
C18,47,frozen_svm,23149,1462,5000,batch_effort_at_75,CENSORED,CENSORED,,,,5000.0,target_not_reached
C18,47,frozen_svm,23149,1462,5000,depth_fraction_at_75,CENSORED,CENSORED,,,,0.21599205149250508,target_not_reached
C18,47,frozen_svm,23149,1462,5000,depth_per_positive_at_75,CENSORED,CENSORED,,,,3.4199726402188784,target_not_reached
C18,47,frozen_svm,23149,1462,5000,effort_at_80,CENSORED,CENSORED,,,,5000.0,target_not_reached
C18,47,frozen_svm,23149,1462,5000,batch_effort_at_80,CENSORED,CENSORED,,,,5000.0,target_not_reached
C18,47,frozen_svm,23149,1462,5000,depth_fraction_at_80,CENSORED,CENSORED,,,,0.21599205149250508,target_not_reached
C18,47,frozen_svm,23149,1462,5000,depth_per_positive_at_80,CENSORED,CENSORED,,,,3.4199726402188784,target_not_reached
C18,47,frozen_svm,23149,1462,5000,effort_at_90,CENSORED,CENSORED,,,,5000.0,target_not_reached
C18,47,frozen_svm,23149,1462,5000,batch_effort_at_90,CENSORED,CENSORED,,,,5000.0,target_not_reached
C18,47,frozen_svm,23149,1462,5000,depth_fraction_at_90,CENSORED,CENSORED,,,,0.21599205149250508,target_not_reached
C18,47,frozen_svm,23149,1462,5000,depth_per_positive_at_90,CENSORED,CENSORED,,,,3.4199726402188784,target_not_reached
C18,47,random,23149,1462,5000,recall_at_1000,OBSERVED,0.04582763337893297,67.0,1462.0,1000.0,,
C18,47,random,23149,1462,5000,recall_at_R,OBSERVED,0.073187414500684,107.0,1462.0,1462.0,,
C18,47,random,23149,1462,5000,recall_at_2R,OBSERVED,0.14158686730506156,207.0,1462.0,2924.0,,
C18,47,random,23149,1462,5000,recall_at_1R_plus_0,OBSERVED,0.073187414500684,107.0,1462.0,1462.0,,
C18,47,random,23149,1462,5000,recall_at_1R_plus_100,OBSERVED,0.07523939808481532,55.0,731.0,1562.0,,
C18,47,random,23149,1462,5000,recall_at_1R_plus_1000,OBSERVED,0.12243502051983585,179.0,1462.0,2462.0,,
C18,47,random,23149,1462,5000,recall_at_2R_plus_0,OBSERVED,0.14158686730506156,207.0,1462.0,2924.0,,
C18,47,random,23149,1462,5000,recall_at_2R_plus_100,OBSERVED,0.1436388508891929,105.0,731.0,3024.0,,
C18,47,random,23149,1462,5000,recall_at_2R_plus_1000,OBSERVED,0.18604651162790697,8.0,43.0,3924.0,,
C18,47,random,23149,1462,5000,recall_at_4R_plus_0,CENSORED,CENSORED,,,5848.0,,requested_depth_exceeds_logged_budget
C18,47,random,23149,1462,5000,recall_at_4R_plus_100,CENSORED,CENSORED,,,5948.0,,requested_depth_exceeds_logged_budget
C18,47,random,23149,1462,5000,recall_at_4R_plus_1000,CENSORED,CENSORED,,,6848.0,,requested_depth_exceeds_logged_budget
C18,47,random,23149,1462,5000,effort_at_75,CENSORED,CENSORED,,,,5000.0,target_not_reached
C18,47,random,23149,1462,5000,batch_effort_at_75,CENSORED,CENSORED,,,,5000.0,target_not_reached
C18,47,random,23149,1462,5000,depth_fraction_at_75,CENSORED,CENSORED,,,,0.21599205149250508,target_not_reached
C18,47,random,23149,1462,5000,depth_per_positive_at_75,CENSORED,CENSORED,,,,3.4199726402188784,target_not_reached
C18,47,random,23149,1462,5000,effort_at_80,CENSORED,CENSORED,,,,5000.0,target_not_reached
C18,47,random,23149,1462,5000,batch_effort_at_80,CENSORED,CENSORED,,,,5000.0,target_not_reached
C18,47,random,23149,1462,5000,depth_fraction_at_80,CENSORED,CENSORED,,,,0.21599205149250508,target_not_reached
C18,47,random,23149,1462,5000,depth_per_positive_at_80,CENSORED,CENSORED,,,,3.4199726402188784,target_not_reached
C18,47,random,23149,1462,5000,effort_at_90,CENSORED,CENSORED,,,,5000.0,target_not_reached
C18,47,random,23149,1462,5000,batch_effort_at_90,CENSORED,CENSORED,,,,5000.0,target_not_reached
C18,47,random,23149,1462,5000,depth_fraction_at_90,CENSORED,CENSORED,,,,0.21599205149250508,target_not_reached
C18,47,random,23149,1462,5000,depth_per_positive_at_90,CENSORED,CENSORED,,,,3.4199726402188784,target_not_reached
C18,47,seed_similarity,23149,1462,5000,recall_at_1000,OBSERVED,0.05950752393980848,87.0,1462.0,1000.0,,
C18,47,seed_similarity,23149,1462,5000,recall_at_R,OBSERVED,0.08481532147742818,62.0,731.0,1462.0,,
C18,47,seed_similarity,23149,1462,5000,recall_at_2R,OBSERVED,0.15047879616963064,110.0,731.0,2924.0,,
C18,47,seed_similarity,23149,1462,5000,recall_at_1R_plus_0,OBSERVED,0.08481532147742818,62.0,731.0,1462.0,,
C18,47,seed_similarity,23149,1462,5000,recall_at_1R_plus_100,OBSERVED,0.08960328317373462,131.0,1462.0,1562.0,,
C18,47,seed_similarity,23149,1462,5000,recall_at_1R_plus_1000,OBSERVED,0.12722298221614228,93.0,731.0,2462.0,,
C18,47,seed_similarity,23149,1462,5000,recall_at_2R_plus_0,OBSERVED,0.15047879616963064,110.0,731.0,2924.0,,
C18,47,seed_similarity,23149,1462,5000,recall_at_2R_plus_100,OBSERVED,0.15595075239398085,114.0,731.0,3024.0,,
C18,47,seed_similarity,23149,1462,5000,recall_at_2R_plus_1000,OBSERVED,0.20451436388508892,299.0,1462.0,3924.0,,
C18,47,seed_similarity,23149,1462,5000,recall_at_4R_plus_0,CENSORED,CENSORED,,,5848.0,,requested_depth_exceeds_logged_budget
C18,47,seed_similarity,23149,1462,5000,recall_at_4R_plus_100,CENSORED,CENSORED,,,5948.0,,requested_depth_exceeds_logged_budget
C18,47,seed_similarity,23149,1462,5000,recall_at_4R_plus_1000,CENSORED,CENSORED,,,6848.0,,requested_depth_exceeds_logged_budget
C18,47,seed_similarity,23149,1462,5000,effort_at_75,CENSORED,CENSORED,,,,5000.0,target_not_reached
C18,47,seed_similarity,23149,1462,5000,batch_effort_at_75,CENSORED,CENSORED,,,,5000.0,target_not_reached
C18,47,seed_similarity,23149,1462,5000,depth_fraction_at_75,CENSORED,CENSORED,,,,0.21599205149250508,target_not_reached
C18,47,seed_similarity,23149,1462,5000,depth_per_positive_at_75,CENSORED,CENSORED,,,,3.4199726402188784,target_not_reached
C18,47,seed_similarity,23149,1462,5000,effort_at_80,CENSORED,CENSORED,,,,5000.0,target_not_reached
C18,47,seed_similarity,23149,1462,5000,batch_effort_at_80,CENSORED,CENSORED,,,,5000.0,target_not_reached
C18,47,seed_similarity,23149,1462,5000,depth_fraction_at_80,CENSORED,CENSORED,,,,0.21599205149250508,target_not_reached
C18,47,seed_similarity,23149,1462,5000,depth_per_positive_at_80,CENSORED,CENSORED,,,,3.4199726402188784,target_not_reached
C18,47,seed_similarity,23149,1462,5000,effort_at_90,CENSORED,CENSORED,,,,5000.0,target_not_reached
C18,47,seed_similarity,23149,1462,5000,batch_effort_at_90,CENSORED,CENSORED,,,,5000.0,target_not_reached
C18,47,seed_similarity,23149,1462,5000,depth_fraction_at_90,CENSORED,CENSORED,,,,0.21599205149250508,target_not_reached
C18,47,seed_similarity,23149,1462,5000,depth_per_positive_at_90,CENSORED,CENSORED,,,,3.4199726402188784,target_not_reached
C18,47,uncertainty,23149,1462,5000,recall_at_1000,OBSERVED,0.35499316005471954,519.0,1462.0,1000.0,,
C18,47,uncertainty,23149,1462,5000,recall_at_R,OBSERVED,0.4952120383036936,362.0,731.0,1462.0,,
C18,47,uncertainty,23149,1462,5000,recall_at_2R,OBSERVED,0.7393980848153214,1081.0,1462.0,2924.0,,
C18,47,uncertainty,23149,1462,5000,recall_at_1R_plus_0,OBSERVED,0.4952120383036936,362.0,731.0,1462.0,,
C18,47,uncertainty,23149,1462,5000,recall_at_1R_plus_100,OBSERVED,0.5225718194254446,382.0,731.0,1562.0,,
C18,47,uncertainty,23149,1462,5000,recall_at_1R_plus_1000,OBSERVED,0.6928864569083447,1013.0,1462.0,2462.0,,
C18,47,uncertainty,23149,1462,5000,recall_at_2R_plus_0,OBSERVED,0.7393980848153214,1081.0,1462.0,2924.0,,
C18,47,uncertainty,23149,1462,5000,recall_at_2R_plus_100,OBSERVED,0.7482900136798906,547.0,731.0,3024.0,,
C18,47,uncertainty,23149,1462,5000,recall_at_2R_plus_1000,OBSERVED,0.7838577291381669,573.0,731.0,3924.0,,
C18,47,uncertainty,23149,1462,5000,recall_at_4R_plus_0,CENSORED,CENSORED,,,5848.0,,requested_depth_exceeds_logged_budget
C18,47,uncertainty,23149,1462,5000,recall_at_4R_plus_100,CENSORED,CENSORED,,,5948.0,,requested_depth_exceeds_logged_budget
C18,47,uncertainty,23149,1462,5000,recall_at_4R_plus_1000,CENSORED,CENSORED,,,6848.0,,requested_depth_exceeds_logged_budget
C18,47,uncertainty,23149,1462,5000,effort_at_75,OBSERVED,3063.0,3063.0,1.0,,,
C18,47,uncertainty,23149,1462,5000,batch_effort_at_75,OBSERVED,3145.0,3145.0,1.0,,,
C18,47,uncertainty,23149,1462,5000,depth_fraction_at_75,OBSERVED,0.1323167307443086,3063.0,23149.0,,,
C18,47,uncertainty,23149,1462,5000,depth_per_positive_at_75,OBSERVED,2.095075239398085,3063.0,1462.0,,,
C18,47,uncertainty,23149,1462,5000,effort_at_80,OBSERVED,4299.0,4299.0,1.0,,,
C18,47,uncertainty,23149,1462,5000,batch_effort_at_80,OBSERVED,4698.0,4698.0,1.0,,,
C18,47,uncertainty,23149,1462,5000,depth_fraction_at_80,OBSERVED,0.18570996587325586,4299.0,23149.0,,,
C18,47,uncertainty,23149,1462,5000,depth_per_positive_at_80,OBSERVED,2.9404924760601916,4299.0,1462.0,,,
C18,47,uncertainty,23149,1462,5000,effort_at_90,CENSORED,CENSORED,,,,5000.0,target_not_reached
C18,47,uncertainty,23149,1462,5000,batch_effort_at_90,CENSORED,CENSORED,,,,5000.0,target_not_reached
C18,47,uncertainty,23149,1462,5000,depth_fraction_at_90,CENSORED,CENSORED,,,,0.21599205149250508,target_not_reached
C18,47,uncertainty,23149,1462,5000,depth_per_positive_at_90,CENSORED,CENSORED,,,,3.4199726402188784,target_not_reached
GCRIM,11,auto_tar,23149,1133,5000,recall_at_1000,OBSERVED,0.7343336275375111,832.0,1133.0,1000.0,,
GCRIM,11,auto_tar,23149,1133,5000,recall_at_R,OBSERVED,0.7899382171226832,895.0,1133.0,1133.0,,
GCRIM,11,auto_tar,23149,1133,5000,recall_at_2R,OBSERVED,0.9276257722859664,1051.0,1133.0,2266.0,,
GCRIM,11,auto_tar,23149,1133,5000,recall_at_1R_plus_0,OBSERVED,0.7899382171226832,895.0,1133.0,1133.0,,
GCRIM,11,auto_tar,23149,1133,5000,recall_at_1R_plus_100,OBSERVED,0.8155339805825242,84.0,103.0,1233.0,,
GCRIM,11,auto_tar,23149,1133,5000,recall_at_1R_plus_1000,OBSERVED,0.9240953221535746,1047.0,1133.0,2133.0,,
GCRIM,11,auto_tar,23149,1133,5000,recall_at_2R_plus_0,OBSERVED,0.9276257722859664,1051.0,1133.0,2266.0,,
GCRIM,11,auto_tar,23149,1133,5000,recall_at_2R_plus_100,OBSERVED,0.9320388349514563,96.0,103.0,2366.0,,
GCRIM,11,auto_tar,23149,1133,5000,recall_at_2R_plus_1000,OBSERVED,0.9567519858781994,1084.0,1133.0,3266.0,,
GCRIM,11,auto_tar,23149,1133,5000,recall_at_4R_plus_0,OBSERVED,0.9673433362753752,1096.0,1133.0,4532.0,,
GCRIM,11,auto_tar,23149,1133,5000,recall_at_4R_plus_100,OBSERVED,0.9673433362753752,1096.0,1133.0,4632.0,,
GCRIM,11,auto_tar,23149,1133,5000,recall_at_4R_plus_1000,CENSORED,CENSORED,,,5532.0,,requested_depth_exceeds_logged_budget
GCRIM,11,auto_tar,23149,1133,5000,effort_at_75,OBSERVED,1039.0,1039.0,1.0,,,
GCRIM,11,auto_tar,23149,1133,5000,batch_effort_at_75,OBSERVED,1106.0,1106.0,1.0,,,
GCRIM,11,auto_tar,23149,1133,5000,depth_fraction_at_75,OBSERVED,0.044883148300142554,1039.0,23149.0,,,
GCRIM,11,auto_tar,23149,1133,5000,depth_per_positive_at_75,OBSERVED,0.9170344218887908,1039.0,1133.0,,,
GCRIM,11,auto_tar,23149,1133,5000,effort_at_80,OBSERVED,1172.0,1172.0,1.0,,,
GCRIM,11,auto_tar,23149,1133,5000,batch_effort_at_80,OBSERVED,1233.0,1233.0,1.0,,,
GCRIM,11,auto_tar,23149,1133,5000,depth_fraction_at_80,OBSERVED,0.05062853686984319,1172.0,23149.0,,,
GCRIM,11,auto_tar,23149,1133,5000,depth_per_positive_at_80,OBSERVED,1.0344218887908208,1172.0,1133.0,,,
GCRIM,11,auto_tar,23149,1133,5000,effort_at_90,OBSERVED,1728.0,1728.0,1.0,,,
GCRIM,11,auto_tar,23149,1133,5000,batch_effort_at_90,OBSERVED,1884.0,1884.0,1.0,,,
GCRIM,11,auto_tar,23149,1133,5000,depth_fraction_at_90,OBSERVED,0.07464685299580975,1728.0,23149.0,,,
GCRIM,11,auto_tar,23149,1133,5000,depth_per_positive_at_90,OBSERVED,1.5251544571932922,1728.0,1133.0,,,
GCRIM,11,explore_10,23149,1133,5000,recall_at_1000,OBSERVED,0.6919682259488085,784.0,1133.0,1000.0,,
GCRIM,11,explore_10,23149,1133,5000,recall_at_R,OBSERVED,0.7599293909973521,861.0,1133.0,1133.0,,
GCRIM,11,explore_10,23149,1133,5000,recall_at_2R,OBSERVED,0.9196822594880847,1042.0,1133.0,2266.0,,
GCRIM,11,explore_10,23149,1133,5000,recall_at_1R_plus_0,OBSERVED,0.7599293909973521,861.0,1133.0,1133.0,,
GCRIM,11,explore_10,23149,1133,5000,recall_at_1R_plus_100,OBSERVED,0.7961165048543689,82.0,103.0,1233.0,,
GCRIM,11,explore_10,23149,1133,5000,recall_at_1R_plus_1000,OBSERVED,0.9143865842894969,1036.0,1133.0,2133.0,,
GCRIM,11,explore_10,23149,1133,5000,recall_at_2R_plus_0,OBSERVED,0.9196822594880847,1042.0,1133.0,2266.0,,
GCRIM,11,explore_10,23149,1133,5000,recall_at_2R_plus_100,OBSERVED,0.9276257722859664,1051.0,1133.0,2366.0,,
GCRIM,11,explore_10,23149,1133,5000,recall_at_2R_plus_1000,OBSERVED,0.9488084730803178,1075.0,1133.0,3266.0,,
GCRIM,11,explore_10,23149,1133,5000,recall_at_4R_plus_0,OBSERVED,0.9655781112091791,1094.0,1133.0,4532.0,,
GCRIM,11,explore_10,23149,1133,5000,recall_at_4R_plus_100,OBSERVED,0.9664607237422771,1095.0,1133.0,4632.0,,
GCRIM,11,explore_10,23149,1133,5000,recall_at_4R_plus_1000,CENSORED,CENSORED,,,5532.0,,requested_depth_exceeds_logged_budget
GCRIM,11,explore_10,23149,1133,5000,effort_at_75,OBSERVED,1116.0,1116.0,1.0,,,
GCRIM,11,explore_10,23149,1133,5000,batch_effort_at_75,OBSERVED,1233.0,1233.0,1.0,,,
GCRIM,11,explore_10,23149,1133,5000,depth_fraction_at_75,OBSERVED,0.048209425893127135,1116.0,23149.0,,,
GCRIM,11,explore_10,23149,1133,5000,depth_per_positive_at_75,OBSERVED,0.9849955869373345,1116.0,1133.0,,,
GCRIM,11,explore_10,23149,1133,5000,effort_at_80,OBSERVED,1245.0,1245.0,1.0,,,
GCRIM,11,explore_10,23149,1133,5000,batch_effort_at_80,OBSERVED,1373.0,1373.0,1.0,,,
GCRIM,11,explore_10,23149,1133,5000,depth_fraction_at_80,OBSERVED,0.05378202082163376,1245.0,23149.0,,,
GCRIM,11,explore_10,23149,1133,5000,depth_per_positive_at_80,OBSERVED,1.0988526037069726,1245.0,1133.0,,,
GCRIM,11,explore_10,23149,1133,5000,effort_at_90,OBSERVED,1912.0,1912.0,1.0,,,
GCRIM,11,explore_10,23149,1133,5000,batch_effort_at_90,OBSERVED,2090.0,2090.0,1.0,,,
GCRIM,11,explore_10,23149,1133,5000,depth_fraction_at_90,OBSERVED,0.08259536049073395,1912.0,23149.0,,,
GCRIM,11,explore_10,23149,1133,5000,depth_per_positive_at_90,OBSERVED,1.6875551632833186,1912.0,1133.0,,,
GCRIM,11,fixed_20,23149,1133,5000,recall_at_1000,OBSERVED,0.7484554280670785,848.0,1133.0,1000.0,,
GCRIM,11,fixed_20,23149,1133,5000,recall_at_R,OBSERVED,0.7961165048543689,82.0,103.0,1133.0,,
GCRIM,11,fixed_20,23149,1133,5000,recall_at_2R,OBSERVED,0.9338040600176523,1058.0,1133.0,2266.0,,
GCRIM,11,fixed_20,23149,1133,5000,recall_at_1R_plus_0,OBSERVED,0.7961165048543689,82.0,103.0,1133.0,,
GCRIM,11,fixed_20,23149,1133,5000,recall_at_1R_plus_100,OBSERVED,0.824360105913504,934.0,1133.0,1233.0,,
GCRIM,11,fixed_20,23149,1133,5000,recall_at_1R_plus_1000,OBSERVED,0.9267431597528685,1050.0,1133.0,2133.0,,
GCRIM,11,fixed_20,23149,1133,5000,recall_at_2R_plus_0,OBSERVED,0.9338040600176523,1058.0,1133.0,2266.0,,
GCRIM,11,fixed_20,23149,1133,5000,recall_at_2R_plus_100,OBSERVED,0.9364518976169461,1061.0,1133.0,2366.0,,
GCRIM,11,fixed_20,23149,1133,5000,recall_at_2R_plus_1000,OBSERVED,0.9576345984112974,1085.0,1133.0,3266.0,,
GCRIM,11,fixed_20,23149,1133,5000,recall_at_4R_plus_0,OBSERVED,0.9673433362753752,1096.0,1133.0,4532.0,,
GCRIM,11,fixed_20,23149,1133,5000,recall_at_4R_plus_100,OBSERVED,0.9673433362753752,1096.0,1133.0,4632.0,,
GCRIM,11,fixed_20,23149,1133,5000,recall_at_4R_plus_1000,CENSORED,CENSORED,,,5532.0,,requested_depth_exceeds_logged_budget
GCRIM,11,fixed_20,23149,1133,5000,effort_at_75,OBSERVED,1003.0,1003.0,1.0,,,
GCRIM,11,fixed_20,23149,1133,5000,batch_effort_at_75,OBSERVED,1021.0,1021.0,1.0,,,
GCRIM,11,fixed_20,23149,1133,5000,depth_fraction_at_75,OBSERVED,0.043328005529396516,1003.0,23149.0,,,
GCRIM,11,fixed_20,23149,1133,5000,depth_per_positive_at_75,OBSERVED,0.8852603706972639,1003.0,1133.0,,,
GCRIM,11,fixed_20,23149,1133,5000,effort_at_80,OBSERVED,1145.0,1145.0,1.0,,,
GCRIM,11,fixed_20,23149,1133,5000,batch_effort_at_80,OBSERVED,1161.0,1161.0,1.0,,,
GCRIM,11,fixed_20,23149,1133,5000,depth_fraction_at_80,OBSERVED,0.04946217979178366,1145.0,23149.0,,,
GCRIM,11,fixed_20,23149,1133,5000,depth_per_positive_at_80,OBSERVED,1.0105913503971757,1145.0,1133.0,,,
GCRIM,11,fixed_20,23149,1133,5000,effort_at_90,OBSERVED,1659.0,1659.0,1.0,,,
GCRIM,11,fixed_20,23149,1133,5000,batch_effort_at_90,OBSERVED,1661.0,1661.0,1.0,,,
GCRIM,11,fixed_20,23149,1133,5000,depth_fraction_at_90,OBSERVED,0.07166616268521318,237.0,3307.0,,,
GCRIM,11,fixed_20,23149,1133,5000,depth_per_positive_at_90,OBSERVED,1.4642541924095323,1659.0,1133.0,,,
GCRIM,11,frozen_svm,23149,1133,5000,recall_at_1000,OBSERVED,0.4333627537511033,491.0,1133.0,1000.0,,
GCRIM,11,frozen_svm,23149,1133,5000,recall_at_R,OBSERVED,0.4642541924095322,526.0,1133.0,1133.0,,
GCRIM,11,frozen_svm,23149,1133,5000,recall_at_2R,OBSERVED,0.6557811120917917,743.0,1133.0,2266.0,,
GCRIM,11,frozen_svm,23149,1133,5000,recall_at_1R_plus_0,OBSERVED,0.4642541924095322,526.0,1133.0,1133.0,,
GCRIM,11,frozen_svm,23149,1133,5000,recall_at_1R_plus_100,OBSERVED,0.48455428067078554,549.0,1133.0,1233.0,,
GCRIM,11,frozen_svm,23149,1133,5000,recall_at_1R_plus_1000,OBSERVED,0.6381288614298323,723.0,1133.0,2133.0,,
GCRIM,11,frozen_svm,23149,1133,5000,recall_at_2R_plus_0,OBSERVED,0.6557811120917917,743.0,1133.0,2266.0,,
GCRIM,11,frozen_svm,23149,1133,5000,recall_at_2R_plus_100,OBSERVED,0.6593115622241836,747.0,1133.0,2366.0,,
GCRIM,11,frozen_svm,23149,1133,5000,recall_at_2R_plus_1000,OBSERVED,0.7475728155339806,77.0,103.0,3266.0,,
GCRIM,11,frozen_svm,23149,1133,5000,recall_at_4R_plus_0,OBSERVED,0.8314210061782877,942.0,1133.0,4532.0,,
GCRIM,11,frozen_svm,23149,1133,5000,recall_at_4R_plus_100,OBSERVED,0.8349514563106796,86.0,103.0,4632.0,,
GCRIM,11,frozen_svm,23149,1133,5000,recall_at_4R_plus_1000,CENSORED,CENSORED,,,5532.0,,requested_depth_exceeds_logged_budget
GCRIM,11,frozen_svm,23149,1133,5000,effort_at_75,OBSERVED,3277.0,3277.0,1.0,,,
GCRIM,11,frozen_svm,23149,1133,5000,batch_effort_at_75,OBSERVED,3479.0,3479.0,1.0,,,
GCRIM,11,frozen_svm,23149,1133,5000,depth_fraction_at_75,OBSERVED,0.14156119054818783,3277.0,23149.0,,,
GCRIM,11,frozen_svm,23149,1133,5000,depth_per_positive_at_75,OBSERVED,2.892321270962048,3277.0,1133.0,,,
GCRIM,11,frozen_svm,23149,1133,5000,effort_at_80,OBSERVED,4053.0,4053.0,1.0,,,
GCRIM,11,frozen_svm,23149,1133,5000,batch_effort_at_80,OBSERVED,4252.0,4252.0,1.0,,,
GCRIM,11,frozen_svm,23149,1133,5000,depth_fraction_at_80,OBSERVED,0.17508315693982462,579.0,3307.0,,,
GCRIM,11,frozen_svm,23149,1133,5000,depth_per_positive_at_80,OBSERVED,3.5772285966460724,4053.0,1133.0,,,
GCRIM,11,frozen_svm,23149,1133,5000,effort_at_90,CENSORED,CENSORED,,,,5000.0,target_not_reached
GCRIM,11,frozen_svm,23149,1133,5000,batch_effort_at_90,CENSORED,CENSORED,,,,5000.0,target_not_reached
GCRIM,11,frozen_svm,23149,1133,5000,depth_fraction_at_90,CENSORED,CENSORED,,,,0.21599205149250508,target_not_reached
GCRIM,11,frozen_svm,23149,1133,5000,depth_per_positive_at_90,CENSORED,CENSORED,,,,4.41306266548985,target_not_reached
GCRIM,11,random,23149,1133,5000,recall_at_1000,OBSERVED,0.05383936451897617,61.0,1133.0,1000.0,,
GCRIM,11,random,23149,1133,5000,recall_at_R,OBSERVED,0.05913503971756399,67.0,1133.0,1133.0,,
GCRIM,11,random,23149,1133,5000,recall_at_2R,OBSERVED,0.11297440423654016,128.0,1133.0,2266.0,,
GCRIM,11,random,23149,1133,5000,recall_at_1R_plus_0,OBSERVED,0.05913503971756399,67.0,1133.0,1133.0,,
GCRIM,11,random,23149,1133,5000,recall_at_1R_plus_100,OBSERVED,0.06354810238305383,72.0,1133.0,1233.0,,
GCRIM,11,random,23149,1133,5000,recall_at_1R_plus_1000,OBSERVED,0.10767872903795234,122.0,1133.0,2133.0,,
GCRIM,11,random,23149,1133,5000,recall_at_2R_plus_0,OBSERVED,0.11297440423654016,128.0,1133.0,2266.0,,
GCRIM,11,random,23149,1133,5000,recall_at_2R_plus_100,OBSERVED,0.11827007943512798,134.0,1133.0,2366.0,,
GCRIM,11,random,23149,1133,5000,recall_at_2R_plus_1000,OBSERVED,0.15710503089143865,178.0,1133.0,3266.0,,
GCRIM,11,random,23149,1133,5000,recall_at_4R_plus_0,OBSERVED,0.22153574580759047,251.0,1133.0,4532.0,,
GCRIM,11,random,23149,1133,5000,recall_at_4R_plus_100,OBSERVED,0.22771403353927624,258.0,1133.0,4632.0,,
GCRIM,11,random,23149,1133,5000,recall_at_4R_plus_1000,CENSORED,CENSORED,,,5532.0,,requested_depth_exceeds_logged_budget
GCRIM,11,random,23149,1133,5000,effort_at_75,CENSORED,CENSORED,,,,5000.0,target_not_reached
GCRIM,11,random,23149,1133,5000,batch_effort_at_75,CENSORED,CENSORED,,,,5000.0,target_not_reached
GCRIM,11,random,23149,1133,5000,depth_fraction_at_75,CENSORED,CENSORED,,,,0.21599205149250508,target_not_reached
GCRIM,11,random,23149,1133,5000,depth_per_positive_at_75,CENSORED,CENSORED,,,,4.41306266548985,target_not_reached
GCRIM,11,random,23149,1133,5000,effort_at_80,CENSORED,CENSORED,,,,5000.0,target_not_reached
GCRIM,11,random,23149,1133,5000,batch_effort_at_80,CENSORED,CENSORED,,,,5000.0,target_not_reached
GCRIM,11,random,23149,1133,5000,depth_fraction_at_80,CENSORED,CENSORED,,,,0.21599205149250508,target_not_reached
GCRIM,11,random,23149,1133,5000,depth_per_positive_at_80,CENSORED,CENSORED,,,,4.41306266548985,target_not_reached
GCRIM,11,random,23149,1133,5000,effort_at_90,CENSORED,CENSORED,,,,5000.0,target_not_reached
GCRIM,11,random,23149,1133,5000,batch_effort_at_90,CENSORED,CENSORED,,,,5000.0,target_not_reached
GCRIM,11,random,23149,1133,5000,depth_fraction_at_90,CENSORED,CENSORED,,,,0.21599205149250508,target_not_reached
GCRIM,11,random,23149,1133,5000,depth_per_positive_at_90,CENSORED,CENSORED,,,,4.41306266548985,target_not_reached
GCRIM,11,seed_similarity,23149,1133,5000,recall_at_1000,OBSERVED,0.4439541041482789,503.0,1133.0,1000.0,,
GCRIM,11,seed_similarity,23149,1133,5000,recall_at_R,OBSERVED,0.47925860547219773,543.0,1133.0,1133.0,,
GCRIM,11,seed_similarity,23149,1133,5000,recall_at_2R,OBSERVED,0.6504854368932039,67.0,103.0,2266.0,,
GCRIM,11,seed_similarity,23149,1133,5000,recall_at_1R_plus_0,OBSERVED,0.47925860547219773,543.0,1133.0,1133.0,,
GCRIM,11,seed_similarity,23149,1133,5000,recall_at_1R_plus_100,OBSERVED,0.501323918799647,568.0,1133.0,1233.0,,
GCRIM,11,seed_similarity,23149,1133,5000,recall_at_1R_plus_1000,OBSERVED,0.6363636363636364,7.0,11.0,2133.0,,
GCRIM,11,seed_similarity,23149,1133,5000,recall_at_2R_plus_0,OBSERVED,0.6504854368932039,67.0,103.0,2266.0,,
GCRIM,11,seed_similarity,23149,1133,5000,recall_at_2R_plus_100,OBSERVED,0.6584289496910856,746.0,1133.0,2366.0,,
GCRIM,11,seed_similarity,23149,1133,5000,recall_at_2R_plus_1000,OBSERVED,0.733451015004413,831.0,1133.0,3266.0,,
GCRIM,11,seed_similarity,23149,1133,5000,recall_at_4R_plus_0,OBSERVED,0.8120035304501324,920.0,1133.0,4532.0,,
GCRIM,11,seed_similarity,23149,1133,5000,recall_at_4R_plus_100,OBSERVED,0.8199470432480142,929.0,1133.0,4632.0,,
GCRIM,11,seed_similarity,23149,1133,5000,recall_at_4R_plus_1000,CENSORED,CENSORED,,,5532.0,,requested_depth_exceeds_logged_budget
GCRIM,11,seed_similarity,23149,1133,5000,effort_at_75,OBSERVED,3466.0,3466.0,1.0,,,
GCRIM,11,seed_similarity,23149,1133,5000,batch_effort_at_75,OBSERVED,3479.0,3479.0,1.0,,,
GCRIM,11,seed_similarity,23149,1133,5000,depth_fraction_at_75,OBSERVED,0.1497256900946045,3466.0,23149.0,,,
GCRIM,11,seed_similarity,23149,1133,5000,depth_per_positive_at_75,OBSERVED,3.059135039717564,3466.0,1133.0,,,
GCRIM,11,seed_similarity,23149,1133,5000,effort_at_80,OBSERVED,4383.0,4383.0,1.0,,,
GCRIM,11,seed_similarity,23149,1133,5000,batch_effort_at_80,OBSERVED,4698.0,4698.0,1.0,,,
GCRIM,11,seed_similarity,23149,1133,5000,depth_fraction_at_80,OBSERVED,0.18933863233832995,4383.0,23149.0,,,
GCRIM,11,seed_similarity,23149,1133,5000,depth_per_positive_at_80,OBSERVED,3.8684907325684024,4383.0,1133.0,,,
GCRIM,11,seed_similarity,23149,1133,5000,effort_at_90,CENSORED,CENSORED,,,,5000.0,target_not_reached
GCRIM,11,seed_similarity,23149,1133,5000,batch_effort_at_90,CENSORED,CENSORED,,,,5000.0,target_not_reached
GCRIM,11,seed_similarity,23149,1133,5000,depth_fraction_at_90,CENSORED,CENSORED,,,,0.21599205149250508,target_not_reached
GCRIM,11,seed_similarity,23149,1133,5000,depth_per_positive_at_90,CENSORED,CENSORED,,,,4.41306266548985,target_not_reached
GCRIM,11,uncertainty,23149,1133,5000,recall_at_1000,OBSERVED,0.42718446601941745,44.0,103.0,1000.0,,
GCRIM,11,uncertainty,23149,1133,5000,recall_at_R,OBSERVED,0.48102383053839365,545.0,1133.0,1133.0,,
GCRIM,11,uncertainty,23149,1133,5000,recall_at_2R,OBSERVED,0.646954986760812,733.0,1133.0,2266.0,,
GCRIM,11,uncertainty,23149,1133,5000,recall_at_1R_plus_0,OBSERVED,0.48102383053839365,545.0,1133.0,1133.0,,
GCRIM,11,uncertainty,23149,1133,5000,recall_at_1R_plus_100,OBSERVED,0.4977934686672551,564.0,1133.0,1233.0,,
GCRIM,11,uncertainty,23149,1133,5000,recall_at_1R_plus_1000,OBSERVED,0.6416593115622242,727.0,1133.0,2133.0,,
GCRIM,11,uncertainty,23149,1133,5000,recall_at_2R_plus_0,OBSERVED,0.646954986760812,733.0,1133.0,2266.0,,
GCRIM,11,uncertainty,23149,1133,5000,recall_at_2R_plus_100,OBSERVED,0.6601941747572816,68.0,103.0,2366.0,,
GCRIM,11,uncertainty,23149,1133,5000,recall_at_2R_plus_1000,OBSERVED,0.705207413945278,799.0,1133.0,3266.0,,
GCRIM,11,uncertainty,23149,1133,5000,recall_at_4R_plus_0,OBSERVED,0.7413945278022948,840.0,1133.0,4532.0,,
GCRIM,11,uncertainty,23149,1133,5000,recall_at_4R_plus_100,OBSERVED,0.7422771403353927,841.0,1133.0,4632.0,,
GCRIM,11,uncertainty,23149,1133,5000,recall_at_4R_plus_1000,CENSORED,CENSORED,,,5532.0,,requested_depth_exceeds_logged_budget
GCRIM,11,uncertainty,23149,1133,5000,effort_at_75,CENSORED,CENSORED,,,,5000.0,target_not_reached
GCRIM,11,uncertainty,23149,1133,5000,batch_effort_at_75,CENSORED,CENSORED,,,,5000.0,target_not_reached
GCRIM,11,uncertainty,23149,1133,5000,depth_fraction_at_75,CENSORED,CENSORED,,,,0.21599205149250508,target_not_reached
GCRIM,11,uncertainty,23149,1133,5000,depth_per_positive_at_75,CENSORED,CENSORED,,,,4.41306266548985,target_not_reached
GCRIM,11,uncertainty,23149,1133,5000,effort_at_80,CENSORED,CENSORED,,,,5000.0,target_not_reached
GCRIM,11,uncertainty,23149,1133,5000,batch_effort_at_80,CENSORED,CENSORED,,,,5000.0,target_not_reached
GCRIM,11,uncertainty,23149,1133,5000,depth_fraction_at_80,CENSORED,CENSORED,,,,0.21599205149250508,target_not_reached
GCRIM,11,uncertainty,23149,1133,5000,depth_per_positive_at_80,CENSORED,CENSORED,,,,4.41306266548985,target_not_reached
GCRIM,11,uncertainty,23149,1133,5000,effort_at_90,CENSORED,CENSORED,,,,5000.0,target_not_reached
GCRIM,11,uncertainty,23149,1133,5000,batch_effort_at_90,CENSORED,CENSORED,,,,5000.0,target_not_reached
GCRIM,11,uncertainty,23149,1133,5000,depth_fraction_at_90,CENSORED,CENSORED,,,,0.21599205149250508,target_not_reached
GCRIM,11,uncertainty,23149,1133,5000,depth_per_positive_at_90,CENSORED,CENSORED,,,,4.41306266548985,target_not_reached
GCRIM,29,auto_tar,23149,1133,5000,recall_at_1000,OBSERVED,0.7219770520741394,818.0,1133.0,1000.0,,
GCRIM,29,auto_tar,23149,1133,5000,recall_at_R,OBSERVED,0.7819947043248014,886.0,1133.0,1133.0,,
GCRIM,29,auto_tar,23149,1133,5000,recall_at_2R,OBSERVED,0.9311562224183584,1055.0,1133.0,2266.0,,
GCRIM,29,auto_tar,23149,1133,5000,recall_at_1R_plus_0,OBSERVED,0.7819947043248014,886.0,1133.0,1133.0,,
GCRIM,29,auto_tar,23149,1133,5000,recall_at_1R_plus_100,OBSERVED,0.8146513680494263,923.0,1133.0,1233.0,,
GCRIM,29,auto_tar,23149,1133,5000,recall_at_1R_plus_1000,OBSERVED,0.9276257722859664,1051.0,1133.0,2133.0,,
GCRIM,29,auto_tar,23149,1133,5000,recall_at_2R_plus_0,OBSERVED,0.9311562224183584,1055.0,1133.0,2266.0,,
GCRIM,29,auto_tar,23149,1133,5000,recall_at_2R_plus_100,OBSERVED,0.9346866725507502,1059.0,1133.0,2366.0,,
GCRIM,29,auto_tar,23149,1133,5000,recall_at_2R_plus_1000,OBSERVED,0.9541041482789056,1081.0,1133.0,3266.0,,
GCRIM,29,auto_tar,23149,1133,5000,recall_at_4R_plus_0,OBSERVED,0.9664607237422771,1095.0,1133.0,4532.0,,
GCRIM,29,auto_tar,23149,1133,5000,recall_at_4R_plus_100,OBSERVED,0.9664607237422771,1095.0,1133.0,4632.0,,
GCRIM,29,auto_tar,23149,1133,5000,recall_at_4R_plus_1000,CENSORED,CENSORED,,,5532.0,,requested_depth_exceeds_logged_budget
GCRIM,29,auto_tar,23149,1133,5000,effort_at_75,OBSERVED,1046.0,1046.0,1.0,,,
GCRIM,29,auto_tar,23149,1133,5000,batch_effort_at_75,OBSERVED,1106.0,1106.0,1.0,,,
GCRIM,29,auto_tar,23149,1133,5000,depth_fraction_at_75,OBSERVED,0.04518553717223206,1046.0,23149.0,,,
GCRIM,29,auto_tar,23149,1133,5000,depth_per_positive_at_75,OBSERVED,0.9232127096204766,1046.0,1133.0,,,
GCRIM,29,auto_tar,23149,1133,5000,effort_at_80,OBSERVED,1192.0,1192.0,1.0,,,
GCRIM,29,auto_tar,23149,1133,5000,batch_effort_at_80,OBSERVED,1233.0,1233.0,1.0,,,
GCRIM,29,auto_tar,23149,1133,5000,depth_fraction_at_80,OBSERVED,0.05149250507581321,1192.0,23149.0,,,
GCRIM,29,auto_tar,23149,1133,5000,depth_per_positive_at_80,OBSERVED,1.0520741394527802,1192.0,1133.0,,,
GCRIM,29,auto_tar,23149,1133,5000,effort_at_90,OBSERVED,1726.0,1726.0,1.0,,,
GCRIM,29,auto_tar,23149,1133,5000,batch_effort_at_90,OBSERVED,1884.0,1884.0,1.0,,,
GCRIM,29,auto_tar,23149,1133,5000,depth_fraction_at_90,OBSERVED,0.07456045617521276,1726.0,23149.0,,,
GCRIM,29,auto_tar,23149,1133,5000,depth_per_positive_at_90,OBSERVED,1.5233892321270963,1726.0,1133.0,,,
GCRIM,29,explore_10,23149,1133,5000,recall_at_1000,OBSERVED,0.678729037952339,769.0,1133.0,1000.0,,
GCRIM,29,explore_10,23149,1133,5000,recall_at_R,OBSERVED,0.7484554280670785,848.0,1133.0,1133.0,,
GCRIM,29,explore_10,23149,1133,5000,recall_at_2R,OBSERVED,0.9240953221535746,1047.0,1133.0,2266.0,,
GCRIM,29,explore_10,23149,1133,5000,recall_at_1R_plus_0,OBSERVED,0.7484554280670785,848.0,1133.0,1133.0,,
GCRIM,29,explore_10,23149,1133,5000,recall_at_1R_plus_100,OBSERVED,0.7793468667255075,883.0,1133.0,1233.0,,
GCRIM,29,explore_10,23149,1133,5000,recall_at_1R_plus_1000,OBSERVED,0.9196822594880847,1042.0,1133.0,2133.0,,
GCRIM,29,explore_10,23149,1133,5000,recall_at_2R_plus_0,OBSERVED,0.9240953221535746,1047.0,1133.0,2266.0,,
GCRIM,29,explore_10,23149,1133,5000,recall_at_2R_plus_100,OBSERVED,0.9276257722859664,1051.0,1133.0,2366.0,,
GCRIM,29,explore_10,23149,1133,5000,recall_at_2R_plus_1000,OBSERVED,0.9505736981465137,1077.0,1133.0,3266.0,,
GCRIM,29,explore_10,23149,1133,5000,recall_at_4R_plus_0,OBSERVED,0.9646954986760812,1093.0,1133.0,4532.0,,
GCRIM,29,explore_10,23149,1133,5000,recall_at_4R_plus_100,OBSERVED,0.9655781112091791,1094.0,1133.0,4632.0,,
GCRIM,29,explore_10,23149,1133,5000,recall_at_4R_plus_1000,CENSORED,CENSORED,,,5532.0,,requested_depth_exceeds_logged_budget
GCRIM,29,explore_10,23149,1133,5000,effort_at_75,OBSERVED,1138.0,1138.0,1.0,,,
GCRIM,29,explore_10,23149,1133,5000,batch_effort_at_75,OBSERVED,1233.0,1233.0,1.0,,,
GCRIM,29,explore_10,23149,1133,5000,depth_fraction_at_75,OBSERVED,0.049159790919694156,1138.0,23149.0,,,
GCRIM,29,explore_10,23149,1133,5000,depth_per_positive_at_75,OBSERVED,1.00441306266549,1138.0,1133.0,,,
GCRIM,29,explore_10,23149,1133,5000,effort_at_80,OBSERVED,1272.0,1272.0,1.0,,,
GCRIM,29,explore_10,23149,1133,5000,batch_effort_at_80,OBSERVED,1373.0,1373.0,1.0,,,
GCRIM,29,explore_10,23149,1133,5000,depth_fraction_at_80,OBSERVED,0.05494837789969329,1272.0,23149.0,,,
GCRIM,29,explore_10,23149,1133,5000,depth_per_positive_at_80,OBSERVED,1.1226831421006178,1272.0,1133.0,,,
GCRIM,29,explore_10,23149,1133,5000,effort_at_90,OBSERVED,1892.0,1892.0,1.0,,,
GCRIM,29,explore_10,23149,1133,5000,batch_effort_at_90,OBSERVED,2090.0,2090.0,1.0,,,
GCRIM,29,explore_10,23149,1133,5000,depth_fraction_at_90,OBSERVED,0.08173139228476392,1892.0,23149.0,,,
GCRIM,29,explore_10,23149,1133,5000,depth_per_positive_at_90,OBSERVED,1.6699029126213591,172.0,103.0,,,
GCRIM,29,fixed_20,23149,1133,5000,recall_at_1000,OBSERVED,0.7157987643424537,811.0,1133.0,1000.0,,
GCRIM,29,fixed_20,23149,1133,5000,recall_at_R,OBSERVED,0.7864077669902912,81.0,103.0,1133.0,,
GCRIM,29,fixed_20,23149,1133,5000,recall_at_2R,OBSERVED,0.9338040600176523,1058.0,1133.0,2266.0,,
GCRIM,29,fixed_20,23149,1133,5000,recall_at_1R_plus_0,OBSERVED,0.7864077669902912,81.0,103.0,1133.0,,
GCRIM,29,fixed_20,23149,1133,5000,recall_at_1R_plus_100,OBSERVED,0.8120035304501324,920.0,1133.0,1233.0,,
GCRIM,29,fixed_20,23149,1133,5000,recall_at_1R_plus_1000,OBSERVED,0.9249779346866726,1048.0,1133.0,2133.0,,
GCRIM,29,fixed_20,23149,1133,5000,recall_at_2R_plus_0,OBSERVED,0.9338040600176523,1058.0,1133.0,2266.0,,
GCRIM,29,fixed_20,23149,1133,5000,recall_at_2R_plus_100,OBSERVED,0.9355692850838482,1060.0,1133.0,2366.0,,
GCRIM,29,fixed_20,23149,1133,5000,recall_at_2R_plus_1000,OBSERVED,0.9585172109443955,1086.0,1133.0,3266.0,,
GCRIM,29,fixed_20,23149,1133,5000,recall_at_4R_plus_0,OBSERVED,0.9673433362753752,1096.0,1133.0,4532.0,,
GCRIM,29,fixed_20,23149,1133,5000,recall_at_4R_plus_100,OBSERVED,0.9673433362753752,1096.0,1133.0,4632.0,,
GCRIM,29,fixed_20,23149,1133,5000,recall_at_4R_plus_1000,CENSORED,CENSORED,,,5532.0,,requested_depth_exceeds_logged_budget
GCRIM,29,fixed_20,23149,1133,5000,effort_at_75,OBSERVED,1059.0,1059.0,1.0,,,
GCRIM,29,fixed_20,23149,1133,5000,batch_effort_at_75,OBSERVED,1061.0,1061.0,1.0,,,
GCRIM,29,fixed_20,23149,1133,5000,depth_fraction_at_75,OBSERVED,0.04574711650611257,1059.0,23149.0,,,
GCRIM,29,fixed_20,23149,1133,5000,depth_per_positive_at_75,OBSERVED,0.9346866725507502,1059.0,1133.0,,,
GCRIM,29,fixed_20,23149,1133,5000,effort_at_80,OBSERVED,1189.0,1189.0,1.0,,,
GCRIM,29,fixed_20,23149,1133,5000,batch_effort_at_80,OBSERVED,1201.0,1201.0,1.0,,,
GCRIM,29,fixed_20,23149,1133,5000,depth_fraction_at_80,OBSERVED,0.05136290984491771,1189.0,23149.0,,,
GCRIM,29,fixed_20,23149,1133,5000,depth_per_positive_at_80,OBSERVED,1.0494263018534864,1189.0,1133.0,,,
GCRIM,29,fixed_20,23149,1133,5000,effort_at_90,OBSERVED,1666.0,1666.0,1.0,,,
GCRIM,29,fixed_20,23149,1133,5000,batch_effort_at_90,OBSERVED,1681.0,1681.0,1.0,,,
GCRIM,29,fixed_20,23149,1133,5000,depth_fraction_at_90,OBSERVED,0.0719685515573027,238.0,3307.0,,,
GCRIM,29,fixed_20,23149,1133,5000,depth_per_positive_at_90,OBSERVED,1.470432480141218,1666.0,1133.0,,,
GCRIM,29,frozen_svm,23149,1133,5000,recall_at_1000,OBSERVED,0.1262135922330097,13.0,103.0,1000.0,,
GCRIM,29,frozen_svm,23149,1133,5000,recall_at_R,OBSERVED,0.14563106796116504,15.0,103.0,1133.0,,
GCRIM,29,frozen_svm,23149,1133,5000,recall_at_2R,OBSERVED,0.2850838481906443,323.0,1133.0,2266.0,,
GCRIM,29,frozen_svm,23149,1133,5000,recall_at_1R_plus_0,OBSERVED,0.14563106796116504,15.0,103.0,1133.0,,
GCRIM,29,frozen_svm,23149,1133,5000,recall_at_1R_plus_100,OBSERVED,0.15710503089143865,178.0,1133.0,1233.0,,
GCRIM,29,frozen_svm,23149,1133,5000,recall_at_1R_plus_1000,OBSERVED,0.26831421006178285,304.0,1133.0,2133.0,,
GCRIM,29,frozen_svm,23149,1133,5000,recall_at_2R_plus_0,OBSERVED,0.2850838481906443,323.0,1133.0,2266.0,,
GCRIM,29,frozen_svm,23149,1133,5000,recall_at_2R_plus_100,OBSERVED,0.2992056487202118,339.0,1133.0,2366.0,,
GCRIM,29,frozen_svm,23149,1133,5000,recall_at_2R_plus_1000,OBSERVED,0.4024713150926743,456.0,1133.0,3266.0,,
GCRIM,29,frozen_svm,23149,1133,5000,recall_at_4R_plus_0,OBSERVED,0.5145631067961165,53.0,103.0,4532.0,,
GCRIM,29,frozen_svm,23149,1133,5000,recall_at_4R_plus_100,OBSERVED,0.5207413945278023,590.0,1133.0,4632.0,,
GCRIM,29,frozen_svm,23149,1133,5000,recall_at_4R_plus_1000,CENSORED,CENSORED,,,5532.0,,requested_depth_exceeds_logged_budget
GCRIM,29,frozen_svm,23149,1133,5000,effort_at_75,CENSORED,CENSORED,,,,5000.0,target_not_reached
GCRIM,29,frozen_svm,23149,1133,5000,batch_effort_at_75,CENSORED,CENSORED,,,,5000.0,target_not_reached
GCRIM,29,frozen_svm,23149,1133,5000,depth_fraction_at_75,CENSORED,CENSORED,,,,0.21599205149250508,target_not_reached
GCRIM,29,frozen_svm,23149,1133,5000,depth_per_positive_at_75,CENSORED,CENSORED,,,,4.41306266548985,target_not_reached
GCRIM,29,frozen_svm,23149,1133,5000,effort_at_80,CENSORED,CENSORED,,,,5000.0,target_not_reached
GCRIM,29,frozen_svm,23149,1133,5000,batch_effort_at_80,CENSORED,CENSORED,,,,5000.0,target_not_reached
GCRIM,29,frozen_svm,23149,1133,5000,depth_fraction_at_80,CENSORED,CENSORED,,,,0.21599205149250508,target_not_reached
GCRIM,29,frozen_svm,23149,1133,5000,depth_per_positive_at_80,CENSORED,CENSORED,,,,4.41306266548985,target_not_reached
GCRIM,29,frozen_svm,23149,1133,5000,effort_at_90,CENSORED,CENSORED,,,,5000.0,target_not_reached
GCRIM,29,frozen_svm,23149,1133,5000,batch_effort_at_90,CENSORED,CENSORED,,,,5000.0,target_not_reached
GCRIM,29,frozen_svm,23149,1133,5000,depth_fraction_at_90,CENSORED,CENSORED,,,,0.21599205149250508,target_not_reached
GCRIM,29,frozen_svm,23149,1133,5000,depth_per_positive_at_90,CENSORED,CENSORED,,,,4.41306266548985,target_not_reached
GCRIM,29,random,23149,1133,5000,recall_at_1000,OBSERVED,0.05119152691968226,58.0,1133.0,1000.0,,
GCRIM,29,random,23149,1133,5000,recall_at_R,OBSERVED,0.05560458958517211,63.0,1133.0,1133.0,,
GCRIM,29,random,23149,1133,5000,recall_at_2R,OBSERVED,0.10856134157105031,123.0,1133.0,2266.0,,
GCRIM,29,random,23149,1133,5000,recall_at_1R_plus_0,OBSERVED,0.05560458958517211,63.0,1133.0,1133.0,,
GCRIM,29,random,23149,1133,5000,recall_at_1R_plus_100,OBSERVED,0.06001765225066196,68.0,1133.0,1233.0,,
GCRIM,29,random,23149,1133,5000,recall_at_1R_plus_1000,OBSERVED,0.0997352162400706,113.0,1133.0,2133.0,,
GCRIM,29,random,23149,1133,5000,recall_at_2R_plus_0,OBSERVED,0.10856134157105031,123.0,1133.0,2266.0,,
GCRIM,29,random,23149,1133,5000,recall_at_2R_plus_100,OBSERVED,0.11209179170344219,127.0,1133.0,2366.0,,
GCRIM,29,random,23149,1133,5000,recall_at_2R_plus_1000,OBSERVED,0.1526919682259488,173.0,1133.0,3266.0,,
GCRIM,29,random,23149,1133,5000,recall_at_4R_plus_0,OBSERVED,0.20388349514563106,21.0,103.0,4532.0,,
GCRIM,29,random,23149,1133,5000,recall_at_4R_plus_100,OBSERVED,0.20653133274492497,234.0,1133.0,4632.0,,
GCRIM,29,random,23149,1133,5000,recall_at_4R_plus_1000,CENSORED,CENSORED,,,5532.0,,requested_depth_exceeds_logged_budget
GCRIM,29,random,23149,1133,5000,effort_at_75,CENSORED,CENSORED,,,,5000.0,target_not_reached
GCRIM,29,random,23149,1133,5000,batch_effort_at_75,CENSORED,CENSORED,,,,5000.0,target_not_reached
GCRIM,29,random,23149,1133,5000,depth_fraction_at_75,CENSORED,CENSORED,,,,0.21599205149250508,target_not_reached
GCRIM,29,random,23149,1133,5000,depth_per_positive_at_75,CENSORED,CENSORED,,,,4.41306266548985,target_not_reached
GCRIM,29,random,23149,1133,5000,effort_at_80,CENSORED,CENSORED,,,,5000.0,target_not_reached
GCRIM,29,random,23149,1133,5000,batch_effort_at_80,CENSORED,CENSORED,,,,5000.0,target_not_reached
GCRIM,29,random,23149,1133,5000,depth_fraction_at_80,CENSORED,CENSORED,,,,0.21599205149250508,target_not_reached
GCRIM,29,random,23149,1133,5000,depth_per_positive_at_80,CENSORED,CENSORED,,,,4.41306266548985,target_not_reached
GCRIM,29,random,23149,1133,5000,effort_at_90,CENSORED,CENSORED,,,,5000.0,target_not_reached
GCRIM,29,random,23149,1133,5000,batch_effort_at_90,CENSORED,CENSORED,,,,5000.0,target_not_reached
GCRIM,29,random,23149,1133,5000,depth_fraction_at_90,CENSORED,CENSORED,,,,0.21599205149250508,target_not_reached
GCRIM,29,random,23149,1133,5000,depth_per_positive_at_90,CENSORED,CENSORED,,,,4.41306266548985,target_not_reached
GCRIM,29,seed_similarity,23149,1133,5000,recall_at_1000,OBSERVED,0.09532215357458076,108.0,1133.0,1000.0,,
GCRIM,29,seed_similarity,23149,1133,5000,recall_at_R,OBSERVED,0.10944395410414828,124.0,1133.0,1133.0,,
GCRIM,29,seed_similarity,23149,1133,5000,recall_at_2R,OBSERVED,0.18446601941747573,19.0,103.0,2266.0,,
GCRIM,29,seed_similarity,23149,1133,5000,recall_at_1R_plus_0,OBSERVED,0.10944395410414828,124.0,1133.0,1133.0,,
GCRIM,29,seed_similarity,23149,1133,5000,recall_at_1R_plus_100,OBSERVED,0.11827007943512798,134.0,1133.0,1233.0,,
GCRIM,29,seed_similarity,23149,1133,5000,recall_at_1R_plus_1000,OBSERVED,0.17740511915269197,201.0,1133.0,2133.0,,
GCRIM,29,seed_similarity,23149,1133,5000,recall_at_2R_plus_0,OBSERVED,0.18446601941747573,19.0,103.0,2266.0,,
GCRIM,29,seed_similarity,23149,1133,5000,recall_at_2R_plus_100,OBSERVED,0.19064430714916153,216.0,1133.0,2366.0,,
GCRIM,29,seed_similarity,23149,1133,5000,recall_at_2R_plus_1000,OBSERVED,0.2594880847308032,294.0,1133.0,3266.0,,
GCRIM,29,seed_similarity,23149,1133,5000,recall_at_4R_plus_0,OBSERVED,0.34774933804060015,394.0,1133.0,4532.0,,
GCRIM,29,seed_similarity,23149,1133,5000,recall_at_4R_plus_100,OBSERVED,0.353927625772286,401.0,1133.0,4632.0,,
GCRIM,29,seed_similarity,23149,1133,5000,recall_at_4R_plus_1000,CENSORED,CENSORED,,,5532.0,,requested_depth_exceeds_logged_budget
GCRIM,29,seed_similarity,23149,1133,5000,effort_at_75,CENSORED,CENSORED,,,,5000.0,target_not_reached
GCRIM,29,seed_similarity,23149,1133,5000,batch_effort_at_75,CENSORED,CENSORED,,,,5000.0,target_not_reached
GCRIM,29,seed_similarity,23149,1133,5000,depth_fraction_at_75,CENSORED,CENSORED,,,,0.21599205149250508,target_not_reached
GCRIM,29,seed_similarity,23149,1133,5000,depth_per_positive_at_75,CENSORED,CENSORED,,,,4.41306266548985,target_not_reached
GCRIM,29,seed_similarity,23149,1133,5000,effort_at_80,CENSORED,CENSORED,,,,5000.0,target_not_reached
GCRIM,29,seed_similarity,23149,1133,5000,batch_effort_at_80,CENSORED,CENSORED,,,,5000.0,target_not_reached
GCRIM,29,seed_similarity,23149,1133,5000,depth_fraction_at_80,CENSORED,CENSORED,,,,0.21599205149250508,target_not_reached
GCRIM,29,seed_similarity,23149,1133,5000,depth_per_positive_at_80,CENSORED,CENSORED,,,,4.41306266548985,target_not_reached
GCRIM,29,seed_similarity,23149,1133,5000,effort_at_90,CENSORED,CENSORED,,,,5000.0,target_not_reached
GCRIM,29,seed_similarity,23149,1133,5000,batch_effort_at_90,CENSORED,CENSORED,,,,5000.0,target_not_reached
GCRIM,29,seed_similarity,23149,1133,5000,depth_fraction_at_90,CENSORED,CENSORED,,,,0.21599205149250508,target_not_reached
GCRIM,29,seed_similarity,23149,1133,5000,depth_per_positive_at_90,CENSORED,CENSORED,,,,4.41306266548985,target_not_reached
GCRIM,29,uncertainty,23149,1133,5000,recall_at_1000,OBSERVED,0.4351279788172992,493.0,1133.0,1000.0,,
GCRIM,29,uncertainty,23149,1133,5000,recall_at_R,OBSERVED,0.4907325684024713,556.0,1133.0,1133.0,,
GCRIM,29,uncertainty,23149,1133,5000,recall_at_2R,OBSERVED,0.6628420123565755,751.0,1133.0,2266.0,,
GCRIM,29,uncertainty,23149,1133,5000,recall_at_1R_plus_0,OBSERVED,0.4907325684024713,556.0,1133.0,1133.0,,
GCRIM,29,uncertainty,23149,1133,5000,recall_at_1R_plus_100,OBSERVED,0.5163283318623124,585.0,1133.0,1233.0,,
GCRIM,29,uncertainty,23149,1133,5000,recall_at_1R_plus_1000,OBSERVED,0.646954986760812,733.0,1133.0,2133.0,,
GCRIM,29,uncertainty,23149,1133,5000,recall_at_2R_plus_0,OBSERVED,0.6628420123565755,751.0,1133.0,2266.0,,
GCRIM,29,uncertainty,23149,1133,5000,recall_at_2R_plus_100,OBSERVED,0.6707855251544572,760.0,1133.0,2366.0,,
GCRIM,29,uncertainty,23149,1133,5000,recall_at_2R_plus_1000,OBSERVED,0.7087378640776699,73.0,103.0,3266.0,,
GCRIM,29,uncertainty,23149,1133,5000,recall_at_4R_plus_0,OBSERVED,0.7475728155339806,77.0,103.0,4532.0,,
GCRIM,29,uncertainty,23149,1133,5000,recall_at_4R_plus_100,OBSERVED,0.7493380406001765,849.0,1133.0,4632.0,,
GCRIM,29,uncertainty,23149,1133,5000,recall_at_4R_plus_1000,CENSORED,CENSORED,,,5532.0,,requested_depth_exceeds_logged_budget
GCRIM,29,uncertainty,23149,1133,5000,effort_at_75,OBSERVED,4699.0,4699.0,1.0,,,
GCRIM,29,uncertainty,23149,1133,5000,batch_effort_at_75,OBSERVED,5000.0,5000.0,1.0,,,
GCRIM,29,uncertainty,23149,1133,5000,depth_fraction_at_75,OBSERVED,0.20298932999265626,4699.0,23149.0,,,
GCRIM,29,uncertainty,23149,1133,5000,depth_per_positive_at_75,OBSERVED,4.147396293027361,4699.0,1133.0,,,
GCRIM,29,uncertainty,23149,1133,5000,effort_at_80,CENSORED,CENSORED,,,,5000.0,target_not_reached
GCRIM,29,uncertainty,23149,1133,5000,batch_effort_at_80,CENSORED,CENSORED,,,,5000.0,target_not_reached
GCRIM,29,uncertainty,23149,1133,5000,depth_fraction_at_80,CENSORED,CENSORED,,,,0.21599205149250508,target_not_reached
GCRIM,29,uncertainty,23149,1133,5000,depth_per_positive_at_80,CENSORED,CENSORED,,,,4.41306266548985,target_not_reached
GCRIM,29,uncertainty,23149,1133,5000,effort_at_90,CENSORED,CENSORED,,,,5000.0,target_not_reached
GCRIM,29,uncertainty,23149,1133,5000,batch_effort_at_90,CENSORED,CENSORED,,,,5000.0,target_not_reached
GCRIM,29,uncertainty,23149,1133,5000,depth_fraction_at_90,CENSORED,CENSORED,,,,0.21599205149250508,target_not_reached
GCRIM,29,uncertainty,23149,1133,5000,depth_per_positive_at_90,CENSORED,CENSORED,,,,4.41306266548985,target_not_reached
GCRIM,47,auto_tar,23149,1133,5000,recall_at_1000,OBSERVED,0.7316857899382171,829.0,1133.0,1000.0,,
GCRIM,47,auto_tar,23149,1133,5000,recall_at_R,OBSERVED,0.7828773168578994,887.0,1133.0,1133.0,,
GCRIM,47,auto_tar,23149,1133,5000,recall_at_2R,OBSERVED,0.9276257722859664,1051.0,1133.0,2266.0,,
GCRIM,47,auto_tar,23149,1133,5000,recall_at_1R_plus_0,OBSERVED,0.7828773168578994,887.0,1133.0,1133.0,,
GCRIM,47,auto_tar,23149,1133,5000,recall_at_1R_plus_100,OBSERVED,0.8137687555163283,922.0,1133.0,1233.0,,
GCRIM,47,auto_tar,23149,1133,5000,recall_at_1R_plus_1000,OBSERVED,0.9240953221535746,1047.0,1133.0,2133.0,,
GCRIM,47,auto_tar,23149,1133,5000,recall_at_2R_plus_0,OBSERVED,0.9276257722859664,1051.0,1133.0,2266.0,,
GCRIM,47,auto_tar,23149,1133,5000,recall_at_2R_plus_100,OBSERVED,0.9338040600176523,1058.0,1133.0,2366.0,,
GCRIM,47,auto_tar,23149,1133,5000,recall_at_2R_plus_1000,OBSERVED,0.9567519858781994,1084.0,1133.0,3266.0,,
GCRIM,47,auto_tar,23149,1133,5000,recall_at_4R_plus_0,OBSERVED,0.9673433362753752,1096.0,1133.0,4532.0,,
GCRIM,47,auto_tar,23149,1133,5000,recall_at_4R_plus_100,OBSERVED,0.9673433362753752,1096.0,1133.0,4632.0,,
GCRIM,47,auto_tar,23149,1133,5000,recall_at_4R_plus_1000,CENSORED,CENSORED,,,5532.0,,requested_depth_exceeds_logged_budget
GCRIM,47,auto_tar,23149,1133,5000,effort_at_75,OBSERVED,1032.0,1032.0,1.0,,,
GCRIM,47,auto_tar,23149,1133,5000,batch_effort_at_75,OBSERVED,1106.0,1106.0,1.0,,,
GCRIM,47,auto_tar,23149,1133,5000,depth_fraction_at_75,OBSERVED,0.04458075942805305,1032.0,23149.0,,,
GCRIM,47,auto_tar,23149,1133,5000,depth_per_positive_at_75,OBSERVED,0.910856134157105,1032.0,1133.0,,,
GCRIM,47,auto_tar,23149,1133,5000,effort_at_80,OBSERVED,1188.0,1188.0,1.0,,,
GCRIM,47,auto_tar,23149,1133,5000,batch_effort_at_80,OBSERVED,1233.0,1233.0,1.0,,,
GCRIM,47,auto_tar,23149,1133,5000,depth_fraction_at_80,OBSERVED,0.051319711434619206,1188.0,23149.0,,,
GCRIM,47,auto_tar,23149,1133,5000,depth_per_positive_at_80,OBSERVED,1.0485436893203883,108.0,103.0,,,
GCRIM,47,auto_tar,23149,1133,5000,effort_at_90,OBSERVED,1758.0,1758.0,1.0,,,
GCRIM,47,auto_tar,23149,1133,5000,batch_effort_at_90,OBSERVED,1884.0,1884.0,1.0,,,
GCRIM,47,auto_tar,23149,1133,5000,depth_fraction_at_90,OBSERVED,0.07594280530476478,1758.0,23149.0,,,
GCRIM,47,auto_tar,23149,1133,5000,depth_per_positive_at_90,OBSERVED,1.5516328331862312,1758.0,1133.0,,,
GCRIM,47,explore_10,23149,1133,5000,recall_at_1000,OBSERVED,0.6866725507502206,778.0,1133.0,1000.0,,
GCRIM,47,explore_10,23149,1133,5000,recall_at_R,OBSERVED,0.7555163283318623,856.0,1133.0,1133.0,,
GCRIM,47,explore_10,23149,1133,5000,recall_at_2R,OBSERVED,0.9223300970873787,95.0,103.0,2266.0,,
GCRIM,47,explore_10,23149,1133,5000,recall_at_1R_plus_0,OBSERVED,0.7555163283318623,856.0,1133.0,1133.0,,
GCRIM,47,explore_10,23149,1133,5000,recall_at_1R_plus_100,OBSERVED,0.7811120917917035,885.0,1133.0,1233.0,,
GCRIM,47,explore_10,23149,1133,5000,recall_at_1R_plus_1000,OBSERVED,0.9161518093556928,1038.0,1133.0,2133.0,,
GCRIM,47,explore_10,23149,1133,5000,recall_at_2R_plus_0,OBSERVED,0.9223300970873787,95.0,103.0,2266.0,,
GCRIM,47,explore_10,23149,1133,5000,recall_at_2R_plus_100,OBSERVED,0.9302736098852604,1054.0,1133.0,2366.0,,
GCRIM,47,explore_10,23149,1133,5000,recall_at_2R_plus_1000,OBSERVED,0.9549867608120035,1082.0,1133.0,3266.0,,
GCRIM,47,explore_10,23149,1133,5000,recall_at_4R_plus_0,OBSERVED,0.9664607237422771,1095.0,1133.0,4532.0,,
GCRIM,47,explore_10,23149,1133,5000,recall_at_4R_plus_100,OBSERVED,0.9673433362753752,1096.0,1133.0,4632.0,,
GCRIM,47,explore_10,23149,1133,5000,recall_at_4R_plus_1000,CENSORED,CENSORED,,,5532.0,,requested_depth_exceeds_logged_budget
GCRIM,47,explore_10,23149,1133,5000,effort_at_75,OBSERVED,1125.0,1125.0,1.0,,,
GCRIM,47,explore_10,23149,1133,5000,batch_effort_at_75,OBSERVED,1233.0,1233.0,1.0,,,
GCRIM,47,explore_10,23149,1133,5000,depth_fraction_at_75,OBSERVED,0.04859821158581364,1125.0,23149.0,,,
GCRIM,47,explore_10,23149,1133,5000,depth_per_positive_at_75,OBSERVED,0.9929390997352162,1125.0,1133.0,,,
GCRIM,47,explore_10,23149,1133,5000,effort_at_80,OBSERVED,1258.0,1258.0,1.0,,,
GCRIM,47,explore_10,23149,1133,5000,batch_effort_at_80,OBSERVED,1373.0,1373.0,1.0,,,
GCRIM,47,explore_10,23149,1133,5000,depth_fraction_at_80,OBSERVED,0.054343600155514274,1258.0,23149.0,,,
GCRIM,47,explore_10,23149,1133,5000,depth_per_positive_at_80,OBSERVED,1.1103265666372462,1258.0,1133.0,,,
GCRIM,47,explore_10,23149,1133,5000,effort_at_90,OBSERVED,1840.0,1840.0,1.0,,,
GCRIM,47,explore_10,23149,1133,5000,batch_effort_at_90,OBSERVED,1884.0,1884.0,1.0,,,
GCRIM,47,explore_10,23149,1133,5000,depth_fraction_at_90,OBSERVED,0.07948507494924187,1840.0,23149.0,,,
GCRIM,47,explore_10,23149,1133,5000,depth_per_positive_at_90,OBSERVED,1.6240070609002648,1840.0,1133.0,,,
GCRIM,47,fixed_20,23149,1133,5000,recall_at_1000,OBSERVED,0.7255075022065314,822.0,1133.0,1000.0,,
GCRIM,47,fixed_20,23149,1133,5000,recall_at_R,OBSERVED,0.7899382171226832,895.0,1133.0,1133.0,,
GCRIM,47,fixed_20,23149,1133,5000,recall_at_2R,OBSERVED,0.9346866725507502,1059.0,1133.0,2266.0,,
GCRIM,47,fixed_20,23149,1133,5000,recall_at_1R_plus_0,OBSERVED,0.7899382171226832,895.0,1133.0,1133.0,,
GCRIM,47,fixed_20,23149,1133,5000,recall_at_1R_plus_100,OBSERVED,0.822594880847308,932.0,1133.0,1233.0,,
GCRIM,47,fixed_20,23149,1133,5000,recall_at_1R_plus_1000,OBSERVED,0.9249779346866726,1048.0,1133.0,2133.0,,
GCRIM,47,fixed_20,23149,1133,5000,recall_at_2R_plus_0,OBSERVED,0.9346866725507502,1059.0,1133.0,2266.0,,
GCRIM,47,fixed_20,23149,1133,5000,recall_at_2R_plus_100,OBSERVED,0.9346866725507502,1059.0,1133.0,2366.0,,
GCRIM,47,fixed_20,23149,1133,5000,recall_at_2R_plus_1000,OBSERVED,0.9585172109443955,1086.0,1133.0,3266.0,,
GCRIM,47,fixed_20,23149,1133,5000,recall_at_4R_plus_0,OBSERVED,0.9673433362753752,1096.0,1133.0,4532.0,,
GCRIM,47,fixed_20,23149,1133,5000,recall_at_4R_plus_100,OBSERVED,0.9673433362753752,1096.0,1133.0,4632.0,,
GCRIM,47,fixed_20,23149,1133,5000,recall_at_4R_plus_1000,CENSORED,CENSORED,,,5532.0,,requested_depth_exceeds_logged_budget
GCRIM,47,fixed_20,23149,1133,5000,effort_at_75,OBSERVED,1042.0,1042.0,1.0,,,
GCRIM,47,fixed_20,23149,1133,5000,batch_effort_at_75,OBSERVED,1061.0,1061.0,1.0,,,
GCRIM,47,fixed_20,23149,1133,5000,depth_fraction_at_75,OBSERVED,0.045012743531038055,1042.0,23149.0,,,
GCRIM,47,fixed_20,23149,1133,5000,depth_per_positive_at_75,OBSERVED,0.9196822594880847,1042.0,1133.0,,,
GCRIM,47,fixed_20,23149,1133,5000,effort_at_80,OBSERVED,1160.0,1160.0,1.0,,,
GCRIM,47,fixed_20,23149,1133,5000,batch_effort_at_80,OBSERVED,1161.0,1161.0,1.0,,,
GCRIM,47,fixed_20,23149,1133,5000,depth_fraction_at_80,OBSERVED,0.05011015594626118,1160.0,23149.0,,,
GCRIM,47,fixed_20,23149,1133,5000,depth_per_positive_at_80,OBSERVED,1.0238305383936452,1160.0,1133.0,,,
GCRIM,47,fixed_20,23149,1133,5000,effort_at_90,OBSERVED,1633.0,1633.0,1.0,,,
GCRIM,47,fixed_20,23149,1133,5000,batch_effort_at_90,OBSERVED,1641.0,1641.0,1.0,,,
GCRIM,47,fixed_20,23149,1133,5000,depth_fraction_at_90,OBSERVED,0.07054300401745216,1633.0,23149.0,,,
GCRIM,47,fixed_20,23149,1133,5000,depth_per_positive_at_90,OBSERVED,1.441306266548985,1633.0,1133.0,,,
GCRIM,47,frozen_svm,23149,1133,5000,recall_at_1000,OBSERVED,0.3159752868490733,358.0,1133.0,1000.0,,
GCRIM,47,frozen_svm,23149,1133,5000,recall_at_R,OBSERVED,0.34245366284201234,388.0,1133.0,1133.0,,
GCRIM,47,frozen_svm,23149,1133,5000,recall_at_2R,OBSERVED,0.471315092674316,534.0,1133.0,2266.0,,
GCRIM,47,frozen_svm,23149,1133,5000,recall_at_1R_plus_0,OBSERVED,0.34245366284201234,388.0,1133.0,1133.0,,
GCRIM,47,frozen_svm,23149,1133,5000,recall_at_1R_plus_100,OBSERVED,0.3574580759046778,405.0,1133.0,1233.0,,
GCRIM,47,frozen_svm,23149,1133,5000,recall_at_1R_plus_1000,OBSERVED,0.4580759046778464,519.0,1133.0,2133.0,,
GCRIM,47,frozen_svm,23149,1133,5000,recall_at_2R_plus_0,OBSERVED,0.471315092674316,534.0,1133.0,2266.0,,
GCRIM,47,frozen_svm,23149,1133,5000,recall_at_2R_plus_100,OBSERVED,0.48631950573698146,551.0,1133.0,2366.0,,
GCRIM,47,frozen_svm,23149,1133,5000,recall_at_2R_plus_1000,OBSERVED,0.5454545454545454,6.0,11.0,3266.0,,
GCRIM,47,frozen_svm,23149,1133,5000,recall_at_4R_plus_0,OBSERVED,0.6195939982347749,702.0,1133.0,4532.0,,
GCRIM,47,frozen_svm,23149,1133,5000,recall_at_4R_plus_100,OBSERVED,0.6240070609002648,707.0,1133.0,4632.0,,
GCRIM,47,frozen_svm,23149,1133,5000,recall_at_4R_plus_1000,CENSORED,CENSORED,,,5532.0,,requested_depth_exceeds_logged_budget
GCRIM,47,frozen_svm,23149,1133,5000,effort_at_75,CENSORED,CENSORED,,,,5000.0,target_not_reached
GCRIM,47,frozen_svm,23149,1133,5000,batch_effort_at_75,CENSORED,CENSORED,,,,5000.0,target_not_reached
GCRIM,47,frozen_svm,23149,1133,5000,depth_fraction_at_75,CENSORED,CENSORED,,,,0.21599205149250508,target_not_reached
GCRIM,47,frozen_svm,23149,1133,5000,depth_per_positive_at_75,CENSORED,CENSORED,,,,4.41306266548985,target_not_reached
GCRIM,47,frozen_svm,23149,1133,5000,effort_at_80,CENSORED,CENSORED,,,,5000.0,target_not_reached
GCRIM,47,frozen_svm,23149,1133,5000,batch_effort_at_80,CENSORED,CENSORED,,,,5000.0,target_not_reached
GCRIM,47,frozen_svm,23149,1133,5000,depth_fraction_at_80,CENSORED,CENSORED,,,,0.21599205149250508,target_not_reached
GCRIM,47,frozen_svm,23149,1133,5000,depth_per_positive_at_80,CENSORED,CENSORED,,,,4.41306266548985,target_not_reached
GCRIM,47,frozen_svm,23149,1133,5000,effort_at_90,CENSORED,CENSORED,,,,5000.0,target_not_reached
GCRIM,47,frozen_svm,23149,1133,5000,batch_effort_at_90,CENSORED,CENSORED,,,,5000.0,target_not_reached
GCRIM,47,frozen_svm,23149,1133,5000,depth_fraction_at_90,CENSORED,CENSORED,,,,0.21599205149250508,target_not_reached
GCRIM,47,frozen_svm,23149,1133,5000,depth_per_positive_at_90,CENSORED,CENSORED,,,,4.41306266548985,target_not_reached
GCRIM,47,random,23149,1133,5000,recall_at_1000,OBSERVED,0.03795233892321271,43.0,1133.0,1000.0,,
GCRIM,47,random,23149,1133,5000,recall_at_R,OBSERVED,0.04766107678729038,54.0,1133.0,1133.0,,
GCRIM,47,random,23149,1133,5000,recall_at_2R,OBSERVED,0.08561341571050309,97.0,1133.0,2266.0,,
GCRIM,47,random,23149,1133,5000,recall_at_1R_plus_0,OBSERVED,0.04766107678729038,54.0,1133.0,1133.0,,
GCRIM,47,random,23149,1133,5000,recall_at_1R_plus_100,OBSERVED,0.04942630185348632,56.0,1133.0,1233.0,,
GCRIM,47,random,23149,1133,5000,recall_at_1R_plus_1000,OBSERVED,0.07855251544571933,89.0,1133.0,2133.0,,
GCRIM,47,random,23149,1133,5000,recall_at_2R_plus_0,OBSERVED,0.08561341571050309,97.0,1133.0,2266.0,,
GCRIM,47,random,23149,1133,5000,recall_at_2R_plus_100,OBSERVED,0.09002647837599294,102.0,1133.0,2366.0,,
GCRIM,47,random,23149,1133,5000,recall_at_2R_plus_1000,OBSERVED,0.12709620476610767,144.0,1133.0,3266.0,,
GCRIM,47,random,23149,1133,5000,recall_at_4R_plus_0,OBSERVED,0.18270079435127978,207.0,1133.0,4532.0,,
GCRIM,47,random,23149,1133,5000,recall_at_4R_plus_100,OBSERVED,0.1879964695498676,213.0,1133.0,4632.0,,
GCRIM,47,random,23149,1133,5000,recall_at_4R_plus_1000,CENSORED,CENSORED,,,5532.0,,requested_depth_exceeds_logged_budget
GCRIM,47,random,23149,1133,5000,effort_at_75,CENSORED,CENSORED,,,,5000.0,target_not_reached
GCRIM,47,random,23149,1133,5000,batch_effort_at_75,CENSORED,CENSORED,,,,5000.0,target_not_reached
GCRIM,47,random,23149,1133,5000,depth_fraction_at_75,CENSORED,CENSORED,,,,0.21599205149250508,target_not_reached
GCRIM,47,random,23149,1133,5000,depth_per_positive_at_75,CENSORED,CENSORED,,,,4.41306266548985,target_not_reached
GCRIM,47,random,23149,1133,5000,effort_at_80,CENSORED,CENSORED,,,,5000.0,target_not_reached
GCRIM,47,random,23149,1133,5000,batch_effort_at_80,CENSORED,CENSORED,,,,5000.0,target_not_reached
GCRIM,47,random,23149,1133,5000,depth_fraction_at_80,CENSORED,CENSORED,,,,0.21599205149250508,target_not_reached
GCRIM,47,random,23149,1133,5000,depth_per_positive_at_80,CENSORED,CENSORED,,,,4.41306266548985,target_not_reached
GCRIM,47,random,23149,1133,5000,effort_at_90,CENSORED,CENSORED,,,,5000.0,target_not_reached
GCRIM,47,random,23149,1133,5000,batch_effort_at_90,CENSORED,CENSORED,,,,5000.0,target_not_reached
GCRIM,47,random,23149,1133,5000,depth_fraction_at_90,CENSORED,CENSORED,,,,0.21599205149250508,target_not_reached
GCRIM,47,random,23149,1133,5000,depth_per_positive_at_90,CENSORED,CENSORED,,,,4.41306266548985,target_not_reached
GCRIM,47,seed_similarity,23149,1133,5000,recall_at_1000,OBSERVED,0.28596646072374227,324.0,1133.0,1000.0,,
GCRIM,47,seed_similarity,23149,1133,5000,recall_at_R,OBSERVED,0.3027360988526037,343.0,1133.0,1133.0,,
GCRIM,47,seed_similarity,23149,1133,5000,recall_at_2R,OBSERVED,0.42188879082082964,478.0,1133.0,2266.0,,
GCRIM,47,seed_similarity,23149,1133,5000,recall_at_1R_plus_0,OBSERVED,0.3027360988526037,343.0,1133.0,1133.0,,
GCRIM,47,seed_similarity,23149,1133,5000,recall_at_1R_plus_100,OBSERVED,0.31509267431597526,357.0,1133.0,1233.0,,
GCRIM,47,seed_similarity,23149,1133,5000,recall_at_1R_plus_1000,OBSERVED,0.40688437775816416,461.0,1133.0,2133.0,,
GCRIM,47,seed_similarity,23149,1133,5000,recall_at_2R_plus_0,OBSERVED,0.42188879082082964,478.0,1133.0,2266.0,,
GCRIM,47,seed_similarity,23149,1133,5000,recall_at_2R_plus_100,OBSERVED,0.4263018534863195,483.0,1133.0,2366.0,,
GCRIM,47,seed_similarity,23149,1133,5000,recall_at_2R_plus_1000,OBSERVED,0.5136804942630185,582.0,1133.0,3266.0,,
GCRIM,47,seed_similarity,23149,1133,5000,recall_at_4R_plus_0,OBSERVED,0.588702559576346,667.0,1133.0,4532.0,,
GCRIM,47,seed_similarity,23149,1133,5000,recall_at_4R_plus_100,OBSERVED,0.5931156222418358,672.0,1133.0,4632.0,,
GCRIM,47,seed_similarity,23149,1133,5000,recall_at_4R_plus_1000,CENSORED,CENSORED,,,5532.0,,requested_depth_exceeds_logged_budget
GCRIM,47,seed_similarity,23149,1133,5000,effort_at_75,CENSORED,CENSORED,,,,5000.0,target_not_reached
GCRIM,47,seed_similarity,23149,1133,5000,batch_effort_at_75,CENSORED,CENSORED,,,,5000.0,target_not_reached
GCRIM,47,seed_similarity,23149,1133,5000,depth_fraction_at_75,CENSORED,CENSORED,,,,0.21599205149250508,target_not_reached
GCRIM,47,seed_similarity,23149,1133,5000,depth_per_positive_at_75,CENSORED,CENSORED,,,,4.41306266548985,target_not_reached
GCRIM,47,seed_similarity,23149,1133,5000,effort_at_80,CENSORED,CENSORED,,,,5000.0,target_not_reached
GCRIM,47,seed_similarity,23149,1133,5000,batch_effort_at_80,CENSORED,CENSORED,,,,5000.0,target_not_reached
GCRIM,47,seed_similarity,23149,1133,5000,depth_fraction_at_80,CENSORED,CENSORED,,,,0.21599205149250508,target_not_reached
GCRIM,47,seed_similarity,23149,1133,5000,depth_per_positive_at_80,CENSORED,CENSORED,,,,4.41306266548985,target_not_reached
GCRIM,47,seed_similarity,23149,1133,5000,effort_at_90,CENSORED,CENSORED,,,,5000.0,target_not_reached
GCRIM,47,seed_similarity,23149,1133,5000,batch_effort_at_90,CENSORED,CENSORED,,,,5000.0,target_not_reached
GCRIM,47,seed_similarity,23149,1133,5000,depth_fraction_at_90,CENSORED,CENSORED,,,,0.21599205149250508,target_not_reached
GCRIM,47,seed_similarity,23149,1133,5000,depth_per_positive_at_90,CENSORED,CENSORED,,,,4.41306266548985,target_not_reached
GCRIM,47,uncertainty,23149,1133,5000,recall_at_1000,OBSERVED,0.4386584289496911,497.0,1133.0,1000.0,,
GCRIM,47,uncertainty,23149,1133,5000,recall_at_R,OBSERVED,0.47925860547219773,543.0,1133.0,1133.0,,
GCRIM,47,uncertainty,23149,1133,5000,recall_at_2R,OBSERVED,0.6601941747572816,68.0,103.0,2266.0,,
GCRIM,47,uncertainty,23149,1133,5000,recall_at_1R_plus_0,OBSERVED,0.47925860547219773,543.0,1133.0,1133.0,,
GCRIM,47,uncertainty,23149,1133,5000,recall_at_1R_plus_100,OBSERVED,0.5048543689320388,52.0,103.0,1233.0,,
GCRIM,47,uncertainty,23149,1133,5000,recall_at_1R_plus_1000,OBSERVED,0.6504854368932039,67.0,103.0,2133.0,,
GCRIM,47,uncertainty,23149,1133,5000,recall_at_2R_plus_0,OBSERVED,0.6601941747572816,68.0,103.0,2266.0,,
GCRIM,47,uncertainty,23149,1133,5000,recall_at_2R_plus_100,OBSERVED,0.6637246248896734,752.0,1133.0,2366.0,,
GCRIM,47,uncertainty,23149,1133,5000,recall_at_2R_plus_1000,OBSERVED,0.7096204766107679,804.0,1133.0,3266.0,,
GCRIM,47,uncertainty,23149,1133,5000,recall_at_4R_plus_0,OBSERVED,0.736981465136805,835.0,1133.0,4532.0,,
GCRIM,47,uncertainty,23149,1133,5000,recall_at_4R_plus_100,OBSERVED,0.7387466902030009,837.0,1133.0,4632.0,,
GCRIM,47,uncertainty,23149,1133,5000,recall_at_4R_plus_1000,CENSORED,CENSORED,,,5532.0,,requested_depth_exceeds_logged_budget
GCRIM,47,uncertainty,23149,1133,5000,effort_at_75,CENSORED,CENSORED,,,,5000.0,target_not_reached
GCRIM,47,uncertainty,23149,1133,5000,batch_effort_at_75,CENSORED,CENSORED,,,,5000.0,target_not_reached
GCRIM,47,uncertainty,23149,1133,5000,depth_fraction_at_75,CENSORED,CENSORED,,,,0.21599205149250508,target_not_reached
GCRIM,47,uncertainty,23149,1133,5000,depth_per_positive_at_75,CENSORED,CENSORED,,,,4.41306266548985,target_not_reached
GCRIM,47,uncertainty,23149,1133,5000,effort_at_80,CENSORED,CENSORED,,,,5000.0,target_not_reached
GCRIM,47,uncertainty,23149,1133,5000,batch_effort_at_80,CENSORED,CENSORED,,,,5000.0,target_not_reached
GCRIM,47,uncertainty,23149,1133,5000,depth_fraction_at_80,CENSORED,CENSORED,,,,0.21599205149250508,target_not_reached
GCRIM,47,uncertainty,23149,1133,5000,depth_per_positive_at_80,CENSORED,CENSORED,,,,4.41306266548985,target_not_reached
GCRIM,47,uncertainty,23149,1133,5000,effort_at_90,CENSORED,CENSORED,,,,5000.0,target_not_reached
GCRIM,47,uncertainty,23149,1133,5000,batch_effort_at_90,CENSORED,CENSORED,,,,5000.0,target_not_reached
GCRIM,47,uncertainty,23149,1133,5000,depth_fraction_at_90,CENSORED,CENSORED,,,,0.21599205149250508,target_not_reached
GCRIM,47,uncertainty,23149,1133,5000,depth_per_positive_at_90,CENSORED,CENSORED,,,,4.41306266548985,target_not_reached
