metric,method_a,method_b,topics_total,censored_topics,status,topics_used,note,nonzero_pairs,mean_difference,bootstrap_ci_low,bootstrap_ci_high,bca_ci_low,bca_ci_high,bca_status,bca_warning,interval_disagreement,maximum_endpoint_shift,difference_C12,difference_C15,difference_C16,difference_C18,difference_GCRIM,bootstrap_resamples,analysis_seed,exact_sign_flip_p,wilcoxon_exact_p,minimum_two_sided_p
batch_effort_at_75,random,seed_similarity,5,"C12,C15,C16,C18,GCRIM",NOT_COMPUTED_CENSORED,0,No inference on a complete-case subset; censored topics listed.,,,,,,,,,,,,,,,,,,,,
batch_effort_at_75,random,frozen_svm,5,"C12,C15,C16,C18,GCRIM",NOT_COMPUTED_CENSORED,0,No inference on a complete-case subset; censored topics listed.,,,,,,,,,,,,,,,,,,,,
batch_effort_at_75,random,uncertainty,5,"C12,C15,C16,C18,GCRIM",NOT_COMPUTED_CENSORED,0,No inference on a complete-case subset; censored topics listed.,,,,,,,,,,,,,,,,,,,,
batch_effort_at_75,random,auto_tar,5,"C12,C15,C16,C18,GCRIM",NOT_COMPUTED_CENSORED,0,No inference on a complete-case subset; censored topics listed.,,,,,,,,,,,,,,,,,,,,
batch_effort_at_75,random,fixed_20,5,"C12,C15,C16,C18,GCRIM",NOT_COMPUTED_CENSORED,0,No inference on a complete-case subset; censored topics listed.,,,,,,,,,,,,,,,,,,,,
batch_effort_at_75,random,explore_10,5,"C12,C15,C16,C18,GCRIM",NOT_COMPUTED_CENSORED,0,No inference on a complete-case subset; censored topics listed.,,,,,,,,,,,,,,,,,,,,
batch_effort_at_75,seed_similarity,frozen_svm,5,"C12,C15,C16,C18,GCRIM",NOT_COMPUTED_CENSORED,0,No inference on a complete-case subset; censored topics listed.,,,,,,,,,,,,,,,,,,,,
batch_effort_at_75,seed_similarity,uncertainty,5,"C12,C15,C16,C18,GCRIM",NOT_COMPUTED_CENSORED,0,No inference on a complete-case subset; censored topics listed.,,,,,,,,,,,,,,,,,,,,
batch_effort_at_75,seed_similarity,auto_tar,5,"C12,C15,C16,C18,GCRIM",NOT_COMPUTED_CENSORED,0,No inference on a complete-case subset; censored topics listed.,,,,,,,,,,,,,,,,,,,,
batch_effort_at_75,seed_similarity,fixed_20,5,"C12,C15,C16,C18,GCRIM",NOT_COMPUTED_CENSORED,0,No inference on a complete-case subset; censored topics listed.,,,,,,,,,,,,,,,,,,,,
batch_effort_at_75,seed_similarity,explore_10,5,"C12,C15,C16,C18,GCRIM",NOT_COMPUTED_CENSORED,0,No inference on a complete-case subset; censored topics listed.,,,,,,,,,,,,,,,,,,,,
batch_effort_at_75,frozen_svm,uncertainty,5,"C12,C15,C16,C18,GCRIM",NOT_COMPUTED_CENSORED,0,No inference on a complete-case subset; censored topics listed.,,,,,,,,,,,,,,,,,,,,
batch_effort_at_75,frozen_svm,auto_tar,5,"C12,C15,C16,C18,GCRIM",NOT_COMPUTED_CENSORED,0,No inference on a complete-case subset; censored topics listed.,,,,,,,,,,,,,,,,,,,,
batch_effort_at_75,frozen_svm,fixed_20,5,"C12,C15,C16,C18,GCRIM",NOT_COMPUTED_CENSORED,0,No inference on a complete-case subset; censored topics listed.,,,,,,,,,,,,,,,,,,,,
batch_effort_at_75,frozen_svm,explore_10,5,"C12,C15,C16,C18,GCRIM",NOT_COMPUTED_CENSORED,0,No inference on a complete-case subset; censored topics listed.,,,,,,,,,,,,,,,,,,,,
batch_effort_at_75,uncertainty,auto_tar,5,"C15,GCRIM",NOT_COMPUTED_CENSORED,0,No inference on a complete-case subset; censored topics listed.,,,,,,,,,,,,,,,,,,,,
batch_effort_at_75,uncertainty,fixed_20,5,"C15,GCRIM",NOT_COMPUTED_CENSORED,0,No inference on a complete-case subset; censored topics listed.,,,,,,,,,,,,,,,,,,,,
batch_effort_at_75,uncertainty,explore_10,5,"C15,GCRIM",NOT_COMPUTED_CENSORED,0,No inference on a complete-case subset; censored topics listed.,,,,,,,,,,,,,,,,,,,,
batch_effort_at_75,auto_tar,fixed_20,5,,OBSERVED,5,Exact sign-flip is primary. Both bootstrap variants are exploratory and unreliable with five topics; agreement does not establish coverage; nonsignificance is not equivalence. Minimum attainable two-sided p=0.0625 exceeds 0.05 for 5 nonzero pairs.,5.0,97.6,30.6,173.8,34.266666666666666,185.99999999999997,OBSERVED,,BELOW_DIAGNOSTIC_THRESHOLD,12.19999999999996,76.66666666666667,244.66666666666666,-11.0,119.33333333333333,58.333333333333336,10000.0,20260907.0,0.125,0.125,0.0625
batch_effort_at_75,auto_tar,explore_10,5,,OBSERVED,5,Exact sign-flip is primary. Both bootstrap variants are exploratory and unreliable with five topics; agreement does not establish coverage; nonsignificance is not equivalence. Minimum attainable two-sided p=0.125 exceeds 0.05 for 4 nonzero pairs.,4.0,-125.46666666666667,-250.0,-30.266666666666662,-271.6,-36.8,OBSERVED,,BELOW_DIAGNOSTIC_THRESHOLD,21.600000000000023,0.0,-368.0,-19.0,-113.33333333333333,-127.0,10000.0,20260907.0,0.125,0.125,0.125
batch_effort_at_75,fixed_20,explore_10,5,,OBSERVED,5,Exact sign-flip is primary. Both bootstrap variants are exploratory and unreliable with five topics; agreement does not establish coverage; nonsignificance is not equivalence. Minimum attainable two-sided p=0.0625 exceeds 0.05 for 5 nonzero pairs.,5.0,-223.06666666666666,-429.4666666666666,-66.66666666666666,-460.6666666666667,-84.66666666666669,OBSERVED,,BELOW_DIAGNOSTIC_THRESHOLD,31.200000000000102,-76.66666666666667,-612.6666666666666,-8.0,-232.66666666666666,-185.33333333333334,10000.0,20260907.0,0.0625,0.0625,0.0625
batch_effort_at_80,random,seed_similarity,5,"C12,C15,C16,C18,GCRIM",NOT_COMPUTED_CENSORED,0,No inference on a complete-case subset; censored topics listed.,,,,,,,,,,,,,,,,,,,,
batch_effort_at_80,random,frozen_svm,5,"C12,C15,C16,C18,GCRIM",NOT_COMPUTED_CENSORED,0,No inference on a complete-case subset; censored topics listed.,,,,,,,,,,,,,,,,,,,,
batch_effort_at_80,random,uncertainty,5,"C12,C15,C16,C18,GCRIM",NOT_COMPUTED_CENSORED,0,No inference on a complete-case subset; censored topics listed.,,,,,,,,,,,,,,,,,,,,
batch_effort_at_80,random,auto_tar,5,"C12,C15,C16,C18,GCRIM",NOT_COMPUTED_CENSORED,0,No inference on a complete-case subset; censored topics listed.,,,,,,,,,,,,,,,,,,,,
batch_effort_at_80,random,fixed_20,5,"C12,C15,C16,C18,GCRIM",NOT_COMPUTED_CENSORED,0,No inference on a complete-case subset; censored topics listed.,,,,,,,,,,,,,,,,,,,,
batch_effort_at_80,random,explore_10,5,"C12,C15,C16,C18,GCRIM",NOT_COMPUTED_CENSORED,0,No inference on a complete-case subset; censored topics listed.,,,,,,,,,,,,,,,,,,,,
batch_effort_at_80,seed_similarity,frozen_svm,5,"C12,C15,C16,C18,GCRIM",NOT_COMPUTED_CENSORED,0,No inference on a complete-case subset; censored topics listed.,,,,,,,,,,,,,,,,,,,,
batch_effort_at_80,seed_similarity,uncertainty,5,"C12,C15,C16,C18,GCRIM",NOT_COMPUTED_CENSORED,0,No inference on a complete-case subset; censored topics listed.,,,,,,,,,,,,,,,,,,,,
batch_effort_at_80,seed_similarity,auto_tar,5,"C12,C15,C16,C18,GCRIM",NOT_COMPUTED_CENSORED,0,No inference on a complete-case subset; censored topics listed.,,,,,,,,,,,,,,,,,,,,
batch_effort_at_80,seed_similarity,fixed_20,5,"C12,C15,C16,C18,GCRIM",NOT_COMPUTED_CENSORED,0,No inference on a complete-case subset; censored topics listed.,,,,,,,,,,,,,,,,,,,,
batch_effort_at_80,seed_similarity,explore_10,5,"C12,C15,C16,C18,GCRIM",NOT_COMPUTED_CENSORED,0,No inference on a complete-case subset; censored topics listed.,,,,,,,,,,,,,,,,,,,,
batch_effort_at_80,frozen_svm,uncertainty,5,"C12,C15,C16,C18,GCRIM",NOT_COMPUTED_CENSORED,0,No inference on a complete-case subset; censored topics listed.,,,,,,,,,,,,,,,,,,,,
batch_effort_at_80,frozen_svm,auto_tar,5,"C12,C15,C16,C18,GCRIM",NOT_COMPUTED_CENSORED,0,No inference on a complete-case subset; censored topics listed.,,,,,,,,,,,,,,,,,,,,
batch_effort_at_80,frozen_svm,fixed_20,5,"C12,C15,C16,C18,GCRIM",NOT_COMPUTED_CENSORED,0,No inference on a complete-case subset; censored topics listed.,,,,,,,,,,,,,,,,,,,,
batch_effort_at_80,frozen_svm,explore_10,5,"C12,C15,C16,C18,GCRIM",NOT_COMPUTED_CENSORED,0,No inference on a complete-case subset; censored topics listed.,,,,,,,,,,,,,,,,,,,,
batch_effort_at_80,uncertainty,auto_tar,5,"C15,GCRIM",NOT_COMPUTED_CENSORED,0,No inference on a complete-case subset; censored topics listed.,,,,,,,,,,,,,,,,,,,,
batch_effort_at_80,uncertainty,fixed_20,5,"C15,GCRIM",NOT_COMPUTED_CENSORED,0,No inference on a complete-case subset; censored topics listed.,,,,,,,,,,,,,,,,,,,,
batch_effort_at_80,uncertainty,explore_10,5,"C15,GCRIM",NOT_COMPUTED_CENSORED,0,No inference on a complete-case subset; censored topics listed.,,,,,,,,,,,,,,,,,,,,
batch_effort_at_80,auto_tar,fixed_20,5,,OBSERVED,5,Exact sign-flip is primary. Both bootstrap variants are exploratory and unreliable with five topics; agreement does not establish coverage; nonsignificance is not equivalence. Minimum attainable two-sided p=0.0625 exceeds 0.05 for 5 nonzero pairs.,5.0,132.73333333333332,53.26666666666667,251.86666666666665,60.93333333333332,294.91429296340084,OBSERVED,,BELOW_DIAGNOSTIC_THRESHOLD,43.047626296734194,94.66666666666667,359.3333333333333,28.333333333333332,122.66666666666667,58.666666666666664,10000.0,20260907.0,0.0625,0.0625,0.0625
batch_effort_at_80,auto_tar,explore_10,5,,OBSERVED,5,Exact sign-flip is primary. Both bootstrap variants are exploratory and unreliable with five topics; agreement does not establish coverage; nonsignificance is not equivalence. Minimum attainable two-sided p=0.0625 exceeds 0.05 for 5 nonzero pairs.,5.0,-94.8,-157.8,-24.933333333333334,-156.8,-23.933333333333334,OBSERVED,,BELOW_DIAGNOSTIC_THRESHOLD,1.0,-25.666666666666668,-135.0,13.666666666666666,-187.0,-140.0,10000.0,20260907.0,0.125,0.125,0.0625
batch_effort_at_80,fixed_20,explore_10,5,,OBSERVED,5,Exact sign-flip is primary. Both bootstrap variants are exploratory and unreliable with five topics; agreement does not establish coverage; nonsignificance is not equivalence. Minimum attainable two-sided p=0.0625 exceeds 0.05 for 5 nonzero pairs.,5.0,-227.53333333333333,-376.06666666666666,-93.73333333333332,-383.53333333333336,-109.4,OBSERVED,,BELOW_DIAGNOSTIC_THRESHOLD,15.666666666666686,-120.33333333333333,-494.3333333333333,-14.666666666666666,-309.6666666666667,-198.66666666666666,10000.0,20260907.0,0.0625,0.0625,0.0625
batch_effort_at_90,random,seed_similarity,5,"C12,C15,C16,C18,GCRIM",NOT_COMPUTED_CENSORED,0,No inference on a complete-case subset; censored topics listed.,,,,,,,,,,,,,,,,,,,,
batch_effort_at_90,random,frozen_svm,5,"C12,C15,C16,C18,GCRIM",NOT_COMPUTED_CENSORED,0,No inference on a complete-case subset; censored topics listed.,,,,,,,,,,,,,,,,,,,,
batch_effort_at_90,random,uncertainty,5,"C12,C15,C16,C18,GCRIM",NOT_COMPUTED_CENSORED,0,No inference on a complete-case subset; censored topics listed.,,,,,,,,,,,,,,,,,,,,
batch_effort_at_90,random,auto_tar,5,"C12,C15,C16,C18,GCRIM",NOT_COMPUTED_CENSORED,0,No inference on a complete-case subset; censored topics listed.,,,,,,,,,,,,,,,,,,,,
batch_effort_at_90,random,fixed_20,5,"C12,C15,C16,C18,GCRIM",NOT_COMPUTED_CENSORED,0,No inference on a complete-case subset; censored topics listed.,,,,,,,,,,,,,,,,,,,,
batch_effort_at_90,random,explore_10,5,"C12,C15,C16,C18,GCRIM",NOT_COMPUTED_CENSORED,0,No inference on a complete-case subset; censored topics listed.,,,,,,,,,,,,,,,,,,,,
batch_effort_at_90,seed_similarity,frozen_svm,5,"C12,C15,C16,C18,GCRIM",NOT_COMPUTED_CENSORED,0,No inference on a complete-case subset; censored topics listed.,,,,,,,,,,,,,,,,,,,,
batch_effort_at_90,seed_similarity,uncertainty,5,"C12,C15,C16,C18,GCRIM",NOT_COMPUTED_CENSORED,0,No inference on a complete-case subset; censored topics listed.,,,,,,,,,,,,,,,,,,,,
batch_effort_at_90,seed_similarity,auto_tar,5,"C12,C15,C16,C18,GCRIM",NOT_COMPUTED_CENSORED,0,No inference on a complete-case subset; censored topics listed.,,,,,,,,,,,,,,,,,,,,
batch_effort_at_90,seed_similarity,fixed_20,5,"C12,C15,C16,C18,GCRIM",NOT_COMPUTED_CENSORED,0,No inference on a complete-case subset; censored topics listed.,,,,,,,,,,,,,,,,,,,,
batch_effort_at_90,seed_similarity,explore_10,5,"C12,C15,C16,C18,GCRIM",NOT_COMPUTED_CENSORED,0,No inference on a complete-case subset; censored topics listed.,,,,,,,,,,,,,,,,,,,,
batch_effort_at_90,frozen_svm,uncertainty,5,"C12,C15,C16,C18,GCRIM",NOT_COMPUTED_CENSORED,0,No inference on a complete-case subset; censored topics listed.,,,,,,,,,,,,,,,,,,,,
batch_effort_at_90,frozen_svm,auto_tar,5,"C12,C15,C16,C18,GCRIM",NOT_COMPUTED_CENSORED,0,No inference on a complete-case subset; censored topics listed.,,,,,,,,,,,,,,,,,,,,
batch_effort_at_90,frozen_svm,fixed_20,5,"C12,C15,C16,C18,GCRIM",NOT_COMPUTED_CENSORED,0,No inference on a complete-case subset; censored topics listed.,,,,,,,,,,,,,,,,,,,,
batch_effort_at_90,frozen_svm,explore_10,5,"C12,C15,C16,C18,GCRIM",NOT_COMPUTED_CENSORED,0,No inference on a complete-case subset; censored topics listed.,,,,,,,,,,,,,,,,,,,,
batch_effort_at_90,uncertainty,auto_tar,5,"C12,C15,C18,GCRIM",NOT_COMPUTED_CENSORED,0,No inference on a complete-case subset; censored topics listed.,,,,,,,,,,,,,,,,,,,,
batch_effort_at_90,uncertainty,fixed_20,5,"C12,C15,C18,GCRIM",NOT_COMPUTED_CENSORED,0,No inference on a complete-case subset; censored topics listed.,,,,,,,,,,,,,,,,,,,,
batch_effort_at_90,uncertainty,explore_10,5,"C12,C15,C16,C18,GCRIM",NOT_COMPUTED_CENSORED,0,No inference on a complete-case subset; censored topics listed.,,,,,,,,,,,,,,,,,,,,
batch_effort_at_90,auto_tar,fixed_20,5,,OBSERVED,5,Exact sign-flip is primary. Both bootstrap variants are exploratory and unreliable with five topics; agreement does not establish coverage; nonsignificance is not equivalence. Minimum attainable two-sided p=0.0625 exceeds 0.05 for 5 nonzero pairs.,5.0,193.93333333333334,107.8,302.33333333333337,115.46666666666667,314.8666666666667,OBSERVED,,BELOW_DIAGNOSTIC_THRESHOLD,12.533333333333303,67.33333333333333,397.0,122.0,160.33333333333334,223.0,10000.0,20260907.0,0.0625,0.0625,0.0625
batch_effort_at_90,auto_tar,explore_10,5,C16,NOT_COMPUTED_CENSORED,0,No inference on a complete-case subset; censored topics listed.,,,,,,,,,,,,,,,,,,,,
batch_effort_at_90,fixed_20,explore_10,5,C16,NOT_COMPUTED_CENSORED,0,No inference on a complete-case subset; censored topics listed.,,,,,,,,,,,,,,,,,,,,
depth_fraction_at_75,random,seed_similarity,5,"C12,C15,C16,C18,GCRIM",NOT_COMPUTED_CENSORED,0,No inference on a complete-case subset; censored topics listed.,,,,,,,,,,,,,,,,,,,,
depth_fraction_at_75,random,frozen_svm,5,"C12,C15,C16,C18,GCRIM",NOT_COMPUTED_CENSORED,0,No inference on a complete-case subset; censored topics listed.,,,,,,,,,,,,,,,,,,,,
depth_fraction_at_75,random,uncertainty,5,"C12,C15,C16,C18,GCRIM",NOT_COMPUTED_CENSORED,0,No inference on a complete-case subset; censored topics listed.,,,,,,,,,,,,,,,,,,,,
depth_fraction_at_75,random,auto_tar,5,"C12,C15,C16,C18,GCRIM",NOT_COMPUTED_CENSORED,0,No inference on a complete-case subset; censored topics listed.,,,,,,,,,,,,,,,,,,,,
depth_fraction_at_75,random,fixed_20,5,"C12,C15,C16,C18,GCRIM",NOT_COMPUTED_CENSORED,0,No inference on a complete-case subset; censored topics listed.,,,,,,,,,,,,,,,,,,,,
depth_fraction_at_75,random,explore_10,5,"C12,C15,C16,C18,GCRIM",NOT_COMPUTED_CENSORED,0,No inference on a complete-case subset; censored topics listed.,,,,,,,,,,,,,,,,,,,,
depth_fraction_at_75,seed_similarity,frozen_svm,5,"C12,C15,C16,C18,GCRIM",NOT_COMPUTED_CENSORED,0,No inference on a complete-case subset; censored topics listed.,,,,,,,,,,,,,,,,,,,,
depth_fraction_at_75,seed_similarity,uncertainty,5,"C12,C15,C16,C18,GCRIM",NOT_COMPUTED_CENSORED,0,No inference on a complete-case subset; censored topics listed.,,,,,,,,,,,,,,,,,,,,
depth_fraction_at_75,seed_similarity,auto_tar,5,"C12,C15,C16,C18,GCRIM",NOT_COMPUTED_CENSORED,0,No inference on a complete-case subset; censored topics listed.,,,,,,,,,,,,,,,,,,,,
depth_fraction_at_75,seed_similarity,fixed_20,5,"C12,C15,C16,C18,GCRIM",NOT_COMPUTED_CENSORED,0,No inference on a complete-case subset; censored topics listed.,,,,,,,,,,,,,,,,,,,,
depth_fraction_at_75,seed_similarity,explore_10,5,"C12,C15,C16,C18,GCRIM",NOT_COMPUTED_CENSORED,0,No inference on a complete-case subset; censored topics listed.,,,,,,,,,,,,,,,,,,,,
depth_fraction_at_75,frozen_svm,uncertainty,5,"C12,C15,C16,C18,GCRIM",NOT_COMPUTED_CENSORED,0,No inference on a complete-case subset; censored topics listed.,,,,,,,,,,,,,,,,,,,,
depth_fraction_at_75,frozen_svm,auto_tar,5,"C12,C15,C16,C18,GCRIM",NOT_COMPUTED_CENSORED,0,No inference on a complete-case subset; censored topics listed.,,,,,,,,,,,,,,,,,,,,
depth_fraction_at_75,frozen_svm,fixed_20,5,"C12,C15,C16,C18,GCRIM",NOT_COMPUTED_CENSORED,0,No inference on a complete-case subset; censored topics listed.,,,,,,,,,,,,,,,,,,,,
depth_fraction_at_75,frozen_svm,explore_10,5,"C12,C15,C16,C18,GCRIM",NOT_COMPUTED_CENSORED,0,No inference on a complete-case subset; censored topics listed.,,,,,,,,,,,,,,,,,,,,
depth_fraction_at_75,uncertainty,auto_tar,5,"C15,GCRIM",NOT_COMPUTED_CENSORED,0,No inference on a complete-case subset; censored topics listed.,,,,,,,,,,,,,,,,,,,,
depth_fraction_at_75,uncertainty,fixed_20,5,"C15,GCRIM",NOT_COMPUTED_CENSORED,0,No inference on a complete-case subset; censored topics listed.,,,,,,,,,,,,,,,,,,,,
depth_fraction_at_75,uncertainty,explore_10,5,"C15,GCRIM",NOT_COMPUTED_CENSORED,0,No inference on a complete-case subset; censored topics listed.,,,,,,,,,,,,,,,,,,,,
depth_fraction_at_75,auto_tar,fixed_20,5,,OBSERVED,5,Exact sign-flip is primary. Both bootstrap variants are exploratory and unreliable with five topics; agreement does not establish coverage; nonsignificance is not equivalence. Minimum attainable two-sided p=0.0625 exceeds 0.05 for 5 nonzero pairs.,5.0,0.0008466888418506199,-0.0003887856926865091,0.002205998819243452,-0.00030814866012930723,0.0022722363817011533,OBSERVED,,BELOW_DIAGNOSTIC_THRESHOLD,8.063703255720188e-05,0.001324751249154031,0.003283079182686077,-0.001151957607960027,0.0005903782740795139,0.0001871931112935044,10000.0,20260907.0,0.3125,0.3125,0.0625
depth_fraction_at_75,auto_tar,explore_10,5,,OBSERVED,5,Exact sign-flip is primary. Both bootstrap variants are exploratory and unreliable with five topics; agreement does not establish coverage; nonsignificance is not equivalence. Minimum attainable two-sided p=0.0625 exceeds 0.05 for 5 nonzero pairs.,5.0,-0.004086569614238196,-0.007136377381312367,-0.0014169078577908334,-0.007971546647083386,-0.0017538554581191415,OBSERVED,,BELOW_DIAGNOSTIC_THRESHOLD,0.0008351692657710191,-0.0006767750946765159,-0.009849237548058231,-0.000979163966766023,-0.005155010295621121,-0.0037726611660690887,10000.0,20260907.0,0.0625,0.0625,0.0625
depth_fraction_at_75,fixed_20,explore_10,5,,OBSERVED,5,Exact sign-flip is primary. Both bootstrap variants are exploratory and unreliable with five topics; agreement does not establish coverage; nonsignificance is not equivalence. Minimum attainable two-sided p=0.0625 exceeds 0.05 for 5 nonzero pairs.,5.0,-0.004933258456088816,-0.00942877302115282,-0.0014802655262286348,-0.009820438607859232,-0.0018805707949947441,OBSERVED,,BELOW_DIAGNOSTIC_THRESHOLD,0.0004003052687661093,-0.002001526343830547,-0.013132316730744309,0.00017279364119400406,-0.005745388569700635,-0.0039598542773625935,10000.0,20260907.0,0.125,0.125,0.0625
depth_fraction_at_80,random,seed_similarity,5,"C12,C15,C16,C18,GCRIM",NOT_COMPUTED_CENSORED,0,No inference on a complete-case subset; censored topics listed.,,,,,,,,,,,,,,,,,,,,
depth_fraction_at_80,random,frozen_svm,5,"C12,C15,C16,C18,GCRIM",NOT_COMPUTED_CENSORED,0,No inference on a complete-case subset; censored topics listed.,,,,,,,,,,,,,,,,,,,,
depth_fraction_at_80,random,uncertainty,5,"C12,C15,C16,C18,GCRIM",NOT_COMPUTED_CENSORED,0,No inference on a complete-case subset; censored topics listed.,,,,,,,,,,,,,,,,,,,,
depth_fraction_at_80,random,auto_tar,5,"C12,C15,C16,C18,GCRIM",NOT_COMPUTED_CENSORED,0,No inference on a complete-case subset; censored topics listed.,,,,,,,,,,,,,,,,,,,,
depth_fraction_at_80,random,fixed_20,5,"C12,C15,C16,C18,GCRIM",NOT_COMPUTED_CENSORED,0,No inference on a complete-case subset; censored topics listed.,,,,,,,,,,,,,,,,,,,,
depth_fraction_at_80,random,explore_10,5,"C12,C15,C16,C18,GCRIM",NOT_COMPUTED_CENSORED,0,No inference on a complete-case subset; censored topics listed.,,,,,,,,,,,,,,,,,,,,
depth_fraction_at_80,seed_similarity,frozen_svm,5,"C12,C15,C16,C18,GCRIM",NOT_COMPUTED_CENSORED,0,No inference on a complete-case subset; censored topics listed.,,,,,,,,,,,,,,,,,,,,
depth_fraction_at_80,seed_similarity,uncertainty,5,"C12,C15,C16,C18,GCRIM",NOT_COMPUTED_CENSORED,0,No inference on a complete-case subset; censored topics listed.,,,,,,,,,,,,,,,,,,,,
depth_fraction_at_80,seed_similarity,auto_tar,5,"C12,C15,C16,C18,GCRIM",NOT_COMPUTED_CENSORED,0,No inference on a complete-case subset; censored topics listed.,,,,,,,,,,,,,,,,,,,,
depth_fraction_at_80,seed_similarity,fixed_20,5,"C12,C15,C16,C18,GCRIM",NOT_COMPUTED_CENSORED,0,No inference on a complete-case subset; censored topics listed.,,,,,,,,,,,,,,,,,,,,
depth_fraction_at_80,seed_similarity,explore_10,5,"C12,C15,C16,C18,GCRIM",NOT_COMPUTED_CENSORED,0,No inference on a complete-case subset; censored topics listed.,,,,,,,,,,,,,,,,,,,,
depth_fraction_at_80,frozen_svm,uncertainty,5,"C12,C15,C16,C18,GCRIM",NOT_COMPUTED_CENSORED,0,No inference on a complete-case subset; censored topics listed.,,,,,,,,,,,,,,,,,,,,
depth_fraction_at_80,frozen_svm,auto_tar,5,"C12,C15,C16,C18,GCRIM",NOT_COMPUTED_CENSORED,0,No inference on a complete-case subset; censored topics listed.,,,,,,,,,,,,,,,,,,,,
depth_fraction_at_80,frozen_svm,fixed_20,5,"C12,C15,C16,C18,GCRIM",NOT_COMPUTED_CENSORED,0,No inference on a complete-case subset; censored topics listed.,,,,,,,,,,,,,,,,,,,,
depth_fraction_at_80,frozen_svm,explore_10,5,"C12,C15,C16,C18,GCRIM",NOT_COMPUTED_CENSORED,0,No inference on a complete-case subset; censored topics listed.,,,,,,,,,,,,,,,,,,,,
depth_fraction_at_80,uncertainty,auto_tar,5,"C15,GCRIM",NOT_COMPUTED_CENSORED,0,No inference on a complete-case subset; censored topics listed.,,,,,,,,,,,,,,,,,,,,
depth_fraction_at_80,uncertainty,fixed_20,5,"C15,GCRIM",NOT_COMPUTED_CENSORED,0,No inference on a complete-case subset; censored topics listed.,,,,,,,,,,,,,,,,,,,,
depth_fraction_at_80,uncertainty,explore_10,5,"C15,GCRIM",NOT_COMPUTED_CENSORED,0,No inference on a complete-case subset; censored topics listed.,,,,,,,,,,,,,,,,,,,,
depth_fraction_at_80,auto_tar,fixed_20,5,,OBSERVED,5,Exact sign-flip is primary. Both bootstrap variants are exploratory and unreliable with five topics; agreement does not establish coverage; nonsignificance is not equivalence. Minimum attainable two-sided p=0.0625 exceeds 0.05 for 5 nonzero pairs.,5.0,0.0019007300531340447,0.0006738952006566159,0.003481791870059181,0.000725733293014817,0.0037985802122481893,OBSERVED,,BELOW_DIAGNOSTIC_THRESHOLD,0.00031678834218900817,0.0027790977292035655,0.004622229901939608,0.0005039814534825119,0.0007631719152735179,0.0008351692657710196,10000.0,20260907.0,0.0625,0.0625,0.0625
depth_fraction_at_80,auto_tar,explore_10,5,,OBSERVED,5,Exact sign-flip is primary. Both bootstrap variants are exploratory and unreliable with five topics; agreement does not establish coverage; nonsignificance is not equivalence. Minimum attainable two-sided p=0.0625 exceeds 0.05 for 5 nonzero pairs.,5.0,-0.0036545855112531857,-0.006796549886964159,-0.0006710153066367159,-0.0072544530361282715,-0.0008754877820496207,OBSERVED,,BELOW_DIAGNOSTIC_THRESHOLD,0.00045790314916411244,-0.0005471798637810128,-0.009186861923481216,0.00047518251328351117,-0.005802986450098637,-0.0032110818321885756,10000.0,20260907.0,0.125,0.125,0.0625
depth_fraction_at_80,fixed_20,explore_10,5,,OBSERVED,5,Exact sign-flip is primary. Both bootstrap variants are exploratory and unreliable with five topics; agreement does not establish coverage; nonsignificance is not equivalence. Minimum attainable two-sided p=0.0625 exceeds 0.05 for 5 nonzero pairs.,5.0,-0.00555531556438723,-0.01026394228692384,-0.0020072861318703467,-0.010911918441401356,-0.0022952755338603538,OBSERVED,,BELOW_DIAGNOSTIC_THRESHOLD,0.0006479761544775156,-0.003326277592984578,-0.013809091825420824,-2.8798940199000676e-05,-0.006566158365372154,-0.004046251097959595,10000.0,20260907.0,0.0625,0.0625,0.0625
depth_fraction_at_90,random,seed_similarity,5,"C12,C15,C16,C18,GCRIM",NOT_COMPUTED_CENSORED,0,No inference on a complete-case subset; censored topics listed.,,,,,,,,,,,,,,,,,,,,
depth_fraction_at_90,random,frozen_svm,5,"C12,C15,C16,C18,GCRIM",NOT_COMPUTED_CENSORED,0,No inference on a complete-case subset; censored topics listed.,,,,,,,,,,,,,,,,,,,,
depth_fraction_at_90,random,uncertainty,5,"C12,C15,C16,C18,GCRIM",NOT_COMPUTED_CENSORED,0,No inference on a complete-case subset; censored topics listed.,,,,,,,,,,,,,,,,,,,,
depth_fraction_at_90,random,auto_tar,5,"C12,C15,C16,C18,GCRIM",NOT_COMPUTED_CENSORED,0,No inference on a complete-case subset; censored topics listed.,,,,,,,,,,,,,,,,,,,,
depth_fraction_at_90,random,fixed_20,5,"C12,C15,C16,C18,GCRIM",NOT_COMPUTED_CENSORED,0,No inference on a complete-case subset; censored topics listed.,,,,,,,,,,,,,,,,,,,,
depth_fraction_at_90,random,explore_10,5,"C12,C15,C16,C18,GCRIM",NOT_COMPUTED_CENSORED,0,No inference on a complete-case subset; censored topics listed.,,,,,,,,,,,,,,,,,,,,
depth_fraction_at_90,seed_similarity,frozen_svm,5,"C12,C15,C16,C18,GCRIM",NOT_COMPUTED_CENSORED,0,No inference on a complete-case subset; censored topics listed.,,,,,,,,,,,,,,,,,,,,
depth_fraction_at_90,seed_similarity,uncertainty,5,"C12,C15,C16,C18,GCRIM",NOT_COMPUTED_CENSORED,0,No inference on a complete-case subset; censored topics listed.,,,,,,,,,,,,,,,,,,,,
depth_fraction_at_90,seed_similarity,auto_tar,5,"C12,C15,C16,C18,GCRIM",NOT_COMPUTED_CENSORED,0,No inference on a complete-case subset; censored topics listed.,,,,,,,,,,,,,,,,,,,,
depth_fraction_at_90,seed_similarity,fixed_20,5,"C12,C15,C16,C18,GCRIM",NOT_COMPUTED_CENSORED,0,No inference on a complete-case subset; censored topics listed.,,,,,,,,,,,,,,,,,,,,
depth_fraction_at_90,seed_similarity,explore_10,5,"C12,C15,C16,C18,GCRIM",NOT_COMPUTED_CENSORED,0,No inference on a complete-case subset; censored topics listed.,,,,,,,,,,,,,,,,,,,,
depth_fraction_at_90,frozen_svm,uncertainty,5,"C12,C15,C16,C18,GCRIM",NOT_COMPUTED_CENSORED,0,No inference on a complete-case subset; censored topics listed.,,,,,,,,,,,,,,,,,,,,
depth_fraction_at_90,frozen_svm,auto_tar,5,"C12,C15,C16,C18,GCRIM",NOT_COMPUTED_CENSORED,0,No inference on a complete-case subset; censored topics listed.,,,,,,,,,,,,,,,,,,,,
depth_fraction_at_90,frozen_svm,fixed_20,5,"C12,C15,C16,C18,GCRIM",NOT_COMPUTED_CENSORED,0,No inference on a complete-case subset; censored topics listed.,,,,,,,,,,,,,,,,,,,,
depth_fraction_at_90,frozen_svm,explore_10,5,"C12,C15,C16,C18,GCRIM",NOT_COMPUTED_CENSORED,0,No inference on a complete-case subset; censored topics listed.,,,,,,,,,,,,,,,,,,,,
depth_fraction_at_90,uncertainty,auto_tar,5,"C12,C15,C18,GCRIM",NOT_COMPUTED_CENSORED,0,No inference on a complete-case subset; censored topics listed.,,,,,,,,,,,,,,,,,,,,
depth_fraction_at_90,uncertainty,fixed_20,5,"C12,C15,C18,GCRIM",NOT_COMPUTED_CENSORED,0,No inference on a complete-case subset; censored topics listed.,,,,,,,,,,,,,,,,,,,,
depth_fraction_at_90,uncertainty,explore_10,5,"C12,C15,C16,C18,GCRIM",NOT_COMPUTED_CENSORED,0,No inference on a complete-case subset; censored topics listed.,,,,,,,,,,,,,,,,,,,,
depth_fraction_at_90,auto_tar,fixed_20,5,,OBSERVED,5,Exact sign-flip is primary. Both bootstrap variants are exploratory and unreliable with five topics; agreement does not establish coverage; nonsignificance is not equivalence. Minimum attainable two-sided p=0.0625 exceeds 0.05 for 5 nonzero pairs.,5.0,0.0027099802727259636,0.00025343067375120594,0.005932581680994139,0.0006047777441790141,0.006943424481979062,OBSERVED,,BELOW_DIAGNOSTIC_THRESHOLD,0.001010842800984923,0.00021599205149250509,0.008711679410197704,-0.00012959523089550306,0.0010943597275620256,0.003657465405273086,10000.0,20260907.0,0.125,0.125,0.0625
depth_fraction_at_90,auto_tar,explore_10,5,C16,NOT_COMPUTED_CENSORED,0,No inference on a complete-case subset; censored topics listed.,,,,,,,,,,,,,,,,,,,,
depth_fraction_at_90,fixed_20,explore_10,5,C16,NOT_COMPUTED_CENSORED,0,No inference on a complete-case subset; censored topics listed.,,,,,,,,,,,,,,,,,,,,
depth_per_positive_at_75,random,seed_similarity,5,"C12,C15,C16,C18,GCRIM",NOT_COMPUTED_CENSORED,0,No inference on a complete-case subset; censored topics listed.,,,,,,,,,,,,,,,,,,,,
depth_per_positive_at_75,random,frozen_svm,5,"C12,C15,C16,C18,GCRIM",NOT_COMPUTED_CENSORED,0,No inference on a complete-case subset; censored topics listed.,,,,,,,,,,,,,,,,,,,,
depth_per_positive_at_75,random,uncertainty,5,"C12,C15,C16,C18,GCRIM",NOT_COMPUTED_CENSORED,0,No inference on a complete-case subset; censored topics listed.,,,,,,,,,,,,,,,,,,,,
depth_per_positive_at_75,random,auto_tar,5,"C12,C15,C16,C18,GCRIM",NOT_COMPUTED_CENSORED,0,No inference on a complete-case subset; censored topics listed.,,,,,,,,,,,,,,,,,,,,
depth_per_positive_at_75,random,fixed_20,5,"C12,C15,C16,C18,GCRIM",NOT_COMPUTED_CENSORED,0,No inference on a complete-case subset; censored topics listed.,,,,,,,,,,,,,,,,,,,,
depth_per_positive_at_75,random,explore_10,5,"C12,C15,C16,C18,GCRIM",NOT_COMPUTED_CENSORED,0,No inference on a complete-case subset; censored topics listed.,,,,,,,,,,,,,,,,,,,,
depth_per_positive_at_75,seed_similarity,frozen_svm,5,"C12,C15,C16,C18,GCRIM",NOT_COMPUTED_CENSORED,0,No inference on a complete-case subset; censored topics listed.,,,,,,,,,,,,,,,,,,,,
depth_per_positive_at_75,seed_similarity,uncertainty,5,"C12,C15,C16,C18,GCRIM",NOT_COMPUTED_CENSORED,0,No inference on a complete-case subset; censored topics listed.,,,,,,,,,,,,,,,,,,,,
depth_per_positive_at_75,seed_similarity,auto_tar,5,"C12,C15,C16,C18,GCRIM",NOT_COMPUTED_CENSORED,0,No inference on a complete-case subset; censored topics listed.,,,,,,,,,,,,,,,,,,,,
depth_per_positive_at_75,seed_similarity,fixed_20,5,"C12,C15,C16,C18,GCRIM",NOT_COMPUTED_CENSORED,0,No inference on a complete-case subset; censored topics listed.,,,,,,,,,,,,,,,,,,,,
depth_per_positive_at_75,seed_similarity,explore_10,5,"C12,C15,C16,C18,GCRIM",NOT_COMPUTED_CENSORED,0,No inference on a complete-case subset; censored topics listed.,,,,,,,,,,,,,,,,,,,,
depth_per_positive_at_75,frozen_svm,uncertainty,5,"C12,C15,C16,C18,GCRIM",NOT_COMPUTED_CENSORED,0,No inference on a complete-case subset; censored topics listed.,,,,,,,,,,,,,,,,,,,,
depth_per_positive_at_75,frozen_svm,auto_tar,5,"C12,C15,C16,C18,GCRIM",NOT_COMPUTED_CENSORED,0,No inference on a complete-case subset; censored topics listed.,,,,,,,,,,,,,,,,,,,,
depth_per_positive_at_75,frozen_svm,fixed_20,5,"C12,C15,C16,C18,GCRIM",NOT_COMPUTED_CENSORED,0,No inference on a complete-case subset; censored topics listed.,,,,,,,,,,,,,,,,,,,,
depth_per_positive_at_75,frozen_svm,explore_10,5,"C12,C15,C16,C18,GCRIM",NOT_COMPUTED_CENSORED,0,No inference on a complete-case subset; censored topics listed.,,,,,,,,,,,,,,,,,,,,
depth_per_positive_at_75,uncertainty,auto_tar,5,"C15,GCRIM",NOT_COMPUTED_CENSORED,0,No inference on a complete-case subset; censored topics listed.,,,,,,,,,,,,,,,,,,,,
depth_per_positive_at_75,uncertainty,fixed_20,5,"C15,GCRIM",NOT_COMPUTED_CENSORED,0,No inference on a complete-case subset; censored topics listed.,,,,,,,,,,,,,,,,,,,,
depth_per_positive_at_75,uncertainty,explore_10,5,"C15,GCRIM",NOT_COMPUTED_CENSORED,0,No inference on a complete-case subset; censored topics listed.,,,,,,,,,,,,,,,,,,,,
depth_per_positive_at_75,auto_tar,fixed_20,5,,OBSERVED,5,Exact sign-flip is primary. Both bootstrap variants are exploratory and unreliable with five topics; agreement does not establish coverage; nonsignificance is not equivalence. BCa and percentile disagree materially: interval inference is not trustworthy here. Minimum attainable two-sided p=0.0625 exceeds 0.05 for 5 nonzero pairs.,5.0,-0.08647379997010948,-0.3221284475948922,0.050928479159931074,-0.43173691587187635,0.03957237937768898,OBSERVED,,MATERIAL,0.10960846827698417,0.0804899387576553,0.018186168939937783,-0.54421768707483,0.009347925216598267,0.0038246543100912034,10000.0,20260907.0,1.0,0.625,0.0625
depth_per_positive_at_75,auto_tar,explore_10,5,,OBSERVED,5,Exact sign-flip is primary. Both bootstrap variants are exploratory and unreliable with five topics; agreement does not establish coverage; nonsignificance is not equivalence. BCa and percentile disagree materially: interval inference is not trustworthy here. Minimum attainable two-sided p=0.0625 exceeds 0.05 for 5 nonzero pairs.,5.0,-0.14339364848427263,-0.30387902068357053,-0.05190828677710614,-0.3809797285748471,-0.05819224319385087,OBSERVED,,MATERIAL,0.07710070789127654,-0.04111986001749781,-0.054558506819813356,-0.46258503401360546,-0.0816233470132239,-0.07708149455722271,10000.0,20260907.0,0.0625,0.0625,0.0625
depth_per_positive_at_75,fixed_20,explore_10,5,,OBSERVED,5,Exact sign-flip is primary. Both bootstrap variants are exploratory and unreliable with five topics; agreement does not establish coverage; nonsignificance is not equivalence. BCa and percentile disagree materially: interval inference is not trustworthy here. Minimum attainable two-sided p=0.0625 exceeds 0.05 for 5 nonzero pairs.,5.0,-0.056919848514163165,-0.10369604419050486,0.0146449149828447,-0.09920063350295125,0.04711186800301516,OBSERVED,,MATERIAL,0.032466953020170455,-0.1216097987751531,-0.07274467575975113,0.08163265306122448,-0.09097127222982217,-0.08090614886731391,10000.0,20260907.0,0.25,0.3125,0.0625
depth_per_positive_at_80,random,seed_similarity,5,"C12,C15,C16,C18,GCRIM",NOT_COMPUTED_CENSORED,0,No inference on a complete-case subset; censored topics listed.,,,,,,,,,,,,,,,,,,,,
depth_per_positive_at_80,random,frozen_svm,5,"C12,C15,C16,C18,GCRIM",NOT_COMPUTED_CENSORED,0,No inference on a complete-case subset; censored topics listed.,,,,,,,,,,,,,,,,,,,,
depth_per_positive_at_80,random,uncertainty,5,"C12,C15,C16,C18,GCRIM",NOT_COMPUTED_CENSORED,0,No inference on a complete-case subset; censored topics listed.,,,,,,,,,,,,,,,,,,,,
depth_per_positive_at_80,random,auto_tar,5,"C12,C15,C16,C18,GCRIM",NOT_COMPUTED_CENSORED,0,No inference on a complete-case subset; censored topics listed.,,,,,,,,,,,,,,,,,,,,
depth_per_positive_at_80,random,fixed_20,5,"C12,C15,C16,C18,GCRIM",NOT_COMPUTED_CENSORED,0,No inference on a complete-case subset; censored topics listed.,,,,,,,,,,,,,,,,,,,,
depth_per_positive_at_80,random,explore_10,5,"C12,C15,C16,C18,GCRIM",NOT_COMPUTED_CENSORED,0,No inference on a complete-case subset; censored topics listed.,,,,,,,,,,,,,,,,,,,,
depth_per_positive_at_80,seed_similarity,frozen_svm,5,"C12,C15,C16,C18,GCRIM",NOT_COMPUTED_CENSORED,0,No inference on a complete-case subset; censored topics listed.,,,,,,,,,,,,,,,,,,,,
depth_per_positive_at_80,seed_similarity,uncertainty,5,"C12,C15,C16,C18,GCRIM",NOT_COMPUTED_CENSORED,0,No inference on a complete-case subset; censored topics listed.,,,,,,,,,,,,,,,,,,,,
depth_per_positive_at_80,seed_similarity,auto_tar,5,"C12,C15,C16,C18,GCRIM",NOT_COMPUTED_CENSORED,0,No inference on a complete-case subset; censored topics listed.,,,,,,,,,,,,,,,,,,,,
depth_per_positive_at_80,seed_similarity,fixed_20,5,"C12,C15,C16,C18,GCRIM",NOT_COMPUTED_CENSORED,0,No inference on a complete-case subset; censored topics listed.,,,,,,,,,,,,,,,,,,,,
depth_per_positive_at_80,seed_similarity,explore_10,5,"C12,C15,C16,C18,GCRIM",NOT_COMPUTED_CENSORED,0,No inference on a complete-case subset; censored topics listed.,,,,,,,,,,,,,,,,,,,,
depth_per_positive_at_80,frozen_svm,uncertainty,5,"C12,C15,C16,C18,GCRIM",NOT_COMPUTED_CENSORED,0,No inference on a complete-case subset; censored topics listed.,,,,,,,,,,,,,,,,,,,,
depth_per_positive_at_80,frozen_svm,auto_tar,5,"C12,C15,C16,C18,GCRIM",NOT_COMPUTED_CENSORED,0,No inference on a complete-case subset; censored topics listed.,,,,,,,,,,,,,,,,,,,,
depth_per_positive_at_80,frozen_svm,fixed_20,5,"C12,C15,C16,C18,GCRIM",NOT_COMPUTED_CENSORED,0,No inference on a complete-case subset; censored topics listed.,,,,,,,,,,,,,,,,,,,,
depth_per_positive_at_80,frozen_svm,explore_10,5,"C12,C15,C16,C18,GCRIM",NOT_COMPUTED_CENSORED,0,No inference on a complete-case subset; censored topics listed.,,,,,,,,,,,,,,,,,,,,
depth_per_positive_at_80,uncertainty,auto_tar,5,"C15,GCRIM",NOT_COMPUTED_CENSORED,0,No inference on a complete-case subset; censored topics listed.,,,,,,,,,,,,,,,,,,,,
depth_per_positive_at_80,uncertainty,fixed_20,5,"C15,GCRIM",NOT_COMPUTED_CENSORED,0,No inference on a complete-case subset; censored topics listed.,,,,,,,,,,,,,,,,,,,,
depth_per_positive_at_80,uncertainty,explore_10,5,"C15,GCRIM",NOT_COMPUTED_CENSORED,0,No inference on a complete-case subset; censored topics listed.,,,,,,,,,,,,,,,,,,,,
depth_per_positive_at_80,auto_tar,fixed_20,5,,OBSERVED,5,Exact sign-flip is primary. Both bootstrap variants are exploratory and unreliable with five topics; agreement does not establish coverage; nonsignificance is not equivalence. Minimum attainable two-sided p=0.0625 exceeds 0.05 for 5 nonzero pairs.,5.0,0.09234021770555481,0.016779940560905603,0.1800406899711234,0.018488014406365407,0.1827021622297213,OBSERVED,,BELOW_DIAGNOSTIC_THRESHOLD,0.002661472258597891,0.16885389326334208,0.025604211533859774,0.23809523809523808,0.01208390332877337,0.01706384230656075,10000.0,20260907.0,0.0625,0.0625,0.0625
depth_per_positive_at_80,auto_tar,explore_10,5,,OBSERVED,5,Exact sign-flip is primary. Both bootstrap variants are exploratory and unreliable with five topics; agreement does not establish coverage; nonsignificance is not equivalence. BCa and percentile disagree materially: interval inference is not trustworthy here. Minimum attainable two-sided p=0.0625 exceeds 0.05 for 5 nonzero pairs.,5.0,-0.003427242476842129,-0.07490063413961141,0.11492320237173732,-0.06791904545740199,0.16647033040930406,OBSERVED,,MATERIAL,0.05154712803756674,-0.033245844269466314,-0.050889367472282045,0.22448979591836735,-0.09188326493388053,-0.0656075316269491,10000.0,20260907.0,1.0,0.625,0.0625
depth_per_positive_at_80,fixed_20,explore_10,5,,OBSERVED,5,Exact sign-flip is primary. Both bootstrap variants are exploratory and unreliable with five topics; agreement does not establish coverage; nonsignificance is not equivalence. Minimum attainable two-sided p=0.0625 exceeds 0.05 for 5 nonzero pairs.,5.0,-0.09576746018239694,-0.154328392093089,-0.0454909737453552,-0.1628467098247466,-0.053809442245380604,OBSERVED,,BELOW_DIAGNOSTIC_THRESHOLD,0.00851831773165762,-0.2020997375328084,-0.07649357900614182,-0.013605442176870748,-0.1039671682626539,-0.08267137393350986,10000.0,20260907.0,0.0625,0.0625,0.0625
depth_per_positive_at_90,random,seed_similarity,5,"C12,C15,C16,C18,GCRIM",NOT_COMPUTED_CENSORED,0,No inference on a complete-case subset; censored topics listed.,,,,,,,,,,,,,,,,,,,,
depth_per_positive_at_90,random,frozen_svm,5,"C12,C15,C16,C18,GCRIM",NOT_COMPUTED_CENSORED,0,No inference on a complete-case subset; censored topics listed.,,,,,,,,,,,,,,,,,,,,
depth_per_positive_at_90,random,uncertainty,5,"C12,C15,C16,C18,GCRIM",NOT_COMPUTED_CENSORED,0,No inference on a complete-case subset; censored topics listed.,,,,,,,,,,,,,,,,,,,,
depth_per_positive_at_90,random,auto_tar,5,"C12,C15,C16,C18,GCRIM",NOT_COMPUTED_CENSORED,0,No inference on a complete-case subset; censored topics listed.,,,,,,,,,,,,,,,,,,,,
depth_per_positive_at_90,random,fixed_20,5,"C12,C15,C16,C18,GCRIM",NOT_COMPUTED_CENSORED,0,No inference on a complete-case subset; censored topics listed.,,,,,,,,,,,,,,,,,,,,
depth_per_positive_at_90,random,explore_10,5,"C12,C15,C16,C18,GCRIM",NOT_COMPUTED_CENSORED,0,No inference on a complete-case subset; censored topics listed.,,,,,,,,,,,,,,,,,,,,
depth_per_positive_at_90,seed_similarity,frozen_svm,5,"C12,C15,C16,C18,GCRIM",NOT_COMPUTED_CENSORED,0,No inference on a complete-case subset; censored topics listed.,,,,,,,,,,,,,,,,,,,,
depth_per_positive_at_90,seed_similarity,uncertainty,5,"C12,C15,C16,C18,GCRIM",NOT_COMPUTED_CENSORED,0,No inference on a complete-case subset; censored topics listed.,,,,,,,,,,,,,,,,,,,,
depth_per_positive_at_90,seed_similarity,auto_tar,5,"C12,C15,C16,C18,GCRIM",NOT_COMPUTED_CENSORED,0,No inference on a complete-case subset; censored topics listed.,,,,,,,,,,,,,,,,,,,,
depth_per_positive_at_90,seed_similarity,fixed_20,5,"C12,C15,C16,C18,GCRIM",NOT_COMPUTED_CENSORED,0,No inference on a complete-case subset; censored topics listed.,,,,,,,,,,,,,,,,,,,,
depth_per_positive_at_90,seed_similarity,explore_10,5,"C12,C15,C16,C18,GCRIM",NOT_COMPUTED_CENSORED,0,No inference on a complete-case subset; censored topics listed.,,,,,,,,,,,,,,,,,,,,
depth_per_positive_at_90,frozen_svm,uncertainty,5,"C12,C15,C16,C18,GCRIM",NOT_COMPUTED_CENSORED,0,No inference on a complete-case subset; censored topics listed.,,,,,,,,,,,,,,,,,,,,
depth_per_positive_at_90,frozen_svm,auto_tar,5,"C12,C15,C16,C18,GCRIM",NOT_COMPUTED_CENSORED,0,No inference on a complete-case subset; censored topics listed.,,,,,,,,,,,,,,,,,,,,
depth_per_positive_at_90,frozen_svm,fixed_20,5,"C12,C15,C16,C18,GCRIM",NOT_COMPUTED_CENSORED,0,No inference on a complete-case subset; censored topics listed.,,,,,,,,,,,,,,,,,,,,
depth_per_positive_at_90,frozen_svm,explore_10,5,"C12,C15,C16,C18,GCRIM",NOT_COMPUTED_CENSORED,0,No inference on a complete-case subset; censored topics listed.,,,,,,,,,,,,,,,,,,,,
depth_per_positive_at_90,uncertainty,auto_tar,5,"C12,C15,C18,GCRIM",NOT_COMPUTED_CENSORED,0,No inference on a complete-case subset; censored topics listed.,,,,,,,,,,,,,,,,,,,,
depth_per_positive_at_90,uncertainty,fixed_20,5,"C12,C15,C18,GCRIM",NOT_COMPUTED_CENSORED,0,No inference on a complete-case subset; censored topics listed.,,,,,,,,,,,,,,,,,,,,
depth_per_positive_at_90,uncertainty,explore_10,5,"C12,C15,C16,C18,GCRIM",NOT_COMPUTED_CENSORED,0,No inference on a complete-case subset; censored topics listed.,,,,,,,,,,,,,,,,,,,,
depth_per_positive_at_90,auto_tar,fixed_20,5,,OBSERVED,5,Exact sign-flip is primary. Both bootstrap variants are exploratory and unreliable with five topics; agreement does not establish coverage; nonsignificance is not equivalence. Minimum attainable two-sided p=0.0625 exceeds 0.05 for 5 nonzero pairs.,5.0,0.01844235022135877,-0.023617689840144698,0.057112820359371895,-0.03064444968611873,0.050926960872809166,OBSERVED,,BELOW_DIAGNOSTIC_THRESHOLD,0.007026759845974031,0.013123359580052493,0.04825715880992263,-0.061224489795918366,0.017327861377108983,0.07472786113562813,10000.0,20260907.0,0.375,0.4375,0.0625
depth_per_positive_at_90,auto_tar,explore_10,5,C16,NOT_COMPUTED_CENSORED,0,No inference on a complete-case subset; censored topics listed.,,,,,,,,,,,,,,,,,,,,
depth_per_positive_at_90,fixed_20,explore_10,5,C16,NOT_COMPUTED_CENSORED,0,No inference on a complete-case subset; censored topics listed.,,,,,,,,,,,,,,,,,,,,
effort_at_75,random,seed_similarity,5,"C12,C15,C16,C18,GCRIM",NOT_COMPUTED_CENSORED,0,No inference on a complete-case subset; censored topics listed.,,,,,,,,,,,,,,,,,,,,
effort_at_75,random,frozen_svm,5,"C12,C15,C16,C18,GCRIM",NOT_COMPUTED_CENSORED,0,No inference on a complete-case subset; censored topics listed.,,,,,,,,,,,,,,,,,,,,
effort_at_75,random,uncertainty,5,"C12,C15,C16,C18,GCRIM",NOT_COMPUTED_CENSORED,0,No inference on a complete-case subset; censored topics listed.,,,,,,,,,,,,,,,,,,,,
effort_at_75,random,auto_tar,5,"C12,C15,C16,C18,GCRIM",NOT_COMPUTED_CENSORED,0,No inference on a complete-case subset; censored topics listed.,,,,,,,,,,,,,,,,,,,,
effort_at_75,random,fixed_20,5,"C12,C15,C16,C18,GCRIM",NOT_COMPUTED_CENSORED,0,No inference on a complete-case subset; censored topics listed.,,,,,,,,,,,,,,,,,,,,
effort_at_75,random,explore_10,5,"C12,C15,C16,C18,GCRIM",NOT_COMPUTED_CENSORED,0,No inference on a complete-case subset; censored topics listed.,,,,,,,,,,,,,,,,,,,,
effort_at_75,seed_similarity,frozen_svm,5,"C12,C15,C16,C18,GCRIM",NOT_COMPUTED_CENSORED,0,No inference on a complete-case subset; censored topics listed.,,,,,,,,,,,,,,,,,,,,
effort_at_75,seed_similarity,uncertainty,5,"C12,C15,C16,C18,GCRIM",NOT_COMPUTED_CENSORED,0,No inference on a complete-case subset; censored topics listed.,,,,,,,,,,,,,,,,,,,,
effort_at_75,seed_similarity,auto_tar,5,"C12,C15,C16,C18,GCRIM",NOT_COMPUTED_CENSORED,0,No inference on a complete-case subset; censored topics listed.,,,,,,,,,,,,,,,,,,,,
effort_at_75,seed_similarity,fixed_20,5,"C12,C15,C16,C18,GCRIM",NOT_COMPUTED_CENSORED,0,No inference on a complete-case subset; censored topics listed.,,,,,,,,,,,,,,,,,,,,
effort_at_75,seed_similarity,explore_10,5,"C12,C15,C16,C18,GCRIM",NOT_COMPUTED_CENSORED,0,No inference on a complete-case subset; censored topics listed.,,,,,,,,,,,,,,,,,,,,
effort_at_75,frozen_svm,uncertainty,5,"C12,C15,C16,C18,GCRIM",NOT_COMPUTED_CENSORED,0,No inference on a complete-case subset; censored topics listed.,,,,,,,,,,,,,,,,,,,,
effort_at_75,frozen_svm,auto_tar,5,"C12,C15,C16,C18,GCRIM",NOT_COMPUTED_CENSORED,0,No inference on a complete-case subset; censored topics listed.,,,,,,,,,,,,,,,,,,,,
effort_at_75,frozen_svm,fixed_20,5,"C12,C15,C16,C18,GCRIM",NOT_COMPUTED_CENSORED,0,No inference on a complete-case subset; censored topics listed.,,,,,,,,,,,,,,,,,,,,
effort_at_75,frozen_svm,explore_10,5,"C12,C15,C16,C18,GCRIM",NOT_COMPUTED_CENSORED,0,No inference on a complete-case subset; censored topics listed.,,,,,,,,,,,,,,,,,,,,
effort_at_75,uncertainty,auto_tar,5,"C15,GCRIM",NOT_COMPUTED_CENSORED,0,No inference on a complete-case subset; censored topics listed.,,,,,,,,,,,,,,,,,,,,
effort_at_75,uncertainty,fixed_20,5,"C15,GCRIM",NOT_COMPUTED_CENSORED,0,No inference on a complete-case subset; censored topics listed.,,,,,,,,,,,,,,,,,,,,
effort_at_75,uncertainty,explore_10,5,"C15,GCRIM",NOT_COMPUTED_CENSORED,0,No inference on a complete-case subset; censored topics listed.,,,,,,,,,,,,,,,,,,,,
effort_at_75,auto_tar,fixed_20,5,,OBSERVED,5,Exact sign-flip is primary. Both bootstrap variants are exploratory and unreliable with five topics; agreement does not establish coverage; nonsignificance is not equivalence. Minimum attainable two-sided p=0.0625 exceeds 0.05 for 5 nonzero pairs.,5.0,19.6,-8.066666666666668,51.06666666666666,-6.200000000000001,52.6,OBSERVED,,BELOW_DIAGNOSTIC_THRESHOLD,1.8666666666666671,30.666666666666668,76.0,-26.666666666666668,13.666666666666666,4.333333333333333,10000.0,20260907.0,0.3125,0.3125,0.0625
effort_at_75,auto_tar,explore_10,5,,OBSERVED,5,Exact sign-flip is primary. Both bootstrap variants are exploratory and unreliable with five topics; agreement does not establish coverage; nonsignificance is not equivalence. Minimum attainable two-sided p=0.0625 exceeds 0.05 for 5 nonzero pairs.,5.0,-94.6,-165.2,-32.8,-178.13333333333335,-37.8,OBSERVED,,BELOW_DIAGNOSTIC_THRESHOLD,12.933333333333366,-15.666666666666666,-228.0,-22.666666666666668,-119.33333333333333,-87.33333333333333,10000.0,20260907.0,0.0625,0.0625,0.0625
effort_at_75,fixed_20,explore_10,5,,OBSERVED,5,Exact sign-flip is primary. Both bootstrap variants are exploratory and unreliable with five topics; agreement does not establish coverage; nonsignificance is not equivalence. Minimum attainable two-sided p=0.0625 exceeds 0.05 for 5 nonzero pairs.,5.0,-114.2,-210.0,-34.266666666666666,-227.33333333333334,-43.53333333333334,OBSERVED,,BELOW_DIAGNOSTIC_THRESHOLD,17.333333333333343,-46.333333333333336,-304.0,4.0,-133.0,-91.66666666666667,10000.0,20260907.0,0.125,0.125,0.0625
effort_at_80,random,seed_similarity,5,"C12,C15,C16,C18,GCRIM",NOT_COMPUTED_CENSORED,0,No inference on a complete-case subset; censored topics listed.,,,,,,,,,,,,,,,,,,,,
effort_at_80,random,frozen_svm,5,"C12,C15,C16,C18,GCRIM",NOT_COMPUTED_CENSORED,0,No inference on a complete-case subset; censored topics listed.,,,,,,,,,,,,,,,,,,,,
effort_at_80,random,uncertainty,5,"C12,C15,C16,C18,GCRIM",NOT_COMPUTED_CENSORED,0,No inference on a complete-case subset; censored topics listed.,,,,,,,,,,,,,,,,,,,,
effort_at_80,random,auto_tar,5,"C12,C15,C16,C18,GCRIM",NOT_COMPUTED_CENSORED,0,No inference on a complete-case subset; censored topics listed.,,,,,,,,,,,,,,,,,,,,
effort_at_80,random,fixed_20,5,"C12,C15,C16,C18,GCRIM",NOT_COMPUTED_CENSORED,0,No inference on a complete-case subset; censored topics listed.,,,,,,,,,,,,,,,,,,,,
effort_at_80,random,explore_10,5,"C12,C15,C16,C18,GCRIM",NOT_COMPUTED_CENSORED,0,No inference on a complete-case subset; censored topics listed.,,,,,,,,,,,,,,,,,,,,
effort_at_80,seed_similarity,frozen_svm,5,"C12,C15,C16,C18,GCRIM",NOT_COMPUTED_CENSORED,0,No inference on a complete-case subset; censored topics listed.,,,,,,,,,,,,,,,,,,,,
effort_at_80,seed_similarity,uncertainty,5,"C12,C15,C16,C18,GCRIM",NOT_COMPUTED_CENSORED,0,No inference on a complete-case subset; censored topics listed.,,,,,,,,,,,,,,,,,,,,
effort_at_80,seed_similarity,auto_tar,5,"C12,C15,C16,C18,GCRIM",NOT_COMPUTED_CENSORED,0,No inference on a complete-case subset; censored topics listed.,,,,,,,,,,,,,,,,,,,,
effort_at_80,seed_similarity,fixed_20,5,"C12,C15,C16,C18,GCRIM",NOT_COMPUTED_CENSORED,0,No inference on a complete-case subset; censored topics listed.,,,,,,,,,,,,,,,,,,,,
effort_at_80,seed_similarity,explore_10,5,"C12,C15,C16,C18,GCRIM",NOT_COMPUTED_CENSORED,0,No inference on a complete-case subset; censored topics listed.,,,,,,,,,,,,,,,,,,,,
effort_at_80,frozen_svm,uncertainty,5,"C12,C15,C16,C18,GCRIM",NOT_COMPUTED_CENSORED,0,No inference on a complete-case subset; censored topics listed.,,,,,,,,,,,,,,,,,,,,
effort_at_80,frozen_svm,auto_tar,5,"C12,C15,C16,C18,GCRIM",NOT_COMPUTED_CENSORED,0,No inference on a complete-case subset; censored topics listed.,,,,,,,,,,,,,,,,,,,,
effort_at_80,frozen_svm,fixed_20,5,"C12,C15,C16,C18,GCRIM",NOT_COMPUTED_CENSORED,0,No inference on a complete-case subset; censored topics listed.,,,,,,,,,,,,,,,,,,,,
effort_at_80,frozen_svm,explore_10,5,"C12,C15,C16,C18,GCRIM",NOT_COMPUTED_CENSORED,0,No inference on a complete-case subset; censored topics listed.,,,,,,,,,,,,,,,,,,,,
effort_at_80,uncertainty,auto_tar,5,"C15,GCRIM",NOT_COMPUTED_CENSORED,0,No inference on a complete-case subset; censored topics listed.,,,,,,,,,,,,,,,,,,,,
effort_at_80,uncertainty,fixed_20,5,"C15,GCRIM",NOT_COMPUTED_CENSORED,0,No inference on a complete-case subset; censored topics listed.,,,,,,,,,,,,,,,,,,,,
effort_at_80,uncertainty,explore_10,5,"C15,GCRIM",NOT_COMPUTED_CENSORED,0,No inference on a complete-case subset; censored topics listed.,,,,,,,,,,,,,,,,,,,,
effort_at_80,auto_tar,fixed_20,5,,OBSERVED,5,Exact sign-flip is primary. Both bootstrap variants are exploratory and unreliable with five topics; agreement does not establish coverage; nonsignificance is not equivalence. Minimum attainable two-sided p=0.0625 exceeds 0.05 for 5 nonzero pairs.,5.0,44.0,15.6,80.6,15.933333333333334,80.93333333333334,OBSERVED,,BELOW_DIAGNOSTIC_THRESHOLD,0.3333333333333428,64.33333333333333,107.0,11.666666666666666,17.666666666666668,19.333333333333332,10000.0,20260907.0,0.0625,0.0625,0.0625
effort_at_80,auto_tar,explore_10,5,,OBSERVED,5,Exact sign-flip is primary. Both bootstrap variants are exploratory and unreliable with five topics; agreement does not establish coverage; nonsignificance is not equivalence. Minimum attainable two-sided p=0.0625 exceeds 0.05 for 5 nonzero pairs.,5.0,-84.6,-157.0,-15.533333333333335,-167.93333333333334,-20.26666666666667,OBSERVED,,BELOW_DIAGNOSTIC_THRESHOLD,10.933333333333337,-12.666666666666666,-212.66666666666666,11.0,-134.33333333333334,-74.33333333333333,10000.0,20260907.0,0.125,0.125,0.0625
effort_at_80,fixed_20,explore_10,5,,OBSERVED,5,Exact sign-flip is primary. Both bootstrap variants are exploratory and unreliable with five topics; agreement does not establish coverage; nonsignificance is not equivalence. Minimum attainable two-sided p=0.0625 exceeds 0.05 for 5 nonzero pairs.,5.0,-128.6,-225.93333333333334,-46.2,-252.6,-53.13333333333334,OBSERVED,,BELOW_DIAGNOSTIC_THRESHOLD,26.666666666666657,-77.0,-319.6666666666667,-0.6666666666666666,-152.0,-93.66666666666667,10000.0,20260907.0,0.0625,0.0625,0.0625
effort_at_90,random,seed_similarity,5,"C12,C15,C16,C18,GCRIM",NOT_COMPUTED_CENSORED,0,No inference on a complete-case subset; censored topics listed.,,,,,,,,,,,,,,,,,,,,
effort_at_90,random,frozen_svm,5,"C12,C15,C16,C18,GCRIM",NOT_COMPUTED_CENSORED,0,No inference on a complete-case subset; censored topics listed.,,,,,,,,,,,,,,,,,,,,
effort_at_90,random,uncertainty,5,"C12,C15,C16,C18,GCRIM",NOT_COMPUTED_CENSORED,0,No inference on a complete-case subset; censored topics listed.,,,,,,,,,,,,,,,,,,,,
effort_at_90,random,auto_tar,5,"C12,C15,C16,C18,GCRIM",NOT_COMPUTED_CENSORED,0,No inference on a complete-case subset; censored topics listed.,,,,,,,,,,,,,,,,,,,,
effort_at_90,random,fixed_20,5,"C12,C15,C16,C18,GCRIM",NOT_COMPUTED_CENSORED,0,No inference on a complete-case subset; censored topics listed.,,,,,,,,,,,,,,,,,,,,
effort_at_90,random,explore_10,5,"C12,C15,C16,C18,GCRIM",NOT_COMPUTED_CENSORED,0,No inference on a complete-case subset; censored topics listed.,,,,,,,,,,,,,,,,,,,,
effort_at_90,seed_similarity,frozen_svm,5,"C12,C15,C16,C18,GCRIM",NOT_COMPUTED_CENSORED,0,No inference on a complete-case subset; censored topics listed.,,,,,,,,,,,,,,,,,,,,
effort_at_90,seed_similarity,uncertainty,5,"C12,C15,C16,C18,GCRIM",NOT_COMPUTED_CENSORED,0,No inference on a complete-case subset; censored topics listed.,,,,,,,,,,,,,,,,,,,,
effort_at_90,seed_similarity,auto_tar,5,"C12,C15,C16,C18,GCRIM",NOT_COMPUTED_CENSORED,0,No inference on a complete-case subset; censored topics listed.,,,,,,,,,,,,,,,,,,,,
effort_at_90,seed_similarity,fixed_20,5,"C12,C15,C16,C18,GCRIM",NOT_COMPUTED_CENSORED,0,No inference on a complete-case subset; censored topics listed.,,,,,,,,,,,,,,,,,,,,
effort_at_90,seed_similarity,explore_10,5,"C12,C15,C16,C18,GCRIM",NOT_COMPUTED_CENSORED,0,No inference on a complete-case subset; censored topics listed.,,,,,,,,,,,,,,,,,,,,
effort_at_90,frozen_svm,uncertainty,5,"C12,C15,C16,C18,GCRIM",NOT_COMPUTED_CENSORED,0,No inference on a complete-case subset; censored topics listed.,,,,,,,,,,,,,,,,,,,,
effort_at_90,frozen_svm,auto_tar,5,"C12,C15,C16,C18,GCRIM",NOT_COMPUTED_CENSORED,0,No inference on a complete-case subset; censored topics listed.,,,,,,,,,,,,,,,,,,,,
effort_at_90,frozen_svm,fixed_20,5,"C12,C15,C16,C18,GCRIM",NOT_COMPUTED_CENSORED,0,No inference on a complete-case subset; censored topics listed.,,,,,,,,,,,,,,,,,,,,
effort_at_90,frozen_svm,explore_10,5,"C12,C15,C16,C18,GCRIM",NOT_COMPUTED_CENSORED,0,No inference on a complete-case subset; censored topics listed.,,,,,,,,,,,,,,,,,,,,
effort_at_90,uncertainty,auto_tar,5,"C12,C15,C18,GCRIM",NOT_COMPUTED_CENSORED,0,No inference on a complete-case subset; censored topics listed.,,,,,,,,,,,,,,,,,,,,
effort_at_90,uncertainty,fixed_20,5,"C12,C15,C18,GCRIM",NOT_COMPUTED_CENSORED,0,No inference on a complete-case subset; censored topics listed.,,,,,,,,,,,,,,,,,,,,
effort_at_90,uncertainty,explore_10,5,"C12,C15,C16,C18,GCRIM",NOT_COMPUTED_CENSORED,0,No inference on a complete-case subset; censored topics listed.,,,,,,,,,,,,,,,,,,,,
effort_at_90,auto_tar,fixed_20,5,,OBSERVED,5,Exact sign-flip is primary. Both bootstrap variants are exploratory and unreliable with five topics; agreement does not establish coverage; nonsignificance is not equivalence. Minimum attainable two-sided p=0.0625 exceeds 0.05 for 5 nonzero pairs.,5.0,62.733333333333334,5.866666666666666,137.33333333333331,16.133333333333333,166.39999999999998,OBSERVED,,BELOW_DIAGNOSTIC_THRESHOLD,29.066666666666663,5.0,201.66666666666666,-3.0,25.333333333333332,84.66666666666667,10000.0,20260907.0,0.125,0.125,0.0625
effort_at_90,auto_tar,explore_10,5,C16,NOT_COMPUTED_CENSORED,0,No inference on a complete-case subset; censored topics listed.,,,,,,,,,,,,,,,,,,,,
effort_at_90,fixed_20,explore_10,5,C16,NOT_COMPUTED_CENSORED,0,No inference on a complete-case subset; censored topics listed.,,,,,,,,,,,,,,,,,,,,
overshoot_at_75,random,seed_similarity,5,"C12,C15,C16,C18,GCRIM",NOT_COMPUTED_CENSORED,0,No inference on a complete-case subset; censored topics listed.,,,,,,,,,,,,,,,,,,,,
overshoot_at_75,random,frozen_svm,5,"C12,C15,C16,C18,GCRIM",NOT_COMPUTED_CENSORED,0,No inference on a complete-case subset; censored topics listed.,,,,,,,,,,,,,,,,,,,,
overshoot_at_75,random,uncertainty,5,"C12,C15,C16,C18,GCRIM",NOT_COMPUTED_CENSORED,0,No inference on a complete-case subset; censored topics listed.,,,,,,,,,,,,,,,,,,,,
overshoot_at_75,random,auto_tar,5,"C12,C15,C16,C18,GCRIM",NOT_COMPUTED_CENSORED,0,No inference on a complete-case subset; censored topics listed.,,,,,,,,,,,,,,,,,,,,
overshoot_at_75,random,fixed_20,5,"C12,C15,C16,C18,GCRIM",NOT_COMPUTED_CENSORED,0,No inference on a complete-case subset; censored topics listed.,,,,,,,,,,,,,,,,,,,,
overshoot_at_75,random,explore_10,5,"C12,C15,C16,C18,GCRIM",NOT_COMPUTED_CENSORED,0,No inference on a complete-case subset; censored topics listed.,,,,,,,,,,,,,,,,,,,,
overshoot_at_75,seed_similarity,frozen_svm,5,"C12,C15,C16,C18,GCRIM",NOT_COMPUTED_CENSORED,0,No inference on a complete-case subset; censored topics listed.,,,,,,,,,,,,,,,,,,,,
overshoot_at_75,seed_similarity,uncertainty,5,"C12,C15,C16,C18,GCRIM",NOT_COMPUTED_CENSORED,0,No inference on a complete-case subset; censored topics listed.,,,,,,,,,,,,,,,,,,,,
overshoot_at_75,seed_similarity,auto_tar,5,"C12,C15,C16,C18,GCRIM",NOT_COMPUTED_CENSORED,0,No inference on a complete-case subset; censored topics listed.,,,,,,,,,,,,,,,,,,,,
overshoot_at_75,seed_similarity,fixed_20,5,"C12,C15,C16,C18,GCRIM",NOT_COMPUTED_CENSORED,0,No inference on a complete-case subset; censored topics listed.,,,,,,,,,,,,,,,,,,,,
overshoot_at_75,seed_similarity,explore_10,5,"C12,C15,C16,C18,GCRIM",NOT_COMPUTED_CENSORED,0,No inference on a complete-case subset; censored topics listed.,,,,,,,,,,,,,,,,,,,,
overshoot_at_75,frozen_svm,uncertainty,5,"C12,C15,C16,C18,GCRIM",NOT_COMPUTED_CENSORED,0,No inference on a complete-case subset; censored topics listed.,,,,,,,,,,,,,,,,,,,,
overshoot_at_75,frozen_svm,auto_tar,5,"C12,C15,C16,C18,GCRIM",NOT_COMPUTED_CENSORED,0,No inference on a complete-case subset; censored topics listed.,,,,,,,,,,,,,,,,,,,,
overshoot_at_75,frozen_svm,fixed_20,5,"C12,C15,C16,C18,GCRIM",NOT_COMPUTED_CENSORED,0,No inference on a complete-case subset; censored topics listed.,,,,,,,,,,,,,,,,,,,,
overshoot_at_75,frozen_svm,explore_10,5,"C12,C15,C16,C18,GCRIM",NOT_COMPUTED_CENSORED,0,No inference on a complete-case subset; censored topics listed.,,,,,,,,,,,,,,,,,,,,
overshoot_at_75,uncertainty,auto_tar,5,"C15,GCRIM",NOT_COMPUTED_CENSORED,0,No inference on a complete-case subset; censored topics listed.,,,,,,,,,,,,,,,,,,,,
overshoot_at_75,uncertainty,fixed_20,5,"C15,GCRIM",NOT_COMPUTED_CENSORED,0,No inference on a complete-case subset; censored topics listed.,,,,,,,,,,,,,,,,,,,,
overshoot_at_75,uncertainty,explore_10,5,"C15,GCRIM",NOT_COMPUTED_CENSORED,0,No inference on a complete-case subset; censored topics listed.,,,,,,,,,,,,,,,,,,,,
overshoot_at_75,auto_tar,fixed_20,5,,OBSERVED,5,Exact sign-flip is primary. Both bootstrap variants are exploratory and unreliable with five topics; agreement does not establish coverage; nonsignificance is not equivalence. Minimum attainable two-sided p=0.0625 exceeds 0.05 for 5 nonzero pairs.,5.0,78.0,35.46666666666667,131.53333333333333,39.733333333333334,134.24322319134296,OBSERVED,,BELOW_DIAGNOSTIC_THRESHOLD,4.266666666666666,46.0,168.66666666666666,15.666666666666666,105.66666666666667,54.0,10000.0,20260907.0,0.0625,0.0625,0.0625
overshoot_at_75,auto_tar,explore_10,5,,OBSERVED,5,Exact sign-flip is primary. Both bootstrap variants are exploratory and unreliable with five topics; agreement does not establish coverage; nonsignificance is not equivalence. Minimum attainable two-sided p=0.0625 exceeds 0.05 for 5 nonzero pairs.,5.0,-30.866666666666667,-88.8,9.4,-99.86666666666667,7.0,OBSERVED,,BELOW_DIAGNOSTIC_THRESHOLD,11.066666666666677,15.666666666666666,-140.0,3.6666666666666665,6.0,-39.666666666666664,10000.0,20260907.0,0.5,0.8125,0.0625
overshoot_at_75,fixed_20,explore_10,5,,OBSERVED,5,Exact sign-flip is primary. Both bootstrap variants are exploratory and unreliable with five topics; agreement does not establish coverage; nonsignificance is not equivalence. Minimum attainable two-sided p=0.0625 exceeds 0.05 for 5 nonzero pairs.,5.0,-108.86666666666666,-211.2,-33.2,-249.33333333333337,-40.53333333333334,OBSERVED,,BELOW_DIAGNOSTIC_THRESHOLD,38.13333333333338,-30.333333333333332,-308.6666666666667,-12.0,-99.66666666666667,-93.66666666666667,10000.0,20260907.0,0.0625,0.0625,0.0625
overshoot_at_80,random,seed_similarity,5,"C12,C15,C16,C18,GCRIM",NOT_COMPUTED_CENSORED,0,No inference on a complete-case subset; censored topics listed.,,,,,,,,,,,,,,,,,,,,
overshoot_at_80,random,frozen_svm,5,"C12,C15,C16,C18,GCRIM",NOT_COMPUTED_CENSORED,0,No inference on a complete-case subset; censored topics listed.,,,,,,,,,,,,,,,,,,,,
overshoot_at_80,random,uncertainty,5,"C12,C15,C16,C18,GCRIM",NOT_COMPUTED_CENSORED,0,No inference on a complete-case subset; censored topics listed.,,,,,,,,,,,,,,,,,,,,
overshoot_at_80,random,auto_tar,5,"C12,C15,C16,C18,GCRIM",NOT_COMPUTED_CENSORED,0,No inference on a complete-case subset; censored topics listed.,,,,,,,,,,,,,,,,,,,,
overshoot_at_80,random,fixed_20,5,"C12,C15,C16,C18,GCRIM",NOT_COMPUTED_CENSORED,0,No inference on a complete-case subset; censored topics listed.,,,,,,,,,,,,,,,,,,,,
overshoot_at_80,random,explore_10,5,"C12,C15,C16,C18,GCRIM",NOT_COMPUTED_CENSORED,0,No inference on a complete-case subset; censored topics listed.,,,,,,,,,,,,,,,,,,,,
overshoot_at_80,seed_similarity,frozen_svm,5,"C12,C15,C16,C18,GCRIM",NOT_COMPUTED_CENSORED,0,No inference on a complete-case subset; censored topics listed.,,,,,,,,,,,,,,,,,,,,
overshoot_at_80,seed_similarity,uncertainty,5,"C12,C15,C16,C18,GCRIM",NOT_COMPUTED_CENSORED,0,No inference on a complete-case subset; censored topics listed.,,,,,,,,,,,,,,,,,,,,
overshoot_at_80,seed_similarity,auto_tar,5,"C12,C15,C16,C18,GCRIM",NOT_COMPUTED_CENSORED,0,No inference on a complete-case subset; censored topics listed.,,,,,,,,,,,,,,,,,,,,
overshoot_at_80,seed_similarity,fixed_20,5,"C12,C15,C16,C18,GCRIM",NOT_COMPUTED_CENSORED,0,No inference on a complete-case subset; censored topics listed.,,,,,,,,,,,,,,,,,,,,
overshoot_at_80,seed_similarity,explore_10,5,"C12,C15,C16,C18,GCRIM",NOT_COMPUTED_CENSORED,0,No inference on a complete-case subset; censored topics listed.,,,,,,,,,,,,,,,,,,,,
overshoot_at_80,frozen_svm,uncertainty,5,"C12,C15,C16,C18,GCRIM",NOT_COMPUTED_CENSORED,0,No inference on a complete-case subset; censored topics listed.,,,,,,,,,,,,,,,,,,,,
overshoot_at_80,frozen_svm,auto_tar,5,"C12,C15,C16,C18,GCRIM",NOT_COMPUTED_CENSORED,0,No inference on a complete-case subset; censored topics listed.,,,,,,,,,,,,,,,,,,,,
overshoot_at_80,frozen_svm,fixed_20,5,"C12,C15,C16,C18,GCRIM",NOT_COMPUTED_CENSORED,0,No inference on a complete-case subset; censored topics listed.,,,,,,,,,,,,,,,,,,,,
overshoot_at_80,frozen_svm,explore_10,5,"C12,C15,C16,C18,GCRIM",NOT_COMPUTED_CENSORED,0,No inference on a complete-case subset; censored topics listed.,,,,,,,,,,,,,,,,,,,,
overshoot_at_80,uncertainty,auto_tar,5,"C15,GCRIM",NOT_COMPUTED_CENSORED,0,No inference on a complete-case subset; censored topics listed.,,,,,,,,,,,,,,,,,,,,
overshoot_at_80,uncertainty,fixed_20,5,"C15,GCRIM",NOT_COMPUTED_CENSORED,0,No inference on a complete-case subset; censored topics listed.,,,,,,,,,,,,,,,,,,,,
overshoot_at_80,uncertainty,explore_10,5,"C15,GCRIM",NOT_COMPUTED_CENSORED,0,No inference on a complete-case subset; censored topics listed.,,,,,,,,,,,,,,,,,,,,
overshoot_at_80,auto_tar,fixed_20,5,,OBSERVED,5,Exact sign-flip is primary. Both bootstrap variants are exploratory and unreliable with five topics; agreement does not establish coverage; nonsignificance is not equivalence. Minimum attainable two-sided p=0.0625 exceeds 0.05 for 5 nonzero pairs.,5.0,88.73333333333333,26.666666666666668,175.73333333333335,33.0,205.2,OBSERVED,,BELOW_DIAGNOSTIC_THRESHOLD,29.46666666666664,30.333333333333332,252.33333333333334,16.666666666666668,105.0,39.333333333333336,10000.0,20260907.0,0.0625,0.0625,0.0625
overshoot_at_80,auto_tar,explore_10,5,,OBSERVED,5,Exact sign-flip is primary. Both bootstrap variants are exploratory and unreliable with five topics; agreement does not establish coverage; nonsignificance is not equivalence. Minimum attainable two-sided p=0.0625 exceeds 0.05 for 5 nonzero pairs.,5.0,-10.2,-49.93333333333333,36.6,-46.8,46.24568602207401,OBSERVED,,BELOW_DIAGNOSTIC_THRESHOLD,9.64568602207401,-13.0,77.66666666666667,2.6666666666666665,-52.666666666666664,-65.66666666666667,10000.0,20260907.0,0.8125,0.8125,0.0625
overshoot_at_80,fixed_20,explore_10,5,,OBSERVED,5,Exact sign-flip is primary. Both bootstrap variants are exploratory and unreliable with five topics; agreement does not establish coverage; nonsignificance is not equivalence. Minimum attainable two-sided p=0.0625 exceeds 0.05 for 5 nonzero pairs.,5.0,-98.93333333333334,-153.93333333333334,-43.93333333333334,-150.53333333333333,-42.733333333333334,OBSERVED,,BELOW_DIAGNOSTIC_THRESHOLD,3.4000000000000057,-43.333333333333336,-174.66666666666666,-14.0,-157.66666666666666,-105.0,10000.0,20260907.0,0.0625,0.0625,0.0625
overshoot_at_90,random,seed_similarity,5,"C12,C15,C16,C18,GCRIM",NOT_COMPUTED_CENSORED,0,No inference on a complete-case subset; censored topics listed.,,,,,,,,,,,,,,,,,,,,
overshoot_at_90,random,frozen_svm,5,"C12,C15,C16,C18,GCRIM",NOT_COMPUTED_CENSORED,0,No inference on a complete-case subset; censored topics listed.,,,,,,,,,,,,,,,,,,,,
overshoot_at_90,random,uncertainty,5,"C12,C15,C16,C18,GCRIM",NOT_COMPUTED_CENSORED,0,No inference on a complete-case subset; censored topics listed.,,,,,,,,,,,,,,,,,,,,
overshoot_at_90,random,auto_tar,5,"C12,C15,C16,C18,GCRIM",NOT_COMPUTED_CENSORED,0,No inference on a complete-case subset; censored topics listed.,,,,,,,,,,,,,,,,,,,,
overshoot_at_90,random,fixed_20,5,"C12,C15,C16,C18,GCRIM",NOT_COMPUTED_CENSORED,0,No inference on a complete-case subset; censored topics listed.,,,,,,,,,,,,,,,,,,,,
overshoot_at_90,random,explore_10,5,"C12,C15,C16,C18,GCRIM",NOT_COMPUTED_CENSORED,0,No inference on a complete-case subset; censored topics listed.,,,,,,,,,,,,,,,,,,,,
overshoot_at_90,seed_similarity,frozen_svm,5,"C12,C15,C16,C18,GCRIM",NOT_COMPUTED_CENSORED,0,No inference on a complete-case subset; censored topics listed.,,,,,,,,,,,,,,,,,,,,
overshoot_at_90,seed_similarity,uncertainty,5,"C12,C15,C16,C18,GCRIM",NOT_COMPUTED_CENSORED,0,No inference on a complete-case subset; censored topics listed.,,,,,,,,,,,,,,,,,,,,
overshoot_at_90,seed_similarity,auto_tar,5,"C12,C15,C16,C18,GCRIM",NOT_COMPUTED_CENSORED,0,No inference on a complete-case subset; censored topics listed.,,,,,,,,,,,,,,,,,,,,
overshoot_at_90,seed_similarity,fixed_20,5,"C12,C15,C16,C18,GCRIM",NOT_COMPUTED_CENSORED,0,No inference on a complete-case subset; censored topics listed.,,,,,,,,,,,,,,,,,,,,
overshoot_at_90,seed_similarity,explore_10,5,"C12,C15,C16,C18,GCRIM",NOT_COMPUTED_CENSORED,0,No inference on a complete-case subset; censored topics listed.,,,,,,,,,,,,,,,,,,,,
overshoot_at_90,frozen_svm,uncertainty,5,"C12,C15,C16,C18,GCRIM",NOT_COMPUTED_CENSORED,0,No inference on a complete-case subset; censored topics listed.,,,,,,,,,,,,,,,,,,,,
overshoot_at_90,frozen_svm,auto_tar,5,"C12,C15,C16,C18,GCRIM",NOT_COMPUTED_CENSORED,0,No inference on a complete-case subset; censored topics listed.,,,,,,,,,,,,,,,,,,,,
overshoot_at_90,frozen_svm,fixed_20,5,"C12,C15,C16,C18,GCRIM",NOT_COMPUTED_CENSORED,0,No inference on a complete-case subset; censored topics listed.,,,,,,,,,,,,,,,,,,,,
overshoot_at_90,frozen_svm,explore_10,5,"C12,C15,C16,C18,GCRIM",NOT_COMPUTED_CENSORED,0,No inference on a complete-case subset; censored topics listed.,,,,,,,,,,,,,,,,,,,,
overshoot_at_90,uncertainty,auto_tar,5,"C12,C15,C18,GCRIM",NOT_COMPUTED_CENSORED,0,No inference on a complete-case subset; censored topics listed.,,,,,,,,,,,,,,,,,,,,
overshoot_at_90,uncertainty,fixed_20,5,"C12,C15,C18,GCRIM",NOT_COMPUTED_CENSORED,0,No inference on a complete-case subset; censored topics listed.,,,,,,,,,,,,,,,,,,,,
overshoot_at_90,uncertainty,explore_10,5,"C12,C15,C16,C18,GCRIM",NOT_COMPUTED_CENSORED,0,No inference on a complete-case subset; censored topics listed.,,,,,,,,,,,,,,,,,,,,
overshoot_at_90,auto_tar,fixed_20,5,,OBSERVED,5,Exact sign-flip is primary. Both bootstrap variants are exploratory and unreliable with five topics; agreement does not establish coverage; nonsignificance is not equivalence. Minimum attainable two-sided p=0.0625 exceeds 0.05 for 5 nonzero pairs.,5.0,131.2,91.4,169.86666666666667,91.4,169.86666666666667,OBSERVED,,BELOW_DIAGNOSTIC_THRESHOLD,0.0,62.333333333333336,195.33333333333334,125.0,135.0,138.33333333333334,10000.0,20260907.0,0.0625,0.0625,0.0625
overshoot_at_90,auto_tar,explore_10,5,C16,NOT_COMPUTED_CENSORED,0,No inference on a complete-case subset; censored topics listed.,,,,,,,,,,,,,,,,,,,,
overshoot_at_90,fixed_20,explore_10,5,C16,NOT_COMPUTED_CENSORED,0,No inference on a complete-case subset; censored topics listed.,,,,,,,,,,,,,,,,,,,,
recall_at_1000,random,seed_similarity,5,,OBSERVED,5,Exact sign-flip is primary. Both bootstrap variants are exploratory and unreliable with five topics; agreement does not establish coverage; nonsignificance is not equivalence. Minimum attainable two-sided p=0.0625 exceeds 0.05 for 5 nonzero pairs.,5.0,-0.2256112050330553,-0.3051012377939477,-0.14816349820490096,-0.3140650446055232,-0.15327635475521673,OBSERVED,,BELOW_DIAGNOSTIC_THRESHOLD,0.008963806811575492,-0.37182852143482065,-0.13791178112786154,-0.272108843537415,-0.11878704970360238,-0.22741982936157693,10000.0,20260907.0,0.0625,0.0625,0.0625
recall_at_1000,random,frozen_svm,5,,OBSERVED,5,Exact sign-flip is primary. Both bootstrap variants are exploratory and unreliable with five topics; agreement does not establish coverage; nonsignificance is not equivalence. Minimum attainable two-sided p=0.0625 exceeds 0.05 for 5 nonzero pairs.,5.0,-0.23046709307641777,-0.31908375142769063,-0.14556524023656442,-0.340744262344839,-0.15096707842889406,OBSERVED,,BELOW_DIAGNOSTIC_THRESHOLD,0.02166051091714838,-0.39807524059492566,-0.10887772194304858,-0.2653061224489796,-0.13588691290469676,-0.24418946749043838,10000.0,20260907.0,0.0625,0.0625,0.0625
recall_at_1000,random,uncertainty,5,,OBSERVED,5,Exact sign-flip is primary. Both bootstrap variants are exploratory and unreliable with five topics; agreement does not establish coverage; nonsignificance is not equivalence. Minimum attainable two-sided p=0.0625 exceeds 0.05 for 5 nonzero pairs.,5.0,-0.46342708524108756,-0.7061426755894326,-0.23577458644770552,-0.7061426755894324,-0.23577458644770552,OBSERVED,,BELOW_DIAGNOSTIC_THRESHOLD,1.1102230246251565e-16,-0.6911636045494314,-0.08750099704873575,-0.8435374149659864,-0.308937528499772,-0.38599588114151223,10000.0,20260907.0,0.0625,0.0625,0.0625
recall_at_1000,random,auto_tar,5,,OBSERVED,5,Exact sign-flip is primary. Both bootstrap variants are exploratory and unreliable with five topics; agreement does not establish coverage; nonsignificance is not equivalence. Minimum attainable two-sided p=0.0625 exceeds 0.05 for 5 nonzero pairs.,5.0,-0.6175139432618151,-0.8093572309261369,-0.3895879817399964,-0.7791333660974613,-0.32789430836024963,OBSERVED,,BELOW_DIAGNOSTIC_THRESHOLD,0.061693673379746794,-0.8390201224846894,-0.1927893435431124,-0.8435374149659864,-0.5305517555859554,-0.6816710797293322,10000.0,20260907.0,0.0625,0.0625,0.0625
recall_at_1000,random,fixed_20,5,,OBSERVED,5,Exact sign-flip is primary. Both bootstrap variants are exploratory and unreliable with five topics; agreement does not establish coverage; nonsignificance is not equivalence. Minimum attainable two-sided p=0.0625 exceeds 0.05 for 5 nonzero pairs.,5.0,-0.6172378149250233,-0.8081536491837145,-0.3902675659139181,-0.7782224994007857,-0.32828437674006145,OBSERVED,,BELOW_DIAGNOSTIC_THRESHOLD,0.061983189173856645,-0.84251968503937,-0.192071468453378,-0.8367346938775511,-0.5326037391700866,-0.6822594880847308,10000.0,20260907.0,0.0625,0.0625,0.0625
recall_at_1000,random,explore_10,5,,OBSERVED,5,Exact sign-flip is primary. Both bootstrap variants are exploratory and unreliable with five topics; agreement does not establish coverage; nonsignificance is not equivalence. Minimum attainable two-sided p=0.0625 exceeds 0.05 for 5 nonzero pairs.,5.0,-0.5958408803790857,-0.7955458537043606,-0.3696360449770855,-0.770565864140932,-0.33085761778798634,OBSERVED,,BELOW_DIAGNOSTIC_THRESHOLD,0.038778427189099185,-0.8320209973753281,-0.175321049692909,-0.8435374149659864,-0.49019607843137253,-0.6381288614298323,10000.0,20260907.0,0.0625,0.0625,0.0625
recall_at_1000,seed_similarity,frozen_svm,5,,OBSERVED,5,Exact sign-flip is primary. Both bootstrap variants are exploratory and unreliable with five topics; agreement does not establish coverage; nonsignificance is not equivalence. Minimum attainable two-sided p=0.0625 exceeds 0.05 for 5 nonzero pairs.,5.0,-0.004855888043362496,-0.020692560570252032,0.015361007088355966,-0.019583009583689772,0.015695256326986404,OBSERVED,,BELOW_DIAGNOSTIC_THRESHOLD,0.0011095509865622598,-0.026246719160104987,0.029034059184812954,0.006802721088435374,-0.01709986320109439,-0.01676963812886143,10000.0,20260907.0,0.6875,0.8125,0.0625
recall_at_1000,seed_similarity,uncertainty,5,,OBSERVED,5,Exact sign-flip is primary. Both bootstrap variants are exploratory and unreliable with five topics; agreement does not establish coverage; nonsignificance is not equivalence. Minimum attainable two-sided p=0.0625 exceeds 0.05 for 5 nonzero pairs.,5.0,-0.23781588020803224,-0.420172478440195,-0.07165064193468058,-0.4384393698360521,-0.08129620283955771,OBSERVED,,BELOW_DIAGNOSTIC_THRESHOLD,0.018266891395857077,-0.3193350831146107,0.05041078407912579,-0.5714285714285714,-0.19015047879616964,-0.15857605177993528,10000.0,20260907.0,0.125,0.125,0.0625
recall_at_1000,seed_similarity,auto_tar,5,,OBSERVED,5,Exact sign-flip is primary. Both bootstrap variants are exploratory and unreliable with five topics; agreement does not establish coverage; nonsignificance is not equivalence. Minimum attainable two-sided p=0.0625 exceeds 0.05 for 5 nonzero pairs.,5.0,-0.3919027382287598,-0.5160603341071645,-0.20871779883559488,-0.4978010101678466,-0.13734037014217446,OBSERVED,,BELOW_DIAGNOSTIC_THRESHOLD,0.07137742869342042,-0.4671916010498688,-0.05487756241525086,-0.5714285714285714,-0.4117647058823529,-0.4542512503677552,10000.0,20260907.0,0.0625,0.0625,0.0625
recall_at_1000,seed_similarity,fixed_20,5,,OBSERVED,5,Exact sign-flip is primary. Both bootstrap variants are exploratory and unreliable with five topics; agreement does not establish coverage; nonsignificance is not equivalence. BCa and percentile disagree materially: interval inference is not trustworthy here. Minimum attainable two-sided p=0.0625 exceeds 0.05 for 5 nonzero pairs.,5.0,-0.391626609891968,-0.5125067798420092,-0.21443167588457146,-0.496890143471171,-0.13746598258132306,OBSERVED,,MATERIAL,0.0769656933032484,-0.47069116360454943,-0.05415968732551647,-0.564625850340136,-0.41381668946648426,-0.45483965872315385,10000.0,20260907.0,0.0625,0.0625,0.0625
recall_at_1000,seed_similarity,explore_10,5,,OBSERVED,5,Exact sign-flip is primary. Both bootstrap variants are exploratory and unreliable with five topics; agreement does not establish coverage; nonsignificance is not equivalence. Minimum attainable two-sided p=0.0625 exceeds 0.05 for 5 nonzero pairs.,5.0,-0.37022967534603035,-0.5046869141357331,-0.188765862072684,-0.4869302246931856,-0.17100917263013654,OBSERVED,,BELOW_DIAGNOSTIC_THRESHOLD,0.01775668944254749,-0.46019247594050744,-0.03740926856504746,-0.5714285714285714,-0.37140902872777015,-0.4107090320682554,10000.0,20260907.0,0.0625,0.0625,0.0625
recall_at_1000,frozen_svm,uncertainty,5,,OBSERVED,5,Exact sign-flip is primary. Both bootstrap variants are exploratory and unreliable with five topics; agreement does not establish coverage; nonsignificance is not equivalence. Minimum attainable two-sided p=0.0625 exceeds 0.05 for 5 nonzero pairs.,5.0,-0.23295999216466975,-0.40991018135943397,-0.07653315823291917,-0.4401665714201203,-0.08903083901051972,OBSERVED,,BELOW_DIAGNOSTIC_THRESHOLD,0.03025639006068631,-0.29308836395450566,0.021376724894312835,-0.5782312925170068,-0.17305061559507523,-0.14180641365107385,10000.0,20260907.0,0.125,0.125,0.0625
recall_at_1000,frozen_svm,auto_tar,5,,OBSERVED,5,Exact sign-flip is primary. Both bootstrap variants are exploratory and unreliable with five topics; agreement does not establish coverage; nonsignificance is not equivalence. Minimum attainable two-sided p=0.0625 exceeds 0.05 for 5 nonzero pairs.,5.0,-0.38704685018539736,-0.5133680664942346,-0.2253396178555958,-0.494474138280313,-0.2082129100325417,OBSERVED,,BELOW_DIAGNOSTIC_THRESHOLD,0.018893928213921607,-0.4409448818897638,-0.08391162160006381,-0.5782312925170068,-0.39466484268125857,-0.4374816122388938,10000.0,20260907.0,0.0625,0.0625,0.0625
recall_at_1000,frozen_svm,fixed_20,5,,OBSERVED,5,Exact sign-flip is primary. Both bootstrap variants are exploratory and unreliable with five topics; agreement does not establish coverage; nonsignificance is not equivalence. Minimum attainable two-sided p=0.0625 exceeds 0.05 for 5 nonzero pairs.,5.0,-0.3867707218486055,-0.5110893969991097,-0.22641914091394502,-0.49268832569803445,-0.20860297841235365,OBSERVED,,BELOW_DIAGNOSTIC_THRESHOLD,0.018401071301075267,-0.4444444444444444,-0.08319374651032943,-0.5714285714285714,-0.3967168262653899,-0.43807002059429245,10000.0,20260907.0,0.0625,0.0625,0.0625
recall_at_1000,frozen_svm,explore_10,5,,OBSERVED,5,Exact sign-flip is primary. Both bootstrap variants are exploratory and unreliable with five topics; agreement does not establish coverage; nonsignificance is not equivalence. Minimum attainable two-sided p=0.0625 exceeds 0.05 for 5 nonzero pairs.,5.0,-0.3653737873026679,-0.496588487403418,-0.1975169811113319,-0.48365869850684245,-0.18951570854313018,OBSERVED,,BELOW_DIAGNOSTIC_THRESHOLD,0.012929788896575534,-0.4339457567804024,-0.0664433277498604,-0.5782312925170068,-0.3543091655266758,-0.3939393939393939,10000.0,20260907.0,0.0625,0.0625,0.0625
recall_at_1000,uncertainty,auto_tar,5,,OBSERVED,5,Exact sign-flip is primary. Both bootstrap variants are exploratory and unreliable with five topics; agreement does not establish coverage; nonsignificance is not equivalence. Minimum attainable two-sided p=0.125 exceeds 0.05 for 4 nonzero pairs.,4.0,-0.1540868580207276,-0.23654772632679516,-0.06538051471611199,-0.23654772632679522,-0.06538051471611199,OBSERVED,,BELOW_DIAGNOSTIC_THRESHOLD,5.551115123125783e-17,-0.14785651793525809,-0.10528834649437664,0.0,-0.2216142270861833,-0.29567519858781993,10000.0,20260907.0,0.125,0.125,0.125
recall_at_1000,uncertainty,fixed_20,5,,OBSERVED,5,Exact sign-flip is primary. Both bootstrap variants are exploratory and unreliable with five topics; agreement does not establish coverage; nonsignificance is not equivalence. Minimum attainable two-sided p=0.0625 exceeds 0.05 for 5 nonzero pairs.,5.0,-0.15381072968393578,-0.2434055005809225,-0.06156570376193016,-0.23824314314340103,-0.0600211944074112,OBSERVED,,BELOW_DIAGNOSTIC_THRESHOLD,0.00516235743752147,-0.15135608048993876,-0.10457047140464226,0.006802721088435374,-0.22366621067031464,-0.29626360694321857,10000.0,20260907.0,0.125,0.125,0.0625
recall_at_1000,uncertainty,explore_10,5,,OBSERVED,5,Exact sign-flip is primary. Both bootstrap variants are exploratory and unreliable with five topics; agreement does not establish coverage; nonsignificance is not equivalence. Minimum attainable two-sided p=0.125 exceeds 0.05 for 4 nonzero pairs.,4.0,-0.13241379513799814,-0.20509550868814683,-0.05381572051515475,-0.20152809065314764,-0.05269203158650396,OBSERVED,,BELOW_DIAGNOSTIC_THRESHOLD,0.003567418034999187,-0.14085739282589677,-0.08782005264417325,0.0,-0.18125854993160054,-0.2521329802883201,10000.0,20260907.0,0.125,0.125,0.125
recall_at_1000,auto_tar,fixed_20,5,,OBSERVED,5,Exact sign-flip is primary. Both bootstrap variants are exploratory and unreliable with five topics; agreement does not establish coverage; nonsignificance is not equivalence. Minimum attainable two-sided p=0.0625 exceeds 0.05 for 5 nonzero pairs.,5.0,0.00027612833679182435,-0.002366559231687787,0.003814810954181836,-0.0020455850808579904,0.0050317801539220336,OBSERVED,,BELOW_DIAGNOSTIC_THRESHOLD,0.0012169691997401975,-0.003499562554680665,0.0007178750897343862,0.006802721088435374,-0.002051983584131327,-0.0005884083553986466,10000.0,20260907.0,0.875,1.0,0.0625
recall_at_1000,auto_tar,explore_10,5,,OBSERVED,5,Exact sign-flip is primary. Both bootstrap variants are exploratory and unreliable with five topics; agreement does not establish coverage; nonsignificance is not equivalence. Minimum attainable two-sided p=0.125 exceeds 0.05 for 4 nonzero pairs.,4.0,0.02167306288272947,0.006293308813785212,0.03705281695167373,0.007693133835657477,0.03705281695167373,OBSERVED,,BELOW_DIAGNOSTIC_THRESHOLD,0.0013998250218722648,0.00699912510936133,0.017468293850203397,0.0,0.04035567715458276,0.043542218299499856,10000.0,20260907.0,0.125,0.125,0.125
recall_at_1000,fixed_20,explore_10,5,,OBSERVED,5,Exact sign-flip is primary. Both bootstrap variants are exploratory and unreliable with five topics; agreement does not establish coverage; nonsignificance is not equivalence. Minimum attainable two-sided p=0.0625 exceeds 0.05 for 5 nonzero pairs.,5.0,0.021396934545937645,0.00482847038233645,0.03796539870953884,0.003578124163051047,0.03762080552630196,OBSERVED,,BELOW_DIAGNOSTIC_THRESHOLD,0.0012503462192854035,0.010498687664041995,0.01675041876046901,-0.006802721088435374,0.04240766073871409,0.0441306266548985,10000.0,20260907.0,0.125,0.125,0.0625
recall_at_1R_plus_0,random,seed_similarity,5,,OBSERVED,5,Exact sign-flip is primary. Both bootstrap variants are exploratory and unreliable with five topics; agreement does not establish coverage; nonsignificance is not equivalence. Minimum attainable two-sided p=0.125 exceeds 0.05 for 4 nonzero pairs.,4.0,-0.19547696416159233,-0.28489585781157933,-0.09700566760146465,-0.28343022885291624,-0.0773303003337668,OBSERVED,,BELOW_DIAGNOSTIC_THRESHOLD,0.01967536726769785,-0.24934383202099739,-0.34138948711813033,0.0,-0.1436388508891929,-0.24301265077964107,10000.0,20260907.0,0.125,0.125,0.125
recall_at_1R_plus_0,random,frozen_svm,5,,OBSERVED,5,Exact sign-flip is primary. Both bootstrap variants are exploratory and unreliable with five topics; agreement does not establish coverage; nonsignificance is not equivalence. Minimum attainable two-sided p=0.0625 exceeds 0.05 for 5 nonzero pairs.,5.0,-0.1868960068822518,-0.25743447390387075,-0.09053195837329012,-0.24479966267976386,-0.058104724678927175,OBSERVED,,BELOW_DIAGNOSTIC_THRESHOLD,0.03242723369436294,-0.2642169728783902,-0.2321129456807849,-0.006802721088435374,-0.16803465572275422,-0.26331273904089436,10000.0,20260907.0,0.0625,0.0625,0.0625
recall_at_1R_plus_0,random,uncertainty,5,,OBSERVED,5,Exact sign-flip is primary. Both bootstrap variants are exploratory and unreliable with five topics; agreement does not establish coverage; nonsignificance is not equivalence. Minimum attainable two-sided p=0.0625 exceeds 0.05 for 5 nonzero pairs.,5.0,-0.3359819433532508,-0.43971913900234866,-0.2218457091846906,-0.4395346476274412,-0.22166121780978307,OBSERVED,,BELOW_DIAGNOSTIC_THRESHOLD,0.00018449137490753054,-0.4540682414698163,-0.20938023450586266,-0.1564625850340136,-0.43046055631554947,-0.42953809944101207,10000.0,20260907.0,0.0625,0.0625,0.0625
recall_at_1R_plus_0,random,auto_tar,5,,OBSERVED,5,Exact sign-flip is primary. Both bootstrap variants are exploratory and unreliable with five topics; agreement does not establish coverage; nonsignificance is not equivalence. BCa and percentile disagree materially: interval inference is not trustworthy here. Minimum attainable two-sided p=0.0625 exceeds 0.05 for 5 nonzero pairs.,5.0,-0.5820391920163651,-0.7094006530635306,-0.36689732910860606,-0.7006363558848802,-0.2645225532073294,OBSERVED,,MATERIAL,0.10237477590127664,-0.6342957130358705,-0.6918720587062296,-0.1564625850340136,-0.6967624259005928,-0.7308031774051191,10000.0,20260907.0,0.0625,0.0625,0.0625
recall_at_1R_plus_0,random,fixed_20,5,,OBSERVED,5,Exact sign-flip is primary. Both bootstrap variants are exploratory and unreliable with five topics; agreement does not establish coverage; nonsignificance is not equivalence. BCa and percentile disagree materially: interval inference is not trustworthy here. Minimum attainable two-sided p=0.0625 exceeds 0.05 for 5 nonzero pairs.,5.0,-0.5757287901822394,-0.7187983444183761,-0.3291825786938655,-0.7111781744882968,-0.21046558158146983,OBSERVED,,MATERIAL,0.1187169971123957,-0.6439195100612424,-0.7110153944324799,-0.08843537414965986,-0.6985864113087096,-0.7366872609591056,10000.0,20260907.0,0.0625,0.0625,0.0625
recall_at_1R_plus_0,random,explore_10,5,,OBSERVED,5,Exact sign-flip is primary. Both bootstrap variants are exploratory and unreliable with five topics; agreement does not establish coverage; nonsignificance is not equivalence. BCa and percentile disagree materially: interval inference is not trustworthy here. Minimum attainable two-sided p=0.0625 exceeds 0.05 for 5 nonzero pairs.,5.0,-0.5604000089909182,-0.6798348362062635,-0.35716218236558533,-0.6717457506982945,-0.25898198475370043,OBSERVED,,MATERIAL,0.0981801976118849,-0.615923009623797,-0.669059583632448,-0.1564625850340136,-0.6600547195622435,-0.7005001471020889,10000.0,20260907.0,0.0625,0.0625,0.0625
recall_at_1R_plus_0,seed_similarity,frozen_svm,5,,OBSERVED,5,Exact sign-flip is primary. Both bootstrap variants are exploratory and unreliable with five topics; agreement does not establish coverage; nonsignificance is not equivalence. BCa and percentile disagree materially: interval inference is not trustworthy here. Minimum attainable two-sided p=0.0625 exceeds 0.05 for 5 nonzero pairs.,5.0,0.008580957279340523,-0.020852985409404425,0.06014536299246953,-0.01894845261417072,0.0844466049783978,OBSERVED,,MATERIAL,0.02430124198592827,-0.014873140857392825,0.10927654143734546,-0.006802721088435374,-0.02439580483356133,-0.02030008826125331,10000.0,20260907.0,1.0,0.625,0.0625
recall_at_1R_plus_0,seed_similarity,uncertainty,5,,OBSERVED,5,Exact sign-flip is primary. Both bootstrap variants are exploratory and unreliable with five topics; agreement does not establish coverage; nonsignificance is not equivalence. Minimum attainable two-sided p=0.0625 exceeds 0.05 for 5 nonzero pairs.,5.0,-0.14050497919165847,-0.24433042215238046,0.004595372102812206,-0.22791096295687296,0.04824306100454282,OBSERVED,,BELOW_DIAGNOSTIC_THRESHOLD,0.04364768890173062,-0.2047244094488189,0.13200925261226767,-0.1564625850340136,-0.2868217054263566,-0.186525448661371,10000.0,20260907.0,0.125,0.125,0.0625
recall_at_1R_plus_0,seed_similarity,auto_tar,5,,OBSERVED,5,Exact sign-flip is primary. Both bootstrap variants are exploratory and unreliable with five topics; agreement does not establish coverage; nonsignificance is not equivalence. Minimum attainable two-sided p=0.0625 exceeds 0.05 for 5 nonzero pairs.,5.0,-0.3865622278547728,-0.4995287646495553,-0.2615321706631236,-0.486462154972371,-0.2409644415410026,OBSERVED,,BELOW_DIAGNOSTIC_THRESHOLD,0.020567729122121015,-0.38495188101487315,-0.3504825715880992,-0.1564625850340136,-0.5531235750113999,-0.48779052662547806,10000.0,20260907.0,0.0625,0.0625,0.0625
recall_at_1R_plus_0,seed_similarity,fixed_20,5,,OBSERVED,5,Exact sign-flip is primary. Both bootstrap variants are exploratory and unreliable with five topics; agreement does not establish coverage; nonsignificance is not equivalence. Minimum attainable two-sided p=0.0625 exceeds 0.05 for 5 nonzero pairs.,5.0,-0.3802518260206471,-0.5056286397504728,-0.23071128213373782,-0.4861094137996311,-0.20091158741553572,OBSERVED,,BELOW_DIAGNOSTIC_THRESHOLD,0.029799694718202097,-0.39457567804024496,-0.3696259073143495,-0.08843537414965986,-0.5549475604195167,-0.49367461017946457,10000.0,20260907.0,0.0625,0.0625,0.0625
recall_at_1R_plus_0,seed_similarity,explore_10,5,,OBSERVED,5,Exact sign-flip is primary. Both bootstrap variants are exploratory and unreliable with five topics; agreement does not establish coverage; nonsignificance is not equivalence. Minimum attainable two-sided p=0.0625 exceeds 0.05 for 5 nonzero pairs.,5.0,-0.36492304482932586,-0.46688103977118345,-0.25849634040001807,-0.45748749632244773,-0.23272740584383164,OBSERVED,,BELOW_DIAGNOSTIC_THRESHOLD,0.025768934556186424,-0.3665791776027997,-0.3276700965143176,-0.1564625850340136,-0.5164158686730507,-0.4574874963224478,10000.0,20260907.0,0.0625,0.0625,0.0625
recall_at_1R_plus_0,frozen_svm,uncertainty,5,,OBSERVED,5,Exact sign-flip is primary. Both bootstrap variants are exploratory and unreliable with five topics; agreement does not establish coverage; nonsignificance is not equivalence. Minimum attainable two-sided p=0.0625 exceeds 0.05 for 5 nonzero pairs.,5.0,-0.149085936470999,-0.22394568451572422,-0.054262599802447534,-0.21084284046280416,-0.04622431887327795,OBSERVED,,BELOW_DIAGNOSTIC_THRESHOLD,0.01310284405292006,-0.18985126859142606,0.02273271117492223,-0.14965986394557823,-0.26242590059279525,-0.16622536040011768,10000.0,20260907.0,0.125,0.125,0.0625
recall_at_1R_plus_0,frozen_svm,auto_tar,5,,OBSERVED,5,Exact sign-flip is primary. Both bootstrap variants are exploratory and unreliable with five topics; agreement does not establish coverage; nonsignificance is not equivalence. Minimum attainable two-sided p=0.0625 exceeds 0.05 for 5 nonzero pairs.,5.0,-0.39514318513411334,-0.4904391060219143,-0.26955722043441066,-0.47819163965919154,-0.22547344519203025,OBSERVED,,BELOW_DIAGNOSTIC_THRESHOLD,0.04408377524238041,-0.3700787401574803,-0.4597591130254447,-0.14965986394557823,-0.5287277701778386,-0.46749043836422477,10000.0,20260907.0,0.0625,0.0625,0.0625
recall_at_1R_plus_0,frozen_svm,fixed_20,5,,OBSERVED,5,Exact sign-flip is primary. Both bootstrap variants are exploratory and unreliable with five topics; agreement does not establish coverage; nonsignificance is not equivalence. BCa and percentile disagree materially: interval inference is not trustworthy here. Minimum attainable two-sided p=0.0625 exceeds 0.05 for 5 nonzero pairs.,5.0,-0.38883278329998766,-0.49845658611870236,-0.23103045039049622,-0.48591555401845676,-0.16108661219931858,OBSERVED,,MATERIAL,0.06994383819117764,-0.37970253718285213,-0.47890244875169496,-0.08163265306122448,-0.5305517555859554,-0.4733745219182112,10000.0,20260907.0,0.0625,0.0625,0.0625
recall_at_1R_plus_0,frozen_svm,explore_10,5,,OBSERVED,5,Exact sign-flip is primary. Both bootstrap variants are exploratory and unreliable with five topics; agreement does not establish coverage; nonsignificance is not equivalence. BCa and percentile disagree materially: interval inference is not trustworthy here. Minimum attainable two-sided p=0.0625 exceeds 0.05 for 5 nonzero pairs.,5.0,-0.37350400210866636,-0.4590723163506061,-0.25854113848432614,-0.44805763117304087,-0.20716537276870145,OBSERVED,,MATERIAL,0.05137576571562469,-0.35170603674540685,-0.43694663795166305,-0.14965986394557823,-0.49202006383948926,-0.4371874080611945,10000.0,20260907.0,0.0625,0.0625,0.0625
recall_at_1R_plus_0,uncertainty,auto_tar,5,,OBSERVED,5,Exact sign-flip is primary. Both bootstrap variants are exploratory and unreliable with five topics; agreement does not establish coverage; nonsignificance is not equivalence. Minimum attainable two-sided p=0.125 exceeds 0.05 for 4 nonzero pairs.,4.0,-0.24605724866311432,-0.3857936044262524,-0.10652074783401733,-0.3857936044262523,-0.09649836484007338,OBSERVED,,BELOW_DIAGNOSTIC_THRESHOLD,0.010022382993943951,-0.18022747156605423,-0.4824918242003669,0.0,-0.2663018695850433,-0.30126507796410706,10000.0,20260907.0,0.125,0.125,0.125
recall_at_1R_plus_0,uncertainty,fixed_20,5,,OBSERVED,5,Exact sign-flip is primary. Both bootstrap variants are exploratory and unreliable with five topics; agreement does not establish coverage; nonsignificance is not equivalence. Minimum attainable two-sided p=0.0625 exceeds 0.05 for 5 nonzero pairs.,5.0,-0.23974684682898864,-0.39257652067288756,-0.07423867677163846,-0.3925765206728875,-0.06643401546665176,OBSERVED,,BELOW_DIAGNOSTIC_THRESHOLD,0.007804661304986707,-0.18985126859142606,-0.5016351599266172,0.06802721088435375,-0.26812585499316005,-0.30714916151809357,10000.0,20260907.0,0.125,0.125,0.0625
recall_at_1R_plus_0,uncertainty,explore_10,5,,OBSERVED,5,Exact sign-flip is primary. Both bootstrap variants are exploratory and unreliable with five topics; agreement does not establish coverage; nonsignificance is not equivalence. Minimum attainable two-sided p=0.125 exceeds 0.05 for 4 nonzero pairs.,4.0,-0.22441806563766736,-0.3623709726389627,-0.09193586982531707,-0.3623709726389627,-0.09711286089238845,OBSERVED,,BELOW_DIAGNOSTIC_THRESHOLD,0.005176991067071382,-0.16185476815398075,-0.4596793491265853,0.0,-0.22959416324669402,-0.2709620476610768,10000.0,20260907.0,0.125,0.125,0.125
recall_at_1R_plus_0,auto_tar,fixed_20,5,,OBSERVED,5,Exact sign-flip is primary. Both bootstrap variants are exploratory and unreliable with five topics; agreement does not establish coverage; nonsignificance is not equivalence. BCa and percentile disagree materially: interval inference is not trustworthy here. Minimum attainable two-sided p=0.0625 exceeds 0.05 for 5 nonzero pairs.,5.0,0.006310401834125683,-0.013775557922447893,0.037714750414740594,-0.011871650182272198,0.05059310156223294,OBSERVED,,MATERIAL,0.012878351147492348,-0.009623797025371828,-0.0191433357262503,0.06802721088435375,-0.001823985408116735,-0.005884083553986467,10000.0,20260907.0,1.0,0.625,0.0625
recall_at_1R_plus_0,auto_tar,explore_10,5,,OBSERVED,5,Exact sign-flip is primary. Both bootstrap variants are exploratory and unreliable with five topics; agreement does not establish coverage; nonsignificance is not equivalence. Minimum attainable two-sided p=0.125 exceeds 0.05 for 4 nonzero pairs.,4.0,0.02163918302544694,0.00973514674302076,0.03136678967130817,0.008237035697171019,0.030478835338966538,OBSERVED,,BELOW_DIAGNOSTIC_THRESHOLD,0.0014981110458497406,0.01837270341207349,0.022812475073781608,0.0,0.03670770633834929,0.030303030303030304,10000.0,20260907.0,0.125,0.125,0.125
recall_at_1R_plus_0,fixed_20,explore_10,5,,OBSERVED,5,Exact sign-flip is primary. Both bootstrap variants are exploratory and unreliable with five topics; agreement does not establish coverage; nonsignificance is not equivalence. BCa and percentile disagree materially: interval inference is not trustworthy here. Minimum attainable two-sided p=0.0625 exceeds 0.05 for 5 nonzero pairs.,5.0,0.015328781191321257,-0.027510688093829977,0.03943242379000253,-0.04718434593607964,0.03806277616857617,OBSERVED,,MATERIAL,0.019673657842249663,0.02799650043744532,0.041955810800031905,-0.06802721088435375,0.03853169174646603,0.03618711385701677,10000.0,20260907.0,0.5,0.625,0.0625
recall_at_1R_plus_100,random,seed_similarity,5,,OBSERVED,5,Exact sign-flip is primary. Both bootstrap variants are exploratory and unreliable with five topics; agreement does not establish coverage; nonsignificance is not equivalence. Minimum attainable two-sided p=0.0625 exceeds 0.05 for 5 nonzero pairs.,5.0,-0.21589711704285977,-0.2994191641455942,-0.1302295882645357,-0.2945557605970749,-0.11334606298850747,OBSERVED,,BELOW_DIAGNOSTIC_THRESHOLD,0.01688352527602824,-0.2782152230971129,-0.34338358458961477,-0.05442176870748299,-0.14956680346557227,-0.253898205354516,10000.0,20260907.0,0.0625,0.0625,0.0625
recall_at_1R_plus_100,random,frozen_svm,5,,OBSERVED,5,Exact sign-flip is primary. Both bootstrap variants are exploratory and unreliable with five topics; agreement does not establish coverage; nonsignificance is not equivalence. Minimum attainable two-sided p=0.0625 exceeds 0.05 for 5 nonzero pairs.,5.0,-0.20946217632220973,-0.272027296911215,-0.13757748231441752,-0.2628901532450513,-0.1267513230215151,OBSERVED,,BELOW_DIAGNOSTIC_THRESHOLD,0.010826159292902426,-0.2878390201224847,-0.2337082236579724,-0.07482993197278912,-0.17555859553123576,-0.27537511032656664,10000.0,20260907.0,0.0625,0.0625,0.0625
recall_at_1R_plus_100,random,uncertainty,5,,OBSERVED,5,Exact sign-flip is primary. Both bootstrap variants are exploratory and unreliable with five topics; agreement does not establish coverage; nonsignificance is not equivalence. Minimum attainable two-sided p=0.0625 exceeds 0.05 for 5 nonzero pairs.,5.0,-0.3764906204599534,-0.4865012827233907,-0.26407738741166675,-0.4847606887046301,-0.2623367933929061,OBSERVED,,BELOW_DIAGNOSTIC_THRESHOLD,0.001740594018760644,-0.5345581802274716,-0.21057669298875328,-0.23129251700680273,-0.4573643410852713,-0.4486613709914681,10000.0,20260907.0,0.0625,0.0625,0.0625
recall_at_1R_plus_100,random,auto_tar,5,,OBSERVED,5,Exact sign-flip is primary. Both bootstrap variants are exploratory and unreliable with five topics; agreement does not establish coverage; nonsignificance is not equivalence. BCa and percentile disagree materially: interval inference is not trustworthy here. Minimum attainable two-sided p=0.0625 exceeds 0.05 for 5 nonzero pairs.,5.0,-0.6197425362058776,-0.7345073701621366,-0.4179835044141922,-0.7270679486536782,-0.32354988507030724,OBSERVED,,MATERIAL,0.09443361934388494,-0.7007874015748031,-0.6966578926377921,-0.22448979591836735,-0.7197902416780666,-0.7569873492203589,10000.0,20260907.0,0.0625,0.0625,0.0625
recall_at_1R_plus_100,random,fixed_20,5,,OBSERVED,5,Exact sign-flip is primary. Both bootstrap variants are exploratory and unreliable with five topics; agreement does not establish coverage; nonsignificance is not equivalence. BCa and percentile disagree materially: interval inference is not trustworthy here. Minimum attainable two-sided p=0.0625 exceeds 0.05 for 5 nonzero pairs.,5.0,-0.6303266845208826,-0.7424507254178507,-0.43034177841312926,-0.7373326032329688,-0.34287395452444,OBSERVED,,MATERIAL,0.08746782388868923,-0.7121609798775154,-0.7141261864879955,-0.23809523809523808,-0.7252621979024167,-0.7619888202412475,10000.0,20260907.0,0.0625,0.0625,0.0625
recall_at_1R_plus_100,random,explore_10,5,,OBSERVED,5,Exact sign-flip is primary. Both bootstrap variants are exploratory and unreliable with five topics; agreement does not establish coverage; nonsignificance is not equivalence. BCa and percentile disagree materially: interval inference is not trustworthy here. Minimum attainable two-sided p=0.0625 exceeds 0.05 for 5 nonzero pairs.,5.0,-0.5990945520866591,-0.7082229440990604,-0.40835966932704837,-0.7000540271957724,-0.31642473262270787,OBSERVED,,MATERIAL,0.0919349367043405,-0.68416447944007,-0.6733668341708543,-0.22448979591836735,-0.6855905152758778,-0.7278611356281259,10000.0,20260907.0,0.0625,0.0625,0.0625
recall_at_1R_plus_100,seed_similarity,frozen_svm,5,,OBSERVED,5,Exact sign-flip is primary. Both bootstrap variants are exploratory and unreliable with five topics; agreement does not establish coverage; nonsignificance is not equivalence. BCa and percentile disagree materially: interval inference is not trustworthy here. Minimum attainable two-sided p=0.0625 exceeds 0.05 for 5 nonzero pairs.,5.0,0.006434940720650062,-0.023069111468146854,0.05868209874077834,-0.021738637366726488,0.08365865609225263,OBSERVED,,MATERIAL,0.02497655735147429,-0.009623797025371828,0.10967536093164233,-0.02040816326530612,-0.025991792065663474,-0.021476904972050605,10000.0,20260907.0,1.0,0.625,0.0625
recall_at_1R_plus_100,seed_similarity,uncertainty,5,,OBSERVED,5,Exact sign-flip is primary. Both bootstrap variants are exploratory and unreliable with five topics; agreement does not establish coverage; nonsignificance is not equivalence. BCa and percentile disagree materially: interval inference is not trustworthy here. Minimum attainable two-sided p=0.0625 exceeds 0.05 for 5 nonzero pairs.,5.0,-0.1605935034170936,-0.2713212636577551,-0.006958606125418815,-0.2554268218915473,0.04468600575674936,OBSERVED,,MATERIAL,0.05164461188216817,-0.2563429571303587,0.13280689160086145,-0.17687074829931973,-0.307797537619699,-0.19476316563695203,10000.0,20260907.0,0.125,0.125,0.0625
recall_at_1R_plus_100,seed_similarity,auto_tar,5,,OBSERVED,5,Exact sign-flip is primary. Both bootstrap variants are exploratory and unreliable with five topics; agreement does not establish coverage; nonsignificance is not equivalence. Minimum attainable two-sided p=0.0625 exceeds 0.05 for 5 nonzero pairs.,5.0,-0.40384541916301786,-0.5138394685268729,-0.2733135067093347,-0.49997989444097035,-0.2572101136317041,OBSERVED,,BELOW_DIAGNOSTIC_THRESHOLD,0.01610339307763059,-0.4225721784776903,-0.3532743080481774,-0.17006802721088435,-0.5702234382124943,-0.5030891438658429,10000.0,20260907.0,0.0625,0.0625,0.0625
recall_at_1R_plus_100,seed_similarity,fixed_20,5,,OBSERVED,5,Exact sign-flip is primary. Both bootstrap variants are exploratory and unreliable with five topics; agreement does not establish coverage; nonsignificance is not equivalence. Minimum attainable two-sided p=0.0625 exceeds 0.05 for 5 nonzero pairs.,5.0,-0.41442956747802284,-0.5211838800191291,-0.2859707249896755,-0.5189955393742676,-0.2711417533684097,OBSERVED,,BELOW_DIAGNOSTIC_THRESHOLD,0.01482897162126584,-0.4339457567804024,-0.3707426018983808,-0.1836734693877551,-0.5756953944368445,-0.5080906148867314,10000.0,20260907.0,0.0625,0.0625,0.0625
recall_at_1R_plus_100,seed_similarity,explore_10,5,,OBSERVED,5,Exact sign-flip is primary. Both bootstrap variants are exploratory and unreliable with five topics; agreement does not establish coverage; nonsignificance is not equivalence. Minimum attainable two-sided p=0.0625 exceeds 0.05 for 5 nonzero pairs.,5.0,-0.3831974350437993,-0.48518450810215763,-0.2644205188637135,-0.47277235179481847,-0.24922731751136995,OBSERVED,,BELOW_DIAGNOSTIC_THRESHOLD,0.015193201352343533,-0.40594925634295714,-0.32998324958123953,-0.17006802721088435,-0.5360237118103055,-0.47396293027360986,10000.0,20260907.0,0.0625,0.0625,0.0625
recall_at_1R_plus_100,frozen_svm,uncertainty,5,,OBSERVED,5,Exact sign-flip is primary. Both bootstrap variants are exploratory and unreliable with five topics; agreement does not establish coverage; nonsignificance is not equivalence. Minimum attainable two-sided p=0.0625 exceeds 0.05 for 5 nonzero pairs.,5.0,-0.16702844413774368,-0.24971979636022143,-0.06675743062626863,-0.23904989730677956,-0.05207085073825153,OBSERVED,,BELOW_DIAGNOSTIC_THRESHOLD,0.014686579888017096,-0.24671916010498687,0.02313153066921911,-0.1564625850340136,-0.2818057455540356,-0.17328626066490144,10000.0,20260907.0,0.125,0.125,0.0625
recall_at_1R_plus_100,frozen_svm,auto_tar,5,,OBSERVED,5,Exact sign-flip is primary. Both bootstrap variants are exploratory and unreliable with five topics; agreement does not establish coverage; nonsignificance is not equivalence. BCa and percentile disagree materially: interval inference is not trustworthy here. Minimum attainable two-sided p=0.0625 exceeds 0.05 for 5 nonzero pairs.,5.0,-0.4102803598836679,-0.5054511117573206,-0.27497578595927485,-0.49292723030671287,-0.21605033893522102,OBSERVED,,MATERIAL,0.058925447024053834,-0.41294838145231844,-0.4629496689798197,-0.14965986394557823,-0.5442316461468308,-0.4816122388937923,10000.0,20260907.0,0.0625,0.0625,0.0625
recall_at_1R_plus_100,frozen_svm,fixed_20,5,,OBSERVED,5,Exact sign-flip is primary. Both bootstrap variants are exploratory and unreliable with five topics; agreement does not establish coverage; nonsignificance is not equivalence. Minimum attainable two-sided p=0.0625 exceeds 0.05 for 5 nonzero pairs.,5.0,-0.42086450819867294,-0.5118496668972808,-0.29136551822241014,-0.4993913168653508,-0.24055296537219534,OBSERVED,,BELOW_DIAGNOSTIC_THRESHOLD,0.0508125528502148,-0.4243219597550306,-0.48041796283002314,-0.16326530612244897,-0.549703602371181,-0.4866137099146808,10000.0,20260907.0,0.0625,0.0625,0.0625
recall_at_1R_plus_100,frozen_svm,explore_10,5,,OBSERVED,5,Exact sign-flip is primary. Both bootstrap variants are exploratory and unreliable with five topics; agreement does not establish coverage; nonsignificance is not equivalence. BCa and percentile disagree materially: interval inference is not trustworthy here. Minimum attainable two-sided p=0.0625 exceeds 0.05 for 5 nonzero pairs.,5.0,-0.38963237576444937,-0.47550438307879245,-0.2682248455302351,-0.46427226988199755,-0.21022509621677443,OBSERVED,,MATERIAL,0.05799974931346069,-0.3963254593175853,-0.43965861051288185,-0.14965986394557823,-0.510031919744642,-0.4524860253015593,10000.0,20260907.0,0.0625,0.0625,0.0625
recall_at_1R_plus_100,uncertainty,auto_tar,5,,OBSERVED,5,Exact sign-flip is primary. Both bootstrap variants are exploratory and unreliable with five topics; agreement does not establish coverage; nonsignificance is not equivalence. Minimum attainable two-sided p=0.0625 exceeds 0.05 for 5 nonzero pairs.,5.0,-0.24325191574592422,-0.37942806679695,-0.0970164443730248,-0.37942806679694996,-0.0970164443730248,OBSERVED,,BELOW_DIAGNOSTIC_THRESHOLD,5.551115123125783e-17,-0.1662292213473316,-0.48608119964903884,0.006802721088435374,-0.26242590059279525,-0.30832597822889085,10000.0,20260907.0,0.125,0.125,0.0625
recall_at_1R_plus_100,uncertainty,fixed_20,5,,OBSERVED,5,Exact sign-flip is primary. Both bootstrap variants are exploratory and unreliable with five topics; agreement does not establish coverage; nonsignificance is not equivalence. Minimum attainable two-sided p=0.0625 exceeds 0.05 for 5 nonzero pairs.,5.0,-0.25383606406092923,-0.39122982739298323,-0.11124077537991942,-0.38941626694956455,-0.10615207557059676,OBSERVED,,BELOW_DIAGNOSTIC_THRESHOLD,0.005088699809322653,-0.17760279965004375,-0.5035494934992423,-0.006802721088435374,-0.26789785681714545,-0.31332744924977934,10000.0,20260907.0,0.0625,0.0625,0.0625
recall_at_1R_plus_100,uncertainty,explore_10,5,,OBSERVED,5,Exact sign-flip is primary. Both bootstrap variants are exploratory and unreliable with five topics; agreement does not establish coverage; nonsignificance is not equivalence. Minimum attainable two-sided p=0.0625 exceeds 0.05 for 5 nonzero pairs.,5.0,-0.22260393162670566,-0.36343529747911185,-0.08167958011679004,-0.36343529747911185,-0.08720883702318136,OBSERVED,,BELOW_DIAGNOSTIC_THRESHOLD,0.005529256906391319,-0.14960629921259844,-0.462790141182101,0.006802721088435374,-0.22822617419060648,-0.27919976463665785,10000.0,20260907.0,0.125,0.125,0.0625
recall_at_1R_plus_100,auto_tar,fixed_20,5,,OBSERVED,5,Exact sign-flip is primary. Both bootstrap variants are exploratory and unreliable with five topics; agreement does not establish coverage; nonsignificance is not equivalence. Minimum attainable two-sided p=0.0625 exceeds 0.05 for 5 nonzero pairs.,5.0,-0.010584148315005001,-0.014704210071372093,-0.006464086558637913,-0.015030407631206902,-0.006558183599330256,OBSERVED,,BELOW_DIAGNOSTIC_THRESHOLD,0.000326197559834809,-0.011373578302712161,-0.017468293850203397,-0.013605442176870748,-0.005471956224350205,-0.005001471020888497,10000.0,20260907.0,0.0625,0.0625,0.0625
recall_at_1R_plus_100,auto_tar,explore_10,5,,OBSERVED,5,Exact sign-flip is primary. Both bootstrap variants are exploratory and unreliable with five topics; agreement does not establish coverage; nonsignificance is not equivalence. Minimum attainable two-sided p=0.125 exceeds 0.05 for 4 nonzero pairs.,4.0,0.020647984119218563,0.009973753280839895,0.02998858769115629,0.007982796120334205,0.028973885129165135,OBSERVED,,BELOW_DIAGNOSTIC_THRESHOLD,0.00199095716050569,0.016622922134733157,0.023291058466937863,0.0,0.03419972640218878,0.02912621359223301,10000.0,20260907.0,0.125,0.125,0.125
recall_at_1R_plus_100,fixed_20,explore_10,5,,OBSERVED,5,Exact sign-flip is primary. Both bootstrap variants are exploratory and unreliable with five topics; agreement does not establish coverage; nonsignificance is not equivalence. Minimum attainable two-sided p=0.0625 exceeds 0.05 for 5 nonzero pairs.,5.0,0.031232132434223566,0.02181433915137105,0.038997950900096404,0.019361865481100575,0.0378891512974129,OBSERVED,,BELOW_DIAGNOSTIC_THRESHOLD,0.0024524736702704747,0.02799650043744532,0.04075935231714126,0.013605442176870748,0.03967168262653899,0.0341276846131215,10000.0,20260907.0,0.0625,0.0625,0.0625
recall_at_1R_plus_1000,random,seed_similarity,5,C15,NOT_COMPUTED_CENSORED,0,No inference on a complete-case subset; censored topics listed.,,,,,,,,,,,,,,,,,,,,
recall_at_1R_plus_1000,random,frozen_svm,5,C15,NOT_COMPUTED_CENSORED,0,No inference on a complete-case subset; censored topics listed.,,,,,,,,,,,,,,,,,,,,
recall_at_1R_plus_1000,random,uncertainty,5,C15,NOT_COMPUTED_CENSORED,0,No inference on a complete-case subset; censored topics listed.,,,,,,,,,,,,,,,,,,,,
recall_at_1R_plus_1000,random,auto_tar,5,C15,NOT_COMPUTED_CENSORED,0,No inference on a complete-case subset; censored topics listed.,,,,,,,,,,,,,,,,,,,,
recall_at_1R_plus_1000,random,fixed_20,5,C15,NOT_COMPUTED_CENSORED,0,No inference on a complete-case subset; censored topics listed.,,,,,,,,,,,,,,,,,,,,
recall_at_1R_plus_1000,random,explore_10,5,C15,NOT_COMPUTED_CENSORED,0,No inference on a complete-case subset; censored topics listed.,,,,,,,,,,,,,,,,,,,,
recall_at_1R_plus_1000,seed_similarity,frozen_svm,5,C15,NOT_COMPUTED_CENSORED,0,No inference on a complete-case subset; censored topics listed.,,,,,,,,,,,,,,,,,,,,
recall_at_1R_plus_1000,seed_similarity,uncertainty,5,C15,NOT_COMPUTED_CENSORED,0,No inference on a complete-case subset; censored topics listed.,,,,,,,,,,,,,,,,,,,,
recall_at_1R_plus_1000,seed_similarity,auto_tar,5,C15,NOT_COMPUTED_CENSORED,0,No inference on a complete-case subset; censored topics listed.,,,,,,,,,,,,,,,,,,,,
recall_at_1R_plus_1000,seed_similarity,fixed_20,5,C15,NOT_COMPUTED_CENSORED,0,No inference on a complete-case subset; censored topics listed.,,,,,,,,,,,,,,,,,,,,
recall_at_1R_plus_1000,seed_similarity,explore_10,5,C15,NOT_COMPUTED_CENSORED,0,No inference on a complete-case subset; censored topics listed.,,,,,,,,,,,,,,,,,,,,
recall_at_1R_plus_1000,frozen_svm,uncertainty,5,C15,NOT_COMPUTED_CENSORED,0,No inference on a complete-case subset; censored topics listed.,,,,,,,,,,,,,,,,,,,,
recall_at_1R_plus_1000,frozen_svm,auto_tar,5,C15,NOT_COMPUTED_CENSORED,0,No inference on a complete-case subset; censored topics listed.,,,,,,,,,,,,,,,,,,,,
recall_at_1R_plus_1000,frozen_svm,fixed_20,5,C15,NOT_COMPUTED_CENSORED,0,No inference on a complete-case subset; censored topics listed.,,,,,,,,,,,,,,,,,,,,
recall_at_1R_plus_1000,frozen_svm,explore_10,5,C15,NOT_COMPUTED_CENSORED,0,No inference on a complete-case subset; censored topics listed.,,,,,,,,,,,,,,,,,,,,
recall_at_1R_plus_1000,uncertainty,auto_tar,5,C15,NOT_COMPUTED_CENSORED,0,No inference on a complete-case subset; censored topics listed.,,,,,,,,,,,,,,,,,,,,
recall_at_1R_plus_1000,uncertainty,fixed_20,5,C15,NOT_COMPUTED_CENSORED,0,No inference on a complete-case subset; censored topics listed.,,,,,,,,,,,,,,,,,,,,
recall_at_1R_plus_1000,uncertainty,explore_10,5,C15,NOT_COMPUTED_CENSORED,0,No inference on a complete-case subset; censored topics listed.,,,,,,,,,,,,,,,,,,,,
recall_at_1R_plus_1000,auto_tar,fixed_20,5,C15,NOT_COMPUTED_CENSORED,0,No inference on a complete-case subset; censored topics listed.,,,,,,,,,,,,,,,,,,,,
recall_at_1R_plus_1000,auto_tar,explore_10,5,C15,NOT_COMPUTED_CENSORED,0,No inference on a complete-case subset; censored topics listed.,,,,,,,,,,,,,,,,,,,,
recall_at_1R_plus_1000,fixed_20,explore_10,5,C15,NOT_COMPUTED_CENSORED,0,No inference on a complete-case subset; censored topics listed.,,,,,,,,,,,,,,,,,,,,
recall_at_2R,random,seed_similarity,5,C15,NOT_COMPUTED_CENSORED,0,No inference on a complete-case subset; censored topics listed.,,,,,,,,,,,,,,,,,,,,
recall_at_2R,random,frozen_svm,5,C15,NOT_COMPUTED_CENSORED,0,No inference on a complete-case subset; censored topics listed.,,,,,,,,,,,,,,,,,,,,
recall_at_2R,random,uncertainty,5,C15,NOT_COMPUTED_CENSORED,0,No inference on a complete-case subset; censored topics listed.,,,,,,,,,,,,,,,,,,,,
recall_at_2R,random,auto_tar,5,C15,NOT_COMPUTED_CENSORED,0,No inference on a complete-case subset; censored topics listed.,,,,,,,,,,,,,,,,,,,,
recall_at_2R,random,fixed_20,5,C15,NOT_COMPUTED_CENSORED,0,No inference on a complete-case subset; censored topics listed.,,,,,,,,,,,,,,,,,,,,
recall_at_2R,random,explore_10,5,C15,NOT_COMPUTED_CENSORED,0,No inference on a complete-case subset; censored topics listed.,,,,,,,,,,,,,,,,,,,,
recall_at_2R,seed_similarity,frozen_svm,5,C15,NOT_COMPUTED_CENSORED,0,No inference on a complete-case subset; censored topics listed.,,,,,,,,,,,,,,,,,,,,
recall_at_2R,seed_similarity,uncertainty,5,C15,NOT_COMPUTED_CENSORED,0,No inference on a complete-case subset; censored topics listed.,,,,,,,,,,,,,,,,,,,,
recall_at_2R,seed_similarity,auto_tar,5,C15,NOT_COMPUTED_CENSORED,0,No inference on a complete-case subset; censored topics listed.,,,,,,,,,,,,,,,,,,,,
recall_at_2R,seed_similarity,fixed_20,5,C15,NOT_COMPUTED_CENSORED,0,No inference on a complete-case subset; censored topics listed.,,,,,,,,,,,,,,,,,,,,
recall_at_2R,seed_similarity,explore_10,5,C15,NOT_COMPUTED_CENSORED,0,No inference on a complete-case subset; censored topics listed.,,,,,,,,,,,,,,,,,,,,
recall_at_2R,frozen_svm,uncertainty,5,C15,NOT_COMPUTED_CENSORED,0,No inference on a complete-case subset; censored topics listed.,,,,,,,,,,,,,,,,,,,,
recall_at_2R,frozen_svm,auto_tar,5,C15,NOT_COMPUTED_CENSORED,0,No inference on a complete-case subset; censored topics listed.,,,,,,,,,,,,,,,,,,,,
recall_at_2R,frozen_svm,fixed_20,5,C15,NOT_COMPUTED_CENSORED,0,No inference on a complete-case subset; censored topics listed.,,,,,,,,,,,,,,,,,,,,
recall_at_2R,frozen_svm,explore_10,5,C15,NOT_COMPUTED_CENSORED,0,No inference on a complete-case subset; censored topics listed.,,,,,,,,,,,,,,,,,,,,
recall_at_2R,uncertainty,auto_tar,5,C15,NOT_COMPUTED_CENSORED,0,No inference on a complete-case subset; censored topics listed.,,,,,,,,,,,,,,,,,,,,
recall_at_2R,uncertainty,fixed_20,5,C15,NOT_COMPUTED_CENSORED,0,No inference on a complete-case subset; censored topics listed.,,,,,,,,,,,,,,,,,,,,
recall_at_2R,uncertainty,explore_10,5,C15,NOT_COMPUTED_CENSORED,0,No inference on a complete-case subset; censored topics listed.,,,,,,,,,,,,,,,,,,,,
recall_at_2R,auto_tar,fixed_20,5,C15,NOT_COMPUTED_CENSORED,0,No inference on a complete-case subset; censored topics listed.,,,,,,,,,,,,,,,,,,,,
recall_at_2R,auto_tar,explore_10,5,C15,NOT_COMPUTED_CENSORED,0,No inference on a complete-case subset; censored topics listed.,,,,,,,,,,,,,,,,,,,,
recall_at_2R,fixed_20,explore_10,5,C15,NOT_COMPUTED_CENSORED,0,No inference on a complete-case subset; censored topics listed.,,,,,,,,,,,,,,,,,,,,
recall_at_2R_plus_0,random,seed_similarity,5,C15,NOT_COMPUTED_CENSORED,0,No inference on a complete-case subset; censored topics listed.,,,,,,,,,,,,,,,,,,,,
recall_at_2R_plus_0,random,frozen_svm,5,C15,NOT_COMPUTED_CENSORED,0,No inference on a complete-case subset; censored topics listed.,,,,,,,,,,,,,,,,,,,,
recall_at_2R_plus_0,random,uncertainty,5,C15,NOT_COMPUTED_CENSORED,0,No inference on a complete-case subset; censored topics listed.,,,,,,,,,,,,,,,,,,,,
recall_at_2R_plus_0,random,auto_tar,5,C15,NOT_COMPUTED_CENSORED,0,No inference on a complete-case subset; censored topics listed.,,,,,,,,,,,,,,,,,,,,
recall_at_2R_plus_0,random,fixed_20,5,C15,NOT_COMPUTED_CENSORED,0,No inference on a complete-case subset; censored topics listed.,,,,,,,,,,,,,,,,,,,,
recall_at_2R_plus_0,random,explore_10,5,C15,NOT_COMPUTED_CENSORED,0,No inference on a complete-case subset; censored topics listed.,,,,,,,,,,,,,,,,,,,,
recall_at_2R_plus_0,seed_similarity,frozen_svm,5,C15,NOT_COMPUTED_CENSORED,0,No inference on a complete-case subset; censored topics listed.,,,,,,,,,,,,,,,,,,,,
recall_at_2R_plus_0,seed_similarity,uncertainty,5,C15,NOT_COMPUTED_CENSORED,0,No inference on a complete-case subset; censored topics listed.,,,,,,,,,,,,,,,,,,,,
recall_at_2R_plus_0,seed_similarity,auto_tar,5,C15,NOT_COMPUTED_CENSORED,0,No inference on a complete-case subset; censored topics listed.,,,,,,,,,,,,,,,,,,,,
recall_at_2R_plus_0,seed_similarity,fixed_20,5,C15,NOT_COMPUTED_CENSORED,0,No inference on a complete-case subset; censored topics listed.,,,,,,,,,,,,,,,,,,,,
recall_at_2R_plus_0,seed_similarity,explore_10,5,C15,NOT_COMPUTED_CENSORED,0,No inference on a complete-case subset; censored topics listed.,,,,,,,,,,,,,,,,,,,,
recall_at_2R_plus_0,frozen_svm,uncertainty,5,C15,NOT_COMPUTED_CENSORED,0,No inference on a complete-case subset; censored topics listed.,,,,,,,,,,,,,,,,,,,,
recall_at_2R_plus_0,frozen_svm,auto_tar,5,C15,NOT_COMPUTED_CENSORED,0,No inference on a complete-case subset; censored topics listed.,,,,,,,,,,,,,,,,,,,,
recall_at_2R_plus_0,frozen_svm,fixed_20,5,C15,NOT_COMPUTED_CENSORED,0,No inference on a complete-case subset; censored topics listed.,,,,,,,,,,,,,,,,,,,,
recall_at_2R_plus_0,frozen_svm,explore_10,5,C15,NOT_COMPUTED_CENSORED,0,No inference on a complete-case subset; censored topics listed.,,,,,,,,,,,,,,,,,,,,
recall_at_2R_plus_0,uncertainty,auto_tar,5,C15,NOT_COMPUTED_CENSORED,0,No inference on a complete-case subset; censored topics listed.,,,,,,,,,,,,,,,,,,,,
recall_at_2R_plus_0,uncertainty,fixed_20,5,C15,NOT_COMPUTED_CENSORED,0,No inference on a complete-case subset; censored topics listed.,,,,,,,,,,,,,,,,,,,,
recall_at_2R_plus_0,uncertainty,explore_10,5,C15,NOT_COMPUTED_CENSORED,0,No inference on a complete-case subset; censored topics listed.,,,,,,,,,,,,,,,,,,,,
recall_at_2R_plus_0,auto_tar,fixed_20,5,C15,NOT_COMPUTED_CENSORED,0,No inference on a complete-case subset; censored topics listed.,,,,,,,,,,,,,,,,,,,,
recall_at_2R_plus_0,auto_tar,explore_10,5,C15,NOT_COMPUTED_CENSORED,0,No inference on a complete-case subset; censored topics listed.,,,,,,,,,,,,,,,,,,,,
recall_at_2R_plus_0,fixed_20,explore_10,5,C15,NOT_COMPUTED_CENSORED,0,No inference on a complete-case subset; censored topics listed.,,,,,,,,,,,,,,,,,,,,
recall_at_2R_plus_100,random,seed_similarity,5,C15,NOT_COMPUTED_CENSORED,0,No inference on a complete-case subset; censored topics listed.,,,,,,,,,,,,,,,,,,,,
recall_at_2R_plus_100,random,frozen_svm,5,C15,NOT_COMPUTED_CENSORED,0,No inference on a complete-case subset; censored topics listed.,,,,,,,,,,,,,,,,,,,,
recall_at_2R_plus_100,random,uncertainty,5,C15,NOT_COMPUTED_CENSORED,0,No inference on a complete-case subset; censored topics listed.,,,,,,,,,,,,,,,,,,,,
recall_at_2R_plus_100,random,auto_tar,5,C15,NOT_COMPUTED_CENSORED,0,No inference on a complete-case subset; censored topics listed.,,,,,,,,,,,,,,,,,,,,
recall_at_2R_plus_100,random,fixed_20,5,C15,NOT_COMPUTED_CENSORED,0,No inference on a complete-case subset; censored topics listed.,,,,,,,,,,,,,,,,,,,,
recall_at_2R_plus_100,random,explore_10,5,C15,NOT_COMPUTED_CENSORED,0,No inference on a complete-case subset; censored topics listed.,,,,,,,,,,,,,,,,,,,,
recall_at_2R_plus_100,seed_similarity,frozen_svm,5,C15,NOT_COMPUTED_CENSORED,0,No inference on a complete-case subset; censored topics listed.,,,,,,,,,,,,,,,,,,,,
recall_at_2R_plus_100,seed_similarity,uncertainty,5,C15,NOT_COMPUTED_CENSORED,0,No inference on a complete-case subset; censored topics listed.,,,,,,,,,,,,,,,,,,,,
recall_at_2R_plus_100,seed_similarity,auto_tar,5,C15,NOT_COMPUTED_CENSORED,0,No inference on a complete-case subset; censored topics listed.,,,,,,,,,,,,,,,,,,,,
recall_at_2R_plus_100,seed_similarity,fixed_20,5,C15,NOT_COMPUTED_CENSORED,0,No inference on a complete-case subset; censored topics listed.,,,,,,,,,,,,,,,,,,,,
recall_at_2R_plus_100,seed_similarity,explore_10,5,C15,NOT_COMPUTED_CENSORED,0,No inference on a complete-case subset; censored topics listed.,,,,,,,,,,,,,,,,,,,,
recall_at_2R_plus_100,frozen_svm,uncertainty,5,C15,NOT_COMPUTED_CENSORED,0,No inference on a complete-case subset; censored topics listed.,,,,,,,,,,,,,,,,,,,,
recall_at_2R_plus_100,frozen_svm,auto_tar,5,C15,NOT_COMPUTED_CENSORED,0,No inference on a complete-case subset; censored topics listed.,,,,,,,,,,,,,,,,,,,,
recall_at_2R_plus_100,frozen_svm,fixed_20,5,C15,NOT_COMPUTED_CENSORED,0,No inference on a complete-case subset; censored topics listed.,,,,,,,,,,,,,,,,,,,,
recall_at_2R_plus_100,frozen_svm,explore_10,5,C15,NOT_COMPUTED_CENSORED,0,No inference on a complete-case subset; censored topics listed.,,,,,,,,,,,,,,,,,,,,
recall_at_2R_plus_100,uncertainty,auto_tar,5,C15,NOT_COMPUTED_CENSORED,0,No inference on a complete-case subset; censored topics listed.,,,,,,,,,,,,,,,,,,,,
recall_at_2R_plus_100,uncertainty,fixed_20,5,C15,NOT_COMPUTED_CENSORED,0,No inference on a complete-case subset; censored topics listed.,,,,,,,,,,,,,,,,,,,,
recall_at_2R_plus_100,uncertainty,explore_10,5,C15,NOT_COMPUTED_CENSORED,0,No inference on a complete-case subset; censored topics listed.,,,,,,,,,,,,,,,,,,,,
recall_at_2R_plus_100,auto_tar,fixed_20,5,C15,NOT_COMPUTED_CENSORED,0,No inference on a complete-case subset; censored topics listed.,,,,,,,,,,,,,,,,,,,,
recall_at_2R_plus_100,auto_tar,explore_10,5,C15,NOT_COMPUTED_CENSORED,0,No inference on a complete-case subset; censored topics listed.,,,,,,,,,,,,,,,,,,,,
recall_at_2R_plus_100,fixed_20,explore_10,5,C15,NOT_COMPUTED_CENSORED,0,No inference on a complete-case subset; censored topics listed.,,,,,,,,,,,,,,,,,,,,
recall_at_2R_plus_1000,random,seed_similarity,5,C15,NOT_COMPUTED_CENSORED,0,No inference on a complete-case subset; censored topics listed.,,,,,,,,,,,,,,,,,,,,
recall_at_2R_plus_1000,random,frozen_svm,5,C15,NOT_COMPUTED_CENSORED,0,No inference on a complete-case subset; censored topics listed.,,,,,,,,,,,,,,,,,,,,
recall_at_2R_plus_1000,random,uncertainty,5,C15,NOT_COMPUTED_CENSORED,0,No inference on a complete-case subset; censored topics listed.,,,,,,,,,,,,,,,,,,,,
recall_at_2R_plus_1000,random,auto_tar,5,C15,NOT_COMPUTED_CENSORED,0,No inference on a complete-case subset; censored topics listed.,,,,,,,,,,,,,,,,,,,,
recall_at_2R_plus_1000,random,fixed_20,5,C15,NOT_COMPUTED_CENSORED,0,No inference on a complete-case subset; censored topics listed.,,,,,,,,,,,,,,,,,,,,
recall_at_2R_plus_1000,random,explore_10,5,C15,NOT_COMPUTED_CENSORED,0,No inference on a complete-case subset; censored topics listed.,,,,,,,,,,,,,,,,,,,,
recall_at_2R_plus_1000,seed_similarity,frozen_svm,5,C15,NOT_COMPUTED_CENSORED,0,No inference on a complete-case subset; censored topics listed.,,,,,,,,,,,,,,,,,,,,
recall_at_2R_plus_1000,seed_similarity,uncertainty,5,C15,NOT_COMPUTED_CENSORED,0,No inference on a complete-case subset; censored topics listed.,,,,,,,,,,,,,,,,,,,,
recall_at_2R_plus_1000,seed_similarity,auto_tar,5,C15,NOT_COMPUTED_CENSORED,0,No inference on a complete-case subset; censored topics listed.,,,,,,,,,,,,,,,,,,,,
recall_at_2R_plus_1000,seed_similarity,fixed_20,5,C15,NOT_COMPUTED_CENSORED,0,No inference on a complete-case subset; censored topics listed.,,,,,,,,,,,,,,,,,,,,
recall_at_2R_plus_1000,seed_similarity,explore_10,5,C15,NOT_COMPUTED_CENSORED,0,No inference on a complete-case subset; censored topics listed.,,,,,,,,,,,,,,,,,,,,
recall_at_2R_plus_1000,frozen_svm,uncertainty,5,C15,NOT_COMPUTED_CENSORED,0,No inference on a complete-case subset; censored topics listed.,,,,,,,,,,,,,,,,,,,,
recall_at_2R_plus_1000,frozen_svm,auto_tar,5,C15,NOT_COMPUTED_CENSORED,0,No inference on a complete-case subset; censored topics listed.,,,,,,,,,,,,,,,,,,,,
recall_at_2R_plus_1000,frozen_svm,fixed_20,5,C15,NOT_COMPUTED_CENSORED,0,No inference on a complete-case subset; censored topics listed.,,,,,,,,,,,,,,,,,,,,
recall_at_2R_plus_1000,frozen_svm,explore_10,5,C15,NOT_COMPUTED_CENSORED,0,No inference on a complete-case subset; censored topics listed.,,,,,,,,,,,,,,,,,,,,
recall_at_2R_plus_1000,uncertainty,auto_tar,5,C15,NOT_COMPUTED_CENSORED,0,No inference on a complete-case subset; censored topics listed.,,,,,,,,,,,,,,,,,,,,
recall_at_2R_plus_1000,uncertainty,fixed_20,5,C15,NOT_COMPUTED_CENSORED,0,No inference on a complete-case subset; censored topics listed.,,,,,,,,,,,,,,,,,,,,
recall_at_2R_plus_1000,uncertainty,explore_10,5,C15,NOT_COMPUTED_CENSORED,0,No inference on a complete-case subset; censored topics listed.,,,,,,,,,,,,,,,,,,,,
recall_at_2R_plus_1000,auto_tar,fixed_20,5,C15,NOT_COMPUTED_CENSORED,0,No inference on a complete-case subset; censored topics listed.,,,,,,,,,,,,,,,,,,,,
recall_at_2R_plus_1000,auto_tar,explore_10,5,C15,NOT_COMPUTED_CENSORED,0,No inference on a complete-case subset; censored topics listed.,,,,,,,,,,,,,,,,,,,,
recall_at_2R_plus_1000,fixed_20,explore_10,5,C15,NOT_COMPUTED_CENSORED,0,No inference on a complete-case subset; censored topics listed.,,,,,,,,,,,,,,,,,,,,
recall_at_4R_plus_0,random,seed_similarity,5,"C15,C18",NOT_COMPUTED_CENSORED,0,No inference on a complete-case subset; censored topics listed.,,,,,,,,,,,,,,,,,,,,
recall_at_4R_plus_0,random,frozen_svm,5,"C15,C18",NOT_COMPUTED_CENSORED,0,No inference on a complete-case subset; censored topics listed.,,,,,,,,,,,,,,,,,,,,
recall_at_4R_plus_0,random,uncertainty,5,"C15,C18",NOT_COMPUTED_CENSORED,0,No inference on a complete-case subset; censored topics listed.,,,,,,,,,,,,,,,,,,,,
recall_at_4R_plus_0,random,auto_tar,5,"C15,C18",NOT_COMPUTED_CENSORED,0,No inference on a complete-case subset; censored topics listed.,,,,,,,,,,,,,,,,,,,,
recall_at_4R_plus_0,random,fixed_20,5,"C15,C18",NOT_COMPUTED_CENSORED,0,No inference on a complete-case subset; censored topics listed.,,,,,,,,,,,,,,,,,,,,
recall_at_4R_plus_0,random,explore_10,5,"C15,C18",NOT_COMPUTED_CENSORED,0,No inference on a complete-case subset; censored topics listed.,,,,,,,,,,,,,,,,,,,,
recall_at_4R_plus_0,seed_similarity,frozen_svm,5,"C15,C18",NOT_COMPUTED_CENSORED,0,No inference on a complete-case subset; censored topics listed.,,,,,,,,,,,,,,,,,,,,
recall_at_4R_plus_0,seed_similarity,uncertainty,5,"C15,C18",NOT_COMPUTED_CENSORED,0,No inference on a complete-case subset; censored topics listed.,,,,,,,,,,,,,,,,,,,,
recall_at_4R_plus_0,seed_similarity,auto_tar,5,"C15,C18",NOT_COMPUTED_CENSORED,0,No inference on a complete-case subset; censored topics listed.,,,,,,,,,,,,,,,,,,,,
recall_at_4R_plus_0,seed_similarity,fixed_20,5,"C15,C18",NOT_COMPUTED_CENSORED,0,No inference on a complete-case subset; censored topics listed.,,,,,,,,,,,,,,,,,,,,
recall_at_4R_plus_0,seed_similarity,explore_10,5,"C15,C18",NOT_COMPUTED_CENSORED,0,No inference on a complete-case subset; censored topics listed.,,,,,,,,,,,,,,,,,,,,
recall_at_4R_plus_0,frozen_svm,uncertainty,5,"C15,C18",NOT_COMPUTED_CENSORED,0,No inference on a complete-case subset; censored topics listed.,,,,,,,,,,,,,,,,,,,,
recall_at_4R_plus_0,frozen_svm,auto_tar,5,"C15,C18",NOT_COMPUTED_CENSORED,0,No inference on a complete-case subset; censored topics listed.,,,,,,,,,,,,,,,,,,,,
recall_at_4R_plus_0,frozen_svm,fixed_20,5,"C15,C18",NOT_COMPUTED_CENSORED,0,No inference on a complete-case subset; censored topics listed.,,,,,,,,,,,,,,,,,,,,
recall_at_4R_plus_0,frozen_svm,explore_10,5,"C15,C18",NOT_COMPUTED_CENSORED,0,No inference on a complete-case subset; censored topics listed.,,,,,,,,,,,,,,,,,,,,
recall_at_4R_plus_0,uncertainty,auto_tar,5,"C15,C18",NOT_COMPUTED_CENSORED,0,No inference on a complete-case subset; censored topics listed.,,,,,,,,,,,,,,,,,,,,
recall_at_4R_plus_0,uncertainty,fixed_20,5,"C15,C18",NOT_COMPUTED_CENSORED,0,No inference on a complete-case subset; censored topics listed.,,,,,,,,,,,,,,,,,,,,
recall_at_4R_plus_0,uncertainty,explore_10,5,"C15,C18",NOT_COMPUTED_CENSORED,0,No inference on a complete-case subset; censored topics listed.,,,,,,,,,,,,,,,,,,,,
recall_at_4R_plus_0,auto_tar,fixed_20,5,"C15,C18",NOT_COMPUTED_CENSORED,0,No inference on a complete-case subset; censored topics listed.,,,,,,,,,,,,,,,,,,,,
recall_at_4R_plus_0,auto_tar,explore_10,5,"C15,C18",NOT_COMPUTED_CENSORED,0,No inference on a complete-case subset; censored topics listed.,,,,,,,,,,,,,,,,,,,,
recall_at_4R_plus_0,fixed_20,explore_10,5,"C15,C18",NOT_COMPUTED_CENSORED,0,No inference on a complete-case subset; censored topics listed.,,,,,,,,,,,,,,,,,,,,
recall_at_4R_plus_100,random,seed_similarity,5,"C15,C18",NOT_COMPUTED_CENSORED,0,No inference on a complete-case subset; censored topics listed.,,,,,,,,,,,,,,,,,,,,
recall_at_4R_plus_100,random,frozen_svm,5,"C15,C18",NOT_COMPUTED_CENSORED,0,No inference on a complete-case subset; censored topics listed.,,,,,,,,,,,,,,,,,,,,
recall_at_4R_plus_100,random,uncertainty,5,"C15,C18",NOT_COMPUTED_CENSORED,0,No inference on a complete-case subset; censored topics listed.,,,,,,,,,,,,,,,,,,,,
recall_at_4R_plus_100,random,auto_tar,5,"C15,C18",NOT_COMPUTED_CENSORED,0,No inference on a complete-case subset; censored topics listed.,,,,,,,,,,,,,,,,,,,,
recall_at_4R_plus_100,random,fixed_20,5,"C15,C18",NOT_COMPUTED_CENSORED,0,No inference on a complete-case subset; censored topics listed.,,,,,,,,,,,,,,,,,,,,
recall_at_4R_plus_100,random,explore_10,5,"C15,C18",NOT_COMPUTED_CENSORED,0,No inference on a complete-case subset; censored topics listed.,,,,,,,,,,,,,,,,,,,,
recall_at_4R_plus_100,seed_similarity,frozen_svm,5,"C15,C18",NOT_COMPUTED_CENSORED,0,No inference on a complete-case subset; censored topics listed.,,,,,,,,,,,,,,,,,,,,
recall_at_4R_plus_100,seed_similarity,uncertainty,5,"C15,C18",NOT_COMPUTED_CENSORED,0,No inference on a complete-case subset; censored topics listed.,,,,,,,,,,,,,,,,,,,,
recall_at_4R_plus_100,seed_similarity,auto_tar,5,"C15,C18",NOT_COMPUTED_CENSORED,0,No inference on a complete-case subset; censored topics listed.,,,,,,,,,,,,,,,,,,,,
recall_at_4R_plus_100,seed_similarity,fixed_20,5,"C15,C18",NOT_COMPUTED_CENSORED,0,No inference on a complete-case subset; censored topics listed.,,,,,,,,,,,,,,,,,,,,
recall_at_4R_plus_100,seed_similarity,explore_10,5,"C15,C18",NOT_COMPUTED_CENSORED,0,No inference on a complete-case subset; censored topics listed.,,,,,,,,,,,,,,,,,,,,
recall_at_4R_plus_100,frozen_svm,uncertainty,5,"C15,C18",NOT_COMPUTED_CENSORED,0,No inference on a complete-case subset; censored topics listed.,,,,,,,,,,,,,,,,,,,,
recall_at_4R_plus_100,frozen_svm,auto_tar,5,"C15,C18",NOT_COMPUTED_CENSORED,0,No inference on a complete-case subset; censored topics listed.,,,,,,,,,,,,,,,,,,,,
recall_at_4R_plus_100,frozen_svm,fixed_20,5,"C15,C18",NOT_COMPUTED_CENSORED,0,No inference on a complete-case subset; censored topics listed.,,,,,,,,,,,,,,,,,,,,
recall_at_4R_plus_100,frozen_svm,explore_10,5,"C15,C18",NOT_COMPUTED_CENSORED,0,No inference on a complete-case subset; censored topics listed.,,,,,,,,,,,,,,,,,,,,
recall_at_4R_plus_100,uncertainty,auto_tar,5,"C15,C18",NOT_COMPUTED_CENSORED,0,No inference on a complete-case subset; censored topics listed.,,,,,,,,,,,,,,,,,,,,
recall_at_4R_plus_100,uncertainty,fixed_20,5,"C15,C18",NOT_COMPUTED_CENSORED,0,No inference on a complete-case subset; censored topics listed.,,,,,,,,,,,,,,,,,,,,
recall_at_4R_plus_100,uncertainty,explore_10,5,"C15,C18",NOT_COMPUTED_CENSORED,0,No inference on a complete-case subset; censored topics listed.,,,,,,,,,,,,,,,,,,,,
recall_at_4R_plus_100,auto_tar,fixed_20,5,"C15,C18",NOT_COMPUTED_CENSORED,0,No inference on a complete-case subset; censored topics listed.,,,,,,,,,,,,,,,,,,,,
recall_at_4R_plus_100,auto_tar,explore_10,5,"C15,C18",NOT_COMPUTED_CENSORED,0,No inference on a complete-case subset; censored topics listed.,,,,,,,,,,,,,,,,,,,,
recall_at_4R_plus_100,fixed_20,explore_10,5,"C15,C18",NOT_COMPUTED_CENSORED,0,No inference on a complete-case subset; censored topics listed.,,,,,,,,,,,,,,,,,,,,
recall_at_4R_plus_1000,random,seed_similarity,5,"C15,C18,GCRIM",NOT_COMPUTED_CENSORED,0,No inference on a complete-case subset; censored topics listed.,,,,,,,,,,,,,,,,,,,,
recall_at_4R_plus_1000,random,frozen_svm,5,"C15,C18,GCRIM",NOT_COMPUTED_CENSORED,0,No inference on a complete-case subset; censored topics listed.,,,,,,,,,,,,,,,,,,,,
recall_at_4R_plus_1000,random,uncertainty,5,"C15,C18,GCRIM",NOT_COMPUTED_CENSORED,0,No inference on a complete-case subset; censored topics listed.,,,,,,,,,,,,,,,,,,,,
recall_at_4R_plus_1000,random,auto_tar,5,"C15,C18,GCRIM",NOT_COMPUTED_CENSORED,0,No inference on a complete-case subset; censored topics listed.,,,,,,,,,,,,,,,,,,,,
recall_at_4R_plus_1000,random,fixed_20,5,"C15,C18,GCRIM",NOT_COMPUTED_CENSORED,0,No inference on a complete-case subset; censored topics listed.,,,,,,,,,,,,,,,,,,,,
recall_at_4R_plus_1000,random,explore_10,5,"C15,C18,GCRIM",NOT_COMPUTED_CENSORED,0,No inference on a complete-case subset; censored topics listed.,,,,,,,,,,,,,,,,,,,,
recall_at_4R_plus_1000,seed_similarity,frozen_svm,5,"C15,C18,GCRIM",NOT_COMPUTED_CENSORED,0,No inference on a complete-case subset; censored topics listed.,,,,,,,,,,,,,,,,,,,,
recall_at_4R_plus_1000,seed_similarity,uncertainty,5,"C15,C18,GCRIM",NOT_COMPUTED_CENSORED,0,No inference on a complete-case subset; censored topics listed.,,,,,,,,,,,,,,,,,,,,
recall_at_4R_plus_1000,seed_similarity,auto_tar,5,"C15,C18,GCRIM",NOT_COMPUTED_CENSORED,0,No inference on a complete-case subset; censored topics listed.,,,,,,,,,,,,,,,,,,,,
recall_at_4R_plus_1000,seed_similarity,fixed_20,5,"C15,C18,GCRIM",NOT_COMPUTED_CENSORED,0,No inference on a complete-case subset; censored topics listed.,,,,,,,,,,,,,,,,,,,,
recall_at_4R_plus_1000,seed_similarity,explore_10,5,"C15,C18,GCRIM",NOT_COMPUTED_CENSORED,0,No inference on a complete-case subset; censored topics listed.,,,,,,,,,,,,,,,,,,,,
recall_at_4R_plus_1000,frozen_svm,uncertainty,5,"C15,C18,GCRIM",NOT_COMPUTED_CENSORED,0,No inference on a complete-case subset; censored topics listed.,,,,,,,,,,,,,,,,,,,,
recall_at_4R_plus_1000,frozen_svm,auto_tar,5,"C15,C18,GCRIM",NOT_COMPUTED_CENSORED,0,No inference on a complete-case subset; censored topics listed.,,,,,,,,,,,,,,,,,,,,
recall_at_4R_plus_1000,frozen_svm,fixed_20,5,"C15,C18,GCRIM",NOT_COMPUTED_CENSORED,0,No inference on a complete-case subset; censored topics listed.,,,,,,,,,,,,,,,,,,,,
recall_at_4R_plus_1000,frozen_svm,explore_10,5,"C15,C18,GCRIM",NOT_COMPUTED_CENSORED,0,No inference on a complete-case subset; censored topics listed.,,,,,,,,,,,,,,,,,,,,
recall_at_4R_plus_1000,uncertainty,auto_tar,5,"C15,C18,GCRIM",NOT_COMPUTED_CENSORED,0,No inference on a complete-case subset; censored topics listed.,,,,,,,,,,,,,,,,,,,,
recall_at_4R_plus_1000,uncertainty,fixed_20,5,"C15,C18,GCRIM",NOT_COMPUTED_CENSORED,0,No inference on a complete-case subset; censored topics listed.,,,,,,,,,,,,,,,,,,,,
recall_at_4R_plus_1000,uncertainty,explore_10,5,"C15,C18,GCRIM",NOT_COMPUTED_CENSORED,0,No inference on a complete-case subset; censored topics listed.,,,,,,,,,,,,,,,,,,,,
recall_at_4R_plus_1000,auto_tar,fixed_20,5,"C15,C18,GCRIM",NOT_COMPUTED_CENSORED,0,No inference on a complete-case subset; censored topics listed.,,,,,,,,,,,,,,,,,,,,
recall_at_4R_plus_1000,auto_tar,explore_10,5,"C15,C18,GCRIM",NOT_COMPUTED_CENSORED,0,No inference on a complete-case subset; censored topics listed.,,,,,,,,,,,,,,,,,,,,
recall_at_4R_plus_1000,fixed_20,explore_10,5,"C15,C18,GCRIM",NOT_COMPUTED_CENSORED,0,No inference on a complete-case subset; censored topics listed.,,,,,,,,,,,,,,,,,,,,
recall_at_R,random,seed_similarity,5,,OBSERVED,5,Exact sign-flip is primary. Both bootstrap variants are exploratory and unreliable with five topics; agreement does not establish coverage; nonsignificance is not equivalence. Minimum attainable two-sided p=0.125 exceeds 0.05 for 4 nonzero pairs.,4.0,-0.19547696416159233,-0.28489585781157933,-0.08618331053351573,-0.28343022885291624,-0.0773303003337668,OBSERVED,,BELOW_DIAGNOSTIC_THRESHOLD,0.008853010199748934,-0.24934383202099739,-0.34138948711813033,0.0,-0.1436388508891929,-0.24301265077964107,10000.0,20260907.0,0.125,0.125,0.125
recall_at_R,random,frozen_svm,5,,OBSERVED,5,Exact sign-flip is primary. Both bootstrap variants are exploratory and unreliable with five topics; agreement does not establish coverage; nonsignificance is not equivalence. Minimum attainable two-sided p=0.0625 exceeds 0.05 for 5 nonzero pairs.,5.0,-0.1868960068822518,-0.25743447390387075,-0.09035111160579094,-0.244954556559827,-0.058104724678927175,OBSERVED,,BELOW_DIAGNOSTIC_THRESHOLD,0.03224638692686377,-0.2642169728783902,-0.2321129456807849,-0.006802721088435374,-0.16803465572275422,-0.26331273904089436,10000.0,20260907.0,0.0625,0.0625,0.0625
recall_at_R,random,uncertainty,5,,OBSERVED,5,Exact sign-flip is primary. Both bootstrap variants are exploratory and unreliable with five topics; agreement does not establish coverage; nonsignificance is not equivalence. Minimum attainable two-sided p=0.0625 exceeds 0.05 for 5 nonzero pairs.,5.0,-0.3359819433532508,-0.43971913900234866,-0.2218457091846906,-0.4395346476274412,-0.22166121780978304,OBSERVED,,BELOW_DIAGNOSTIC_THRESHOLD,0.0001844913749075583,-0.4540682414698163,-0.20938023450586266,-0.1564625850340136,-0.43046055631554947,-0.42953809944101207,10000.0,20260907.0,0.0625,0.0625,0.0625
recall_at_R,random,auto_tar,5,,OBSERVED,5,Exact sign-flip is primary. Both bootstrap variants are exploratory and unreliable with five topics; agreement does not establish coverage; nonsignificance is not equivalence. BCa and percentile disagree materially: interval inference is not trustworthy here. Minimum attainable two-sided p=0.0625 exceeds 0.05 for 5 nonzero pairs.,5.0,-0.5820391920163651,-0.7094006530635306,-0.36689732910860606,-0.7016144293237527,-0.2635444797684568,OBSERVED,,MATERIAL,0.10335284934014927,-0.6342957130358705,-0.6918720587062296,-0.1564625850340136,-0.6967624259005928,-0.7308031774051191,10000.0,20260907.0,0.0625,0.0625,0.0625
recall_at_R,random,fixed_20,5,,OBSERVED,5,Exact sign-flip is primary. Both bootstrap variants are exploratory and unreliable with five topics; agreement does not establish coverage; nonsignificance is not equivalence. BCa and percentile disagree materially: interval inference is not trustworthy here. Minimum attainable two-sided p=0.0625 exceeds 0.05 for 5 nonzero pairs.,5.0,-0.5757287901822394,-0.7187983444183761,-0.32918257869386547,-0.7111781744882968,-0.2112819312946398,OBSERVED,,MATERIAL,0.11790064739922568,-0.6439195100612424,-0.7110153944324799,-0.08843537414965986,-0.6985864113087096,-0.7366872609591056,10000.0,20260907.0,0.0625,0.0625,0.0625
recall_at_R,random,explore_10,5,,OBSERVED,5,Exact sign-flip is primary. Both bootstrap variants are exploratory and unreliable with five topics; agreement does not establish coverage; nonsignificance is not equivalence. BCa and percentile disagree materially: interval inference is not trustworthy here. Minimum attainable two-sided p=0.0625 exceeds 0.05 for 5 nonzero pairs.,5.0,-0.5604000089909182,-0.6798348362062635,-0.35716218236558533,-0.6717457506982942,-0.2589819847537005,OBSERVED,,MATERIAL,0.09818019761188485,-0.615923009623797,-0.669059583632448,-0.1564625850340136,-0.6600547195622435,-0.7005001471020889,10000.0,20260907.0,0.0625,0.0625,0.0625
recall_at_R,seed_similarity,frozen_svm,5,,OBSERVED,5,Exact sign-flip is primary. Both bootstrap variants are exploratory and unreliable with five topics; agreement does not establish coverage; nonsignificance is not equivalence. BCa and percentile disagree materially: interval inference is not trustworthy here. Minimum attainable two-sided p=0.0625 exceeds 0.05 for 5 nonzero pairs.,5.0,0.008580957279340523,-0.020852985409404425,0.05961666851945015,-0.01894845261417072,0.0844466049783978,OBSERVED,,MATERIAL,0.024829936458947655,-0.014873140857392825,0.10927654143734546,-0.006802721088435374,-0.02439580483356133,-0.02030008826125331,10000.0,20260907.0,1.0,0.625,0.0625
recall_at_R,seed_similarity,uncertainty,5,,OBSERVED,5,Exact sign-flip is primary. Both bootstrap variants are exploratory and unreliable with five topics; agreement does not establish coverage; nonsignificance is not equivalence. Minimum attainable two-sided p=0.0625 exceeds 0.05 for 5 nonzero pairs.,5.0,-0.14050497919165847,-0.2406906299948909,0.004595372102812206,-0.2279109629568729,0.04824306100454282,OBSERVED,,BELOW_DIAGNOSTIC_THRESHOLD,0.04364768890173062,-0.2047244094488189,0.13200925261226767,-0.1564625850340136,-0.2868217054263566,-0.186525448661371,10000.0,20260907.0,0.125,0.125,0.0625
recall_at_R,seed_similarity,auto_tar,5,,OBSERVED,5,Exact sign-flip is primary. Both bootstrap variants are exploratory and unreliable with five topics; agreement does not establish coverage; nonsignificance is not equivalence. Minimum attainable two-sided p=0.0625 exceeds 0.05 for 5 nonzero pairs.,5.0,-0.3865622278547728,-0.4933560168577258,-0.2615321706631236,-0.486462154972371,-0.24096444154100266,OBSERVED,,BELOW_DIAGNOSTIC_THRESHOLD,0.02056772912212096,-0.38495188101487315,-0.3504825715880992,-0.1564625850340136,-0.5531235750113999,-0.48779052662547806,10000.0,20260907.0,0.0625,0.0625,0.0625
recall_at_R,seed_similarity,fixed_20,5,,OBSERVED,5,Exact sign-flip is primary. Both bootstrap variants are exploratory and unreliable with five topics; agreement does not establish coverage; nonsignificance is not equivalence. Minimum attainable two-sided p=0.0625 exceeds 0.05 for 5 nonzero pairs.,5.0,-0.3802518260206471,-0.5056286397504728,-0.22572132798855876,-0.4861094137996311,-0.20091158741553575,OBSERVED,,BELOW_DIAGNOSTIC_THRESHOLD,0.024809740573023015,-0.39457567804024496,-0.3696259073143495,-0.08843537414965986,-0.5549475604195167,-0.49367461017946457,10000.0,20260907.0,0.0625,0.0625,0.0625
recall_at_R,seed_similarity,explore_10,5,,OBSERVED,5,Exact sign-flip is primary. Both bootstrap variants are exploratory and unreliable with five topics; agreement does not establish coverage; nonsignificance is not equivalence. Minimum attainable two-sided p=0.0625 exceeds 0.05 for 5 nonzero pairs.,5.0,-0.36492304482932586,-0.46688103977118345,-0.25090906958776127,-0.45509536530106287,-0.23272740584383161,OBSERVED,,BELOW_DIAGNOSTIC_THRESHOLD,0.018181663743929655,-0.3665791776027997,-0.3276700965143176,-0.1564625850340136,-0.5164158686730507,-0.4574874963224478,10000.0,20260907.0,0.0625,0.0625,0.0625
recall_at_R,frozen_svm,uncertainty,5,,OBSERVED,5,Exact sign-flip is primary. Both bootstrap variants are exploratory and unreliable with five topics; agreement does not establish coverage; nonsignificance is not equivalence. Minimum attainable two-sided p=0.0625 exceeds 0.05 for 5 nonzero pairs.,5.0,-0.149085936470999,-0.22063258522481632,-0.054262599802447534,-0.21084284046280416,-0.037210586050927835,OBSERVED,,BELOW_DIAGNOSTIC_THRESHOLD,0.0170520137515197,-0.18985126859142606,0.02273271117492223,-0.14965986394557823,-0.26242590059279525,-0.16622536040011768,10000.0,20260907.0,0.125,0.125,0.0625
recall_at_R,frozen_svm,auto_tar,5,,OBSERVED,5,Exact sign-flip is primary. Both bootstrap variants are exploratory and unreliable with five topics; agreement does not establish coverage; nonsignificance is not equivalence. Minimum attainable two-sided p=0.0625 exceeds 0.05 for 5 nonzero pairs.,5.0,-0.39514318513411334,-0.4904391060219142,-0.26955722043441066,-0.47664537459143547,-0.22547344519203025,OBSERVED,,BELOW_DIAGNOSTIC_THRESHOLD,0.04408377524238041,-0.3700787401574803,-0.4597591130254447,-0.14965986394557823,-0.5287277701778386,-0.46749043836422477,10000.0,20260907.0,0.0625,0.0625,0.0625
recall_at_R,frozen_svm,fixed_20,5,,OBSERVED,5,Exact sign-flip is primary. Both bootstrap variants are exploratory and unreliable with five topics; agreement does not establish coverage; nonsignificance is not equivalence. BCa and percentile disagree materially: interval inference is not trustworthy here. Minimum attainable two-sided p=0.0625 exceeds 0.05 for 5 nonzero pairs.,5.0,-0.38883278329998766,-0.49845658611870236,-0.23103045039049616,-0.48591555401845676,-0.15998102683262183,OBSERVED,,MATERIAL,0.07104942355787433,-0.37970253718285213,-0.47890244875169496,-0.08163265306122448,-0.5305517555859554,-0.4733745219182112,10000.0,20260907.0,0.0625,0.0625,0.0625
recall_at_R,frozen_svm,explore_10,5,,OBSERVED,5,Exact sign-flip is primary. Both bootstrap variants are exploratory and unreliable with five topics; agreement does not establish coverage; nonsignificance is not equivalence. Minimum attainable two-sided p=0.0625 exceeds 0.05 for 5 nonzero pairs.,5.0,-0.37350400210866636,-0.4590723163506061,-0.25854113848432614,-0.4481057851949471,-0.2181319039243604,OBSERVED,,BELOW_DIAGNOSTIC_THRESHOLD,0.04040923455996573,-0.35170603674540685,-0.43694663795166305,-0.14965986394557823,-0.49202006383948926,-0.4371874080611945,10000.0,20260907.0,0.0625,0.0625,0.0625
recall_at_R,uncertainty,auto_tar,5,,OBSERVED,5,Exact sign-flip is primary. Both bootstrap variants are exploratory and unreliable with five topics; agreement does not establish coverage; nonsignificance is not equivalence. Minimum attainable two-sided p=0.125 exceeds 0.05 for 4 nonzero pairs.,4.0,-0.24605724866311432,-0.3857936044262524,-0.10652074783401733,-0.3857936044262524,-0.10652074783401733,OBSERVED,,BELOW_DIAGNOSTIC_THRESHOLD,0.0,-0.18022747156605423,-0.4824918242003669,0.0,-0.2663018695850433,-0.30126507796410706,10000.0,20260907.0,0.125,0.125,0.125
recall_at_R,uncertainty,fixed_20,5,,OBSERVED,5,Exact sign-flip is primary. Both bootstrap variants are exploratory and unreliable with five topics; agreement does not establish coverage; nonsignificance is not equivalence. Minimum attainable two-sided p=0.0625 exceeds 0.05 for 5 nonzero pairs.,5.0,-0.23974684682898864,-0.3925765206728876,-0.06643401546665176,-0.3925765206728875,-0.05858375949129167,OBSERVED,,BELOW_DIAGNOSTIC_THRESHOLD,0.007850255975360085,-0.18985126859142606,-0.5016351599266172,0.06802721088435375,-0.26812585499316005,-0.30714916151809357,10000.0,20260907.0,0.125,0.125,0.0625
recall_at_R,uncertainty,explore_10,5,,OBSERVED,5,Exact sign-flip is primary. Both bootstrap variants are exploratory and unreliable with five topics; agreement does not establish coverage; nonsignificance is not equivalence. Minimum attainable two-sided p=0.125 exceeds 0.05 for 4 nonzero pairs.,4.0,-0.22441806563766736,-0.3623709726389627,-0.09193586982531707,-0.3623709726389627,-0.09711286089238845,OBSERVED,,BELOW_DIAGNOSTIC_THRESHOLD,0.005176991067071382,-0.16185476815398075,-0.4596793491265853,0.0,-0.22959416324669402,-0.2709620476610768,10000.0,20260907.0,0.125,0.125,0.125
recall_at_R,auto_tar,fixed_20,5,,OBSERVED,5,Exact sign-flip is primary. Both bootstrap variants are exploratory and unreliable with five topics; agreement does not establish coverage; nonsignificance is not equivalence. BCa and percentile disagree materially: interval inference is not trustworthy here. Minimum attainable two-sided p=0.0625 exceeds 0.05 for 5 nonzero pairs.,5.0,0.006310401834125683,-0.013431612505723218,0.037714750414740594,-0.011871650182272198,0.05249700930240864,OBSERVED,,MATERIAL,0.014782258887668043,-0.009623797025371828,-0.0191433357262503,0.06802721088435375,-0.001823985408116735,-0.005884083553986467,10000.0,20260907.0,1.0,0.625,0.0625
recall_at_R,auto_tar,explore_10,5,,OBSERVED,5,Exact sign-flip is primary. Both bootstrap variants are exploratory and unreliable with five topics; agreement does not establish coverage; nonsignificance is not equivalence. Minimum attainable two-sided p=0.125 exceeds 0.05 for 4 nonzero pairs.,4.0,0.02163918302544694,0.00973514674302076,0.03175977054603034,0.008237035697171019,0.030478835338966538,OBSERVED,,BELOW_DIAGNOSTIC_THRESHOLD,0.0014981110458497406,0.01837270341207349,0.022812475073781608,0.0,0.03670770633834929,0.030303030303030304,10000.0,20260907.0,0.125,0.125,0.125
recall_at_R,fixed_20,explore_10,5,,OBSERVED,5,Exact sign-flip is primary. Both bootstrap variants are exploratory and unreliable with five topics; agreement does not establish coverage; nonsignificance is not equivalence. BCa and percentile disagree materially: interval inference is not trustworthy here. Minimum attainable two-sided p=0.0625 exceeds 0.05 for 5 nonzero pairs.,5.0,0.015328781191321257,-0.026825864283116806,0.03943242379000253,-0.04718434593607964,0.03801020933891156,OBSERVED,,MATERIAL,0.020358481652962834,0.02799650043744532,0.041955810800031905,-0.06802721088435375,0.03853169174646603,0.03618711385701677,10000.0,20260907.0,0.5,0.625,0.0625
