reviews,random,seed_similarity,frozen_svm,uncertainty,auto_tar,fixed_20,explore_10
1,0.004967746787807299,0.004967746787807299,0.004967746787807299,0.004967746787807299,0.004967746787807299,0.004967746787807299,0.004967746787807299
2,0.005013346423010218,0.0055876835244135035,0.005571730744641629,0.005571730744641629,0.005571730744641629,0.005571730744641629,0.005571730744641629
3,0.005029299202782094,0.005914960462205947,0.005899007682434071,0.006119585445371021,0.006119585445371021,0.005899007682434071,0.006119585445371021
4,0.005029299202782094,0.006505703218703327,0.006505703218703327,0.0077368689438592885,0.007911847071593321,0.006505703218703327,0.007911847071593321
5,0.006389843420469168,0.006937420627238554,0.006937420627238554,0.009574730205284506,0.00974970833301854,0.006937420627238554,0.00974970833301854
6,0.006389843420469168,0.007323538400570861,0.007307585620798986,0.01154196995924084,0.011762547722177791,0.007307585620798986,0.011762547722177791
7,0.006389843420469168,0.00773930302933421,0.007784902664537128,0.011928087732573148,0.012194265130713016,0.007784902664537128,0.012194265130713016
8,0.006405796200241043,0.008171020437869434,0.009386233383253522,0.013774934236014823,0.01416150488466935,0.009386233383253522,0.01416150488466935
9,0.006464637035780909,0.009901729649116942,0.009992928919522777,0.015492402246925384,0.016112791858853805,0.009992928919522777,0.016112791858853805
10,0.006480589815552784,0.01040127313520849,0.010583671676020161,0.01606719222365089,0.016719487395123068,0.010583671676020161,0.016719487395123068
11,0.006480589815552784,0.010741791273337877,0.01099943630478351,0.018018479197835346,0.018670774369307523,0.01099943630478351,0.018670774369307523
12,0.00671440877882668,0.011286934394632343,0.011544579426077976,0.019969766172019805,0.020622061343491982,0.011544579426077976,0.020622061343491982
13,0.006775961193801474,0.011702699023395692,0.01191474441963841,0.02193429434654121,0.022473163805254145,0.01191474441963841,0.022473163805254145
14,0.006791913973573349,0.012293441779893076,0.012430240685501831,0.023490025430054684,0.024424450779438608,0.012430240685501831,0.024424450779438608
15,0.006853466388548142,0.012725159188428299,0.012846005314265179,0.023892548858481088,0.02504484039136703,0.012846005314265179,0.02504484039136703
16,0.006853466388548142,0.013202476232166442,0.01321617030782561,0.02556441723418873,0.026996127365551483,0.01321617030782561,0.026996127365551483
17,0.006915018803522937,0.013663840496132708,0.013647887716360834,0.027281885245099283,0.029067807590250606,0.013647887716360834,0.029067807590250606
18,0.006960618438725854,0.014254583252630093,0.014034005489693139,0.027756490709402504,0.029542413054553813,0.014034005489693139,0.029542413054553813
19,0.007019459274265719,0.014845326009127476,0.014624748246190526,0.02818820811793772,0.03142316237174703,0.014624748246190526,0.03142316237174703
20,0.00705136483380947,0.015406421910193816,0.015169891367484988,0.030155447871894062,0.03180928014507933,0.015169891367484988,0.03180928014507933
21,0.007096964469012388,0.015672146433011465,0.015822186538957166,0.030716543772960403,0.033789761099372616,0.015822186538957166,0.033789761099372616
22,0.007155805304552252,0.016171689919103012,0.016237951167720515,0.032697024727253686,0.0342803193434477,0.01781907314834454,0.0342803193434477
23,0.007217357719527045,0.01673278582016935,0.016812741144446024,0.03331696146385989,0.03635199956814682,0.020049778721005815,0.03635199956814682
24,0.007292151334838786,0.01729388172123569,0.017198858917778333,0.03512246429041913,0.03695869510441607,0.020656474257275077,0.03695869510441607
25,0.007292151334838786,0.017605205879256257,0.01756902391133876,0.03572915982668839,0.0373904125129513,0.022607761231459536,0.0373904125129513
26,0.007324056894382537,0.01802097050801961,0.017939188904899196,0.03631990258318577,0.03946209273765041,0.023214456767728795,0.03946209273765041
27,0.007355962453926288,0.018361488646148994,0.01827970704302858,0.03837563002811301,0.040173228744662455,0.02377555266879513,0.040173228744662455
28,0.007371915233698161,0.018997831037849296,0.018633919256817132,0.04034286978206934,0.04214046849861878,0.024369007004727446,0.04214046849861878
29,0.007387868013470036,0.019383948811181603,0.01878350648744061,0.042223619099262547,0.04412094945291208,0.026556824521620732,0.04412094945291208
30,0.007387868013470036,0.019999629589467313,0.019383234485954456,0.0442364584884218,0.04595881071433729,0.028524064275577056,0.04595881071433729
31,0.007403820793241912,0.020385747362799626,0.019882777972046004,0.044888753659893976,0.04662434708614642,0.03055014486507326,0.04662434708614642
32,0.007462661628781776,0.020992442899068885,0.02023970176526949,0.04570007417932831,0.04746486158568957,0.0326467631115607,0.04746486158568957
33,0.007508261263984696,0.021319719836861324,0.020505426288087138,0.04629352851526062,0.048130397957498704,0.03484782182879094,0.048130397957498704
34,0.007524214043756571,0.021735484465624674,0.021037328209044654,0.04677084555899877,0.04870473505890198,0.035583895857591315,0.04870473505890198
35,0.007524214043756571,0.021958320932674334,0.021536871695136198,0.04731870025972817,0.04926583095996832,0.03631996988639168,0.04926583095996832
36,0.007556119603300322,0.022239998235263857,0.021922989468468504,0.049110961885950453,0.05118747107872174,0.03704280271485512,0.05118747107872174
37,0.007572072383072197,0.02271305932068151,0.02229586604146387,0.050889982311835814,0.05316795203301501,0.03753181658004464,0.05316795203301501
38,0.007805891346346095,0.02312882394944486,0.022827767962421388,0.05154227748330799,0.05378788876962121,0.03807967128077404,0.05378788876962121
39,0.007864732181885959,0.02363107901497134,0.023155044900213827,0.05219186107534524,0.05445342514143033,0.03881574530957441,0.05445342514143033
40,0.007926284596860752,0.02406279642350656,0.02348232183800628,0.054172342029638526,0.05647950573092654,0.039551819338374795,0.05647950573092654
41,0.007942237376632627,0.02437412058152712,0.025183384193822732,0.05600749171162881,0.058387904649343,0.04164843758486223,0.058387904649343
42,0.007958190156404503,0.024746997154522492,0.025510661131615174,0.05654364959090682,0.05899460018561228,0.043803896666889545,0.05899460018561228
43,0.008078583406919162,0.025262493420385907,0.025985266595918387,0.05834915241746606,0.06100743957477151,0.04594611454857992,0.06100743957477151
44,0.008094536186691039,0.025907821054102668,0.026517168516875918,0.059130826081469356,0.06177587203843786,0.04792659550287319,0.06177587203843786
45,0.008094536186691039,0.026439722975060188,0.02689004508987127,0.059621384325544445,0.06238256757470713,0.05005557218422663,0.06238256757470713
46,0.008094536186691039,0.02692602526081478,0.027376347375625873,0.0602709679175817,0.0630348627461793,0.050837245848229906,0.0630348627461793
47,0.008094536186691039,0.027471168382109255,0.02764478347787845,0.06077522023731594,0.06374599875319134,0.05157331987703028,0.06374599875319134
48,0.008110488966462914,0.028019023082838646,0.028072244928093185,0.06284690046201506,0.06439829392466351,0.05229615270549371,0.06439829392466351
49,0.008110488966462914,0.02845074049137387,0.028383569086113745,0.06368741496155822,0.06655375300669082,0.053091067569833936,0.06655375300669082
50,0.008126441746234789,0.029057436027643133,0.028694893244134316,0.06552256464354853,0.06721928937849994,0.05382714159863432,0.06721928937849994
51,0.008187994161209583,0.02932316055046078,0.02880159241898981,0.06631747950788877,0.06931590762498739,0.05596935948032467,0.06931590762498739
52,0.008203946940981458,0.029929856086730044,0.02952171366801831,0.06806414149890815,0.07129638857928068,0.056796632779530884,0.07129638857928068
53,0.008265499355956251,0.030432111152256514,0.03000801595377291,0.06855469974298321,0.07326362833323702,0.05893885066122126,0.07326362833323702
54,0.00831109899115917,0.030697835675074166,0.03163428469427763,0.07023082407701134,0.07397476434024905,0.05959114583269344,0.07397476434024905
55,0.00831109899115917,0.031213331940937585,0.03214978096014105,0.07070542954131456,0.07464030071205818,0.06155838558664977,0.07464030071205818
56,0.008327051770931047,0.031820027477206844,0.03269492408143552,0.07102100965765563,0.07524699624832741,0.06362852143246331,0.07483123161956408
57,0.008388604185905837,0.032526907525898395,0.033331266473135814,0.07168654602946475,0.07613311038307352,0.06423521696873258,0.07571734575431015
58,0.008622423149179737,0.03283823168391896,0.03384676273899923,0.07387436354635807,0.07697362488261668,0.06507573146827574,0.07791840447154039
59,0.008668022784382655,0.0331655086217114,0.03412844004158876,0.07474452490133222,0.0791026015639701,0.06591624596781889,0.07874567777074662
60,0.008713622419585572,0.03498270826972204,0.034614742327343365,0.07523508314540735,0.07981373757098215,0.06669791963182219,0.07957295106995281
61,0.008729575199357447,0.03529403242774261,0.03515988544863782,0.07582853748133965,0.08064101087018835,0.06747959329582547,0.08045906520469889
62,0.008745527979129324,0.036995094783559064,0.03570774014936722,0.07633079254686612,0.08130654724199746,0.06955127352052459,0.0812863385039051
63,0.008745527979129324,0.03727677208614858,0.0363822617631928,0.07813629537342535,0.0820176832490095,0.07043738765527066,0.08171805591244033
64,0.008745527979129324,0.037649648659143956,0.0381745233894151,0.07880183174523449,0.0827993569130128,0.07127790215481383,0.0825453292116465
65,0.008745527979129324,0.03807711010935868,0.03844024791223275,0.07917470831822984,0.08323107432154803,0.07188459769108309,0.08332700287564981
66,0.008745527979129324,0.038533765539682234,0.040186909903252126,0.07964931378253307,0.08383776985781728,0.07249129322735234,0.08546922075734018
67,0.008745527979129324,0.03908162024041163,0.04039804954885041,0.08036044978954511,0.08597998773950763,0.07463351110904272,0.08550112631688393
68,0.008995299722175094,0.040653304103696976,0.04091354581471383,0.08099679218124539,0.08686610187425371,0.07677572899073308,0.08616666268869307
69,0.009229118685448994,0.04115555916922345,0.04142904208057725,0.08284789464300757,0.08870396313567895,0.07880180958022925,0.08823834291339216
70,0.009290671100423788,0.04154167694255576,0.0419021031659949,0.08338405252228556,0.08931065867194819,0.07959672444456951,0.08907885741293534
71,0.009306623880195663,0.04192779471588806,0.04374894966943657,0.08422456702182875,0.09013793197115443,0.0802490196160417,0.08973115258440754
72,0.00932257665996754,0.0422979597094485,0.04413506744276888,0.08476072490110674,0.09102404610590048,0.0810762929152479,0.0906172667191536
73,0.009338529439739415,0.04271372433821184,0.044491991235992366,0.08558799820031296,0.09185131940510667,0.08185796657925118,0.09150338085389967
74,0.009416034634486082,0.04349539800221515,0.04510767201427809,0.08629913420732499,0.09256245541211874,0.08269848107879434,0.0923438953534428
75,0.009477587049460874,0.04389321259699883,0.04536015533675878,0.08713964870686813,0.09340296991166189,0.08477016130349346,0.09317116865264904
76,0.009477587049460874,0.04556508097270648,0.045542101002248224,0.0891524880960274,0.09405526508313407,0.08537685683976272,0.09401168315219219
77,0.009539139464435667,0.047311742963725846,0.04595786563101157,0.08981802446783653,0.09476640109014611,0.08598355237603197,0.09489779728693827
78,0.009555092244207542,0.047813998029252326,0.04646012069653805,0.09045436685953681,0.09560691558968926,0.08818461109326223,0.0956089332939503
79,0.00957104502397942,0.048361852729981725,0.046758203654221675,0.09091301954406815,0.0963180515967013,0.09026798813941274,0.09627446966575942
80,0.00957104502397942,0.04843935792472839,0.047069527812242246,0.09128318453762857,0.09698358796851042,0.09115410227415878,0.09627446966575942
81,0.00957104502397942,0.04881223449772376,0.04735320236903955,0.09201925856642895,0.09763588313998263,0.09181963864596791,0.09698560567277145
82,0.009616644659182338,0.04916915829094724,0.04772336736259998,0.09267155373790117,0.0981720410192606,0.09270575278071398,0.09781287897197768
83,0.009662244294385256,0.049201063850490986,0.04785971339288651,0.09316211198197624,0.09905815515400668,0.09335804795218619,0.09869899310672377
84,0.009662244294385256,0.049398962295752316,0.04804165905837597,0.0939410740665446,0.09976929116101872,0.09537088734134541,0.09906017285826771
85,0.009694149853929006,0.04949242027027087,0.04839587127216452,0.09467443651591004,0.10048042716803077,0.09738372673050467,0.09965362719420004
86,0.009771655048675675,0.049774097572860394,0.04875008348595308,0.09539726934437347,0.1010165850473088,0.0982242412300478,0.10036476320121207
87,0.00983049588421554,0.04997199601812171,0.049015808008770735,0.09628338347911952,0.10166888021878097,0.09859711780304319,0.10107589920822413
88,0.009889336719755403,0.05035811379145402,0.04943157263753409,0.09707829834345978,0.10232117539025312,0.09924941297451535,0.10172819437969631
89,0.010123155683029302,0.050564997478731805,0.049756137995891604,0.09796441247820584,0.10303231139726517,0.09986934971112155,0.10255546767890251
90,0.010356974646303202,0.05093516247229223,0.04993537208194612,0.09875932734254608,0.10374344740427723,0.10052164488259373,0.10326660368591453
91,0.010636393244780018,0.05111710813778169,0.05014651172754439,0.09927482360840952,0.10445458341128927,0.10259332510729284,0.1039777396929266
92,0.010668298804323769,0.051532872766545036,0.05026961655749398,0.09969058823717283,0.1051657194183013,0.10312948298657085,0.10468887569993862
93,0.010668298804323769,0.05179859728936268,0.05041920378811746,0.10057670237191893,0.1058312557901104,0.10379501935837995,0.10540001170695068
94,0.010668298804323769,0.05200973693496096,0.050601149453606914,0.10112184549321342,0.10642471012604272,0.10450615536539204,0.10611114771396271
95,0.010684251584095642,0.05242821314315924,0.05073749548389344,0.10191676035755366,0.10707700529751492,0.10528782902939533,0.10612710049373458
96,0.010716157143639393,0.052534912318014736,0.05106477242168588,0.10231928378598004,0.1079042785967211,0.10595336540120442,0.10695437379294079
97,0.010761756778842313,0.05279165159881592,0.05125995928751228,0.10279660082971821,0.1087903927314672,0.10683947953595051,0.10773604745694408
98,0.010761756778842313,0.05317776937214823,0.051337464482258954,0.10350773683673023,0.1096176660306734,0.10737563741522851,0.10856332075615031
99,0.010995575742116211,0.05350504630994067,0.05153265134808535,0.10437789819170443,0.1103993396946767,0.10791179529450654,0.10939059405535652
100,0.010995575742116211,0.05380312926762429,0.05177343784911466,0.1050730814189446,0.11122661299388291,0.10844795317378453,0.11023110855489966
101,0.011011528521888084,0.0539554280776827,0.05214360284267509,0.10572537659041677,0.11176277087316093,0.10927522647299075,0.11101278221890297
102,0.011011528521888084,0.05404888605220125,0.05233878970850148,0.10655264988962297,0.1124150660446331,0.10998636248000278,0.11302562160806219
103,0.011011528521888084,0.05436021021022181,0.05275455433726484,0.10715934542589224,0.11319673970863636,0.11087247661474887,0.1138528949072684
104,0.011057128157091005,0.05468477556857933,0.054501216328284224,0.1079410190898955,0.11391957253709979,0.11158361262176092,0.11462132737093475
105,0.011057128157091005,0.054879962434405724,0.05630517477595791,0.10873593395423577,0.1144674272378292,0.11236528628576418,0.11527362254240694
106,0.011118680572065798,0.05548665797067499,0.0564547620065814,0.10932667671073316,0.11648026662698846,0.11307642229277623,0.11610089584161316
107,0.011134633351837672,0.05582717610880438,0.05657786683653099,0.10997626030277037,0.11689874283518674,0.11391693679231939,0.11670759137788239
108,0.011430004730086365,0.0560637066515132,0.056948031830091415,0.11067144353001056,0.11772601613439293,0.11462807279933143,0.11735988654935457
109,0.011475604365289284,0.05622924666190856,0.057493174951385874,0.1126815713397349,0.11820333317813106,0.11528036797080363,0.11814156021335785
110,0.011491557145061159,0.05664501129067191,0.059180996106865384,0.11350884463894112,0.11885562834960324,0.1161076412700098,0.11857327762189308
111,0.011507509924833032,0.05679731010073032,0.05953791990008887,0.11433340635871238,0.11968290164880947,0.11681877727702189,0.11922557279336529
112,0.011523462704604909,0.057167475094290744,0.06143036603873347,0.11494010189498165,0.12033519682028165,0.11751396050426202,0.11922557279336529
113,0.011773234447650681,0.057540351667286105,0.06174169019675404,0.11529702568820513,0.12117571131982482,0.1182250965112741,0.12011168692811133
114,0.011773234447650681,0.05814704720355535,0.06187803622704058,0.11723507146205263,0.1220618254545709,0.11905236981048027,0.12088011939177769
115,0.011773234447650681,0.05848756534168475,0.062482020183874915,0.1176964357260189,0.124308483807004,0.11987964310968649,0.12176623352652377
116,0.011789187227422558,0.059984455589658356,0.0631136537419325,0.11811220035478225,0.12513575710621025,0.12076575724443256,0.12259350682572999
117,0.011805140007194431,0.06035462058321879,0.06359995602768709,0.11845271849291164,0.12602187124095632,0.12163591859940676,0.12347962096047607
118,0.011850739642397351,0.060445366978302405,0.0637522548377455,0.11872269897404979,0.1269079853757024,0.12211323564314493,0.1257262793129092
119,0.011850739642397351,0.06071109150112006,0.0640089941185467,0.11931615330998209,0.1277352586749086,0.12282437165015693,0.1263785744843814
120,0.011909580477937215,0.06092223114671833,0.06444969676909837,0.11949809897547152,0.12862137280965463,0.12353550765716899,0.12704411085619052
121,0.011925533257709089,0.061483327047784676,0.06476373250655387,0.11992981638400677,0.12931655603689485,0.12418780282864116,0.1279302249909366
122,0.011941486037480966,0.06156083224253133,0.06507505666457443,0.12052055914050412,0.13018671739186904,0.12501507612784735,0.12858252016240876
123,0.012045926508223746,0.06204713452828593,0.06544522165813488,0.12112725467677339,0.1310728315266151,0.12579674979185065,0.12945268151738296
124,0.012061879287995623,0.062183480558572465,0.06706250515662314,0.12164745977627955,0.13191334602615828,0.1265195826203141,0.13033879565212902
125,0.012077832067767497,0.062394620204170734,0.06724445082211261,0.12213801802035462,0.13279946016090433,0.12717187779178626,0.1311633573719003
126,0.012077832067767497,0.06436185995812707,0.06733790879663114,0.122553782649118,0.13368557429565042,0.1279991510909925,0.13187449337891236
127,0.012109737627311247,0.06446855913298256,0.06764923295465171,0.12343989678386406,0.13416289133938855,0.12865144626246466,0.1325856293859244
128,0.012109737627311247,0.064795836070775,0.06797379831300922,0.12422157044786737,0.13504900547413462,0.12936258226947672,0.13342614388546756
129,0.012109737627311247,0.06493218210106153,0.06847334179910076,0.12471212869194243,0.1357441887013748,0.12983989931321485,0.13431225802021363
130,0.012109737627311247,0.0652435062590821,0.06900524372005828,0.12514384610047766,0.13663030283612088,0.13049219448468702,0.1349189535564829
131,0.012343556590585147,0.06545464590468036,0.06914158975034482,0.12545942621681874,0.13734143884313293,0.1309535587486533,0.1349189535564829
132,0.012343556590585147,0.06696477735299092,0.06959824518066836,0.12610900980885595,0.13805257485014494,0.1316736799976818,0.13580506769122896
133,0.012418350205896886,0.06733765392598628,0.06990956933868893,0.12646593360207947,0.13887984814935114,0.13225118155384222,0.13651620369824097
134,0.012434302985668765,0.0676781720641157,0.07001626851354442,0.12840397937592696,0.14108090686658142,0.13272849859758037,0.1373434769974472
135,0.012466208545212515,0.0678574061501702,0.07034354545133685,0.12854303698564842,0.1419670210013275,0.1349163161144737,0.13822959113219327
136,0.012466208545212515,0.0680525930159966,0.07046393870185153,0.12937031028485463,0.14285313513607356,0.13670857774069595,0.13883628666846254
137,0.012466208545212515,0.06821813302639197,0.0719152293146222,0.1298316745488209,0.1437392492708196,0.1371858947844341,0.1395474226754746
138,0.012482161324984389,0.06870443531214657,0.07223979467297971,0.13037681767011536,0.1444503852778317,0.13802640928397727,0.14019971784694676
139,0.012498114104756266,0.06875229365146218,0.07260995966654014,0.13102911284158753,0.14523205894183497,0.13891252341872334,0.1410858319816928
140,0.012498114104756266,0.06940187724349943,0.07296688345976364,0.1316931048345111,0.1458387544781042,0.1395192189549926,0.1417354155737301
141,0.012543713739959184,0.06996297314456576,0.07333704845332407,0.13199544375051525,0.1465748285069046,0.1403464922541988,0.14257593007327327
142,0.012559666519731059,0.07031718535835434,0.07411872211732738,0.13275845305531173,0.14718152404317383,0.14123260638894486,0.1445431698272296
143,0.012621218934705853,0.07068735035191476,0.07462097718285385,0.13296959270091,0.1479764389075141,0.1420598796881511,0.14519546499870178
144,0.012621218934705853,0.07088253721774115,0.07497790097607734,0.13356033545740736,0.1484537559512522,0.1454921041305373,0.14584776017017392
145,0.012621218934705853,0.0710804356630025,0.07533482476930083,0.1340758317232708,0.1493398700859983,0.14637821826528336,0.14651329654198306
146,0.012621218934705853,0.07147825025778617,0.07545792959925039,0.13466657447976818,0.14994656562226757,0.14856603578217661,0.14714963893368335
147,0.012637171714477728,0.07180552719557862,0.07569871610027973,0.13546194221943064,0.15061210199407668,0.15063771600687573,0.14939629728611653
148,0.012637171714477728,0.0719445848053001,0.07602328145863722,0.13722229828610918,0.1528131607113069,0.15288437435930893,0.15006183365792564
149,0.012653124494249603,0.07208093083558663,0.07621846832446363,0.13777015298683856,0.15352429671831894,0.154956054584008,0.15058203875743176
150,0.012770806165329331,0.07259642710145005,0.0764296079700619,0.13796533985266496,0.15436481121786214,0.15549221246328598,0.1507639844229212
151,0.01284559978064107,0.0727783727669395,0.07693186303558838,0.13865626712158463,0.15498474795446832,0.15773887081571916,0.1507639844229212
152,0.01284559978064107,0.07287183074145803,0.07706820906587492,0.1393631471702762,0.15581202125367452,0.1585661441149254,0.15212452864060827
153,0.012861552560412944,0.07331253339200972,0.07739548600366736,0.13992469594666476,0.15646431642514672,0.15921572770696266,0.15291944350494854
154,0.012877505340184819,0.07362385755003029,0.07770681016168793,0.14190517690095808,0.15730483092468986,0.15970628595103772,0.15346729820567792
155,0.012968704610590655,0.07523417351076313,0.07829755291818531,0.14499914190932756,0.16050323640380215,0.16035858112250984,0.1542489718696812
156,0.01298465739036253,0.07538647232082155,0.07857923022077482,0.14571926315835604,0.16255896384872942,0.16114025478651317,0.1564367893865745
157,0.013030257025565449,0.07543433066013717,0.07877441708660121,0.14768650291231236,0.1645850444382256,0.16198076928605634,0.15715962221503793
158,0.013046209805337326,0.07597947378143162,0.07906080322283347,0.14975121559925605,0.16681575001088686,0.16405244951075545,0.16070798394961827
159,0.013046209805337326,0.07630675071922406,0.0793880801606259,0.1513525463179725,0.16906240836332,0.1648797228099617,0.16141911995663036
160,0.01310505064087719,0.07650193758505047,0.07965380468344356,0.1529788150584772,0.17130906671575316,0.1657069961091679,0.1622463932558365
161,0.013196249911283025,0.07681326174307104,0.08126837660249689,0.15361515745017748,0.17197460308756227,0.16648866977317117,0.1628986884273087
162,0.013228155470826777,0.07714053868086347,0.08162530039572037,0.15555320322402502,0.17398744247672157,0.1685603499978703,0.1637848025620548
163,0.013260061030370527,0.07746781561865591,0.08189373649797295,0.1563777649437963,0.17476911614072485,0.16916704553413953,0.16421651997059
164,0.013260061030370527,0.07782473941187941,0.08200043567282843,0.15690695528531887,0.17565523027547092,0.1699487191981429,0.1649981936345933
165,0.013260061030370527,0.07958309822435017,0.08219562253865485,0.15738427232905702,0.17632076664728003,0.172195377550576,0.1658843077693394
166,0.013260061030370527,0.07977828509017656,0.08240250622593263,0.15782968381325138,0.17697306181875216,0.17302265084978216,0.16791038835883557
167,0.013260061030370527,0.080148450083737,0.08285916165625618,0.15843637934952065,0.17768419782576428,0.17522370956701241,0.16856268353030773
168,0.013276013810142403,0.08035958972933527,0.0843852458843386,0.1590567689614491,0.17857031196051035,0.1772953897917115,0.16892386328185174
169,0.013337566225117196,0.08049593575962181,0.08466692318692813,0.16061521162439749,0.18069928864186374,0.1808437515262919,0.1695761584533239
170,0.013337566225117196,0.08069112262544821,0.08503708818048857,0.16101502347338895,0.1815854027766098,0.18171391288126607,0.17046227258806998
171,0.013383165860320114,0.08104804641867171,0.08566872173854614,0.1612971536513007,0.18241267607581607,0.18396057123369927,0.17134838672281608
172,0.013383165860320114,0.08118439244895821,0.0859959986763386,0.16162488346441536,0.1831238120828281,0.18603225145839836,0.1731538895493753
173,0.01344200669585998,0.08155726902195358,0.086191185542165,0.16328505501867163,0.18537047043526123,0.18691836559314448,0.1737473438853076
174,0.01344200669585998,0.08172280903234895,0.08656135053572545,0.16381424536019423,0.18625658457000727,0.19035059003553062,0.17445847989231963
175,0.01344200669585998,0.08200448633493847,0.08671364934578385,0.16552900179166985,0.18815328666697242,0.1912367041702767,0.17445847989231963
176,0.013457959475631855,0.08217002634533382,0.08683404259629851,0.1673758482951115,0.19022496689167148,0.1919022405420858,0.17445847989231963
177,0.013457959475631855,0.08387108870115026,0.08701598826178797,0.17039501968816928,0.19383216946179171,0.19256777691389493,0.17670513824475279
178,0.01351951189060665,0.08435739098690488,0.0872817127846056,0.1707815903368238,0.1947182835965378,0.19481443526632808,0.17889295576164604
179,0.01351951189060665,0.08471431478012838,0.08747689965043201,0.17141367677020364,0.19542941960354987,0.1966522965277533,0.17972022906085228
180,0.013581064305581444,0.0849122132253897,0.08780417658822443,0.17313114478111416,0.197676077955983,0.19872397675245246,0.18043136506786436
181,0.013581064305581444,0.08554855561709002,0.08817434158178486,0.17629338874236222,0.20128328052610317,0.20079565697715154,0.18368861138251652
182,0.01367181070066506,0.08587312097544751,0.08868983784764826,0.17830622813152155,0.20216939466084932,0.2044028595472718,0.1857146919720127
183,0.01367181070066506,0.08635942326120213,0.08889672153492607,0.18021462704993801,0.2028805306678613,0.208010062117392,0.18660080610675875
184,0.013921582443710832,0.08645288123572066,0.08922128689328357,0.1807168821154645,0.20512718902029448,0.2100361427068882,0.18738247977076206
185,0.013921582443710832,0.08711416164920929,0.08969434797870122,0.18243163854694006,0.2069782914820566,0.21092225684163426,0.1880936157777741
186,0.013983134858685626,0.08736664497169001,0.089726253538245,0.18426253227060985,0.20922494983448978,0.2116333928486463,0.19010645516693334
187,0.013983134858685626,0.08746010294620854,0.09027139665953943,0.18480812826722656,0.2112966300591889,0.21224008838491557,0.19099256930167938
188,0.014057928473997363,0.08759916055593,0.09086213941603685,0.18788342891638926,0.2147288545015751,0.21434994783174,0.19323922765411256
189,0.01407388125376924,0.08803087796446522,0.09099848544632336,0.19003934087373883,0.2167416938907344,0.215236061966486,0.19513592975107769
190,0.01407388125376924,0.08816722399475176,0.09132576238411581,0.19227004644640008,0.2189427526079646,0.21730774219118515,0.19714876914023688
191,0.014089834033541113,0.08864182945905497,0.09172828581254223,0.1941507957635933,0.22118941096039768,0.21933382278068134,0.1979892836397801
192,0.014089834033541113,0.08892350676164451,0.09226018773349974,0.19468269768455085,0.22202992545994085,0.22021993691542743,0.1988753977745261
193,0.01410578681331299,0.08900101195639118,0.09263035272706019,0.19628402840326722,0.22421774297683417,0.22106045141497058,0.19958653378153818
194,0.014210227284055774,0.08915331076644956,0.09289607724987782,0.1981032253054856,0.2264188016940644,0.22302769116892693,0.20041380708074436
195,0.014269068119595638,0.08942174686870213,0.09333949147986444,0.1999224222077041,0.22866546004649754,0.2238682056684701,0.20106610225221655
196,0.014285020899367512,0.08952844604355763,0.09350503149025977,0.2003339308781469,0.22927215558276676,0.22457934167548213,0.20195221638696262
197,0.014343861734907376,0.08996914869410934,0.09407982146698529,0.20210752814516242,0.23134383580746595,0.22523163684695427,0.20266335239397468
198,0.014389461370110294,0.09035526646744163,0.0943779044246689,0.20253653397426266,0.23176231201566422,0.2257221950910294,0.20319951027325273
199,0.014389461370110294,0.09049161249772818,0.09446865081975253,0.20311132395098816,0.23229846989494218,0.22779387531572853,0.2040400247727958
200,0.014493901840853078,0.0909619620037109,0.0949522415260722,0.20346824774421166,0.23313898439448538,0.2300405336681616,0.204530583016871
201,0.014552742676392942,0.09128923894150333,0.09504298792115581,0.20359135257416125,0.23385012040149739,0.23224159238539185,0.205241719023883
202,0.014552742676392942,0.09155496346432097,0.09535431207917637,0.20548108713337093,0.23586295979065663,0.234313272610091,0.205241719023883
203,0.014552742676392942,0.09172050347471632,0.09686715510692186,0.2058220581468225,0.23657409579766867,0.23650109012698434,0.20534615949462579
204,0.014568695456164819,0.09200218077730586,0.09711963842940256,0.20627916645246827,0.23864577602236783,0.2372122261339963,0.20759281784705888
205,0.014568695456164819,0.09209292717238947,0.09752216185782896,0.20692720566561998,0.23953189015711385,0.23945888448642946,0.209839476199492
206,0.014686377127244549,0.09265402307345579,0.09808325775889529,0.20870351451207048,0.24173294887434416,0.24034499862117556,0.21208613455192526
207,0.014686377127244549,0.09327395981006202,0.09866075931505573,0.2103594301080062,0.2426190630090902,0.2424007260661028,0.2143327929043584
208,0.014731976762447469,0.09360123674785446,0.0988103465456792,0.21064110741059572,0.24486572136152338,0.2432412405656459,0.21657945125679146
209,0.014731976762447469,0.09375353555791287,0.09903472739161442,0.21082034149665027,0.2455768573685354,0.2440685138648522,0.2187672687736848
210,0.014747929542219342,0.09401926008073051,0.0991122325863611,0.2127100760558599,0.24640413066774156,0.24495462799959825,0.21947840478069688
211,0.014809481957194138,0.09441861905439977,0.09967332848742744,0.2146905570101532,0.24830083276470674,0.24582478935457236,0.22172506313312998
212,0.014809481957194138,0.09470029635698926,0.09982562729748586,0.21655535354757446,0.2503725129894058,0.24653592536158442,0.22397172148556313
213,0.014884275572505877,0.09634251787726587,0.1001957922910463,0.2183024684139161,0.25251473087109616,0.24724706136859653,0.2248578356203092
214,0.014959069187817618,0.09649481668732429,0.10032942674189792,0.2185140609348366,0.2532099140983363,0.24795819737560856,0.22710449397274235
215,0.015192888151091512,0.0966471154973827,0.10046577277218442,0.219072445256468,0.2540960282330824,0.24866933338262057,0.22799060810748842
216,0.01525444056606631,0.09672462069212935,0.10073149729500207,0.21928132619795357,0.2547615646048916,0.2495554475173667,0.22883112260703162
217,0.015315992981041101,0.09684501394264403,0.10105877423279454,0.2197087876481683,0.25560207910443467,0.25022098388917585,0.2297172367417777
218,0.01536159261624402,0.09687691950218777,0.1013700983908151,0.22000415902641698,0.25644259360397786,0.2509321198961878,0.23178891696647677
219,0.015436386231555762,0.0970132655324743,0.10157852645697844,0.2215895369653615,0.25833929570094294,0.252812869213381,0.23368561906344187
220,0.015452339011327636,0.0971628527630978,0.10184425097979609,0.22330700497627207,0.2605700012736042,0.2536830305683553,0.23439675507045396
221,0.015452339011327636,0.09883472113880544,0.10363651260601839,0.22511024909871863,0.26281665962603734,0.2544943510877896,0.23624785753221608
222,0.015468291791099513,0.09901395522485996,0.10375690585653305,0.22547142885026258,0.2634689547975095,0.25538046522253566,0.2369430407594562
223,0.015484244570871386,0.09931203818254357,0.10385036383105159,0.22588719347902594,0.26418009080452154,0.2562665793572817,0.24055024332957642
224,0.01550019735064326,0.0996366035409011,0.10401635671676915,0.2278681273086415,0.2660311932662837,0.25851323770971485,0.24279690168200962
225,0.01550019735064326,0.09993468649858474,0.10409386191151583,0.22825469795729597,0.26656735114556174,0.25939935184446095,0.24350803768902163
226,0.015516150130415136,0.10067076052738512,0.1044667384845112,0.22844562886480188,0.26710350902483976,0.260110487851473,0.24411473322529093
227,0.01553210291018701,0.10082034775800859,0.10612265408044695,0.2289323840258787,0.26789842388918006,0.26093776115067924,0.24482586923230296
228,0.01553210291018701,0.10120646553134088,0.10643397823846752,0.22969810491011014,0.2687389383887231,0.26164889715769124,0.24547816440377515
229,0.015636543380929794,0.10162223016010423,0.10669970276128517,0.23194476326254326,0.27063564048568817,0.26236003316470324,0.24636427853852122
230,0.015636543380929794,0.10192031311778786,0.10684928999190865,0.23231763983553858,0.2713011768574974,0.2630711691717153,0.24826098063548627
231,0.01565249616070167,0.10213145276338613,0.10733559227766326,0.232733404464302,0.2720123128645094,0.2639572833064614,0.24826098063548627
232,0.01565249616070167,0.10236798330609495,0.10906630148891076,0.23463909180328357,0.2726646080359815,0.26479779780600454,0.24827693341525817
233,0.01565249616070167,0.10251757053671844,0.1094820661176741,0.23493871913985273,0.2731551662800566,0.2655089338130166,0.24829288619503
234,0.015668448940473544,0.10271275740254482,0.10985223111123453,0.23677658040127791,0.27540182463248986,0.26758061403771566,0.25190008876515024
235,0.015668448940473544,0.10289470306803428,0.11020644332502312,0.23748771640828997,0.27628793876723584,0.2678829529537198,0.25408790628204353
236,0.015668448940473544,0.1029854494631179,0.11047216784784074,0.23943900338247445,0.278534597119669,0.26840315805322595,0.2563345646344767
237,0.01568440172024542,0.10318063632894427,0.11056291424292436,0.23976827757447464,0.28078125547210214,0.26911429406023796,0.25852238215137
238,0.015700354500017295,0.10476872584732373,0.11104921652867898,0.2416739649134562,0.28114243522364624,0.26965045193951603,0.2607690405038031
239,0.015700354500017295,0.10490507187761025,0.11112401014399072,0.2420897295422195,0.2830391373206112,0.27036158794652804,0.26165515463854916
240,0.015732260059561045,0.10521639603563085,0.11162626520951718,0.24398217568086414,0.28375027332762326,0.2710727239535401,0.26248242793775545
241,0.01574821283933292,0.10680448555401027,0.11175989966036877,0.24588786301984572,0.2868325415145414,0.2717838599605521,0.2672295969626257
242,0.015807053674872788,0.10695678436406869,0.11337292720053653,0.24760533103075627,0.28754367752155335,0.2739260778422425,0.2704280024417381
243,0.015823006454644663,0.10719757086509799,0.11358406684613481,0.24816687980714477,0.28842979165629945,0.2748121919769886,0.27249968266643715
244,0.015881847290184527,0.1072883172601816,0.11370446009664947,0.24846650714371393,0.2891409276633115,0.27677943173094494,0.27297699971017525
245,0.01594339970515932,0.10751315098143908,0.11382485334716412,0.24905724990021133,0.29002704179805766,0.27879227112010413,0.2745942832086635
246,0.01606379295567398,0.10908483484472442,0.1140746250902099,0.24916169037095415,0.2907381778050696,0.2806889732170692,0.27665001065359085
247,0.01606379295567398,0.10933731816720513,0.11450634249874514,0.24953185536451458,0.2915654511042759,0.2813545095888783,0.278487871915016
248,0.016079745735445856,0.10966459510499757,0.11470152936457152,0.2501385509007838,0.2921016089835539,0.28189066746815633,0.2791534082868251
249,0.01612534537064877,0.10993303120725013,0.11505845315779502,0.250642803220518,0.2928127449905659,0.28374176992991856,0.28002356964179936
250,0.01612534537064877,0.1100826184378736,0.11673032153350266,0.25076319647103273,0.2935238809975779,0.2858134501546177,0.28192027173876444
251,0.017531489223538765,0.11034834296069126,0.1170575984712951,0.25132474524742127,0.29423501700459,0.2866995642893638,0.28258580811057354
252,0.017608994418285433,0.11071850795425169,0.11731008179377582,0.2515522905481137,0.2949461530116021,0.28723572216864174,0.2832513444823827
253,0.017640899977829184,0.11100018525684123,0.11737163420875062,0.25176388306903413,0.29565728901861404,0.2878880173401139,0.28378750236166067
254,0.017640899977829184,0.11132746219463366,0.11769891114654304,0.25209116000682663,0.2965434031533602,0.28833297594898605,0.28445303873346983
255,0.017699740813369048,0.11173897086507653,0.11815756383107438,0.2525934150723531,0.29742951728810635,0.29005469991821714,0.28665409745070003
256,0.01775858164890891,0.1132062142576191,0.11854097002497177,0.25317091662851354,0.2978612346966415,0.2909408140529631,0.2885348467678933
257,0.01803800024738573,0.11335580148824256,0.11889789381819527,0.2534233999509942,0.29851352986811364,0.2915931092244354,0.2894209609026393
258,0.01803800024738573,0.11344925946276112,0.11940014888372172,0.25395530187195176,0.30017641300180486,0.2922454043959075,0.2902911222576135
259,0.01803800024738573,0.11381942445632154,0.1194617012986965,0.2544552982333655,0.30056253077513717,0.29295654040291963,0.2911772363923596
260,0.018053953027157604,0.11401035536382745,0.1196272413090919,0.25487106286212885,0.3012736667821491,0.29384265453766567,0.2929694980185819
261,0.018112793862697468,0.11556608644734091,0.12010030239450956,0.2551983397999213,0.3018098246614272,0.2957393566346307,0.29362179319005405
262,0.018128746642469343,0.1158345225495935,0.12027953648056405,0.2553214446298709,0.3022415420699624,0.29798601498706395,0.2943169764172942
263,0.018160652202013093,0.11620468754315394,0.12049067612616235,0.25570530369909045,0.30312765620470844,0.30159321755718416,0.29492096037412857
264,0.018235445817324832,0.11639987440898034,0.12056546974147407,0.2559916898353227,0.30401377033945454,0.3038398759096173,0.29492096037412857
265,0.018267351376868583,0.11780827696598305,0.1206402633567858,0.2564779921210773,0.3044587289483267,0.30455101191662937,0.29492096037412857
266,0.018267351376868583,0.11943454570648775,0.12094887593537143,0.25829293306497525,0.30618045291755774,0.30539152641617245,0.29492096037412857
267,0.0183129510120715,0.11962547661399367,0.12113980684287735,0.258750041370621,0.3070665670523039,0.3062187997153787,0.2971676187265617
268,0.018328903791843376,0.11973217578884915,0.12133499370870378,0.26066942278526173,0.309138247277003,0.3069299357223907,0.2992392989512609
269,0.018328903791843376,0.11999790031166681,0.1217168555237156,0.2623440027404043,0.3113849056294361,0.30777045022193383,0.2999504349582729
270,0.018344856571615255,0.12010459948652227,0.12210026171761294,0.26391568660368964,0.3134565858541352,0.30848158622894595,0.30184713705523797
271,0.018344856571615255,0.12019534588160588,0.12241158587563349,0.2658377795977653,0.31529444711556043,0.3090177441082239,0.3038599764443973
272,0.018344856571615255,0.12059316047638959,0.12272291003365407,0.26767138490087006,0.31736612734025954,0.3108688465699861,0.30474609057914326
273,0.018419650186926994,0.12103386312694128,0.1230315226122397,0.26943174096754857,0.3192628294372246,0.3115799825769982,0.30539838575061545
274,0.018481202601901787,0.12164055866321054,0.12473258496805618,0.27099018363049693,0.3215094877896579,0.31224551894880725,0.30587570279435367
275,0.018715021565175686,0.12188134516423983,0.1250598619058486,0.27122671417320576,0.3221750241614669,0.3144921773012404,0.3063530198380918
276,0.01877657398015048,0.1220632908297293,0.1253096336488944,0.27300302301965623,0.3242467043861661,0.31651825789073657,0.3083791004275879
277,0.018792526759922358,0.1222155896397877,0.12550482051472078,0.2749543099938407,0.32631838461086515,0.3182399818599677,0.30909023643460004
278,0.018896967230665137,0.12254015499814523,0.1257573038372015,0.2753860274023759,0.32685454249014323,0.3187761397392457,0.30980137244161204
279,0.018896967230665137,0.12267650102843178,0.12631839973826783,0.2773213615967885,0.3289262227148423,0.3194284349107179,0.31187305266631105
280,0.01891292001043701,0.12287168789425815,0.1266297238962884,0.2788506102796281,0.33064794668407327,0.32162949362794807,0.3153052771086973
281,0.01895851964563993,0.12324185288781858,0.12681166956177783,0.27898695630991466,0.3314884611836165,0.32234062963496013,0.3173313576981935
282,0.018974472425411806,0.12340739289821397,0.12835144786551947,0.28085175284733593,0.3333851632805816,0.32577285407734635,0.3178924535992599
283,0.01900637798495556,0.12371871705623451,0.12850374667557787,0.28106334536825645,0.33403745845205374,0.3275947625589996,0.319964133823959
284,0.019081171600267295,0.12403004121425507,0.1288766232485732,0.2816996877599568,0.33451477549579184,0.3294326238204249,0.3208502479587051
285,0.019081171600267295,0.12431171851684457,0.12935122871287644,0.2823021273379055,0.3350509333750699,0.3314454632095842,0.32300570704073234
286,0.019126771235470217,0.12462575425430009,0.12960100045592218,0.2837830648061072,0.33707701396456613,0.33363328072647747,0.3234374244492676
287,0.020548867868132082,0.12467361259361572,0.12998711822925452,0.2855407092933509,0.3389148752259913,0.33570496095117647,0.3240897196207398
288,0.020564820647903954,0.12621610247679224,0.1302368899723003,0.2872741300840333,0.34098655545069045,0.33654547545071967,0.3245802778648148
289,0.020623661483443818,0.12655707349024384,0.13031168358761205,0.28869622671669515,0.3430582356753895,0.3383965779124818,0.3252914138718268
290,0.020623661483443818,0.1268683976482644,0.1303435891471558,0.29047253556314556,0.34495493777235464,0.3392370924120249,0.3259569502436361
291,0.020857480446717716,0.12725451542159671,0.1305122936123083,0.29088830019190887,0.3456204741441637,0.33984378794829423,0.3279830308331322
292,0.020903080081920638,0.12730237376091236,0.13064863964259482,0.2913746024776635,0.3461566320234418,0.3415655119175253,0.32847358907720736
293,0.020903080081920638,0.12758405106350187,0.13082787372864935,0.29162437422070925,0.3465883494319771,0.3434622140144904,0.32878916919354845
294,0.020948679717123556,0.1279542160570623,0.13103901337424764,0.2918492079419668,0.3469495291835209,0.3468944384568766,0.32940910593015454
295,0.021023473332435295,0.1281494029228887,0.13152531566000222,0.29221982581084943,0.347485687062799,0.34750113399314586,0.33165576428258775
296,0.021023473332435295,0.12841512744570635,0.13176610216103155,0.2926196376598409,0.34823500229193627,0.34816667036495497,0.33372744450728675
297,0.021023473332435295,0.12862355551186969,0.13207742631905212,0.2928990562583177,0.3488872974634084,0.34984279469898305,0.3357535250967831
298,0.02103942611220717,0.12882145395713102,0.13238875047707266,0.29328291532753725,0.3497278119629516,0.3520894530514162,0.3361147048483271
299,0.02127324507548107,0.12914601931548855,0.13274567427029615,0.29482269363127883,0.3515068323888369,0.3527549894232253,0.3366508627276051
300,0.021289197855252944,0.1294573434735091,0.13305699842831673,0.29503428615219934,0.35205468708956633,0.3547222291771817,0.33718702060688305
301,0.021350750270227738,0.12962288348390447,0.1332092972383751,0.29552058843795403,0.35254524533364145,0.35543336518419383,0.3372777670019666
302,0.021398608609543363,0.12971362987898807,0.13353386259673264,0.2958159598162027,0.35303580357771663,0.357634423901424,0.3373393194169415
303,0.021460161024518157,0.12976148821830372,0.13368344982735614,0.29615421925021934,0.35351312062145474,0.3584749384009671,0.3375302503244474
304,0.021476113804290032,0.13024507892462336,0.13392423632838543,0.2965111430434428,0.3543403939206609,0.3619909417006815,0.33960193054914645
305,0.02153766621926483,0.13055640308264396,0.1341740080714312,0.2981097621827243,0.35630763367461726,0.3626564780724906,0.3416736107738456
306,0.02153766621926483,0.13108830500360147,0.13431035410171774,0.2982433966335759,0.35684379155389523,0.3633676140795025,0.34357031287081063
307,0.0215536189990367,0.13136998230619099,0.13448958818777224,0.2985843676470276,0.3573799494331732,0.3639037719587807,0.3455963934603069
308,0.021569571778808576,0.1315222811162494,0.13465558107348982,0.3004713906268023,0.35945162965787236,0.36439433020285583,0.34630752946731896
309,0.02158552455858045,0.13180395841883893,0.1348211210838852,0.3007827147848229,0.3601627656648843,0.366420410792352,0.34719364360206506
310,0.02158552455858045,0.1319270632487885,0.13513244524190576,0.30116928543347743,0.3608739016718964,0.36713154679936405,0.3480797577368111
311,0.02158552455858045,0.1320045684435352,0.13538918452270696,0.30306173157212196,0.36312056002432963,0.37051817160654726,0.3485703159808861
312,0.021601477338352326,0.1322024668887965,0.13540513730247883,0.3035480338578766,0.36365671790360765,0.3708337517228883,0.35075813349777935
313,0.021617430118124205,0.13233881291908303,0.13565916500384512,0.30504492410585016,0.36568279849310387,0.37119493147443233,0.35277097288693865
314,0.021633382897896077,0.13265284865653854,0.13579551103413162,0.3052401109716766,0.36651007179231004,0.37168548971850746,0.35355264655094193
315,0.021633382897896077,0.13285074710179984,0.1361068351921522,0.30574281891252525,0.3671167673285793,0.3721760479625825,0.3540299635946801
316,0.021633382897896077,0.13294149349688347,0.13638851249474174,0.3058632121630399,0.3675484847371145,0.3738977719318136,0.3560560441841763
317,0.021633382897896077,0.13320992959913605,0.13646601768948838,0.3060880458842973,0.3679096644886584,0.3743883301758887,0.3577777681534074
318,0.021633382897896077,0.13335951682975952,0.1366452517755429,0.30774396148023303,0.3698063665856236,0.37509946618290074,0.3581389479049514
319,0.021633382897896077,0.1338002194803112,0.13820098285905635,0.30833470423673054,0.3702969248296987,0.3759855803176467,0.35867510578422934
320,0.021633382897896077,0.13404100598134056,0.13851230701707695,0.308836959302257,0.3711830389644447,0.3762879192336508,0.35916566402830435
321,0.02164933567766795,0.13417464043219213,0.13864865304736348,0.30910693978339515,0.37184857533625393,0.3767784774777259,0.36123734425300363
322,0.021665288457439827,0.1343109864624787,0.138930330349953,0.3093609674847614,0.37232589237999203,0.37713965722926995,0.36177350213228154
323,0.0219150602004856,0.13452212610807693,0.13907991758057647,0.3097580677543179,0.3728164506240671,0.37779195240074215,0.36217286110595087
324,0.022022212250663312,0.13479056221032953,0.13929105722617477,0.31006939191233845,0.3735275866310791,0.37809429131674616,0.36261781971482304
325,0.022038165030435188,0.13499899027649287,0.13971851867638949,0.31021943201828417,0.37388876638262314,0.37999099341371134,0.36315397759410106
326,0.022097005865975055,0.13510568945134838,0.13980926507147312,0.311829747979017,0.3757854684795881,0.38159503571186265,0.36540063594653416
327,0.02211295864574693,0.13547856602434372,0.13996156388153155,0.31231804751897935,0.37627602672366317,0.38213119359114067,0.3660661723183433
328,0.022128911425518805,0.13558526519919922,0.14009790991181806,0.3125588340200087,0.37659160684000437,0.3826217518352157,0.36791727478010544
329,0.022128911425518805,0.13589658935721977,0.1405253713620328,0.31305837750610027,0.37712776471928233,0.38328728820702473,0.36975513604153065
330,0.0221904638404936,0.13614907267970047,0.14101167364778738,0.31354196821242,0.3777800598907545,0.3836734059803571,0.3705824093407368
331,0.0221904638404936,0.13647634961749291,0.14133623900614492,0.3139577328411833,0.3784455962625636,0.38415072302409536,0.37247911143770196
332,0.02222236940003735,0.13650825517703666,0.14192969334207722,0.31430295981295536,0.378818472835559,0.38468688090337333,0.37301526931698004
333,0.02222236940003735,0.13702375144290008,0.14215407418801243,0.3145893459491876,0.37952960884257103,0.38516419794711143,0.37362196485324933
334,0.02222236940003735,0.13723489108849837,0.14245370152458162,0.31478453281501395,0.379890788594115,0.38587533395412343,0.3742742600247215
335,0.02222236940003735,0.1375165683910879,0.14260600033464005,0.3165152420262614,0.3818447871477344,0.38654087032593254,0.3747648182687965
336,0.022238322179809224,0.1376073147861715,0.14296021254842858,0.3169150538752529,0.3822897457566065,0.3870770282052106,0.3752850233683026
337,0.022504046702626877,0.13797747977973193,0.1432286486506812,0.31710598478275887,0.38265092550815055,0.3874382079567546,0.3759373185397748
338,0.022624439953141538,0.1380093853392757,0.1433809474607396,0.3174013561610076,0.3831282425518887,0.3879287662008296,0.3762528986561158
339,0.022656345512685288,0.13826612462007687,0.14363343078322025,0.3192482026644493,0.38510872350618197,0.388301642773825,0.3767890565353939
340,0.022656345512685288,0.13868188924884026,0.14382436169072618,0.31969161689443587,0.3854243036225231,0.38914215727336826,0.377279614779469
341,0.02267229829245716,0.1389503253510928,0.1440900862135438,0.3202180956565236,0.3857266425385272,0.38979445244484034,0.377279614779469
342,0.022763497562862993,0.13914822379635414,0.14448989806253534,0.32064284552730343,0.38633333807479636,0.39044674761631254,0.377454592907203
343,0.022779450342634868,0.13938901029738343,0.14477157536512483,0.3208247911927929,0.3866606150125888,0.3911578836233246,0.3774864984667468
344,0.022779450342634868,0.14004757913143717,0.14492387417518324,0.3211334037713785,0.3871055736214611,0.3916484418673998,0.3774864984667468
345,0.02282504997783779,0.14031330365425482,0.14516040471789207,0.32169495254776703,0.3879460881210041,0.3920096216189437,0.3780226563460248
346,0.02282504997783779,0.14072906828301815,0.14531270352795048,0.32327607452839113,0.3901339056378974,0.39237080137048763,0.3785588142253028
347,0.02282504997783779,0.14105363364137566,0.14557842805076812,0.3238508645051166,0.3906700635171755,0.39286135961456276,0.3802805381945339
348,0.022929490448580576,0.14130766134274192,0.14566917444585173,0.3242825819136518,0.39120622139645345,0.39458308358379374,0.3809916742015458
349,0.022961396008124326,0.1417234259715053,0.14581876167647526,0.32467813780432275,0.39169677964052846,0.3954691977185398,0.38159836973781497
350,0.0229773487878962,0.1418757247815637,0.14590950807155884,0.3251511988897404,0.3924079156475406,0.396075893254809,0.38248448387256123
351,0.023036189623436065,0.14208686442716195,0.14613434179281629,0.32527159214025503,0.3928396330560758,0.3966120511340871,0.38326615753656446
352,0.023036189623436065,0.14253027865714857,0.14628664060287466,0.32577158850166893,0.39355076906308784,0.3971482090133651,0.38380231541584237
353,0.023036189623436065,0.14263697783200405,0.14667275837620697,0.32602407182414955,0.39402808610682594,0.397509388764909,0.38451345142285454
354,0.023052142403207944,0.1429027023548217,0.1471181698604014,0.327566561707326,0.3970647546585412,0.39782496888125013,0.38504960930213256
355,0.023052142403207944,0.14300940152967717,0.14728370987079673,0.3279075327207776,0.39760091253781926,0.39853610488826213,0.38558576718141047
356,0.023052142403207944,0.1433955193030095,0.14759503402881732,0.32817371011891755,0.39831204854483127,0.3988516850046032,0.38594694693295456
357,0.023068095182979816,0.14353457691273094,0.14774462125944077,0.3298482900740601,0.4003837287695304,0.3991084242854044,0.3863081266844984
358,0.023068095182979816,0.1436736345224524,0.14789692006949917,0.33003023573954954,0.4008742870136054,0.3994696040369483,0.3871942408192445
359,0.023113694818182737,0.14393935904527005,0.14807615415555372,0.3303961447747895,0.4015265821850777,0.3997851841532894,0.3890909429162097
360,0.023175247233157528,0.14551104290855543,0.1482553882416082,0.33073711578824105,0.4019715407939498,0.4001007642696306,0.3896271007954877
361,0.023191200012929403,0.14696233352132612,0.14828729380115196,0.33110728078180157,0.40228712091029084,0.40041634438597157,0.3899882805470316
362,0.023191200012929403,0.1473192573145496,0.14849417748842975,0.33145878141615515,0.402764437954029,0.4011274803929837,0.39052443842630963
363,0.023223105572473157,0.14736711565386523,0.1500366673716063,0.3319610364816817,0.40320939656290117,0.4014886601445276,0.39118997479811873
364,0.023284657987447943,0.14760790215489453,0.1501730134018928,0.3324313859876645,0.4034072950081626,0.40180424026086864,0.39207608893286483
365,0.023284657987447943,0.14768540734964122,0.1503226006325163,0.33262657285349084,0.4036640342889637,0.40228155730460674,0.3938683505590871
366,0.023284657987447943,0.1477921065244967,0.15058832515533396,0.33296754386694244,0.4040252140405077,0.4029470936764159,0.3944045084383651
367,0.023284657987447943,0.14802863706720554,0.15076755924138846,0.3330879371174571,0.40434079415684876,0.4037287673404191,0.3947068473543693
368,0.023316563546991697,0.14811938346228912,0.15096274610721488,0.3334717961866767,0.4048313524009238,0.4039855066212204,0.39496358663517045
369,0.023332516326763572,0.14824248829223877,0.15137851073597822,0.33390351359521186,0.40504249204652215,0.40430108673756143,0.3956158818066426
370,0.023332516326763572,0.14847003359293112,0.15182192496596483,0.3342736785887723,0.405403671798066,0.40479164498163656,0.39604759921517785
371,0.023348469106535444,0.14860637962321765,0.1521464903243224,0.33575461605697404,0.4069621144610144,0.4052233623901717,0.39658375709445587
372,0.023364421886307326,0.1487427256535042,0.15241492642657492,0.33610882827076255,0.40756880999728373,0.4057139206342467,0.39685373757559395
373,0.02342326272184719,0.1488950244635626,0.15281428540024417,0.33637455279358025,0.4079299897488277,0.4062500785135249,0.3971560764915981
374,0.02342326272184719,0.1491061641091608,0.1529479198510958,0.33674471778714066,0.40858228492029985,0.4067862363928028,0.39780837166307026
375,0.02342326272184719,0.14915402244847648,0.1531002186611542,0.337130835560473,0.4091184427995778,0.4073223942720808,0.39824008907160546
376,0.02348481513682198,0.14941974697129412,0.15334100516218355,0.33794215607990735,0.4093751820803791,0.40768357402362493,0.40013679116857054
377,0.023546367551796777,0.14951049336637776,0.1533729107217273,0.3394093994724499,0.41162184043281225,0.4095802761205899,0.4005229089419028
378,0.02356232033156865,0.14976723264717895,0.15362539404420797,0.33961828041393544,0.41215799831209016,0.41124315925428107,0.40112960447817214
379,0.023607919966771567,0.1499332255328965,0.15373254609438566,0.3399752042071589,0.4128235346838993,0.41154549817028524,0.40149078422971596
380,0.023607919966771567,0.15001073072764318,0.15540441447009334,0.34197836447912777,0.41451135583937887,0.4119772155788205,0.4022019202367281
381,0.02371236043751435,0.15040854532242687,0.156855705082864,0.3423644822524601,0.415176892211188,0.41233839533036437,0.4040530226984903
382,0.023787154052826092,0.15073582226021928,0.15693049869817574,0.3429096253737546,0.41566745045526315,0.4130495313373765,0.4043097619792915
383,0.023803106832597964,0.15106309919801175,0.1570508919486904,0.3435459677654549,0.41620360833454106,0.4134107110889204,0.40480032022336665
384,0.023819059612369842,0.15114060439275842,0.15717128519920506,0.34372791343094433,0.4165647880860851,0.41406300626039266,0.40545261539483873
385,0.023819059612369842,0.15156806584297317,0.15739566604514024,0.34409807842450474,0.4170553463301602,0.4144241860119366,0.4058975740037109
386,0.023880612027344636,0.1518337903657908,0.1575320120754268,0.34424766565512827,0.4175459045742353,0.4147853657634805,0.4061999129197151
387,0.023896564807116508,0.15209951488860846,0.15898330268819752,0.34436805890564287,0.41786148469057627,0.4151009458798216,0.40639084382722096
388,0.02397135842242825,0.15230639857588626,0.15905809630350926,0.3444911637355926,0.4183976425698543,0.4158120818868338,0.4064067966069928
389,0.023987311202200122,0.1523971449709699,0.15936942046152985,0.34510884176808604,0.41879700154352356,0.41652321789384567,0.4064843018017395
390,0.024003263981972,0.15266558107322245,0.15956731890679116,0.3453909719459977,0.419312497809387,0.41688439764538965,0.4064843018017395
391,0.024003263981972,0.15287246476050026,0.1596580653018748,0.3457568809812377,0.42133857839888317,0.4174205555246678,0.4070204596810175
392,0.024019216761743876,0.15456028591597976,0.1597488116969584,0.34628607132276024,0.42204971440589517,0.41808609189647683,0.40768599605282657
393,0.02403516954151575,0.15466698509083526,0.1598559637471361,0.3479583925737902,0.4227152507777044,0.41844727164802076,0.40975767627752585
394,0.02403516954151575,0.15480333112112177,0.16019648188526547,0.3482537639520389,0.4230764305292483,0.418878989056556,0.4105393499415291
395,0.02409672195649054,0.15486488353609656,0.16047815918785496,0.35018864527112925,0.4250892699184075,0.41919456917289716,0.4126815678232194
396,0.02409672195649054,0.15517620769411714,0.1606760576331163,0.35071783561265174,0.4258004059254196,0.4195101492892382,0.41321772570249743
397,0.02412862751603429,0.15531255372440364,0.160753562827863,0.35135146642491716,0.4264659422972288,0.42004630716851615,0.4140582402020405
398,0.024160533075578042,0.15556503704688437,0.16078546838740673,0.3520259880387427,0.4267815224135697,0.4204074869200601,0.41454879844611564
399,0.024238038270324714,0.15593520204044478,0.16103795170988747,0.3524963375447255,0.427272080657645,0.4207098258360642,0.41525993445312775
400,0.024253991050096586,0.15602594843552842,0.16148136593987406,0.3532005060139821,0.42776263890172,0.4210710055876082,0.4156211142046716
401,0.024253991050096586,0.1561326476103839,0.1616882496271518,0.3536868082997367,0.42829879678099786,0.4215027229961434,0.4162866505764809
402,0.024299590685299507,0.15632783447621026,0.16179494880200734,0.3539096447667863,0.428614376897339,0.42339942509310846,0.4166478303280248
403,0.024299590685299507,0.15641858087129387,0.1619604888124027,0.35440918825287787,0.4289299570136801,0.42529612719007354,0.41696341044436586
404,0.024315543465071383,0.15646643921060951,0.16230100695053207,0.35487953775886066,0.42946611489295816,0.4257146033982718,0.4172657493603699
405,0.024315543465071383,0.1567189225330902,0.1624373529808186,0.3549410901738354,0.4297684538089623,0.4262051616423469,0.4174768890059682
406,0.024315543465071383,0.15690086819857965,0.16254405215567408,0.3566558466053111,0.4315739566355215,0.426695719886422,0.41818802501298014
407,0.024315543465071383,0.15710775188585743,0.16270959216606945,0.35846180230719243,0.4331912401340098,0.42723187776570004,0.41854920476452423
408,0.024377095880046173,0.15726005069591587,0.16286189097612785,0.35894539301351214,0.4335524198855537,0.4276635951742353,0.41916914150113044
409,0.024393048659818055,0.15757137485393644,0.16293939617087452,0.35919516475655794,0.4339135996370977,0.42796593409023936,0.4196596997452056
410,0.024393048659818055,0.15783981095618901,0.16329631996409802,0.3595949766055494,0.4343453170456329,0.42832711384178335,0.4203119949166777
411,0.02446784227512979,0.1579332689307076,0.16351915643114767,0.3596994170762922,0.4348814749249109,0.4290382498487954,0.4208025531607528
412,0.024483795054901666,0.15803996810556306,0.16513218397131543,0.3600695820698527,0.43532643353378303,0.42934058876479947,0.421279870204491
413,0.024499747834673537,0.1580878264448787,0.16547270210944484,0.3601630400443712,0.4356420136501241,0.42987674664407743,0.42153660948529215
414,0.02454534746987646,0.15824012525493708,0.16553425452441967,0.3603609384896325,0.4361781715294022,0.4301923267604185,0.4218977892368361
415,0.02457725302942021,0.15844700894221486,0.16558211286373528,0.3606430686675442,0.4365393512809461,0.4304358248408829,0.4224339471161141
416,0.02457725302942021,0.15989829955498555,0.16581864340644406,0.36092248726602105,0.4369005310324901,0.43086754224941803,0.42270392759725234
417,0.024811071992694108,0.1601258448556779,0.16593903665695872,0.3612088734022533,0.43743668891176807,0.4314153969501474,0.42306510734879627
418,0.024811071992694108,0.16023254403053339,0.16595498943673062,0.36151748598083894,0.4381478249187801,0.43197649285121376,0.4233806874651373
419,0.024811071992694108,0.16036889006081995,0.16615017630255702,0.3617832105036566,0.43834572336404143,0.432233232132015,0.42381240487367244
420,0.02482702477246598,0.16051847729144347,0.1663777216032494,0.3623283536249511,0.43870690311558536,0.4325032126131531,0.42417358462521654
421,0.02482702477246598,0.1607163757367048,0.16664344612606705,0.36259407814776873,0.43900924203158964,0.4327731930942912,0.42461854323408865
422,0.024858930332009734,0.16074828129624855,0.16677708057691867,0.36312598006872626,0.4394998002756647,0.4347992736837874,0.4249797229856326
423,0.024890835891553484,0.1610140058190662,0.1669134266072052,0.36352850349715266,0.4400359581549426,0.4353354315630655,0.42534090273717656
424,0.024890835891553484,0.16113439906958085,0.16710861347303158,0.363944268125916,0.44052651639901774,0.4358259898071405,0.4260520387441887
425,0.024890835891553484,0.16132958593540722,0.1672449595033181,0.36454399612442984,0.4409714750078899,0.43666650430668363,0.42635437766019274
426,0.0249364355267564,0.16182912942149877,0.16739454673394155,0.3648393675026786,0.4415076328871679,0.43867934369584294,0.42675373663386196
427,0.024997987941731192,0.1619198758165824,0.1674852931290252,0.3651506916606991,0.44182321300350896,0.4391566607395811,0.42728989451314
428,0.02501394072150307,0.16360769697206193,0.16773777645150592,0.3655532150891255,0.44235937088278704,0.4396472189836562,0.427651074264684
429,0.0251316223925828,0.16372809022257656,0.16776968201104966,0.36582319557026366,0.4429793076193932,0.44029951415512836,0.4279078135454851
430,0.0251316223925828,0.16387767745320006,0.1679060280413362,0.36618011936348704,0.44341102502792834,0.4408929684910606,0.42861894955249724
431,0.025193174807557592,0.16396842384828367,0.16798082165664793,0.3665051375971668,0.44371336394393257,0.4413835267351357,0.4292712447239694
432,0.025209127587329468,0.16401628218759928,0.1681600557427024,0.3670502807184613,0.44436565911540465,0.44176964450846795,0.4298074026032474
433,0.025225080367101343,0.1641070285826829,0.16817600852247427,0.3671414799888671,0.44468123923174574,0.44384132473316723,0.43028471964698567
434,0.025241033146873218,0.1642137277575384,0.1683283073325327,0.3674956922026556,0.44517179747582075,0.44437748261244525,0.4306002997633266
435,0.025241033146873218,0.16470003004329298,0.16866927834598436,0.3676320382329422,0.44570795535509883,0.4445753810577065,0.43084379784379084
436,0.025241033146873218,0.1647478883826086,0.1689806025040049,0.3677683842632287,0.44612643156329707,0.44493656080925054,0.4314960930152631
437,0.025272938706416965,0.16485458755746407,0.17046153997220662,0.36857970478266305,0.4464876113148411,0.4452065412903886,0.431512045795035
438,0.025288891486188843,0.1652835933865644,0.17061383878226502,0.3688045385039205,0.44663991012489956,0.44591767729740067,0.431512045795035
439,0.025304844265960715,0.16553762108793066,0.17070458517734866,0.368911237678776,0.44694224904090357,0.4463949943411388,0.4315599041343506
440,0.025304844265960715,0.16603987615345714,0.17091572482294695,0.3691091361240374,0.4475945442123758,0.4472811084758848,0.4315599041343506
441,0.025772482192508512,0.1663512003114777,0.17097727723792175,0.36953814195313767,0.4480851024564509,0.4477584255196229,0.4315599041343506
442,0.025818081827711434,0.16648754634176427,0.1710547824326684,0.36995390658190097,0.44862126033572886,0.44829458339890105,0.4322710401413626
443,0.025879634242686227,0.16659424551661975,0.17113228762741503,0.3704990497031955,0.449111818579804,0.44883074127817907,0.43263221989290646
444,0.0258955870224581,0.16680538516221802,0.17131423329290457,0.3709105583736383,0.4497641137512762,0.4491919210297231,0.4347039001176057
445,0.025911539802229974,0.1670005720280444,0.1715094201587309,0.3711645860750046,0.4503002716305542,0.4510886231266881,0.4365417613790309
446,0.025927492582001853,0.1671369180583309,0.17166171896878932,0.37137346701649004,0.4507775886742923,0.45157918137076314,0.4369029411305748
447,0.0259593981415456,0.1688114980134735,0.17179806499907582,0.37328186593490653,0.4526154499357176,0.45195205794375853,0.4372641208821189
448,0.0259593981415456,0.16896108524409698,0.17205209270044214,0.3735343492573873,0.45293103005205854,0.45367378191298957,0.4375664597981229
449,0.025991303701089357,0.1690974312743835,0.17212959789518884,0.3739501138861507,0.45329220980360246,0.45397612082899375,0.43792763954966685
450,0.025991303701089357,0.16929261814020993,0.17220439151050057,0.374365878514914,0.45359454871960664,0.4545122787082717,0.43846379742894487
451,0.025991303701089357,0.16939931731506544,0.17237038439621813,0.37450222454520055,0.4541307065988847,0.45498959575200987,0.43894111447268297
452,0.02600725648086123,0.1695489045456889,0.1740126059164947,0.37488608361442016,0.4544918863504286,0.4555830500879422,0.43947727235196093
453,0.026241075444135124,0.1697012033557473,0.1741489519467812,0.3752313105861923,0.4547942252664328,0.4558986302042832,0.43996783059603606
454,0.02652049404261194,0.16983754938603382,0.17449417891855334,0.3755293935438759,0.4555053612734448,0.4563891884483582,0.4404583888401112
455,0.02652049404261194,0.17014887354405436,0.174614572169068,0.3757791652869216,0.4559826783171831,0.45686650549209645,0.4409489470841864
456,0.02652049404261194,0.17019673188337,0.1749099435473167,0.3759611109524112,0.45634385806872696,0.45718208560843737,0.44126452720052745
457,0.026566093677814862,0.17067133734767326,0.1750006899424003,0.3762151386537774,0.456659438185068,0.4577182434877154,0.4417550854446024
458,0.026624934513354726,0.17076208374275686,0.17510738911725582,0.37645166919648626,0.45719559606434595,0.45803382360405664,0.44211626519614644
459,0.026670534148557645,0.17086878291761237,0.17518489431200246,0.3766628088420845,0.45784789123581826,0.45839500335560057,0.4424186041121505
460,0.026729374984097515,0.17090068847715612,0.17550945967035994,0.37700106827610114,0.45808867773684747,0.4588855615996756,0.44290916235622557
461,0.02678821581963738,0.17097548209246788,0.17563256450030953,0.37744602688497325,0.4585659947805857,0.45937611984375076,0.44357469872803473
462,0.02686300943494912,0.17100738765201162,0.17571006969505618,0.37762797255046276,0.45892717453212956,0.4599122777230287,0.44405201577177306
463,0.02687896221472099,0.17125715939505737,0.17613481956583607,0.37809832205644545,0.45963831053914167,0.46044843560230664,0.4444131955233169
464,0.02687896221472099,0.17145234626088376,0.17649174335905954,0.37821871530696016,0.4604199842031449,0.4623451376992718,0.44477437527486086
465,0.026924561849923912,0.17151389867585853,0.17653960169837513,0.3783979493930147,0.46073556431948604,0.46288129557854985,0.445251692318599
466,0.026924561849923912,0.17165295628557997,0.17695111036881797,0.3785771834790692,0.46103790323549004,0.46341745345782787,0.44572900936233706
467,0.026940514629695784,0.17183490195106943,0.17709016797853946,0.3802171462952331,0.46293460533245523,0.46377863320937185,0.4462195676064122
468,0.026940514629695784,0.1720624472517618,0.1772132728084891,0.3808211302520674,0.46354130086872447,0.46431479108864976,0.4478368511049005
469,0.026999355465235648,0.1722576341175882,0.1775405497462815,0.38101631711789374,0.4642524368757364,0.46467597084019385,0.4485479871119125
470,0.026999355465235648,0.17239398014787477,0.17761805494102814,0.38121150398372017,0.4646136166272804,0.4650371505917377,0.4492591231189246
471,0.027058196300775512,0.1725435673784982,0.1779453318788206,0.38149517854051757,0.4651041748713556,0.4653983303432817,0.44979528099820265
472,0.02709010186031926,0.17263431377358182,0.17836109650758394,0.38174920624188385,0.46546535462289956,0.4657595100948258,0.4501564607497466
473,0.027106054640091134,0.1728571502406315,0.17851339531764232,0.3835551619437652,0.46731645708466174,0.46607509021116683,0.45063377779348474
474,0.027137960199634888,0.17312287476344912,0.17872027900492013,0.3840297674080684,0.46779377412839984,0.46637742912717084,0.45093611670948885
475,0.027137960199634888,0.1735206893582329,0.17912009085391165,0.38442957925705995,0.4680372722088641,0.46680914653570615,0.45147227458876676
476,0.02718355983483781,0.17378641388105048,0.17916794919322726,0.3847837914708485,0.46829401148966526,0.46712472665204724,0.451962832832842
477,0.02719951261460968,0.17392547149077198,0.17954981100823908,0.38534262866780217,0.46895954786147437,0.46773142218831637,0.4525106875335714
478,0.0272451122498126,0.17404857632072152,0.17962731620298575,0.3857583932965655,0.4694501061055495,0.46822198043239155,0.4529880045773095
479,0.027277017809356357,0.17418763393044304,0.17976366223327225,0.3861741579253288,0.4698112858570935,0.46847871971319266,0.4535241624565875
480,0.027351811424668093,0.1744151792311354,0.17992965511898984,0.3863857504462494,0.4702430032656288,0.4689104371217279,0.4540603203358655
481,0.027367764204439968,0.17472650338915596,0.18005275994893946,0.38652209647653585,0.4705453421816328,0.46962157312874014,0.4547714563428775
482,0.027367764204439968,0.17516720603970767,0.18017315319945412,0.38683342063455645,0.4708609222979739,0.47015773100801805,0.45508703645921855
483,0.027367764204439968,0.17537408972698545,0.1805141242129057,0.3868922614700963,0.471338239341712,0.47064828925209307,0.45551875386775376
484,0.02738371698421184,0.17548078890184093,0.18231537108114446,0.3871599832471218,0.4718287975857871,0.4710094690036371,0.4558799336192978
485,0.027415622543755593,0.17558748807669644,0.18259704838373397,0.3874850014808015,0.4723649554650651,0.471325049119978,0.4562528101922931
486,0.027461222178958508,0.1758282745777257,0.18290566096231958,0.3875306011160044,0.4727510732383973,0.47203618512699014,0.4569639461993052
487,0.027461222178958508,0.17591902097280931,0.18305795977237801,0.38782597249425316,0.4730078125191986,0.4723973648785342,0.45735006397263744
488,0.02747717495873038,0.17617304867417558,0.18331044309485872,0.38822578434324456,0.4733101514352027,0.4728746819222722,0.4578406222167126
489,0.027493127738502262,0.17764029206671816,0.18357616761767634,0.3883594187940961,0.47367133118674665,0.47336524016634746,0.45833118046078775
490,0.027554680153477056,0.1777310384618018,0.18382865094015707,0.3887751834228595,0.4741618894308218,0.47385579841042247,0.45882173870486276
491,0.02764587942388289,0.1778833372718602,0.18409437546297477,0.388984064364345,0.474418628711623,0.47439195628970043,0.4593578965841408
492,0.02770743183885768,0.17797408366694384,0.18416916907828645,0.38916329845039954,0.47464300955755817,0.47505749266150954,0.459789613992676
493,0.027739337398401436,0.17800598922648758,0.18438030872388475,0.389388132171657,0.47517916743683625,0.4754186724130535,0.46158187561889824
494,0.027739337398401436,0.1780967356215712,0.18486932258907432,0.3896246627143658,0.4754947475531772,0.4757798521645975,0.4615978283986701
495,0.027814131013713172,0.1784669006151316,0.18513504711189196,0.3897181206888844,0.4759264649617124,0.47614103191614154,0.4615978283986701
496,0.027814131013713172,0.17854440580987824,0.1852713931421785,0.3899429544101418,0.47622880387771654,0.47667718979541956,0.46162973395821383
497,0.02804794997698707,0.17857631136942198,0.1853917863926932,0.3901677881313993,0.47670612092145476,0.4769339290762208,0.46186626450092266
498,0.028079855536530824,0.1786538165641687,0.1855737320581826,0.3903497337968888,0.4770217010377958,0.4775862242476929,0.4618822172806945
499,0.028079855536530824,0.1788490034299951,0.18571007808846912,0.3906314110994783,0.47773283704480785,0.4781223821269709,0.46372007854211983
500,0.02831367449980472,0.1789557026048506,0.18583318291841872,0.3910471757282417,0.4784439730518199,0.4783335217725692,0.46443121454913183
501,0.028329627279576594,0.17921244188565177,0.18588104125773436,0.39118352175852816,0.4789801309310979,0.47869470152411314,0.4649217727932069
502,0.028375226914779512,0.1794076287514782,0.186001434508249,0.3913495146442457,0.47951628881037583,0.4794058375311252,0.46539908983694506
503,0.028375226914779512,0.17961876839707644,0.18603334006779274,0.39172013251312837,0.4798774685619199,0.4802919516658713,0.46593524771622313
504,0.02840713247432326,0.17975511442736297,0.18612408646287637,0.39222438483286265,0.480354785605658,0.48082810954514926,0.46641256475996123
505,0.02842308525409514,0.1799074132374214,0.18639252256512895,0.39284477444479105,0.48061152488645914,0.48153924555216127,0.4670648599314335
506,0.02842308525409514,0.17993931879696518,0.1865744682306184,0.39432842349242775,0.48233324885569023,0.4819004253037053,0.4674260396829774
507,0.02842308525409514,0.18013450566279154,0.18696058600395066,0.39447846359837335,0.48298554402716243,0.4822160054200463,0.4679165979270525
508,0.02846868488929806,0.18037103620550038,0.18702213841892545,0.3947870761769591,0.48334672377870636,0.48269332246378444,0.46823217804339357
509,0.028500590448841814,0.1805073822357869,0.18711288481400906,0.39531897809791666,0.4838828816579845,0.48322948034306246,0.4686771366522658
510,0.02851654322861369,0.1808935000091192,0.18723327806452372,0.39558515549605655,0.48431459906651964,0.4834862196238637,0.4693426730240749
511,0.02861000120313223,0.18101389325963385,0.18736962409481028,0.3959822557656131,0.48485075694579766,0.4838017997402047,0.46994936856034414
512,0.028655600838335148,0.18110463965471746,0.18903878089108297,0.3961186017958996,0.48521193669734164,0.48429235798427983,0.4703105483118882
513,0.02867155361810703,0.18132747612176708,0.18955473003226864,0.396343435517157,0.48557311644888557,0.48500349399129195,0.47210280993811043
514,0.028687506397878905,0.18146382215205364,0.1898528129899523,0.3963593882969289,0.48600483385742077,0.48548081103503005,0.4725933681821855
515,0.028703459177650777,0.18165900901788,0.18992760660526403,0.3967003593103805,0.48636601360896475,0.48579639115137113,0.47295454793372943
516,0.028719411957422652,0.1818569074631414,0.1900771938358875,0.3969824894882922,0.48672719336050874,0.48609873006737525,0.47325688684973355
517,0.028794205572734387,0.18335379771111496,0.1905178964864392,0.3973070548466497,0.4872045104042469,0.4866348879466532,0.4737930447290115
518,0.028855757987709188,0.18384009999686957,0.1906086428815228,0.3976343317844421,0.48774066828352497,0.4871254461907283,0.4742247621375467
519,0.028871710767481063,0.18404698368414735,0.1907153420563783,0.3976502845642139,0.48823122652760004,0.48748662594227227,0.47458594188909076
520,0.028871710767481063,0.18438750182227676,0.19115604470692998,0.39802044955777444,0.48894236253461204,0.48784780569381625,0.4748882808050948
521,0.02893055160302093,0.18465322634509437,0.19118795026647373,0.3982113804652803,0.48919910181541315,0.4883839635730942,0.4754244386843729
522,0.028946504382792802,0.18496455050311494,0.1912654554612204,0.3982273332450522,0.4895014407314173,0.4887451433246382,0.4757856184359168
523,0.028946504382792802,0.1850420556978616,0.1915179387837011,0.39859749823861274,0.48991991693961556,0.4891063230761822,0.47610119855225796
524,0.028992104017995724,0.18518111330758308,0.1916702375937595,0.39865633907415265,0.4904104751836906,0.4896424809554602,0.47647407512525325
525,0.02902400957753947,0.18521301886712685,0.19177693676861496,0.39876077954489536,0.49094663306296865,0.4900036607070042,0.4768352548767973
526,0.029039962357311343,0.18530376526221043,0.19321227460161378,0.400257669792869,0.49284333515993367,0.4905398185862822,0.47713759379280135
527,0.029055915137083225,0.1853197180419823,0.19327382701658857,0.4003192222078437,0.4931589152762749,0.49107597646556017,0.47749877354434533
528,0.0290718679168551,0.18560139534457187,0.19340746146744017,0.4003807746228185,0.4935200950278188,0.49143715621710415,0.4776966719896067
529,0.029133420331829894,0.18591271950259242,0.19367318599025787,0.4007190340568351,0.49399741207155695,0.4917983359686481,0.4781872302336818
530,0.029383192074875667,0.1859446250621362,0.19375069118500451,0.40120533634258976,0.494533569950835,0.49215951572019206,0.4787233881129598
531,0.029383192074875667,0.1860969238721946,0.19431178708607086,0.40145510808563556,0.4949064465238303,0.4925206954717361,0.4792139463570349
532,0.029399144854647542,0.18626246388258993,0.1943436926456146,0.4016916386283444,0.49544260440310833,0.4928818752232801,0.47969126340077306
533,0.029399144854647542,0.18636916305744541,0.19448003867590113,0.40222354054930193,0.49575818451944936,0.4933724334673551,0.4800068435171141
534,0.02947393846995928,0.18650279750829704,0.19457078507098474,0.40269389005528466,0.4960605234354534,0.49373361321889914,0.48054300139639206
535,0.02947393846995928,0.18659354390338065,0.19485246237357423,0.4027713952500313,0.4962584218807148,0.49435354995550534,0.48102031844013016
536,0.029489891249731157,0.18674584271343905,0.19507684321950947,0.40293467655631393,0.49651516116151606,0.4948441081995804,0.4813814981916742
537,0.029505844029503032,0.18689542994406252,0.19524238322990486,0.40340928202061715,0.4967586592419803,0.49533466644365554,0.4817426779432182
538,0.029505844029503032,0.18697293513880922,0.1952742887894486,0.40380909386960867,0.4970153985227815,0.4957796250525277,0.48227883582249614
539,0.029505844029503032,0.18712523394886765,0.19554001331226628,0.4043086373557002,0.4974927155665196,0.49614080480407174,0.4825944159388372
540,0.029567396444477825,0.18717309228818327,0.19572195897775574,0.4045202298766207,0.4979700326102578,0.4966313630481468,0.4829555956903812
541,0.029567396444477825,0.18727979146303875,0.19716000839018946,0.4050494202181433,0.498213530690722,0.4971086800918849,0.4832123349711824
542,0.029583349224249704,0.1875026279300884,0.19728040164070412,0.4051269254128899,0.4985747104422659,0.4976448379711629,0.48387787134299143
543,0.029583349224249704,0.1876549267401468,0.19746234730619353,0.40548113762667864,0.49881820852273023,0.4981809958504409,0.4843551883867297
544,0.029583349224249704,0.1878618104274246,0.19781927109941702,0.40552673726188154,0.4992955255664684,0.4999276578414602,0.48471636813827357
545,0.029583349224249704,0.18805428571381608,0.1980144579652434,0.4057929146600213,0.4997728426102065,0.5004638157207383,0.4852525260175516
546,0.029583349224249704,0.18816098488867156,0.19826694128772412,0.4062059677093497,0.5002634008542816,0.5007793958370794,0.48555486493355576
547,0.029583349224249704,0.1884267094114892,0.1984165285183476,0.40637196059506736,0.5005789809706226,0.5012699540811545,0.48609102281283373
548,0.029599302004021576,0.18845861497103295,0.19866901184082833,0.40664039669731994,0.5008224790510869,0.5016311338326984,0.4864066029291749
549,0.02963120756356533,0.1887450011072652,0.198789405091343,0.40680638958303744,0.501124817967091,0.5019467139490393,0.4868971611732499
550,0.02963120756356533,0.18894018797309162,0.1988053578711149,0.406972382468755,0.501485997718635,0.5023078937005835,0.48738771941732495
551,0.02973835961374304,0.18919421567445788,0.19900054473694123,0.40710872849904156,0.502022155597913,0.5026690734521274,0.4876900583333291
552,0.02973835961374304,0.18947589297704737,0.19937070973050164,0.4076994712555389,0.502337735714254,0.5031007908606626,0.48805123808487305
553,0.029754312393514913,0.18968277666432515,0.19950705576078823,0.40801079541355956,0.502698915465798,0.5033575301414639,0.4882623777304714
554,0.029754312393514913,0.1900529416578856,0.19953896132033197,0.4081444298644111,0.5031438740746702,0.5036142694222651,0.4886352543034667
555,0.029754312393514913,0.19008484721742935,0.1996137549356437,0.4082780643152627,0.5036800319539482,0.5040592280311372,0.48906697171200186
556,0.029754312393514913,0.1901596408327411,0.19987947945846135,0.40844405720098026,0.5039956120702892,0.5047703640381492,0.48906697171200186
557,0.029858752864257695,0.19019154639228483,0.20000258428841092,0.40862329128703484,0.5043111921866303,0.5052609222822244,0.4890829244917737
558,0.029933546479569435,0.19038673325811123,0.2001818183744655,0.40878928417275245,0.5046723719381743,0.5056221020337683,0.4890829244917737
559,0.030183318222615208,0.19058192012393763,0.2003049232044151,0.40895527705846996,0.5049747108541783,0.5059832817853122,0.4890988772715456
560,0.03019927100238708,0.19090648548229516,0.20038242839916176,0.40920930475983613,0.5053358906057224,0.5066944177923244,0.4890988772715456
561,0.03021522378215896,0.19098399067704183,0.2004439808141365,0.40941818570132177,0.5056382295217265,0.5070555975438683,0.4890988772715456
562,0.030260823417361877,0.19101589623658558,0.20058032684442303,0.40978409473656174,0.5061155465654646,0.5079417116786142,0.49134553562397876
563,0.030260823417361877,0.19110664263166918,0.2008168573871319,0.41024120304220746,0.5066517044447426,0.5087822261781575,0.49182285266771697
564,0.030260823417361877,0.19124298866195572,0.20084876294667564,0.4104231487076969,0.5070128841962867,0.5094933621851695,0.49235901054699494
565,0.030292728976905627,0.19138204627167713,0.20111448746949329,0.4111432699567254,0.5075490420755647,0.5098089423015105,0.4928203748109612
566,0.030292728976905627,0.19166372357426667,0.20111448746949329,0.41162058700046356,0.5079102218271087,0.5103451001807886,0.49353151081797336
567,0.030308681756677502,0.191861622019528,0.20123488072000795,0.4120363516292269,0.5082258019434496,0.5110106365525978,0.49406766869725127
568,0.030308681756677502,0.19189352757907174,0.20138446795063145,0.4123768697673563,0.5089369379504617,0.5115467944318758,0.49460382657652935
569,0.030308681756677502,0.1922208045168642,0.20167085408686364,0.41251050421820784,0.5094730958297397,0.5119079741834197,0.49526936294833845
570,0.030308681756677502,0.19231426249138278,0.2019821782448842,0.4130880057743684,0.5098342755812836,0.5122691539349638,0.49575992119241347
571,0.030370234171652292,0.19256674581386343,0.20213176547550765,0.41345391480960836,0.5104998119530928,0.5128053118142417,0.49612110094395756
572,0.030370234171652292,0.19265749220894707,0.20238424879798836,0.41359026083989486,0.5108153920694339,0.5131664915657856,0.49643668106029853
573,0.030386186951424164,0.19280707943957054,0.20259113248526617,0.4138150945611523,0.5115265280764459,0.5138776275727976,0.49697283893957656
574,0.030402139731196046,0.19288187305488227,0.20266592610057793,0.41439259611731283,0.5120626859557238,0.5142388073243417,0.49733401869112054
575,0.03046098056673591,0.19295937824962894,0.2027566724956615,0.41440854889708467,0.5125988438350019,0.5147161243680799,0.4976951984426644
576,0.03046098056673591,0.1932278143518815,0.20287706574617617,0.4146583206401304,0.5131350017142798,0.515018463284084,0.49823135632194254
577,0.03046098056673591,0.19328936676685632,0.20308820539177444,0.4152358221962908,0.513437340630284,0.5153208022000881,0.49872191456601755
578,0.03046098056673591,0.19355509128967396,0.20335392991459209,0.4155857784517589,0.5139278988743592,0.5156819819516321,0.49908309431756154
579,0.03072670508955356,0.1938796566480315,0.20347432316510672,0.4159559434453194,0.5143140166476915,0.51621813983091,0.49929423396315986
580,0.03072670508955356,0.19414538117084917,0.2035518283598534,0.4163514993359903,0.5150251526547035,0.516579319582454,0.4998144390626661
581,0.03072670508955356,0.19417728673039292,0.20374275926735932,0.4167376171093227,0.5152818919355047,0.5172904555894661,0.5004667342341382
582,0.030742657869325434,0.19440012319744254,0.20387910529764586,0.41703298848757137,0.5155386312163058,0.5180015915964781,0.5011778702411501
583,0.030742657869325434,0.19484082584799425,0.20412887704069163,0.41715609331752096,0.5158998109678498,0.5185377494757561,0.5018890062481622
584,0.030758610649097306,0.19664207271623305,0.20432406390651808,0.4176922511967989,0.5162609907193938,0.5190150665194943,0.5022501859997062
585,0.030758610649097306,0.1967195779109797,0.20440156910126472,0.41788743806262535,0.5167971485986718,0.5193762462710382,0.5027863438789842
586,0.03079051620864106,0.19681032430606332,0.20453520355211632,0.4182284090760769,0.5173333064779497,0.5198535633147764,0.5031475236305282
587,0.03079051620864106,0.19684222986560707,0.20486248048990874,0.4184808923985577,0.517765023886485,0.5204443060712738,0.5036248406742663
588,0.030806468988412935,0.1971079543884247,0.20514461066782053,0.41994858866642243,0.5194411482205132,0.5207598861876148,0.5038815799550675
589,0.030806468988412935,0.19719870078350832,0.20525130984267598,0.4202053279472236,0.5198023279720572,0.5212504444316899,0.5041383192358688
590,0.030806468988412935,0.19745118410598902,0.20538765587296248,0.4204164675928219,0.5200590672528583,0.5217866023109679,0.5046744771151468
591,0.030852068623615853,0.19763041819204352,0.2056104923400122,0.42084547342192213,0.5203746473691994,0.5224521386827771,0.5051517941588848
592,0.030910909459155717,0.19772116458712716,0.20577603235040753,0.4211567975799427,0.5209108052484773,0.522813318434321,0.5055129739104288
593,0.030910909459155717,0.19798688910994483,0.205957978015897,0.42133603166599726,0.5212719850000213,0.5233494763135991,0.5060491317897069
594,0.030926862238927592,0.1981391879200032,0.20615587646115835,0.4217931399716431,0.5219831210070335,0.523885634192877,0.506526448833445
595,0.030926862238927592,0.1982299343150868,0.20655839988958472,0.4219723740576976,0.5225192788863114,0.5243041104010753,0.5068287877494491
596,0.03116068120220149,0.19833663348994232,0.20702874939556745,0.4224883231988832,0.5230098371303866,0.5247814274448135,0.507189967500993
597,0.03117663398197337,0.19972908326717315,0.20725158586261713,0.4226406220089416,0.5232665764111878,0.5252719856888886,0.507551147252537
598,0.031192586761745245,0.201471489299872,0.20760579807640572,0.422967898946734,0.5235100744916521,0.5255154837693528,0.5078078865333383
599,0.03120853954151712,0.20175316660246156,0.2076536564157213,0.42322463822753514,0.523812413407656,0.5260060420134278,0.5081690662848822
600,0.03122449232128899,0.20180102494177715,0.20796226899430698,0.4234065838930247,0.5241735931592,0.5265421998927059,0.5084258055656834
601,0.031240445101060867,0.20215794873500062,0.20806896816916243,0.42369025844982205,0.524534772910744,0.527253335899718,0.5086825448464846
602,0.031256397880832745,0.20231024754505902,0.20826415503498882,0.4239150921710794,0.5248959526622881,0.5276145156512618,0.5089848837624887
603,0.031256397880832745,0.20232620032483092,0.20851663835746953,0.42406467940170284,0.5252571324138319,0.5283256516582739,0.5092872226784927
604,0.031301997516035664,0.2023581058843747,0.20863974318741912,0.42427581904730116,0.5255271128949701,0.529036787665286,0.5097645397222309
605,0.031333903075579414,0.2024059642236903,0.2088466268746969,0.4245193171277653,0.5257706109754344,0.52939796741683,0.5102418567659691
606,0.031438343546322196,0.20254231025397684,0.20899892568475528,0.424787753230018,0.5261317907269784,0.529934125296108,0.5106030365175132
607,0.03145429632609407,0.20279479357645752,0.2091512244948137,0.42505818658647837,0.5263885300077795,0.530599661667917,0.5110935947615882
608,0.03148620188563782,0.20288553997154113,0.20941694901763133,0.42516533863665606,0.5267497097593234,0.5310313790764523,0.5114547745131323
609,0.03151810744518157,0.20297628636662476,0.2095236481924868,0.42578101941494173,0.5272402680033985,0.5313925588279963,0.5121659105201442
610,0.03159290106049331,0.20305107998193653,0.20965999422277337,0.4258129249744856,0.5276131445763939,0.5317537385795402,0.5124682494361482
611,0.03167040625523999,0.2033464513601852,0.21121146934796636,0.4258904301692322,0.5279743243279379,0.5320693186958814,0.5129455664798864
612,0.03173195867021477,0.20346684461069983,0.21133186259848105,0.42607237583472174,0.5282899044442789,0.5323848988122223,0.5133067462314302
613,0.03174791144998665,0.2035735437855553,0.21140936779322772,0.4262516099207763,0.5286054845606201,0.5329210566915003,0.5139722826032396
614,0.03176386422975853,0.20360544934509908,0.2115616666032861,0.42649239642180564,0.5290960428046951,0.5334572145707784,0.5146834186102516
615,0.03179576978930228,0.20363735490464283,0.2116232190182609,0.426717230143063,0.5294572225562392,0.5337727946871194,0.5152195764895297
616,0.03181172256907415,0.20403516949942654,0.2118141499257668,0.42684033497301255,0.5297728026725802,0.5340295339679205,0.5155807562410736
617,0.03181172256907415,0.2041126746941732,0.21192084910062228,0.42708112147404187,0.5301339824241241,0.5343907137194647,0.5158242543215379
618,0.03181172256907415,0.20412862747394508,0.2121187475458836,0.427601326573548,0.5306112994678622,0.5361124376886958,0.5160942348026759
619,0.031889227763820825,0.20423532664880056,0.21244602448367605,0.4277244314034976,0.5309724792194063,0.5366029959327708,0.5164554145542198
620,0.03196402137913256,0.2043260730438842,0.2125983232937345,0.42809459639705805,0.5313336589709502,0.5369641756843148,0.516770994670561
621,0.03196402137913256,0.2044783718539426,0.21274791052435796,0.4282738304831125,0.5316948387224941,0.5372797558006558,0.517073333586565
622,0.03225668117794632,0.20474409637676025,0.2130592346823785,0.42858786622056805,0.5321853969665694,0.5378159136799338,0.5173756725025693
623,0.03225668117794632,0.2050098208995779,0.21317691635345826,0.4287109710505176,0.5326171143751045,0.5385270496869459,0.5179118303818473
624,0.0322726339577182,0.20533438625793543,0.213208821913002,0.42895175755154696,0.5329782941266484,0.5388426298032869,0.5183891474255853
625,0.03231823359292112,0.20560011078075308,0.21369512419875658,0.4291337032170364,0.5333394738781924,0.5392038095548309,0.5183891474255853
626,0.032334186372692995,0.2057364568110396,0.2137858705938402,0.4295786618259086,0.5338167909219307,0.5395649893063749,0.5183891474255853
627,0.03235013915246487,0.20576836237058335,0.2139810574596666,0.4297870898920719,0.5341779706734745,0.5399261690579189,0.5183891474255853
628,0.03241169156743966,0.20609292772894086,0.21422184396069593,0.42986459508681857,0.5344347099542758,0.5404623269371969,0.5183891474255853
629,0.03241169156743966,0.20772190804888052,0.21428339637567076,0.4300921403875109,0.5347502900706168,0.5408235066887408,0.5183891474255853
630,0.032427644347211536,0.20782860722373597,0.2145814793333543,0.4303286709302198,0.5352864479498949,0.5411846864402847,0.5183891474255853
631,0.03244359712698341,0.20792206519825457,0.21471782536364084,0.4308032763945231,0.5356476277014388,0.5414281845207489,0.5183891474255853
632,0.03244359712698341,0.20801281159333815,0.2148811066699235,0.4310849536971126,0.5363587637084508,0.5417437646370902,0.5192752615603315
633,0.03244359712698341,0.2082356480603878,0.21514683119274114,0.4315844971832041,0.5370698997154629,0.5421049443886342,0.5199863975673434
634,0.03244359712698341,0.20836928251123946,0.21529641842336467,0.4319414209764275,0.537590104814969,0.5424072833046382,0.5205225554466214
635,0.032459549906755286,0.20844678770598613,0.21562369536115708,0.43232753874975977,0.5378924437309731,0.5427096222206423,0.5208837351981656
636,0.032459549906755286,0.20855348688084163,0.21570120055590375,0.43269344778499974,0.5386035797379852,0.5430708019721863,0.5214198930774434
637,0.032459549906755286,0.20868712133169318,0.21583754658619028,0.4333547281984884,0.5391397376172632,0.5435481190159244,0.5219560509567214
638,0.032459549906755286,0.20871902689123695,0.21585349936596215,0.43387067733967405,0.5398508736242752,0.5440842768952024,0.5223172307082655
639,0.03247550268652716,0.20880977328632053,0.21600579817602059,0.43447466129650836,0.5402120533758192,0.5443277749756666,0.5226784104598095
640,0.03247550268652716,0.20906225660880126,0.21637170721126056,0.43475679147442015,0.5407482112550973,0.5447594923842018,0.5230395902113534
641,0.03247550268652716,0.209314739931282,0.216510764820982,0.43512695646798055,0.5412843691343753,0.545075072500543,0.5233419291273574
642,0.03247550268652716,0.20939224512602864,0.21793014987420894,0.43567209958927505,0.5418205270136532,0.5455523895442812,0.5237031088789014
643,0.03253705510150195,0.20964472844850934,0.2179620554337527,0.4359834237472956,0.5423566848929312,0.5460429477883563,0.5240642886304454
644,0.03255300788127383,0.20973818642302786,0.21803956062849933,0.43643782047350643,0.5427178646444752,0.5465202648320945,0.5244254683819894
645,0.03255300788127383,0.21010835141658835,0.21829204395098004,0.43655821372402104,0.5430790443960192,0.5470564227113723,0.5247866481335335
646,0.03262780149658557,0.21029029708207775,0.21832394951052378,0.4367830474452786,0.5436152022752971,0.5472543211566336,0.5251478278850775
647,0.03262780149658557,0.21043988431270125,0.21846029554081028,0.43696228153133304,0.5440336784834955,0.5475566600726378,0.5255090076366213
648,0.03267340113178849,0.21048774265201683,0.21852184795578514,0.43727360568935364,0.5443948582350394,0.5478589989886419,0.5258701873881653
649,0.03267340113178849,0.2105812006265354,0.21865548240663674,0.4375849298473742,0.5447104383513804,0.5482201787401858,0.5264063452674433
650,0.03268935391156036,0.21076314629202486,0.21876263445681443,0.43785065437019177,0.5455965524861266,0.54852251765619,0.5269425031467213
651,0.03273495354676328,0.2108406514867715,0.21889943336242318,0.43800024160081524,0.5459577322376705,0.549233653663202,0.5273036828982652
652,0.03279379438230314,0.21097699751705806,0.21897422697773491,0.43814982883143866,0.5466100274091427,0.5497698115424801,0.5278398407775434
653,0.03282569994184689,0.2111133435473446,0.21899017975750681,0.43856559346020213,0.5469256075254839,0.5500721504584841,0.5281421796935475
654,0.03284165272161877,0.21136582686982533,0.21924266307998755,0.4388609648384508,0.5474617654047618,0.550433330210028,0.5285033594450914
655,0.032900493557158635,0.21145928484434384,0.21929052141930314,0.43904291050394023,0.5477641043207658,0.5507356691260322,0.5288189395614326
656,0.03300493402790142,0.21149119040388759,0.2196018455773237,0.43951751596824346,0.5480664432367701,0.5510968488775762,0.5290756788422336
657,0.03328435262637824,0.21158193679897128,0.21992912251511612,0.43993328059700687,0.5484276229883139,0.5514124289939172,0.5293912589585748
658,0.03328435262637824,0.21173423560902963,0.2201539562363736,0.4401311790422682,0.548963780867592,0.5516559270743815,0.5298229763671098
659,0.03328435262637824,0.2118090292243414,0.2202314614311203,0.4402675250725548,0.5494543391116671,0.5519582659903857,0.5301253152831139
660,0.033329952261581156,0.21188653441908803,0.22026336699066404,0.44056289645080343,0.549815518863211,0.5524944238696636,0.5306026323268522
661,0.033329952261581156,0.21197728081417164,0.22029527255020778,0.4408196357316046,0.550351676742489,0.5527379219501278,0.5309638120783962
662,0.03334590504135303,0.21212686804479514,0.2203860189452914,0.44092407620234736,0.5505760575884242,0.5532740798294058,0.5316749480854082
663,0.03334590504135303,0.21226321407508167,0.22050641219580605,0.4411352158479456,0.5512283527598963,0.5538102377086839,0.5322111059646863
664,0.03334590504135303,0.2122951196346254,0.22081773635382665,0.44131444993400015,0.5515439328762376,0.5541714174602279,0.5327472638439642
665,0.033391504676555946,0.212342977973941,0.22091119432834516,0.4420934120185685,0.5519051126277815,0.5544869975765688,0.5330628439603052
666,0.03345305709153074,0.21395600551410882,0.22100194072342877,0.4425824258837581,0.5522074515437858,0.5547569780577071,0.5334813201685036
667,0.03345305709153074,0.21438772292264405,0.221433658131964,0.44293663809754663,0.5525230316601266,0.555293135936985,0.5340174780477815
668,0.033469009871302614,0.21449442209749955,0.22157000416225053,0.443204359874572,0.5531885680319358,0.555829293816263,0.5343198169637857
669,0.03352785070684248,0.2146599621078949,0.2216019097217943,0.4433247531250867,0.5535497477834798,0.5562477700244614,0.5348559748430637
670,0.03358940312181727,0.21490074860892422,0.2216338152813381,0.4436493184834443,0.5540859056627577,0.5566089497760054,0.5354626703793329
671,0.03358940312181727,0.21499149500400783,0.22171132047608474,0.44382855256949877,0.5544470854143017,0.5569112886920095,0.535823850130877
672,0.03360535590158915,0.21518939344926916,0.22184766650637125,0.44394894582001343,0.5547626655306428,0.5571547867724737,0.536139430247218
673,0.03360535590158915,0.2153416922593276,0.22198401253665778,0.4440396922150971,0.5550650044466469,0.5576909446517517,0.5364417691632221
674,0.033666908316563944,0.21537359781887133,0.22223378427970353,0.4441760382453836,0.5553217437274481,0.558077062425084,0.5366985084440233
675,0.033682861096335816,0.2154802969937268,0.22228164261901912,0.4442964314958982,0.5558123019715231,0.5583926425414251,0.5370008473600273
676,0.033698813876107694,0.21555780218847348,0.22241798864930565,0.44441682474641286,0.5562440193800584,0.5587082226577661,0.5373620271115714
677,0.03374441351131061,0.21558970774801722,0.22272931280732625,0.4448029425197451,0.5566168959530537,0.5591399400663014,0.5375731667571696
678,0.033760366291082484,0.21562161330756097,0.2228068180020729,0.44499812938557154,0.5571530538323318,0.5595011198178452,0.5377843064027678
679,0.03405573766933118,0.2157123597026446,0.2228975643971565,0.4452479011286173,0.5574686339486727,0.5598622995693893,0.538274864646843
680,0.03405573766933118,0.21593519616969425,0.22303391042744306,0.44537100595856693,0.557945950992411,0.5601778796857303,0.5387198232557152
681,0.03411729008430597,0.21601270136444092,0.2231114156221897,0.44564143931502725,0.558261531108752,0.5604213777661946,0.5392559811349931
682,0.03411729008430597,0.21614904739472746,0.22318620923750146,0.44594106665159644,0.5585315115898903,0.5607825575177385,0.5397332981787314
683,0.03416288971950889,0.21630134620478586,0.22327695563258504,0.4460455071223392,0.5590220698339653,0.5611437372692826,0.5400356370947356
684,0.03419479527905264,0.21668746397811814,0.2233973488830997,0.44622745278782866,0.5593832495855093,0.5614004765500836,0.5403512172110766
685,0.03421074805882452,0.21695590008037072,0.22344294851830263,0.4463770400184522,0.5595487895959046,0.5617160566664248,0.5406535561270807
686,0.03421074805882452,0.21703340527511736,0.22379987231152615,0.44651338604873864,0.5598643697122457,0.5622522145457028,0.5409102954078817
687,0.034269588894364385,0.21729912979793503,0.22399080321903203,0.44662008522359414,0.5602255494637896,0.5626133942972467,0.5412714751594259
688,0.0343151885295673,0.2174810754634245,0.22400675599880396,0.44716522834488864,0.5605867292153336,0.5629745740487908,0.5416326549109698
689,0.03433114130933918,0.21760418029337408,0.22412986082875355,0.44742196762568986,0.560797868860932,0.5633357538003347,0.5419482350273108
690,0.034363046868882925,0.21768168548812072,0.2243955853515712,0.4476468013469472,0.5613340267402099,0.5636969335518788,0.5423094147788549
691,0.0343789996486548,0.21781803151840728,0.2243955853515712,0.44803066041616685,0.5616363656562139,0.5640581133034227,0.5426249948951959
692,0.034394952428426676,0.21789553671315395,0.2244863317466548,0.44821260608165636,0.561997545407758,0.5644192930549665,0.5429861746467398
693,0.03451805725837627,0.21809343515841526,0.2245770781417384,0.4483170465523992,0.5624748624514962,0.5647804728065108,0.543197314292338
694,0.03451805725837627,0.21817094035316195,0.22475902380722781,0.4484670866583448,0.5628933386596944,0.5653166306857886,0.5434540535731393
695,0.03456365689357919,0.21973836825812681,0.22484977020231145,0.44858476832942457,0.5630912371049557,0.5656189696017927,0.5437696336894804
696,0.03457960967335106,0.21975432103789866,0.22498611623259798,0.44871840278027614,0.5634524168564997,0.5659345497181338,0.5441308134410243
697,0.03462520930855397,0.22006564519591923,0.22503397457191363,0.4488976368663308,0.5638135966080436,0.566236888634138,0.5443154706859487
698,0.03468676172352877,0.22033562567705736,0.22506588013145737,0.44910877651192904,0.5641159355240478,0.5665392275501419,0.5448516285652267
699,0.03470271450330064,0.22053081254288376,0.22512472096699723,0.44922916976244365,0.5644771152755916,0.5668256136863742,0.5451083678460279
700,0.0347346200628444,0.22060831773763043,0.2253066666324867,0.4493628042132952,0.5648382950271358,0.5684884968200653,0.5454107067620321
701,0.03480941367815613,0.2208194573832287,0.22539741302757033,0.44942435662827,0.5651994747786797,0.5687908357360695,0.545771886513576
702,0.03480941367815613,0.22091020377831236,0.225474918222317,0.44969433710940815,0.565410614424278,0.5693269936153474,0.545771886513576
703,0.03488420729346787,0.22252323131848015,0.22559531147283168,0.4500809077580626,0.565901172668353,0.5696881733668915,0.545771886513576
704,0.03490016007323974,0.22260073651322682,0.22565686388780642,0.45037627913631134,0.5664373305476311,0.5700493531184354,0.545771886513576
705,0.0349320656327835,0.22267824170797346,0.22575032186232497,0.45051262516659796,0.5667529106639722,0.5705855109977135,0.545771886513576
706,0.0349320656327835,0.22279863495848815,0.22590262067238337,0.4506489711968845,0.5670552495799762,0.5709466907492575,0.545787839293348
707,0.03497766526798641,0.22293498098877468,0.22605491948244177,0.45094859853345365,0.5675914074592543,0.5713078705008016,0.545787839293348
708,0.03522743701103218,0.22313016785460113,0.2266160153835081,0.45111459141917115,0.5679525872107983,0.5717395879093367,0.545787839293348
709,0.03522743701103218,0.22316207341414487,0.2266160153835081,0.4514142187557404,0.5686637232178102,0.5719963271901379,0.5464989753003598
710,0.035288989426006986,0.22343050951639742,0.22673640863402275,0.45175518976919204,0.5690249029693544,0.572486885434213,0.5468601550519039
711,0.03530494220577886,0.22374183367441797,0.22679796104899752,0.4519371354346815,0.5695610608486323,0.573023043313491,0.5472213348034478
712,0.03530494220577886,0.2252519651227285,0.22685680188453736,0.4522753948686982,0.5702721968556442,0.573338623429832,0.5477574926827259
713,0.03530494220577886,0.22532947031747516,0.22688870744408118,0.45251192541140706,0.5706333766071884,0.5736998031813759,0.54811867243427
714,0.03530494220577886,0.22542021671255877,0.22720003160210173,0.4528688492046305,0.5711695344864662,0.5740609829329201,0.5483754117150711
715,0.03532089498555073,0.22568594123537647,0.22751135576012232,0.45300248365548207,0.5718806704934782,0.5744221626844639,0.5486777506310752
716,0.03532089498555073,0.22593842455785715,0.22761805493497786,0.4534314894845823,0.5725329656649504,0.5747245016004681,0.5491550676748134
717,0.03533684776532261,0.2261203702233466,0.22766365457018078,0.4537884132778058,0.5730691235442286,0.5750268405164722,0.5496912255540913
718,0.03533684776532261,0.22619787541809325,0.22782964745589834,0.45402223224107974,0.5735464405879668,0.5752835797972734,0.5504023615611032
719,0.03533684776532261,0.22655479921131677,0.2278615530154421,0.45443528529040816,0.5740825984672447,0.5756447595488173,0.5508017205347726
720,0.03533684776532261,0.22672033922171214,0.22817287717346266,0.4546760717914375,0.5747937344742567,0.5758882576292815,0.5511629002863165
721,0.03539568860086247,0.22679784441645878,0.22829598200341222,0.45490361709212984,0.5755048704812686,0.5763067338374799,0.5514784804026577
722,0.03541164138063435,0.22696338442685413,0.22854846532589296,0.45530342894112136,0.5758660502328128,0.576842891716758,0.5521440167744667
723,0.03541164138063435,0.22734950220018643,0.2285644181056648,0.4555442154421507,0.5762977676413479,0.5773790495960358,0.5524463556904707
724,0.03541164138063435,0.227660826358207,0.22863921172097657,0.45570749674843325,0.576613347757689,0.5777975258042342,0.552703094971272
725,0.03541164138063435,0.22803099135176738,0.22883439858680296,0.455811937219176,0.5769745275092328,0.5781587055557782,0.553064274722816
726,0.03541164138063435,0.22810578496707917,0.2291001231096206,0.4559779301048936,0.5772312667900342,0.5784742856721192,0.5534254544743599
727,0.03541164138063435,0.2281992429415977,0.22928206877511004,0.4564525355691969,0.5775924465415783,0.5788354654236632,0.5536689525548243
728,0.03542759416040622,0.22836478295199306,0.22937281517019364,0.45651408798417165,0.5779536262931221,0.5791378043396673,0.5539845326711653
729,0.03542759416040622,0.2284126412913087,0.2295091612004802,0.45692985261293495,0.5786647623001342,0.5796151213834054,0.5543457124227092
730,0.03545949971994997,0.2284901464860554,0.22976164452296086,0.45716638315564384,0.579025942051678,0.5801512792626834,0.5548230294664475
731,0.03550509935515289,0.22858360446057388,0.22977759730273278,0.4572894879855934,0.5792959225328163,0.5804536181786875,0.5551253683824515
732,0.03552105213492477,0.22894052825379738,0.22986834369781636,0.45771894669001595,0.5796115026491573,0.5809441764227626,0.5556026854261896
733,0.035754871098198665,0.2304666124818798,0.23038383996367978,0.45784205151996554,0.5798550007296215,0.5814347346668376,0.5559050243421937
734,0.035770823877970544,0.2306189112919382,0.23069516412170035,0.45794920357014324,0.5802161804811655,0.5817959144183819,0.556102922787455
735,0.035786776657742415,0.23085969779296758,0.23091800058874998,0.45806959682065795,0.5805773602327096,0.5821570941699257,0.5568140587944671
736,0.03584561749328228,0.23101199660302596,0.23124256594710751,0.4585578963606203,0.5808796991487136,0.5824594330859296,0.5572913758382053
737,0.03584561749328228,0.23129367390561545,0.23131735956241922,0.4589121085744088,0.5813570161924518,0.5827161723667309,0.5576525555897492
738,0.035923122688028955,0.23160499806363608,0.23133331234219112,0.45907538988069146,0.5820681521994637,0.5829729116475321,0.5580137353412933
739,0.03600062788277562,0.23168250325838272,0.23145370559270576,0.45915289507543816,0.5824293319510078,0.5833340913990761,0.5583160742572973
740,0.03600062788277562,0.23176000845312938,0.2319400078784604,0.45927328832595277,0.5827905117025517,0.5836040718802142,0.5586184131733014
741,0.036016580662547495,0.23189635448341595,0.23201480149377213,0.45942604001133336,0.5831516914540956,0.5839064107962184,0.5589339932896424
742,0.03603253344231937,0.23214883780589665,0.23207635390874695,0.4594579455708771,0.5833951895345599,0.5842675905477624,0.5592951730411865
743,0.036048486222091246,0.23223958420098026,0.23221269993903348,0.45969447611358594,0.5836519288153611,0.5846287702993063,0.5596563527927304
744,0.03606443900186312,0.23246242066802988,0.23245348644006283,0.46011024074234946,0.5839542677313652,0.5849899500508503,0.5601925106720085
745,0.036080391781634996,0.2327308567702825,0.23258983247034934,0.4603054276081758,0.5841521661766266,0.5855261079301283,0.5607286685512864
746,0.036080391781634996,0.23282431474480106,0.23287150977293886,0.4604258208586904,0.5846883240559048,0.5858872876816722,0.5610310074672906
747,0.036125991416837915,0.23296066077508756,0.23293306218791365,0.460591813744408,0.5849450633367058,0.5863646047254105,0.5615671653465686
748,0.03615789697638167,0.23316754446236537,0.23300785580322536,0.4606374133796109,0.5852474022527099,0.5867257844769543,0.5619283450981125
749,0.03620349661158458,0.2333522017072897,0.23324438634593425,0.46078971218966924,0.5856085820042539,0.5870869642284985,0.5622439252144535
750,0.03626504902655937,0.23341375412226453,0.23345127003321198,0.460864505804981,0.585924162120595,0.5874481439800424,0.5626051049659976
751,0.03632660144153417,0.23363659058931416,0.23348317559275572,0.4610756454505793,0.586285341872139,0.5878093237315862,0.5629662847175416
752,0.03638815385650896,0.23390231511213183,0.23361681004360738,0.46125759111606873,0.5865420811529402,0.5882410411401214,0.5634436017612797
753,0.03685579178305676,0.23393422067167557,0.23370755643869098,0.4613510490905872,0.5868444200689442,0.5885433800561256,0.5637591818776209
754,0.03685579178305676,0.23405461392219024,0.23398923374128047,0.46162148244704776,0.5871600001852854,0.5889045598076696,0.5640615207936249
755,0.036901391418259676,0.23411616633716503,0.23425495826409815,0.4617582813526565,0.5875211799368293,0.5892068987236738,0.5643315012747631
756,0.03691734419803155,0.2342096243116836,0.23443419235015267,0.46190832145860217,0.5877646780172936,0.589450396804138,0.564692681026307
757,0.03696294383323447,0.23434597034197013,0.2344957447651274,0.46201547350877986,0.5880802581336346,0.5897071360849392,0.565053860777851
758,0.03700854346843739,0.23443671673705377,0.2346480435751859,0.4622859068652403,0.5883958382499757,0.5901388534934744,0.565415040529395
759,0.03700854346843739,0.23457306276734027,0.23472554876993257,0.46262687787869183,0.5886393363304399,0.5904411924094786,0.5660673357008671
760,0.03700854346843739,0.23480959331004908,0.23492073563575894,0.4629810900924804,0.5890005160819839,0.5908596686176769,0.5662652341461284
761,0.037258315211483164,0.23488709850479578,0.2350274348106144,0.46355588006920584,0.5893160961983248,0.5911752487340178,0.5666809987748919
762,0.037303914846686076,0.23509398219207353,0.23507529314993006,0.46379666657023516,0.589618435114329,0.5917114066132959,0.5672171566541698
763,0.03736546726166087,0.2353168186591232,0.23513684556490483,0.46405114714692364,0.5899207740303332,0.592201964857371,0.5675783364057138
764,0.03736546726166087,0.23545316468940974,0.23527319159519136,0.4643624713049442,0.5902231129463371,0.592504303773375,0.5678806753217179
765,0.03736546726166087,0.23573484199199926,0.23533203243073123,0.46454170539099876,0.5905254518623413,0.5928654835249191,0.5682418550732619
766,0.0374133256009765,0.2358711880222858,0.23543873160558673,0.4646620986415134,0.5910616097416194,0.593226663276463,0.5684397535185232
767,0.0374133256009765,0.23590309358182954,0.23560201291186939,0.4646620986415134,0.5914344863146147,0.5935290021924671,0.5688009332700671
768,0.037429278380748374,0.236260017375053,0.23728712248791395,0.46475329791191927,0.5917956660661587,0.5938901819440111,0.5691165133864082
769,0.037429278380748374,0.23641231618511144,0.2373619161032257,0.4648764027418689,0.5920524053469599,0.594251361695555,0.5698393462148716
770,0.03750678357549505,0.23661919987238925,0.23765728748147444,0.46515853291978065,0.5924135850985038,0.5946125414470991,0.5703755040941498
771,0.03752273635526692,0.2366967050671359,0.23777768073198904,0.46569043484073813,0.5926570831789681,0.594914880363103,0.5723883434833089
772,0.03753868913503879,0.2367286106266797,0.23786842712707265,0.46613584632493255,0.5929005812594323,0.5953921974068414,0.5729245013625869
773,0.03753868913503879,0.23676051618622343,0.23794322074238441,0.4661973987399074,0.5930984797046936,0.5956489366876425,0.5732268402785912
774,0.03760024155001359,0.2382733592139689,0.23807685519323604,0.4664222324611649,0.5933419777851578,0.5961850945669205,0.573588020030135
775,0.03760024155001359,0.23832121755328448,0.23821320122352257,0.4666311134026504,0.5935854758656222,0.5964550750480587,0.5741241779094131
776,0.03761619432978547,0.238457563583571,0.23846297296656832,0.4669132435805621,0.5938422151464234,0.5969323920917968,0.574660335788691
777,0.03763214710955734,0.23848946914311478,0.23849487852611206,0.46712212452204765,0.5943900698471528,0.5972935718433408,0.5750215155402351
778,0.03766405266910109,0.2385961683179703,0.23861527177662675,0.4674307371006333,0.5947512495986966,0.597550311124142,0.5753826952917791
779,0.03766405266910109,0.23862807387751403,0.23869006539193852,0.46771286727854505,0.5950079888794979,0.5979114908756858,0.575685034207783
780,0.03766405266910109,0.2388688603785433,0.23881045864245315,0.46805383829199665,0.595323568995839,0.5980961481206103,0.5761299928166553
781,0.03768000544887297,0.23893041279351807,0.2390761831652708,0.4682034255226201,0.5956391491121801,0.5984573278721543,0.5763278912619166
782,0.03768000544887297,0.23893041279351807,0.23910808872481454,0.46836670682890275,0.596000328863724,0.5988185076236984,0.5765713893423807
783,0.03772560508407589,0.23902115918860167,0.23913999428435828,0.4685326997146203,0.5961849861086485,0.5993546655029763,0.5768281286231821
784,0.03797537682712166,0.23933248334662227,0.2392307406794419,0.468653092965135,0.5965005662249894,0.6000069606744485,0.5773186868672571
785,0.038034217662661525,0.23936438890616604,0.23930824587418853,0.4688938794661643,0.5967573055057905,0.6003681404259924,0.5778548447465351
786,0.0380501704424334,0.23945513530124968,0.239460544684247,0.46905987235188185,0.5970728856221316,0.6007293201775364,0.5778707975263071
787,0.03806612322220527,0.23962067531164505,0.23955174395465287,0.4693006588529112,0.597316383702596,0.6010316590935406,0.5778707975263071
788,0.03806612322220527,0.2397729741217035,0.23962653756996455,0.4693462584881141,0.5975142821478573,0.6013928388450844,0.5778867503060791
789,0.03811172285740819,0.23992527293176186,0.23992462052764815,0.46947989293896575,0.5977577802283215,0.6016951777610886,0.5779186558656227
790,0.038127675637180065,0.24012045979758823,0.2399565260871919,0.4696458858246833,0.5981189599798656,0.6019519170418898,0.5779186558656227
791,0.038127675637180065,0.24021120619267183,0.2401634097744697,0.46970743823965816,0.5984801397314095,0.6021365742868141,0.5779934494809343
792,0.038186516472719936,0.24034755222295842,0.24052033356769315,0.46985973704971656,0.5987824786474135,0.6024977540383583,0.5780094022607064
793,0.038186516472719936,0.24036350500273027,0.24053628634746502,0.470259548898708,0.5990848175634177,0.6028000929543623,0.5780253550404783
794,0.038186516472719936,0.24057464464832856,0.24062703274254862,0.47055492027695667,0.5994300445351898,0.6030700734355003,0.5785615129197562
795,0.038186516472719936,0.2406653910434122,0.24074742599306329,0.47095047616762764,0.5997912242867336,0.6032812130810987,0.5789226926713001
796,0.0382640216674666,0.24075884901793074,0.24091296600345866,0.47117530988888506,0.6003273821660117,0.6037102189101989,0.5794588505505781
797,0.0382640216674666,0.24084959541301434,0.24099047119820535,0.4715454748824455,0.6012134963007578,0.6040125578262031,0.5801699865575902
798,0.0382640216674666,0.24089745375233,0.241067976392952,0.471942575152002,0.601529076417099,0.6043281379425441,0.5808355229293992
799,0.0382640216674666,0.2410337997826165,0.24261046627612856,0.47222624970879934,0.6018902561686429,0.6046893176940882,0.5813716808086773
800,0.03830962130266952,0.24111130497736316,0.24270121267121217,0.47233294888365485,0.602192595084647,0.6050048978104292,0.5817328605602213
801,0.03835522093787244,0.24120205137244677,0.24279195906629578,0.4725737353846842,0.6024493343654481,0.6052483958908933,0.582094040311765
802,0.038589039901146344,0.2413543501825052,0.24282386462583952,0.4726671933592028,0.6031604703724602,0.6056095756424374,0.5823963792277694
803,0.038604992680918215,0.2414906962127917,0.2429898575115571,0.47293762671566314,0.6038260067442692,0.6058663149232386,0.5827119593441104
804,0.038604992680918215,0.2417431795352724,0.24312620354184364,0.4730580199661778,0.6043033237880076,0.6061362954043766,0.5832025175881854
805,0.03888441127939503,0.24183663750979095,0.2432598379926953,0.4731492192365836,0.6048394816672854,0.6062753530140982,0.5837386754674635
806,0.0389003640591669,0.24210236203260857,0.24361676178591873,0.47326961248709826,0.6051418205832896,0.6066349883867566,0.5840998552190075
807,0.03894596369436982,0.2424163977700641,0.24379870745140816,0.47340595851738476,0.6055030003348335,0.6070211061600889,0.5844610349705515
808,0.03919573543741559,0.24250985574458267,0.24405119077388887,0.4736175510383053,0.6059935585789088,0.6073234450760929,0.5849383520142897
809,0.039211688217187464,0.24264620177486915,0.2441742956038385,0.47373794428881993,0.6062370566593729,0.6076257839920971,0.5852539321306307
810,0.039211688217187464,0.24279578900549267,0.2442650419989221,0.4740519800262754,0.606493795940174,0.6079413641084381,0.5857900900099086
811,0.039227640996959336,0.24290248818034818,0.24451752532140278,0.4742927665273048,0.6068549756917181,0.6082113445895764,0.5862674070536468
812,0.03924359377673122,0.24302559301029772,0.2446082717164864,0.47444235375792826,0.6072866931002533,0.6085269247059173,0.5866285868051907
813,0.03924359377673122,0.2431190509848163,0.24485804345953213,0.47477162794992844,0.6075890320162574,0.6088998012789126,0.5871059038489288
814,0.03928919341193414,0.24323944423533092,0.24512376798234978,0.4749212151805519,0.6078457712970586,0.6092609810304567,0.5874082427649331
815,0.03932109897147788,0.2434505838809292,0.2452601140126363,0.47516200168158124,0.6081613514133996,0.6096221607820007,0.5877238228812741
816,0.03932109897147788,0.24376190803894981,0.24552855011488892,0.4752235540965561,0.6086386684571378,0.6099244996980048,0.588085002632818
817,0.03936669860668081,0.2438690600891275,0.2456648961451755,0.47591873732379614,0.6089998482086819,0.610240079814346,0.5885755608768932
818,0.03936669860668081,0.24396251806364605,0.246196798066133,0.47606877742974185,0.6093021871246858,0.6106129563873413,0.5891117187561712
819,0.03944149222199255,0.2442711306422317,0.24633314409641954,0.4763524519865392,0.609838345003964,0.6109741361388852,0.5894140576721754
820,0.03945744500176442,0.2444074766725182,0.24646677854727114,0.47656404450745965,0.6101995247555079,0.6113353158904292,0.5896575557526395
821,0.03945744500176442,0.2444982230676018,0.24676214992551984,0.4767729254489453,0.6103841820004322,0.6116964956419731,0.5899598946686436
822,0.039473397781536294,0.24453012862714554,0.24707347408354036,0.4771166080418317,0.6108158994089675,0.6119399937224373,0.5904960525479216
823,0.039473397781536294,0.2446664746574321,0.2473661338823541,0.47731224778298037,0.6110593974894317,0.6122423326384415,0.5907983914639258
824,0.03948935056130817,0.24474397985217877,0.24770710489580575,0.4773897529777271,0.6113617364054359,0.6125446715544455,0.5914050870001951
825,0.03966432868904221,0.24500970437499645,0.24795958821828643,0.4775128578076766,0.6116773165217768,0.6128014108352466,0.591720667116536
826,0.03970992832424512,0.24514605040528295,0.24802114063326122,0.477753644308706,0.6122134744010548,0.6132331282437818,0.5920230060325402
827,0.039725881104016994,0.24523679680036653,0.24821207154076713,0.4778311495034526,0.6124569724815192,0.6135354671597862,0.5922341456781385
828,0.03975778666356075,0.2454027896860841,0.2496930090089689,0.47833540182318696,0.6126548709267805,0.6138966469113302,0.5925953254296824
829,0.03975778666356075,0.24549353608116772,0.2500499328021924,0.4783673073827307,0.6129572098427846,0.6142122270276712,0.5929565051812263
830,0.03980338629876367,0.24552544164071147,0.25010877363773226,0.4784288597977055,0.6132595487587887,0.6145145659436753,0.5932264856623646
831,0.03984898593396658,0.2455573472002552,0.25146931785541937,0.478696581574731,0.6137368658025267,0.6148874425166706,0.5934376253079627
832,0.03986493871373845,0.24569369323054177,0.2516645047212458,0.4789050096408943,0.6140980455540709,0.6150853409619319,0.5937399642239669
833,0.03986493871373845,0.24570964601031361,0.25168045750101764,0.4790842437269488,0.614354784834872,0.6152832394071932,0.5940423031399711
834,0.03986493871373845,0.2459594177533594,0.2518008507515323,0.4793796151051975,0.6146703649512131,0.6156444191587372,0.5943446420559751
835,0.03988089149351034,0.2460661169282149,0.25183275631107604,0.47960444882645487,0.6149859450675541,0.6159467580747414,0.5947058218075192
836,0.03989684427328221,0.2461436221229616,0.2518487090908479,0.4797996356922812,0.6152882839835582,0.6163079378262853,0.5951831388512574
837,0.03991279705305408,0.24627996815324812,0.2519394554859315,0.48016980068584164,0.6155450232643594,0.6166691175778294,0.5955443186028012
838,0.0400035434481377,0.24650480187450555,0.2519554082657034,0.48035174635133104,0.6157885213448236,0.6169846976941703,0.5958598987191422
839,0.04006238428367757,0.24661150104936105,0.252003266605019,0.4804561868220738,0.6159996609904218,0.6173002778105113,0.5961166379999435
840,0.04006238428367757,0.24687993715161363,0.25225303834806473,0.4805738684931536,0.6163608407419657,0.6175437758909758,0.5963733772807447
841,0.04006238428367757,0.24692779549092922,0.25234378474314834,0.48076905535898007,0.616676420858307,0.6178593560073167,0.5966757161967489
842,0.04012122511921743,0.24700530068567592,0.2523893843783513,0.48096424222480655,0.616978759774311,0.618070495652915,0.5971530332404869
843,0.0401371778989893,0.24743701809421115,0.2525230188292029,0.4810417474195532,0.6172810986903151,0.6184316754044589,0.597514212992031
844,0.04018277753419222,0.24752776448929475,0.2528051490071147,0.4814283180682077,0.6176422784418593,0.6186884146852601,0.5976665118020893
845,0.04018277753419222,0.24760526968404145,0.2528958954021983,0.48148987048318254,0.6179122589229974,0.6189319127657245,0.5980276915536333
846,0.04018277753419222,0.2478281061510911,0.2531207291234557,0.4816558633689001,0.6183116178966667,0.6194092298094627,0.5981799903636916
847,0.04018277753419222,0.2479188525461747,0.2532278811736334,0.4818081621789585,0.6187433353052018,0.6198409472179978,0.5984823292796958
848,0.04019873031396411,0.24799635774092135,0.25327573951294907,0.481944508209245,0.6190000745860028,0.620156527334339,0.5988435090312397
849,0.04019873031396411,0.24810305691577683,0.2533664859080326,0.4822012474900462,0.6192435726664672,0.6205177070858828,0.5991458479472439
850,0.04019873031396411,0.24815091525509247,0.2534120855432356,0.48251257164806677,0.6195003119472684,0.621008265329958,0.5994614280635848
851,0.04021468309373598,0.2484166397779101,0.2534736379582104,0.48267585295434945,0.6199908701913437,0.6213238454462989,0.5997181673443861
852,0.04026028272893889,0.24881445437269384,0.2535055435177541,0.48276659934943306,0.6203064503076845,0.621626184362303,0.5999616654248503
853,0.04027623550871077,0.2489508004029804,0.253739362481028,0.48295907463582455,0.6205175899532828,0.621987364113847,0.6003228451763943
854,0.04027623550871077,0.2492753657613379,0.2538916612910864,0.48314102030131395,0.6207743292340839,0.6222897030298512,0.6006251840923985
855,0.040321835143913694,0.24945731142682737,0.25398240768617003,0.4833362071671404,0.6210310685148851,0.6226508827813951,0.6009863638439424
856,0.040337787923685565,0.24962285143722268,0.2541892913734478,0.4835022000528579,0.6214627859234203,0.6230120625329392,0.6012431031247438
857,0.040383387558888484,0.24970035663196938,0.2545138567318054,0.48362259330337254,0.6218239656749645,0.6233144014489432,0.6015586832410846
858,0.04044222839442835,0.24989554349779575,0.25465020276209194,0.48371605127789113,0.6220807049557657,0.6236299815652843,0.6019198629926287
859,0.04044222839442835,0.25144701862298874,0.2547277079568386,0.48384968572874265,0.6223374442365668,0.6239455616816252,0.60211776143789
860,0.04045818117420022,0.2515245238177354,0.2547596135163823,0.48442447570546826,0.622594183517368,0.6242479005976295,0.6024789411894339
861,0.04053568636894689,0.251615270212819,0.25477556629615417,0.4845635333151897,0.6228376815978323,0.6244913986780937,0.6028401209409779
862,0.04053568636894689,0.25183810667986867,0.25489867112610376,0.48462508573016444,0.6231532617141732,0.6248525784296375,0.6031424598569821
863,0.04076950533222079,0.25199040548992707,0.25513520166881254,0.484820272595991,0.6233644013597714,0.6252842958381729,0.6034447987729863
864,0.04078545811199266,0.25211079874044173,0.25513520166881254,0.48495707150159967,0.6235490586046958,0.6256571724111682,0.6038059785245301
865,0.04080141089176454,0.25224714477072824,0.25538497341185834,0.4851659524430852,0.6238513975207,0.6259595113271724,0.6040759590056682
866,0.040860251727304404,0.252279050330272,0.25540092619163024,0.485273104493263,0.6241081368015013,0.6263206910787162,0.6044371387572122
867,0.040892157286848155,0.2523565555250187,0.255432831751174,0.4854390973789805,0.6243781172826393,0.6266818708302603,0.6047983185087562
868,0.040924062846391905,0.2524340607197654,0.25555322500168864,0.48560237868526307,0.6247965934908376,0.6271268294391324,0.6051006574247604
869,0.04094001562616378,0.25248191905908096,0.2558099642824898,0.48575513037064383,0.624935651100559,0.6274291683551367,0.6054618371763042
870,0.04095596840593565,0.25258861823393647,0.2558099642824898,0.4858029887099594,0.6251923903813604,0.6277315072711407,0.6057774172926454
871,0.04101480924147551,0.25281145470098615,0.2558847578978016,0.4859074291807023,0.6254947292973643,0.6282220655152158,0.6060797562086495
872,0.04106040887667843,0.2530390000016785,0.25595955151311334,0.48608937484619175,0.6257970682133684,0.6285244044312198,0.6063820951246535
873,0.04106040887667843,0.2532045400120739,0.2560931859639649,0.48619652689636944,0.6260538074941696,0.628839984547561,0.6067432748761977
874,0.041167560926856146,0.25369084229782846,0.2561839323590485,0.486537497909821,0.6263561464101738,0.629155564663902,0.6071044546277414
875,0.041183513706628025,0.2539433256203092,0.25633351958967204,0.486712476037555,0.6266128856909751,0.6296169289278682,0.6074200347440827
876,0.041183513706628025,0.25420905014312684,0.2563923604252119,0.48678998123230166,0.6269990034643074,0.6298604270083327,0.6076900152252206
877,0.04127471297703386,0.2545792151366873,0.2565419476558354,0.48708535261055036,0.6272557427451085,0.6301627659243366,0.6082261731044987
878,0.04132257131634949,0.25461112069623104,0.25813003717421484,0.487235392716496,0.6274536411903698,0.6304651048403407,0.6084829123853001
879,0.04136817095155241,0.2546886258909777,0.25823718922439254,0.48734254476667377,0.627769221306711,0.6307218441211419,0.6084829123853001
880,0.04138412373132428,0.2547793722860613,0.2582531420041644,0.48743329116175743,0.6280848014230519,0.630978583401943,0.6084829123853001
881,0.04138412373132428,0.2548860714609168,0.2586205954182899,0.48756963719204394,0.628400381539393,0.6312353226827444,0.6084988651650719
882,0.041442964566864145,0.2550929551481946,0.2587865883040075,0.48767407766278675,0.6287027204553971,0.6315965024342882,0.6084988651650719
883,0.041442964566864145,0.25518370154327824,0.25886409349875417,0.4878400705485043,0.6289727009365352,0.6318664829154265,0.6085148179448437
884,0.04169273630990992,0.25523155988259383,0.25893888711406593,0.487914864163816,0.6292750398525393,0.6323114415242987,0.6085626762841595
885,0.04173833594511285,0.25527941822190947,0.25907523314435243,0.4880352574143307,0.6295906199688804,0.63250933996956,0.6085626762841595
886,0.04175428872488472,0.2553113237814532,0.25921157917463894,0.48814195658918613,0.6298473592496817,0.632824920085901,0.6085786290639312
887,0.04175428872488472,0.2555065106472796,0.2593319724251536,0.4882783026194727,0.630090857330146,0.633127259001905,0.6085786290639312
888,0.041815841139859505,0.2555543689865952,0.25951391809064306,0.4886352264126962,0.6304520370816898,0.6334428391182462,0.6091147869432092
889,0.041831793919631384,0.25558627454613897,0.2595914232853897,0.4887715724429827,0.631117573453499,0.6337584192345871,0.6095921039869474
890,0.041847746699403256,0.25580911101318865,0.25977336895087916,0.4891534342579945,0.6317242689897682,0.6340151585153885,0.6101282618662254
891,0.041847746699403256,0.25606159433566933,0.25980527451042296,0.4894059175804752,0.6320854487413121,0.6343307386317293,0.6103850011470265
892,0.041847746699403256,0.25619794036595583,0.25995757332048136,0.4898922198662298,0.6323421880221134,0.6348212968758045,0.6109211590263044
893,0.04186369947917513,0.2562886867610395,0.26009120777133293,0.4900582127519474,0.6328783459013914,0.6350059541207289,0.6111778983071058
894,0.04186369947917513,0.256395385935895,0.2602567477817283,0.49042883062083004,0.6331939260177324,0.635542112000007,0.6114934784234468
895,0.041922540314715,0.2565449731665185,0.26027270056150015,0.4905651766511166,0.6339050620247446,0.635844450916011,0.6117958173394509
896,0.041984092729689795,0.25674016003234484,0.2603183001967031,0.49098094127987996,0.6341485601052088,0.6361467898320152,0.6121113974557919
897,0.04204293356522966,0.2567720655918886,0.2603798526116779,0.4911469341655975,0.6346391183492838,0.6366241068757533,0.6124137363717961
898,0.04204293356522966,0.2569084116221751,0.26177230238890875,0.49126732741611207,0.6351164353930219,0.6371146651198283,0.6128910534155342
899,0.04204293356522966,0.25700186959669363,0.2618338548038835,0.4916374924096726,0.6353599334734863,0.6372081230943469,0.6133683704592723
900,0.04205888634500153,0.2570337751562374,0.2619113599986302,0.491878278910702,0.6357211132250301,0.637569302845891,0.6136839505756133
901,0.04205888634500153,0.2570656807157812,0.26198886519337683,0.4922484439042624,0.6360234521410343,0.637871641761895,0.6141745088196884
902,0.04210448598020445,0.25718607396629584,0.26212249964422846,0.4923847899345489,0.6362213505862956,0.6381872218782362,0.6144768477356927
903,0.04210448598020445,0.2572339323056114,0.2623044453097179,0.49243264827386457,0.6365369307026366,0.6384439611590373,0.6147335870164938
904,0.0423702105030221,0.2572954847205862,0.2624248385602325,0.4925557531038141,0.6368981104541807,0.6387463000750415,0.6149770850969581
905,0.042402116062565845,0.2576360028587156,0.26272292151791615,0.4927509399696405,0.6372004493701848,0.6389897981555056,0.6153043620347505
906,0.04244771569776876,0.2577431549088934,0.2630930865114766,0.4930166644924581,0.6375616291217289,0.6392465374363068,0.6156655417862945
907,0.04244771569776876,0.2580544790669139,0.2632294325417631,0.49326914781493886,0.6378316096028668,0.6395488763523111,0.6160267215378384
908,0.04249331533297169,0.2582613627541917,0.263786272484509,0.4934027822657905,0.6380883488836682,0.639792374432775,0.6163879012893824
909,0.04250926811274357,0.2583844675841413,0.2640519970073266,0.493539128296077,0.6382246949139546,0.6400491137135764,0.6166902402053864
910,0.04250926811274357,0.25850757241409084,0.26420158423795015,0.4936887155267005,0.6384814341947559,0.6402926117940405,0.6169337382858507
911,0.04252522089251544,0.2587144561013687,0.2642950422124687,0.49387337277162485,0.6386337330048143,0.6406081919103817,0.6172360772018547
912,0.04252522089251544,0.25890964296719504,0.2644610350981863,0.49415279137010165,0.6388772310852785,0.6408649311911828,0.6176810358107271
913,0.042774992635561206,0.2591048298330214,0.26449294065773005,0.49448006830789404,0.6392384108368224,0.641108429271647,0.6178333346207854
914,0.042774992635561206,0.25915268817233705,0.26461604548767964,0.4946884963740574,0.6394951501176236,0.6413651685524483,0.6181945143723294
915,0.04279094541533309,0.2592005465116527,0.2646479510472234,0.49487044203954683,0.6397974890336279,0.6415630669977097,0.6188468095438017
916,0.043024764378606986,0.2592912929067363,0.264738697442307,0.49506562890537337,0.6399953874788891,0.6418198062785109,0.6191491484598058
917,0.04325858334188088,0.259368798101483,0.2650340688205557,0.49509753446491706,0.6402977263948931,0.6421353863948519,0.6195808658683409
918,0.04327453612165275,0.25941665644079864,0.26506597438009943,0.4952338804952036,0.6404500252049516,0.6424965661463958,0.6198376051491421
919,0.0433064416811965,0.25956624367142206,0.2650819271598713,0.49531138568995026,0.6406935232854158,0.6429150423545942,0.6201531852654832
920,0.04335204131639943,0.25962779608639686,0.26520232041038594,0.49565235670340196,0.641125240693951,0.6431261820001924,0.6204555241814873
921,0.043456481787142204,0.26017293920769125,0.2654548037328666,0.4958046555134603,0.6413687387744154,0.6433696800806568,0.6207122634622885
922,0.043456481787142204,0.26026639718220984,0.2655295973481783,0.49599984237928674,0.6416387192555533,0.643613178161121,0.6210278435786295
923,0.04373590038561902,0.2605348332844624,0.26566594337846483,0.4962565816600879,0.6419410581715576,0.643915517077125,0.6212257420238908
924,0.043910878513353055,0.26058269162377806,0.2659476206810544,0.4964358157461425,0.6422566382878986,0.6441722563579261,0.6216574594324261
925,0.04395647814855597,0.26073499043383647,0.266213345203872,0.496604520211295,0.6425133775686998,0.6443701548031875,0.6219730395487671
926,0.04395647814855597,0.26076689599338027,0.26624525076341576,0.49690414754786416,0.6428745573202437,0.6446268940839885,0.6221576967936915
927,0.04419029711182987,0.260798801552924,0.2663359971584994,0.4971608868286654,0.6430268561303021,0.645058611492524,0.6224276772748298
928,0.04425184952680467,0.2608466598922396,0.26636790271804317,0.49728128007918,0.6431791549403606,0.6453609504085281,0.6227432573911708
929,0.044267802306576544,0.2609533590670951,0.26650424874832973,0.4975517134356403,0.643377053385622,0.6457221301600721,0.6229279146360951
930,0.044267802306576544,0.2610149114820699,0.26654984838353263,0.4977924999366697,0.6436926335019629,0.6461406063682703,0.6234184728801703
931,0.044283755086348416,0.26120584238957584,0.2668584609621183,0.4978996519868473,0.644053813253507,0.6463841044487347,0.6237208117961743
932,0.044329354721551334,0.26128063600488755,0.2669948069924048,0.4980656448725649,0.6443105525343081,0.6466276025291988,0.6239451926421096
933,0.044329354721551334,0.2615331193273682,0.2669948069924048,0.4981727969227426,0.6448011107783831,0.6470137203025311,0.6241430910873709
934,0.04440414833686308,0.26156502488691197,0.2672196407136623,0.49827994897292044,0.6453372686576613,0.6472116187477925,0.6243409895326322
935,0.04442010111663495,0.26164253008165866,0.2672971459084089,0.4983574541676671,0.6455940079384622,0.6475139576637966,0.6245977288134335
936,0.04443605389640682,0.2616584828614305,0.26743620351813036,0.4984805589976166,0.6457463067485207,0.647653015273518,0.6248412268938975
937,0.04443605389640682,0.2616744356412024,0.2676313903839568,0.4986009522481312,0.6459442051937822,0.6479229957546562,0.6250979661746989
938,0.04466987285968072,0.26172229398051805,0.2677544952139064,0.4990899661133207,0.6462465441097862,0.6481797350354573,0.6255004896031252
939,0.04466987285968072,0.26192917766779583,0.267888129664758,0.4992719117788102,0.6465488830257904,0.6484364743162586,0.6257572288839265
940,0.044685825639452594,0.2620039712831076,0.2681698069673475,0.4994219518847559,0.6469100627773342,0.6487388132322628,0.6262477871280014
941,0.04474466647499246,0.2623125838616932,0.2686603652114226,0.49960389755024537,0.6471800432584726,0.6490411521482666,0.6265045264088027
942,0.04480350731053232,0.26241928303654866,0.26888320167847224,0.49970833802098813,0.6474367825392736,0.6491802097579882,0.6268657061603466
943,0.04480350731053232,0.2625100294316323,0.26901954770875874,0.49997677412324065,0.647647922184872,0.6495413895095321,0.627063604605608
944,0.044865059725507125,0.26254193499117606,0.2690514532683025,0.5001131201535272,0.6478590618304703,0.6499025692610761,0.627365943521612
945,0.04495580612059073,0.26267828102146257,0.26914219966338615,0.5002950658190167,0.6481025599109345,0.6501593085418773,0.6279021014008901
946,0.04495580612059073,0.26303520481468606,0.26939197140643195,0.5006948776680081,0.6485798769546726,0.6503116073519358,0.6282044403168943
947,0.0450146469561306,0.26323039168051243,0.2694398297457476,0.5007883356425267,0.6490571939984109,0.6506727871034796,0.6284611795976954
948,0.0450146469561306,0.263364026131364,0.26982169156075936,0.5008790820376103,0.6493139332792119,0.6509883672198208,0.6287767597140365
949,0.04506024659133353,0.26348713096131365,0.27018760059599933,0.5010742689034366,0.649675113030756,0.6513495469713647,0.6290923398303776
950,0.04510584622653644,0.2635190365208574,0.27030799384651394,0.5012270205888173,0.649931852311557,0.6515930450518289,0.6293623203115156
951,0.04512179900630831,0.26359654171560404,0.2703398994060577,0.501350125418767,0.6501297507568183,0.6518497843326302,0.6295602187567769
952,0.045137751786080184,0.26387821901819364,0.27056273587310736,0.5015320710842563,0.6503144080017428,0.6521521232486343,0.6298169580375782
953,0.045137751786080184,0.26396896541327725,0.270683129123622,0.5015776707194594,0.6505123064470041,0.6523956213290987,0.6300280976831765
954,0.045387523529125964,0.264000870972821,0.2709971648610775,0.501698063969974,0.6508146453630083,0.6527112014454397,0.6302848369639775
955,0.045387523529125964,0.2640916173679046,0.27124964818355823,0.5020522761837625,0.6511758251145522,0.652909099890701,0.6308209948432558
956,0.04540347630889784,0.26454872567355037,0.2712975065228739,0.502231510269817,0.6514781640305565,0.6531202395362993,0.6311821745947996
957,0.045419429088669715,0.264596584012866,0.27154998984535456,0.5024134559353065,0.6517216621110207,0.6533769788171004,0.6314845135108039
958,0.045419429088669715,0.2647329300431525,0.27156594262512646,0.5026998420715388,0.6522578199902986,0.6536204768975646,0.6318456932623476
959,0.04549422270398145,0.26529402594421886,0.2715818954048983,0.5028498821774846,0.6525601589063027,0.6538772161783658,0.6320891913428119
960,0.045539822339184376,0.2653418842835345,0.27172095301461974,0.5029862282077712,0.6527580573515641,0.654133955459167,0.632345930623613
961,0.045539822339184376,0.2654193894782812,0.27187325182467814,0.5032726143440033,0.6530147966323653,0.6543906947399682,0.6326615107399541
962,0.04560137475415916,0.2654968946730279,0.27196399821976175,0.5034974480652606,0.6533171355483695,0.6547062748563092,0.6330226904914981
963,0.04560137475415916,0.2657037783603056,0.2721591850855881,0.5036337940955472,0.6535606336288337,0.6549497729367736,0.6332205889367596
964,0.04560137475415916,0.26573568391984936,0.272350115993094,0.5038835658385931,0.6538041317092979,0.6552065122175748,0.6337567468160377
965,0.04560137475415916,0.265783542259165,0.27238202155263785,0.5039907178887707,0.6540020301545592,0.6555088511335788,0.6341884642245729
966,0.04560137475415916,0.26589024143402046,0.27239797433240975,0.5043476416819942,0.6542720106356973,0.6558700308851227,0.6344319623050371
967,0.04560137475415916,0.26611307790107014,0.27250512638258745,0.5045724754032517,0.6546331903872413,0.656067929330384,0.6346298607502983
968,0.04566021558969902,0.26618787151638185,0.27259587277767106,0.5048132619042809,0.6552398859235106,0.6562658277756453,0.6349454408666395
969,0.04571905642523889,0.2662786179114655,0.27302333422788577,0.5049204139544586,0.6555422248395147,0.6565093258561098,0.6353066206181832
970,0.04571905642523889,0.26635612310621215,0.2731008394226324,0.5049979191492052,0.6559151014125101,0.6566939831010341,0.6355177602637816
971,0.045750961984782644,0.2678986129893887,0.27314643905783537,0.5050913771237238,0.656217440328514,0.6569374811814984,0.6358333403801227
972,0.045766914764554516,0.2680509117994471,0.27341216358065307,0.5052892755689852,0.6564741796093153,0.6571809792619626,0.6360900796609238
973,0.04578286754432639,0.26809877013876277,0.2735325568311677,0.5054712212344746,0.6566264784193738,0.6574244773424269,0.636392418576928
974,0.045814773103870145,0.26836449466158036,0.27366619128201924,0.5056212613404204,0.6568699764998379,0.6576812166232281,0.6366491578577291
975,0.045830725883642016,0.26842604707655515,0.27374369647676594,0.5057708485710438,0.6571855566161791,0.6579247147036923,0.6368926559381934
976,0.045830725883642016,0.26848759949152995,0.27380524889174074,0.5059500826570984,0.6576628736599172,0.6581682127841565,0.6371361540186578
977,0.04586263144318577,0.26856510468627665,0.2738371544512845,0.5060567818319538,0.6579652125759213,0.6583661112294178,0.6374973337702017
978,0.045878584222957645,0.26859701024582044,0.27407097341455844,0.5061935807375625,0.6581498698208457,0.658668450145422,0.6377540730510027
979,0.045878584222957645,0.2686289158053642,0.2741325258295332,0.5065049048955832,0.65839336790131,0.658925189426223,0.6381401908243353
980,0.045878584222957645,0.2687812146154226,0.27425291908004784,0.5066280097255328,0.6585456667113683,0.6594025064699612,0.6384425297403394
981,0.04589453700272952,0.26881312017496634,0.2745054024025286,0.5067967141906852,0.6587891647918326,0.6596592457507626,0.6386271869852637
982,0.04591048978250139,0.26890386657004994,0.2747461889035579,0.5069171074411999,0.6589870632370939,0.6599748258671033,0.6386431397650355
983,0.046144308745775284,0.2703419159824837,0.2748825349338444,0.5070242594913776,0.6591393620471524,0.6602771647831075,0.6386431397650355
984,0.04619216708509091,0.2704326623775673,0.27495732854915617,0.5071446527418922,0.6593828601276166,0.6605206628635718,0.6386431397650355
985,0.04620811986486279,0.27046456793711104,0.2751233214348737,0.50725180479207,0.6596851990436206,0.6606273620384273,0.6386431397650355
986,0.04625371950006571,0.2704964734966548,0.2751848738498486,0.5074041036021284,0.659883097488882,0.6608841013192285,0.6386431397650355
987,0.04636087155024342,0.2706195783266044,0.27535985197758256,0.507481608796875,0.660185436404886,0.6611540818003666,0.6386590925448075
988,0.04636087155024342,0.2709309024846249,0.2757008229910342,0.5076476016825927,0.6605466161564301,0.661540199573699,0.6386750453245793
989,0.04636087155024342,0.27102164887970853,0.27582392782098375,0.5080045254758161,0.6608489550724342,0.6618425384897032,0.6386750453245793
990,0.04643566516555516,0.27112834805456404,0.27613254039956936,0.5081568242858745,0.6609880126821557,0.6620404369349645,0.6388500234523133
991,0.04643566516555516,0.27133523174184176,0.276252933650084,0.5082772175363891,0.66123151076262,0.6623427758509685,0.6388500234523133
992,0.04643566516555516,0.2715171774073312,0.2764438645575899,0.5086341413296126,0.6614882500434212,0.6625995151317697,0.6393861813315913
993,0.04645161794532704,0.27176966072981196,0.27650270539312977,0.5088297810707614,0.6619788082874961,0.6626929731062883,0.6400973173386034
994,0.04645161794532704,0.2718471659245586,0.27658021058787646,0.5091750080425335,0.6624561253312343,0.6628452719163467,0.6403996562546074
995,0.04645161794532704,0.2719538650994141,0.276746203473594,0.5093569537080228,0.6627425114674665,0.6630887699968109,0.6406431543350717
996,0.04648352350487079,0.2720605642742696,0.2769573431191923,0.5095361877940774,0.6629992507482677,0.6632866684420723,0.6409454932510759
997,0.04649947628464266,0.2722674479615474,0.27698924867873603,0.5096109814093892,0.6632856368845,0.6634978080876706,0.6412022325318768
998,0.04673329524791657,0.272358194356631,0.27702115423827983,0.5097313746599038,0.6636468166360439,0.663636865697392,0.6417383904111549
999,0.04679484766289135,0.272358194356631,0.27723003517976536,0.5099133203253933,0.6638903147165081,0.6638347641426533,0.6420995701626991
1000,0.04679484766289135,0.27240605269594664,0.27726194073930915,0.5102219329039789,0.6643087909247065,0.6640326625879146,0.642635728041977
1001,0.04679484766289135,0.27242200547571854,0.277498471282018,0.5106965383682821,0.6646111298407107,0.6642438022335129,0.6429969077935209
1002,0.046840447298094265,0.27258754548611386,0.277498471282018,0.5108169316187967,0.6650884468844487,0.6644873003139773,0.6432992467095251
1003,0.04711986589657109,0.2726623391014256,0.2777053549692957,0.5111192705348009,0.6653907858004529,0.6648484800655211,0.6436015856255292
1004,0.047135818676342964,0.27269424466096936,0.27783898942014734,0.5113717538572816,0.6658225032089881,0.6650919781459854,0.6440921438696042
1005,0.047135818676342964,0.2727261502205131,0.2779005418351222,0.5114761943280244,0.6660792424897894,0.6654531578975295,0.6443944827856084
1006,0.047135818676342964,0.27303747437853365,0.27793244739466594,0.5119079117365596,0.6663359817705905,0.6657231383786674,0.6447556625371523
1007,0.047151771456114835,0.27334608695711926,0.2779939998096407,0.512087145822614,0.6664882805806489,0.6662592962579457,0.6452329795808905
1008,0.04719737109131776,0.27343954493163786,0.2780555522246155,0.5122367330532376,0.6667906194966531,0.6665748763742865,0.645605856153886
1009,0.04722927665086151,0.27350109734661265,0.27833722952720497,0.5123438851034153,0.6670473587774541,0.6668316156550878,0.6461420140331638
1010,0.04730678184560819,0.2735758909619244,0.27836913508674876,0.5125846716044447,0.6673496976934582,0.6671339545710919,0.646339912478425
1011,0.04730678184560819,0.27360779652146816,0.2785510807522382,0.5127479529107272,0.6675475961387196,0.667436293487096,0.6467010922299693
1012,0.04732273462538006,0.27392183225892364,0.27873031483829275,0.5131477647597187,0.6679087758902635,0.6676930327678972,0.6470166723463102
1013,0.04732273462538006,0.2740741310689821,0.2788799020689162,0.5133110460660014,0.6682111148062676,0.6679365308483614,0.6472734116271114
1014,0.04733868740515193,0.2742810147562598,0.2790458949546338,0.5135518325670307,0.668350172415989,0.6681932701291626,0.6475757505431156
1015,0.04735464018492381,0.2742969675360317,0.2790778005141775,0.51379261906806,0.6685480708612505,0.6684500094099638,0.6477280493531741
1016,0.04735464018492381,0.2743585199510065,0.2791525941294893,0.5139130123185747,0.6688504097772546,0.668706748690765,0.6480303882691781
1017,0.04737059296469568,0.27451081876106487,0.279184499689033,0.5140037587136582,0.6691527486932586,0.6690090876067691,0.6483459683855192
1018,0.04737059296469568,0.2745883239558116,0.27942528619006235,0.5141993984548069,0.6695139284448026,0.6693246677231101,0.6487071481370631
1019,0.04737059296469568,0.2747952076430894,0.2794571917496061,0.5143813441202963,0.6698751081963467,0.6696270066391142,0.6490094870530673
1020,0.04738654574446755,0.275063643745342,0.2795479381446897,0.514456137735608,0.6701318474771479,0.6698116638840387,0.6492529851335315
1021,0.04738654574446755,0.2754911051955567,0.27962273176000146,0.5145468841306916,0.6704930272286919,0.6700095623293,0.6495097244143326
1022,0.047402498524239424,0.2755818515906403,0.279788724645719,0.5146832301609782,0.6707365253091561,0.670311901245304,0.6497208640599309
1023,0.047418451304011316,0.27576108567669483,0.27987992391612493,0.5148492230466958,0.6709344237544175,0.6705686405261052,0.6499643621403952
1024,0.047652270267285204,0.2758518320717785,0.27989587669589683,0.5149669047177755,0.6711323221996787,0.6708709794421094,0.6502078602208595
1025,0.047652270267285204,0.27594257846686204,0.27998662309098044,0.5151620915836019,0.6714346611156827,0.6711865595584503,0.6505690399724032
1026,0.047756710738027994,0.2760921656974855,0.28009332226583583,0.5152368851989136,0.6717370000316869,0.6714888984744545,0.6510007573809385
1027,0.047772663517799865,0.2764623306910459,0.2802296682961224,0.5154320720647402,0.6719348984769482,0.6717912373904588,0.6512118970265368
1028,0.04812687573158843,0.27661191792166945,0.2802615738556662,0.5155228184598237,0.6722960782284921,0.6720479766712599,0.6515259327639924
1029,0.04812687573158843,0.27671861709652495,0.2803952083065178,0.5157047641253132,0.6727733952722303,0.6722914747517241,0.6520032498077305
1030,0.0481428285113603,0.2768253162713804,0.2805861392140237,0.5159291449712483,0.6730889753885714,0.6724893731969854,0.6522732302888685
1031,0.04818842814656321,0.2770321999586582,0.2806768856091073,0.5160335854419911,0.6731824333630899,0.6727593536781236,0.6525755692048727
1032,0.04823628648587883,0.277064105518202,0.281176881970521,0.5162743719430204,0.673425931443554,0.6730616925941277,0.6528190672853371
1033,0.04853165786412753,0.2772136927488254,0.28135882763601044,0.516760674228775,0.6737415115598953,0.6733772727104689,0.6531214062013412
1034,0.04854761064389941,0.27736599155888386,0.28144957403109405,0.5168381794235216,0.6739394100051564,0.6735163303201902,0.6533781454821422
1035,0.04862240425921115,0.27745673795396747,0.28149517366629695,0.5169745254538083,0.6742549901214977,0.6738186692361943,0.6537393252336864
1036,0.04863835703898302,0.27759308398425403,0.2815430320056126,0.5171378067600909,0.6743940477312192,0.6739253684110498,0.6540093057148244
1037,0.04863835703898302,0.2777999676715318,0.2816337784006962,0.5173785932611202,0.6746375458116833,0.6741821076918509,0.6542660449956255
1038,0.04887217600225692,0.2778774728662785,0.2817701244309828,0.517410498820664,0.6747310037862019,0.6743800061371122,0.6545227842764268
1039,0.049051410088311445,0.27802977167633686,0.28178607721075466,0.5174720512356388,0.6749877430670032,0.6745779045823735,0.6548251231924309
1040,0.04906736286808332,0.27818207048639526,0.2819224232410412,0.5175336036506135,0.6751856415122643,0.6748802434983777,0.655127462108435
1041,0.04909926842762707,0.2782755284609138,0.2821043689065307,0.5176111088453602,0.6754291395927285,0.6751237415788419,0.6554886418599789
1042,0.049115221207398946,0.2782914812406857,0.2823705463046705,0.5176589671846759,0.6757447197090697,0.6754260804948461,0.6559659589037171
1043,0.04913117398717082,0.2784278272709722,0.2824161459398734,0.5180158909778995,0.6760602998254107,0.6757284194108503,0.6562682978197214
1044,0.04913117398717082,0.27863941979189266,0.28255249197015997,0.5183728147711228,0.6763170391062121,0.6760307583268543,0.6565117959001856
1045,0.04917677362237373,0.27867132535143646,0.2829503065649437,0.5186003600718152,0.6765605371866763,0.6763330972428585,0.6568729756517295
1046,0.04917677362237373,0.27871918369075205,0.28320278988742437,0.5188368906145241,0.6767584356319376,0.6766354361588627,0.6571753145677337
1047,0.04917677362237373,0.2790332194282075,0.28339797675325074,0.5190893739370047,0.6770151749127388,0.6768921754396636,0.6574776534837378
1048,0.04941059258564763,0.2791695654584941,0.28348872314833434,0.5192713196024942,0.677401292686071,0.6771945143556679,0.6577343927645389
1049,0.04947214500062243,0.2792470706532407,0.28367066881382386,0.5194236184125526,0.6777036316020751,0.6774380124361321,0.6579322912098002
1050,0.049517744635825346,0.2793378170483244,0.28419985915534635,0.519618805278379,0.6778426892117967,0.6776815105165963,0.6581890304906014
1051,0.049517744635825346,0.27956065351537407,0.28427465277065816,0.5198892386348394,0.6780994284925977,0.6778794089618577,0.6584325285710656
1052,0.049563344271028265,0.2797129523254325,0.2845700241489068,0.5199640322501511,0.6782384861023193,0.6781229070423219,0.6587937083226098
1053,0.049842762869505085,0.27980369872051614,0.28458597692867876,0.5200547786452346,0.6783907849123776,0.6782163650168404,0.658991606767871
1054,0.049858715649276956,0.2798356042800599,0.28463383526799435,0.5202955651462638,0.6786931238283819,0.6786348412250387,0.6591306643775924
1055,0.049858715649276956,0.2799290622545784,0.2846953876829692,0.5204615580319816,0.6788321814381033,0.679066558633574,0.6593418040231908
1056,0.049858715649276956,0.2800786494852019,0.28483444529269064,0.5207436882098934,0.6790168386830276,0.6793100567140383,0.659773521431726
1057,0.049858715649276956,0.28015615467994853,0.2849548385432053,0.5210433155464624,0.6792603367634918,0.6794947139589627,0.6600170195121902
1058,0.049858715649276956,0.2803470855874544,0.2850455849382889,0.521222549632517,0.679517076044293,0.679692612404224,0.6602737587929913
1059,0.05009253461255086,0.280483431617741,0.2852407718041153,0.5214177364983433,0.6796693748543513,0.6799361104846882,0.6605893389093325
1060,0.05015408702752565,0.2805741780128246,0.285315565419427,0.5216129233641699,0.6799717137703555,0.6802384494006923,0.6610666559530706
1061,0.05040385877057142,0.28062203635214017,0.2854063118145106,0.5217948690296593,0.6802740526863597,0.6804363478459536,0.6614278357046145
1062,0.05040385877057142,0.2807424296026549,0.28557230470022815,0.5219471678397177,0.6804851923319579,0.6810886430174257,0.6616257341498759
1063,0.0504813639653181,0.28089201683327836,0.2857218919308516,0.5221158723048702,0.6806242499416796,0.681565960061164,0.6618824734306769
1064,0.0504813639653181,0.28109890052055614,0.28575379749039537,0.5222389771348198,0.6808353895872777,0.6821726555974331,0.6620347722407355
1065,0.05052696360052101,0.2811764057153028,0.2859766339574451,0.5224314524212113,0.6811509697036189,0.6824749945134373,0.6622459118863337
1066,0.05052696360052101,0.2812083112748465,0.2861102684082967,0.5227268237994599,0.6813944677840831,0.6827449749945754,0.6625482508023379
1067,0.05054291638029288,0.28131501044970203,0.2862762612940143,0.5228472170499746,0.6815923662293444,0.6830722519323679,0.6627329080472623
1068,0.050601757215832745,0.2813628687890176,0.28630816685355803,0.523247028898966,0.6818358643098087,0.6833745908483719,0.6630940877988062
1069,0.05070890926601047,0.2814992148193042,0.2863241196333299,0.5234422157647924,0.6820926035906097,0.683676929764376,0.6634096679151472
1070,0.050770461680985264,0.2829664582118468,0.2864148660284135,0.5240033116658589,0.682349342871411,0.6839792686803802,0.6636075663604085
1071,0.050770461680985264,0.28301431655116244,0.28650561242349715,0.5241369461167105,0.6825928409518752,0.6842360079611814,0.6639231464767495
1072,0.05084796687573192,0.28310506294624604,0.2865375179830409,0.524227692511794,0.6829540207034193,0.6844339064064425,0.6642843262282935
1073,0.05084796687573192,0.28332789941329567,0.2868488421410615,0.5243024861271058,0.6831975187838834,0.6846185636513672,0.6644822246735548
1074,0.05084796687573192,0.2834186458083793,0.2868647949208334,0.5244657674333885,0.6833365763936048,0.6848620617318314,0.6647389639543562
1075,0.05086391965550379,0.2834665041476949,0.28694230011558003,0.5246636658786498,0.6835933156744061,0.6851188010126327,0.6648780215640776
1076,0.05087987243527567,0.2837189874701756,0.2871947834380607,0.5248428999647043,0.6838956545904101,0.685257858622354,0.6651347608448788
1077,0.05087987243527567,0.28381244544469414,0.2873470822481191,0.5250248456301937,0.6841523938712115,0.6854557570676154,0.6653915001256799
1078,0.05087987243527567,0.28388995063944084,0.28745423429829686,0.5251155920252774,0.6843370511161359,0.6857124963484165,0.6655761573706044
1079,0.05093871327081553,0.2839674558341875,0.2875317394930435,0.5253267316708755,0.6847099276891311,0.6860736760999605,0.6658784962866086
1080,0.05093871327081553,0.2840449610289342,0.2876224858881271,0.525521918536702,0.6848033856636495,0.6862715745452218,0.6660763947318699
1081,0.05098431290601845,0.2843270912068459,0.28765439144767085,0.5257038642021915,0.6849880429085741,0.6865988514830144,0.6663331340126709
1082,0.05098431290601845,0.2844018848221576,0.2878039786782943,0.5259563475246722,0.6851859413538354,0.6870761685267524,0.6666354729286752
1083,0.05098431290601845,0.2844178376019295,0.28807241478054696,0.5263721121534356,0.6854426806346365,0.6875211271356246,0.6668201301735994
1084,0.05101621846556221,0.28468627370418204,0.2881472083958586,0.526583704674356,0.6856861787151007,0.6877778664164257,0.6671357102899405
1085,0.05101621846556221,0.28485226658989965,0.2882220020111704,0.5269994693031194,0.685929676795565,0.6881507429894211,0.6673336087352019
1086,0.05107505930110207,0.2849859010407513,0.288562973024622,0.5272699026595796,0.6860687344052866,0.6884074822702222,0.667590348016003
1087,0.05107505930110207,0.285017806600295,0.2886674134953648,0.5274608335670856,0.6863122324857508,0.6886186219158205,0.6677882464612643
1088,0.05112065893630499,0.2851112645748135,0.28899197885372235,0.5277429637449973,0.6866983502590831,0.6888753611966218,0.6680449857420656
1089,0.05113661171607686,0.28531814826209134,0.28906677246903406,0.5279381506108237,0.6870712268320784,0.689132100477423,0.6683017250228668
1090,0.05113661171607686,0.285366006601407,0.28911237210423696,0.5279700561703675,0.6871190851713942,0.6893299989226842,0.6686629047744108
1091,0.05113661171607686,0.28561848992388766,0.28911237210423696,0.5281948898916249,0.6871669435107097,0.6895278973679456,0.6688152035844691
1092,0.05119816413105167,0.28588692602614024,0.2891602304435526,0.5283312359219114,0.6873516007556341,0.6898302362839498,0.6691175425004732
1093,0.05119816413105167,0.28597767242122385,0.2892669296184081,0.5285131815874009,0.6875171407660293,0.6900281347292111,0.6692110004749918
1094,0.05119816413105167,0.28602553076053955,0.28931478795772375,0.5287809033644264,0.6876561983757508,0.6903304736452153,0.66942214012059
1095,0.05121411691082354,0.2862912552833572,0.2895486069209976,0.5288880554146042,0.6878408556206753,0.6904827724552737,0.6697817754932485
1096,0.05123006969059541,0.2878337451665337,0.28966900017151226,0.5290216898654557,0.6881681325584679,0.690680670900535,0.6698433279082233
1097,0.051463888653869305,0.28786565072607745,0.28975974656659587,0.5291393715365355,0.6883660310037292,0.6908329697105934,0.669859280687995
1098,0.05147984143364118,0.2879135090653931,0.28985049296167953,0.529232829511054,0.6885183298137875,0.6909852685206519,0.669859280687995
1099,0.05147984143364118,0.2880042554604767,0.2898664457414514,0.5293103347058007,0.6887162282590488,0.6911831669659132,0.669859280687995
1100,0.051511746993184934,0.2881406014907632,0.2898983513009951,0.5294466807360871,0.6889141267043101,0.6914855058819172,0.669859280687995
1101,0.051511746993184934,0.288172507050307,0.2901052349882729,0.5295830267663738,0.6891120251495713,0.6917290039623815,0.669875233467767
1102,0.05155734662838785,0.2896105564627407,0.29018002860358466,0.5297919077078592,0.6894716605222297,0.6919857432431827,0.669875233467767
1103,0.05155734662838785,0.28970401443725924,0.29019598138335656,0.5300326942088885,0.6898445370952253,0.6923469229947266,0.669875233467767
1104,0.05155734662838785,0.28971996721703114,0.2904940643410402,0.5301101994036352,0.6902306548685574,0.6926036622755277,0.669875233467767
1105,0.05155734662838785,0.28979747241177783,0.2908026769196258,0.5303965855398675,0.6907785095692869,0.6928471603559919,0.6699071390273108
1106,0.05155734662838785,0.2900659085140304,0.2908642293346006,0.530519690369817,0.6910220076497511,0.6929994591660503,0.6699071390273108
1107,0.05155734662838785,0.290156654909114,0.2909819110056803,0.5308898553633775,0.6913243465657554,0.6931973576113115,0.670222719143652
1108,0.05160294626359077,0.2902930009394005,0.29108635147642314,0.531012960193327,0.6917428227739536,0.6932452159506273,0.6705250580596559
1109,0.05160294626359077,0.2903997001142561,0.2913361232194689,0.5312510351149214,0.6920451616899576,0.6934298731955517,0.6708273969756601
1110,0.05161889904336265,0.29054928734487956,0.2913976756344437,0.5313581871650992,0.6923475006059618,0.6935689308052732,0.6713635548549381
1111,0.05161889904336265,0.29074021825238544,0.29145922804941843,0.5316737672814402,0.69276597681416,0.6937535880501976,0.671724734606482
1112,0.051677739878902514,0.29083096464746905,0.2915207804643932,0.5318397601671578,0.693022716094961,0.6939514864954589,0.6720859143580261
1113,0.051693692658674385,0.29092171104255266,0.29155268602393697,0.5320937878685241,0.6932926965760994,0.6942538254114631,0.6723426536388272
1114,0.051739292293877304,0.29112859472983044,0.29158459158348077,0.5322597807542416,0.6936538763276433,0.6944649650570613,0.6726449925548313
1115,0.051755245073649175,0.291222052704349,0.2916753379785643,0.5323774624253214,0.6941311933713814,0.6948261448086053,0.6729473314708355
1116,0.05181408590918904,0.29132875187920443,0.2917660843736479,0.5325566965113758,0.6945496695795799,0.6950828840894065,0.6734246485145736
1117,0.051830038688960925,0.291640076037225,0.2917979899331918,0.5327682890322963,0.6949108493311237,0.6952807825346679,0.6737269874305777
1118,0.0518459914687328,0.29173082243230863,0.29226833943917446,0.532888682282811,0.6952720290826676,0.695596362651009,0.6739837267113788
1119,0.0518459914687328,0.2917627279918525,0.2925091259402038,0.5330090755333257,0.6955743679986719,0.6958207434969441,0.6742404659921799
1120,0.0518459914687328,0.29183752160716414,0.2926158251150593,0.5331321803632753,0.6957722664439332,0.6960774827777452,0.6745428049081842
1121,0.05189159110393571,0.2921328929854129,0.2926158251150593,0.5332685263935618,0.6959701648891945,0.6961709407522637,0.6747863029886484
1122,0.05189159110393571,0.29238266472845864,0.29266368345437493,0.5333729668643046,0.6961680633344559,0.6963099983619851,0.6751018831049895
1123,0.05190754388370759,0.29265110083071116,0.2927411886491216,0.533643400220765,0.6963659617797171,0.6965534964424495,0.6754042220209937
1124,0.051969096298682384,0.292755541301454,0.2927867882843245,0.5337929874513884,0.6966094598601813,0.6967969945229137,0.6757654017725376
1125,0.051969096298682384,0.2928033996407696,0.2928615818996362,0.5339881743172149,0.6967029178347001,0.696994892968175,0.6759633002177988
1126,0.05223482082150003,0.29296893965116494,0.2928615818996362,0.5341833611830412,0.6968419754444214,0.6971795502130995,0.6762067982982632
1127,0.052468639784773924,0.2930167979904806,0.2928615818996362,0.5342608663777878,0.6972016108170798,0.6972570554078461,0.6765679780498071
1128,0.0524845925645458,0.2931075443855642,0.292923134314611,0.5344587648230493,0.6973995092623412,0.6975005534883103,0.6768703169658111
1129,0.052500545344317674,0.29312349716533603,0.2930138807096946,0.5345203172380241,0.6977018481783451,0.6977572927691116,0.6771858970821524
1130,0.052500545344317674,0.2933144280728419,0.293166179519753,0.5346407104885387,0.6980041870943493,0.6978639919439671,0.6773381958922106
1131,0.052500545344317674,0.2934051744679255,0.29324097313506475,0.5348067033742563,0.6982609263751506,0.6980751315895655,0.6775816939726749
1132,0.052500545344317674,0.2935711673536431,0.2935682500728572,0.5350502014547207,0.6985632652911548,0.6982274303996239,0.677838433253476
1133,0.052500545344317674,0.2936030729131868,0.29370459610314376,0.5352294355407751,0.698806763371619,0.6984253288448852,0.6781407721694802
1134,0.05251649812408955,0.2937526601438103,0.29381174815332145,0.5353684931504966,0.6989458209813404,0.6986232272901464,0.6784431110854843
1135,0.05257533895962942,0.2939732379067473,0.2938705889888613,0.535768304999488,0.6991437194266016,0.6988799665709476,0.6786866091659486
1136,0.05260724451917317,0.29400514346629103,0.2939321414038361,0.5359046510297746,0.6993548590721999,0.699077865016209,0.67888450761121
1137,0.052623197298945046,0.29402109624606293,0.29396404696337985,0.5360706439154921,0.699657197988204,0.69933460429701,0.6790691648561343
1138,0.052655102858488796,0.2941442010760126,0.2941709306506576,0.5362981892161844,0.6999006960686683,0.6994280622715286,0.6792670633013956
1139,0.05267105563826067,0.2942349474710962,0.29573835855562247,0.536434535246471,0.7002030349846725,0.6996715603519927,0.6795105613818598
1140,0.05273260805323545,0.29428280581041183,0.2959611950226721,0.5365416872966488,0.7004465330651366,0.6999282996327941,0.6798261414982011
1141,0.05277820768843837,0.29436031100515847,0.29608158827318676,0.5366328865670545,0.7006311903100609,0.7001261980780555,0.6800696395786652
1142,0.053245845614986166,0.294496657035445,0.29608158827318676,0.5370646039755899,0.700933529226065,0.7006035151217935,0.6802219383887235
1143,0.05330468645052603,0.29455549787098484,0.29609754105295866,0.5372734849170755,0.7010725868357865,0.7009058540377978,0.680360995998445
1144,0.05333659201006978,0.29461705028595964,0.29609754105295866,0.5374230721476988,0.7012704852810479,0.7011037524830591,0.680897153877723
1145,0.05333659201006978,0.2946489558455034,0.2963473127960044,0.5375461769776485,0.7014095428907693,0.7013016509283204,0.6812583336292669
1146,0.05333659201006978,0.2949146803683211,0.296438059191088,0.5376369233727321,0.7015486005004908,0.7015583902091216,0.6815606725452711
1147,0.05357041097334368,0.29493063314809287,0.2966200048565775,0.5376984757877068,0.701805339781292,0.7018018882895858,0.6816997301549926
1148,0.05357041097334368,0.29494658592786477,0.2968697765996234,0.5378936626535332,0.7019576385913504,0.7018953462641043,0.6819108698005909
1149,0.05357041097334368,0.29497849148740857,0.29706070750712926,0.5380140559040479,0.7021555370366118,0.7020344038738259,0.6822720495521347
1150,0.05357041097334368,0.2950692378824921,0.2971970535374157,0.5381800487897656,0.7023534354818731,0.7021867026838843,0.6826316849247932
1151,0.0536160106085466,0.29511709622180776,0.2972289590969595,0.5384500292709036,0.7025189754922684,0.7023713599288087,0.6830634023333285
1152,0.05363196338831847,0.29519460141655446,0.29742143438335095,0.5386160221566211,0.7027168739375297,0.7026280992096098,0.6832613007785898
1153,0.05363196338831847,0.2954470847390352,0.29765796492605984,0.5387820150423387,0.702914772382791,0.7028259976548711,0.6834135995886482
1154,0.0536775630235214,0.2956422716048615,0.29765796492605984,0.5388595202370854,0.7031126708280524,0.7030106548997954,0.6837291797049894
1155,0.0536775630235214,0.29589204334790736,0.29765796492605984,0.539025513122803,0.7034150097440567,0.7032085533450568,0.6839403193505874
1156,0.0536775630235214,0.29617372065049685,0.2979236894488775,0.5390414659025748,0.703567308554115,0.7035241334613979,0.6842558994669286
1157,0.053723162658724316,0.2963529547365514,0.2979236894488775,0.5392912376456206,0.7038696474701192,0.7037676315418621,0.6844405567118531
1158,0.053723162658724316,0.29644370113163493,0.298235013606898,0.539486424511447,0.7040087050798406,0.7039655299871235,0.6846252139567776
1159,0.053768762293927234,0.2966346320391409,0.2982828719462136,0.5399610299757502,0.7042198447254387,0.7041178287971819,0.6848687120372416
1160,0.053768762293927234,0.2966665375986846,0.298448411956609,0.5401429756412398,0.70447658400624,0.7042701276072403,0.685034252047637
1161,0.053784715073699106,0.2968574685061905,0.29858475798689554,0.5402793216715263,0.7046612412511644,0.7043635855817588,0.6852321504928983
1162,0.053784715073699106,0.29695092648070903,0.2986166635464393,0.5405041553927838,0.7048591396964258,0.7045614840270203,0.6854300489381598
1163,0.053784715073699106,0.2971874570234179,0.298823547233717,0.5406861010582732,0.705057038141687,0.7047005416367417,0.6857323878541638
1164,0.053784715073699106,0.29736669110947245,0.2989302464085725,0.5408092058882228,0.7053005362221512,0.7050161217530826,0.6859170450990882
1165,0.053862220268445775,0.2974897959394221,0.2989461991883445,0.5409592459941686,0.7055440343026155,0.705214020198344,0.6861149435443495
1166,0.053862220268445775,0.2979304985899738,0.2991530828756222,0.541138480080223,0.705683091912337,0.7054119186436053,0.6862672423544078
1167,0.05387817304821765,0.2981829819124544,0.29924382927070586,0.5412748261105095,0.7059074727582721,0.7055509762533269,0.6865239816352091
1168,0.05389412582798953,0.2981989346922263,0.29943901613653223,0.541456771775999,0.7060465303679937,0.705794474333791,0.6866762804452675
1169,0.05393972546319245,0.2982604871072011,0.29964589982381,0.5417092550984797,0.7062444288132549,0.7058879323083096,0.6867697384197861
1170,0.05393972546319245,0.29833799230194774,0.29977953427466164,0.5419659943792808,0.7064879268937191,0.706040231118368,0.6869676368650474
1171,0.05404687751337015,0.2984127859172595,0.3000749056529103,0.5421479400447703,0.7066858253389807,0.7061792887280894,0.6871522941099717
1172,0.05404687751337015,0.298549131947546,0.300106811212454,0.5422869976544917,0.7068381241490391,0.7063771871733509,0.6874090333907729
1173,0.05404687751337015,0.29886045610556666,0.3002139632626317,0.5424233436847783,0.7069904229590975,0.7065750856186122,0.687711372306777
1174,0.05404687751337015,0.2988923616651104,0.30065466591318335,0.542543736935293,0.7072471622398986,0.7067729840638733,0.688072552058321
1175,0.05428069647664405,0.2990992453523882,0.3006865714727271,0.5426800829655796,0.7075039015206998,0.7069576413087977,0.6882116096680425
1176,0.05431260203618781,0.29917675054713483,0.3009550075749797,0.5428004762160941,0.7076885587656242,0.7072599802248019,0.688350667277764
1177,0.05432855481595968,0.29926749694221844,0.30109135360526623,0.5429664691018117,0.7078864572108856,0.7073534381993204,0.6886662473941051
1178,0.05432855481595968,0.29938789019273304,0.301166147220578,0.5431324619875293,0.707979915185404,0.7075057370093788,0.6889097454745693
1179,0.054344507595731555,0.2995215246435848,0.30119805278012174,0.5433011664526818,0.7081778136306655,0.7075991949838973,0.6890620442846277
1180,0.05439010723093447,0.2995830770585595,0.3014345833228306,0.5434831121181712,0.7082845128055208,0.7077970934291588,0.6894805204928258
1181,0.05442201279047823,0.2997740079660654,0.30154173537300827,0.543544664533146,0.7084368116155793,0.7080405915096228,0.6896328193028843
1182,0.05443796557025011,0.2998059135256092,0.3016484345478638,0.5436650577836607,0.7087979913671231,0.7082973307904242,0.6900645367114194
1183,0.05445391835002198,0.29992630677612386,0.3016643873276357,0.5438470034491502,0.7089370489768446,0.7084496296004825,0.6903080347918837
1184,0.05446987112979385,0.3000038119708705,0.3016803401074075,0.5440157079143028,0.7091805470573089,0.7087063688812838,0.6907265110000822
1185,0.054485823909565724,0.3000945583659541,0.3019620174099971,0.5441949420003572,0.7093196046670303,0.7088910261262081,0.6910861463727405
1186,0.0545017766893376,0.30012646392549786,0.3020664578807398,0.5443153352508718,0.7096468816048228,0.7090889245714693,0.6912840448180017
1187,0.0545017766893376,0.30049237296073783,0.30221920956612053,0.5443928404456185,0.7097859392145442,0.7093589050526076,0.6914951844635999
1188,0.0545017766893376,0.3006127662112525,0.3022670679054361,0.5445159452755681,0.7100426784953455,0.7095568034978689,0.6916474832736584
1189,0.054560617524877474,0.300910849168936,0.3024007023562877,0.5446390501055177,0.710181736105067,0.7098003015783334,0.6919042225544597
1190,0.054560617524877474,0.3009427547284798,0.3024166551360596,0.5447457492803732,0.7102751940795855,0.7100702820594712,0.692160961835261
1191,0.054560617524877474,0.30095870750825165,0.30268237965887723,0.5448392072548918,0.7105319333603867,0.7104314618110155,0.6922544198097794
1192,0.054576570304649345,0.30104945390333526,0.30286161374493187,0.5450460909421696,0.7107298318056482,0.7106293602562767,0.6924390770547038
1193,0.054576570304649345,0.3010973122426509,0.3029391189396785,0.545212083827887,0.7109277302509096,0.7107684178659981,0.692650216700302
1194,0.054576570304649345,0.3014086364006715,0.30313701738493976,0.5453780767136046,0.7111388698965077,0.7109663163112594,0.6929069559811033
1195,0.054576570304649345,0.30150209437519,0.30315297016471165,0.5454692759840106,0.7112779275062291,0.7111186151213178,0.6930004139556217
1196,0.054638122719624135,0.3015928407702736,0.30334815703053813,0.5455896692345252,0.7114434675166247,0.7113165135665791,0.6933027528716259
1197,0.054696963555164,0.3016835871653572,0.30336410981031,0.5457556621202427,0.7116869655970888,0.7114232127414347,0.6935462509520902
1198,0.054696963555164,0.30173144550467285,0.30336410981031,0.5459804958415001,0.7118260232068103,0.711562270351156,0.6936853085618117
1199,0.05478770995024762,0.3018249034791914,0.3033800625900819,0.5459964486212721,0.7119650808165316,0.7116557283256747,0.693883207007073
1200,0.05481961550979137,0.30196124950947795,0.30350045584059643,0.5461195534512217,0.71211737962659,0.7118080271357331,0.6939607122018197
1201,0.05481961550979137,0.30215643637530426,0.3035752494559082,0.5462695935571673,0.7121652379659057,0.7120059255809945,0.694099769811541
1202,0.05483556828956324,0.3024677605333249,0.3036500430712199,0.5464674920024287,0.7123175367759641,0.7123082644969985,0.6944609495630852
1203,0.05485152106933512,0.30249966609286866,0.30368194863076364,0.5465719324731715,0.7125742760567652,0.712401722471517,0.6946456068080096
1204,0.05485152106933512,0.3025315716524124,0.30371385419030744,0.5466494376679182,0.7128310153375664,0.7125540212815754,0.694959642545465
1205,0.05491307348430992,0.30260907684715904,0.30396362593335324,0.5467698309184328,0.7130289137828277,0.7128563601975794,0.6952869194832573
1206,0.05491307348430992,0.3026706292621339,0.30402517834832804,0.5468473361131795,0.7131679713925492,0.712963059372435,0.6955892583992614
1207,0.05491307348430992,0.3027025348216776,0.30404113112809994,0.5469248413079261,0.7134379518736874,0.7130109177117506,0.69568271637378
1208,0.05491307348430992,0.302868074832073,0.3041934299381584,0.5469726996472418,0.7135770094834089,0.713163216521809,0.6958350151838384
1209,0.05491307348430992,0.3030749585193508,0.304284176333242,0.5470342520622166,0.7137425494938043,0.7133022741315306,0.6959740727935598
1210,0.054987867099621654,0.30310686407889453,0.304459154460976,0.547216197727706,0.7140125299749424,0.7135457722119949,0.6962308120743612
1211,0.055003819879393526,0.30319761047397814,0.3046224357672586,0.5475571687411576,0.7142560280554068,0.7136392301865134,0.6964287105196224
1212,0.0550197726591654,0.3035089346319987,0.3046839881822334,0.5477099204265382,0.7144539265006681,0.7137915289965718,0.6965810093296808
1213,0.055081325074140194,0.30358372824731045,0.3047455405972082,0.547771472841513,0.7145473844751866,0.7139894274418331,0.6968494454319334
1214,0.05509727785391207,0.30363158658662603,0.3047911402324111,0.5479215129474587,0.7146408424497052,0.7141284850515545,0.6970017442419919
1215,0.05509727785391207,0.3037223329817097,0.30486864542715775,0.5480875058331764,0.7149431813657091,0.7142219430260731,0.697245242322456
1216,0.05509727785391207,0.3038290321565652,0.30488459820692965,0.5482238518634629,0.7151999206465103,0.7143154010005915,0.6975608224387971
1217,0.05509727785391207,0.3039197785516488,0.3049005509867015,0.5484783324401513,0.7153522194565688,0.7144221001754472,0.6977131212488554
1218,0.05509727785391207,0.30412666223892665,0.30509148189420743,0.5485371732756913,0.7154456774310872,0.7145287993503028,0.6980743010003995
1219,0.055113230633683945,0.30421740863401026,0.3053280124369163,0.5487004545819739,0.7156891755115515,0.7147134565952271,0.6983177990808637
1220,0.055188024248995694,0.30426300826921315,0.3054616468877679,0.5488395121916952,0.7158282331212731,0.7149113550404884,0.6984568566905852
1221,0.05526552944374236,0.3042949138287569,0.3055523932828515,0.5488851118268981,0.7159349322961285,0.7151092534857497,0.6988164920632437
1222,0.05526552944374236,0.30437241902350354,0.30556834606262334,0.548976311097304,0.7162505124124696,0.7153659927665508,0.6988912856785554
1223,0.05526552944374236,0.3044043245830473,0.3057752297499012,0.548992263877076,0.716389570022191,0.7154594507410693,0.6988912856785554
1224,0.055297435003286106,0.30461120827032506,0.305791182529673,0.5490378635122789,0.7165286276319125,0.7157029488215336,0.6988912856785554
1225,0.05531338778305798,0.304831786033262,0.3059275285599596,0.5491582567627936,0.7167265260771739,0.7157964067960522,0.6988912856785554
1226,0.05531338778305798,0.30505462250031173,0.30595943411950327,0.5492038563979964,0.7169376657227723,0.7160531460768532,0.6988912856785554
1227,0.05532934056282986,0.3051480804748302,0.3060209865344781,0.5493110084481743,0.7170767233324935,0.7161922036865748,0.6988912856785554
1228,0.05538818139836972,0.30519593881414586,0.3060688448737937,0.5494181604983519,0.717390759069949,0.716403343332173,0.6988912856785554
1229,0.05540413417814159,0.3052866852092295,0.30642576866701715,0.5494797129133266,0.7176018987155472,0.7166012417774345,0.6988912856785554
1230,0.05540413417814159,0.30536147882454123,0.3078638180794509,0.5496324645987073,0.7179159344530028,0.7168447398578989,0.6988912856785554
1231,0.05543603973768534,0.30559529778781513,0.3080457637449403,0.5499437887567279,0.7180093924275213,0.7170426383031601,0.6989072384583273
1232,0.05545199251745722,0.3057019969626706,0.30825735626586087,0.5500053411717026,0.7181616912375797,0.7171949371132184,0.6989072384583273
1233,0.0554679452972291,0.3058086961375261,0.3084684959114591,0.5501284460016522,0.7183139900476382,0.7174516763940197,0.6989072384583273
1234,0.0554679452972291,0.30588620133227273,0.30867537959873687,0.5504280733382213,0.7186751697991822,0.7176951744744838,0.6993845555020654
1235,0.05548389807700097,0.3059637065270194,0.3086913323785088,0.5506778450812672,0.7189319090799834,0.7180680510474793,0.6997457352536093
1236,0.05548389807700097,0.30611600533707783,0.30888651924433513,0.5509435696040849,0.7191754071604476,0.7183115491279435,0.7000024745344107
1237,0.05549985085677285,0.3061638636763934,0.30891842480387893,0.5512272441608822,0.7193865468060459,0.7185226887735416,0.7002459726148748
1238,0.055604291327515626,0.3063161624864518,0.3090547708341655,0.5514388366818026,0.7195256044157674,0.718766186854006,0.7005615527312159
1239,0.05698078832497457,0.30640962046097037,0.30911361166970536,0.551575182712089,0.7198411845321082,0.7190346229562585,0.7009227324827597
1240,0.05698078832497457,0.30645747880028595,0.309191116864452,0.5521499726888147,0.7199934833421668,0.71917368056598,0.701192712963898
1241,0.05705558194028631,0.30651903121526086,0.30940225651005027,0.5523132539950973,0.720217864188102,0.7192671385404985,0.7014950518799022
1242,0.05714632833536992,0.3066097776103444,0.30967069261230296,0.5524924880811518,0.7204613622685662,0.719640015113494,0.7016929503251633
1243,0.057162281115141794,0.3066416831698882,0.3097025981718467,0.5527332745821811,0.7207181015493674,0.7198511547590922,0.7018452491352218
1244,0.057162281115141794,0.30667358872943196,0.3098229914223613,0.5528536678326958,0.7210336816657086,0.7200358120040165,0.70205638878082
1245,0.05719418667468556,0.3067510939241786,0.3098389442021332,0.5530515662779572,0.7211859804757669,0.720129269978535,0.7022675284264184
1246,0.05719418667468556,0.30684455189869714,0.3099912430121916,0.5532011535085807,0.7213382792858254,0.7201771283178506,0.7025698673424225
1247,0.05719418667468556,0.30693529829378075,0.3100819894072752,0.5532786587033273,0.7215950185666264,0.7202705862923691,0.7029310470939663
1248,0.05719418667468556,0.3071012911794983,0.31014354182225,0.5535194452043566,0.7217929170118879,0.7205390223946218,0.7031877863747676
1249,0.05719418667468556,0.3071920375745819,0.31017544738179376,0.5538058313405887,0.7220364150923521,0.7207618588616714,0.7033268439844892
1250,0.05719418667468556,0.30725358998955676,0.31022104701699665,0.5539691126468714,0.7221754727020735,0.720900916471393,0.7034791427945476
1251,0.057268980289997294,0.3072695427693286,0.31023699979676855,0.554046617841618,0.7223733711473347,0.7210399740811143,0.7037358820753485
1252,0.057268980289997294,0.3073762419441841,0.31050272431958614,0.5541989166516765,0.7224212294866503,0.7211922728911728,0.7040382209913527
1253,0.05738666196107703,0.30745374713893076,0.3105802295143328,0.554439703152706,0.7225602870963718,0.7213445717012311,0.7043994007428968
1254,0.05740261474084891,0.30751529955390555,0.3107006227648475,0.5545600964032205,0.7228037851768362,0.7216469106172353,0.7047017396589008
1255,0.05741856752062078,0.3076356928044202,0.3107754163801592,0.55474204206871,0.7228972431513547,0.7218904086976996,0.7049128793044992
1256,0.05743452030039265,0.30771319799916685,0.3109663472876651,0.5549504701348733,0.723095141596616,0.7219838666722181,0.7052152182205034
1257,0.05750931391570439,0.30774510355871065,0.310982300067437,0.555113751441156,0.7232018407714715,0.7222523027744707,0.7054719575013044
1258,0.05755491355090731,0.3078226087534573,0.3111026933179517,0.5552500974714426,0.7233997392167328,0.7223457607489893,0.7057154555817688
1259,0.05755491355090731,0.3079133551485409,0.31111864609772355,0.555517819248468,0.7235520380267911,0.7225304179939136,0.7058089135562873
1260,0.05755491355090731,0.3081202388358187,0.31125770370744504,0.5557453645491603,0.7237043368368496,0.722669475603635,0.7060656528370883
1261,0.05755491355090731,0.3081817912507935,0.3114236965931626,0.5559245986352148,0.723888994081774,0.7228673740488964,0.7062047104468099
1262,0.05755491355090731,0.30831813728108,0.3115896894788802,0.5560609446655014,0.7240868925270354,0.7235196692203686,0.7064026088920712
1263,0.05757086633067919,0.30845448331136655,0.31182622002158905,0.556226937551219,0.7242847909722968,0.7241836612132921,0.7068343263006064
1264,0.05757086633067919,0.30853198850611335,0.3119010136369008,0.5564544828519113,0.7244694482172211,0.7244271592937566,0.7071939616732649
1265,0.05757086633067919,0.30856389406565704,0.3119488719762164,0.5567408689881436,0.7246085058269427,0.724533858468612,0.707450700954066
1266,0.05763241874565398,0.30861175240497263,0.3119648247559883,0.5568183741828903,0.7248196454725409,0.7246273164431304,0.7075441589285847
1267,0.05763241874565398,0.3086436579645164,0.312114864861934,0.5570030314278146,0.7249131034470593,0.7249545933809229,0.7076964577386431
1268,0.05764837152542586,0.30895498212253697,0.31238330096418654,0.5571234246783292,0.7251110018923206,0.7250024517202385,0.7078943561839043
1269,0.05764837152542586,0.3090913281528234,0.31245809457949825,0.557230576728507,0.7252044598668392,0.7250959096947571,0.7081378542643685
1270,0.05770992394040065,0.30922767418311,0.31247404735927015,0.5573669227587935,0.7252979178413577,0.7251893676692756,0.70827691187409
1271,0.05770992394040065,0.3093184205781936,0.31254884097458185,0.5574900275887431,0.7254958162866191,0.7253416664793342,0.7084292106841484
1272,0.05775552357560357,0.30939592577294023,0.3126395873696655,0.5576852144545694,0.7256348738963406,0.7254939652893924,0.7086271091294098
1273,0.05775552357560357,0.309427831332484,0.31265554014943736,0.5578375132646279,0.7258327723416019,0.7256786225343169,0.7088117663743342
1274,0.05775552357560357,0.3094597368920277,0.31274628654452097,0.5580650585653203,0.7259262303161205,0.7258176801440382,0.7090096648195955
1275,0.057771476355375447,0.30953724208677447,0.31282108015983273,0.5582470042308096,0.726019688290639,0.7260023373889626,0.7092208044651939
1276,0.05789186960589011,0.3097737726294833,0.31318698919507265,0.5583245094255564,0.7262175867359003,0.7261869946338869,0.7094643025456581
1277,0.05789186960589011,0.309805678189027,0.3134367609381184,0.5584900494359517,0.7264287263814987,0.7264304927143513,0.7096033601553794
1278,0.05818724098413881,0.3098831833837737,0.313702485460936,0.5590087101565723,0.7265221843560172,0.7266151499592757,0.7098600994361808
1279,0.05818724098413881,0.30994473579874854,0.3137343910204798,0.5591906558220618,0.7266156423305358,0.7267542075689971,0.7100123982462391
1280,0.05821914654368256,0.3099925941380641,0.31376629658002353,0.559434153902526,0.7268135407757971,0.7269521060142583,0.7101646970562975
1281,0.05826474617888547,0.3100404524773797,0.3138278489949983,0.5595089475178378,0.7269525983855185,0.7271500044595196,0.7104081951367618
1282,0.05826474617888547,0.3101767985076663,0.3138278489949983,0.5598499185312894,0.7271504968307798,0.727977277758726,0.71061933478236
1283,0.05826474617888547,0.31028395055784397,0.31406437953770716,0.560029152617344,0.7274645325682353,0.7281751762039872,0.7108628328628243
1284,0.05828069895865735,0.31049083424512175,0.31430091008041594,0.5601951455030616,0.7275123909075508,0.7282686341785057,0.7110607313080854
1285,0.05829665173842922,0.31068873269038305,0.3144372561107025,0.560331491533348,0.7277235305531493,0.728479773824104,0.711154189282604
1286,0.05837415693317587,0.3107206382499268,0.31457360214098906,0.5605134371988375,0.7278169885276677,0.7286453138344996,0.7113064880926624
1287,0.058390109712947766,0.3108410315004415,0.3145895549207609,0.5607701764796386,0.7279560461373893,0.728797612644558,0.711413187267518
1288,0.058390109712947766,0.3110638679674912,0.31465110733573576,0.5609224752896971,0.7280951037471107,0.7290411107250223,0.7116110857127792
1289,0.05844895054848764,0.31107982074726304,0.31486224698133397,0.5610588213199836,0.7285268211556458,0.7292390091702836,0.7117501433225008
1290,0.05846490332825951,0.31111172630680684,0.31499859301162053,0.5612111201300419,0.7286202791301644,0.729391307980342,0.7119480417677622
1291,0.05848085610803138,0.31124807233709334,0.3150304985711643,0.5612270729098139,0.7287593367398858,0.7295892064256033,0.7121003405778205
1292,0.058542408523006184,0.311338818732177,0.3150304985711643,0.5613045781045606,0.7289248767502812,0.7298003460712015,0.7121937985523392
1293,0.058588008158209096,0.3113866770714926,0.31507609820636717,0.5613980360790791,0.7290183347247997,0.72995264488126,0.7124372966328034
1294,0.058588008158209096,0.3114774234665762,0.3151695561808857,0.5616361110006735,0.7292750740056011,0.730222625362398,0.7125895954428617
1295,0.058588008158209096,0.31162972227663466,0.3151855089606576,0.5617405514714162,0.7295185720860654,0.7304337650079964,0.7127286530525831
1296,0.058588008158209096,0.31170722747138135,0.31520146174042946,0.5618636563013658,0.729612030060584,0.7305860638180547,0.7128677106623047
1297,0.058588008158209096,0.31325870259657423,0.3153218549909443,0.5620296491870834,0.7297054880351025,0.7307383626281131,0.7130656091075661
1298,0.058588008158209096,0.31327465537634613,0.3155875795137619,0.562123107161602,0.7299033864803638,0.7309818607085774,0.7132635075528274
1299,0.05860396093798097,0.3134110014066327,0.3156194850733056,0.5622435004121165,0.7300424440900851,0.7311209183182988,0.7134025651625486
1300,0.05860396093798097,0.31344290696617644,0.3156650847085085,0.562468334133374,0.7301947429001436,0.7313644163987632,0.7134504235018645
1301,0.05866551335295576,0.31357925299646294,0.315847030373998,0.5625298865483488,0.7304382409806077,0.7316211556795642,0.7136483219471257
1302,0.0586974189124995,0.31367271097098154,0.3161127548968156,0.5627118322138382,0.7305905397906663,0.7323439885080277,0.7138462203923871
1303,0.05874301854770243,0.31376345736606515,0.3163036858043215,0.5628910662998927,0.7307295974003877,0.7324830461177493,0.7140117604027825
1304,0.05880185938324229,0.3138865621960148,0.31774173521675525,0.5629982183500706,0.7312642109007802,0.7326809445630106,0.7142096588480438
1305,0.0590356783465162,0.31416598079449154,0.3180238653946671,0.5630889647451541,0.7314621093460414,0.7327744025375291,0.7143031168225622
1306,0.05905163112628807,0.3141978863540353,0.31808541780964183,0.5632253107754407,0.7315688085208969,0.7330311418183303,0.7145010152678235
1307,0.059097230761490996,0.31425943876901014,0.3181173233691856,0.5632572163349845,0.7316755076957524,0.7332878810991316,0.7146989137130848
1308,0.05915607159703086,0.3142913443285539,0.3181492289287293,0.563350674309503,0.7318278065058108,0.7334857795443929,0.7147923716876033
1309,0.05915607159703086,0.31444093155917735,0.3182404281991351,0.5635166671952205,0.7319345056806663,0.7336836779896541,0.7148990708624591
1310,0.05915607159703086,0.3144728371187211,0.31833162746954097,0.563728259716141,0.7321324041259277,0.7338815764349154,0.7150969693077204
1311,0.05940584334007662,0.31462242434934456,0.3186725984829926,0.5638782998220868,0.7323435437715259,0.7341250745153797,0.7153404673881845
1312,0.05942179611984851,0.3146543299088883,0.3187633448780762,0.5640442927078043,0.7324958425815844,0.7342641321251011,0.7155383658334458
1313,0.059437748899620384,0.314731835103635,0.31905600467688994,0.564121797902551,0.7327642786838369,0.7344031897348224,0.7156318238079643
1314,0.05949930131459517,0.31476374066317875,0.3191175570918648,0.5642129971729569,0.7329621771290982,0.7345554885448811,0.7157841226180228
1315,0.05949930131459517,0.3148412458579254,0.31913350987163663,0.5643520547826782,0.7330556351036167,0.734798986625345,0.7159364214280811
1316,0.05956085372956997,0.3149483979081031,0.31914946265140853,0.5644295599774249,0.7333123743844181,0.7349836438702695,0.7160298794025998
1317,0.05956085372956997,0.3149962562474187,0.3191813682109523,0.5645526648073745,0.7334058323589365,0.735077101844788,0.716241019048198
1318,0.05979467269284387,0.3152460279904645,0.3193563463386863,0.5646274584226862,0.733590489603861,0.7352294006548465,0.7166021987997421
1319,0.059840272328046784,0.3153367743855481,0.3194607868094291,0.5646593639822299,0.7337295472135824,0.735336099829702,0.7166956567742607
1320,0.059885871963249696,0.3154275207806317,0.3196267796951467,0.5648413096477195,0.7338818460236407,0.7354883986397606,0.7169391548547248
1321,0.059885871963249696,0.3155182671757153,0.3197471729456613,0.5649644144776691,0.7339753039981592,0.7356862970850219,0.7170914536647833
1322,0.059944712798789566,0.31553421995548714,0.31976312572543325,0.5650419196724157,0.7341732024434207,0.7358385958950802,0.7171849116393019
1323,0.059944712798789566,0.3155820782948028,0.3198406309201799,0.5651353776469342,0.7343255012534791,0.7359320538695986,0.7173828100845632
1324,0.059944712798789566,0.3156436307097776,0.3199181361149266,0.5652288356214528,0.7344778000635375,0.736143193515197,0.7175351088946216
1325,0.059944712798789566,0.3159549548677981,0.32018386063774423,0.5653519404514024,0.7346756985087988,0.7362366514897155,0.7178623858324139
1326,0.05996066557856144,0.31607534811831284,0.32026136583249093,0.565429445646149,0.7348147561185203,0.7362845098290312,0.7180602842776752
1327,0.05996066557856144,0.3160913008980847,0.32044331149798033,0.5654909980611238,0.7349538137282418,0.7363912090038865,0.7181081426169909
1328,0.06002221799353623,0.3163410726411306,0.3204752170575241,0.5658319690745756,0.7351384709731661,0.7366347070843509,0.7183192822625892
1329,0.06002221799353623,0.31672293445614236,0.3207117476002329,0.5659847207599561,0.7352319289476846,0.736832605529612,0.7184127402371078
1330,0.06002221799353623,0.31675484001568605,0.32083214085074757,0.5661210667902427,0.7353709865574062,0.7369849043396706,0.7184605985764233
1331,0.060126658464279004,0.31678674557522984,0.32083214085074757,0.5662441716201922,0.7355100441671277,0.7370783623141891,0.718729034678676
1332,0.06018821087925381,0.3168615391905416,0.32103902453802535,0.5663216768149388,0.7356491017768491,0.7373351015949904,0.7188813334887345
1333,0.06020416365902568,0.31687749197031345,0.3211138181533371,0.5666330009729594,0.7357558009517046,0.7375330000402518,0.7190336322987928
1334,0.06020416365902568,0.31696823836539706,0.32136358989638286,0.5666649065325032,0.73586250012656,0.7376396992151072,0.7191726899085144
1335,0.060249763294228605,0.3170160967047127,0.3214410950911295,0.566782588203583,0.7359559581010785,0.7378508388607055,0.7193705883537755
1336,0.06030860412976847,0.3171524427349992,0.3215455355618723,0.5669348870136414,0.7361082569111368,0.7380619785063037,0.7195361283641708
1337,0.06030860412976847,0.3172003010743148,0.32185685971989286,0.5669804866488444,0.7362929141560612,0.7381554364808223,0.7197340268094321
1338,0.06032455690954034,0.3173206943248295,0.3221225842427105,0.5669964394286161,0.7366069498935167,0.7382944940905438,0.7199319252546935
1339,0.06032455690954034,0.3174114407199131,0.3221704425820261,0.567057991843591,0.7367592487035751,0.7384335517002651,0.7200709828644151
1340,0.060383397745080204,0.3175477867501996,0.322186395361798,0.5670739446233628,0.7368527066780938,0.7385726093099867,0.7202100404741365
1341,0.06039935052485209,0.31759564508951527,0.32229309453665345,0.5671514498181095,0.7369461646526123,0.7386660672845052,0.7202578988134521
1342,0.06041530330462396,0.3176863914845989,0.322472328622708,0.5673922363191389,0.7372146007548648,0.7387727664593606,0.7204101976235103
1343,0.06041530330462396,0.3177182970441426,0.32248828140247987,0.5675874231849654,0.7373212999297203,0.7388662244338792,0.7205492552332319
1344,0.06043125608439583,0.31779580223888926,0.32256307501779163,0.5676330228201683,0.7373691582690359,0.7390641228791406,0.7206559544080876
1345,0.06049280849937063,0.317827707798433,0.3226697741926471,0.5677078164354799,0.7375214570790942,0.7391575808536591,0.7207038127474032
1346,0.06049280849937063,0.3178596133579768,0.32290630473535586,0.5679166973769655,0.7377061143240187,0.7394143201344602,0.7209149523930015
1347,0.06050876127914251,0.3179371185527235,0.3233380221438911,0.5680343790480452,0.7379040127692801,0.7397415970722527,0.7210540100027228
1348,0.06052471405891438,0.3179849768920391,0.3234584153944058,0.5680503318278171,0.7382445309074097,0.7399983363530539,0.7211930676124443
1349,0.06054066683868626,0.318000929671811,0.32353320900971755,0.5681278370225638,0.7383379888819281,0.7403123720905094,0.7213909660577057
1350,0.06083332663750001,0.3180916760668946,0.3235651145692613,0.5681756953618794,0.7385358873271894,0.7404058300650279,0.72157562330263
1351,0.06088118497681564,0.31818513404141313,0.3236585725437799,0.5685029722996718,0.7387587237942391,0.7407331070028204,0.7217867629482284
1352,0.06089713775658752,0.31839201772869086,0.3237333661590916,0.5686101243498495,0.7388521817687577,0.740780965342136,0.7219846613934898
1353,0.061130956719861414,0.31857125181474544,0.3237949185740664,0.568759711580473,0.738991239378479,0.7411670831154683,0.7220781193680083
1354,0.0613647756831353,0.3187504859007999,0.32386971218937816,0.5688960576107596,0.7390390977177946,0.7414811188529238,0.7222304181780665
1355,0.0613647756831353,0.3188279910955466,0.32393126460435295,0.5690164508612742,0.7391325556923132,0.7416790172981853,0.7224415578236648
1356,0.0613647756831353,0.31890549629029324,0.32397686423955585,0.5691236029114519,0.7392716133020347,0.7417724752727037,0.7226070978340602
1357,0.06138072846290718,0.318980289905605,0.3240087697990996,0.5691692025466548,0.7394106709117562,0.7419703737179651,0.7227461554437816
1358,0.06138072846290718,0.3190281482449206,0.32408356341441136,0.5692467077414015,0.7396085693570176,0.7422138717984293,0.72289845425384
1359,0.06142632809811009,0.3192350319321984,0.32433604673689204,0.5693082601563763,0.7397020273315361,0.7424117702436905,0.7229919122283586
1360,0.06142632809811009,0.319312537126945,0.32453123360271846,0.5693990065514599,0.7398410849412576,0.7425640690537492,0.7229919122283586
1361,0.06142632809811009,0.3193284899067169,0.324621979997802,0.5694149593312317,0.739980142550979,0.7427031266634706,0.7229919122283586
1362,0.06144228087788197,0.3194192363018005,0.3246538855573458,0.5695353525817464,0.7401324413610374,0.7429598659442717,0.7229919122283586
1363,0.06145823365765384,0.31945114186134427,0.3247446319524295,0.5695969049967211,0.7402847401710958,0.7430533239187901,0.7230078650081304
1364,0.06150383329285677,0.319483047420888,0.324865025202944,0.5697172982472358,0.7404237977808172,0.7432056227288485,0.7230397705676741
1365,0.061549432928059686,0.31953090576020365,0.3250400033306781,0.5700582692606876,0.7405172557553358,0.7432990807033671,0.7230397705676741
1366,0.061549432928059686,0.31965129901071837,0.32507190889022186,0.5702110209460681,0.7407607538358001,0.7435425787838315,0.723055723347446
1367,0.06178325189133359,0.31968320457026206,0.32508786166999376,0.57022697372584,0.7408542118103186,0.7436948775938899,0.7230716761272179
1368,0.06184480430630838,0.31974475698523686,0.3253084394329307,0.5703314141965827,0.7409932694200401,0.7438471764039483,0.7230716761272179
1369,0.061860757086080256,0.3198195506005486,0.32542883268344536,0.5704385662467605,0.7411323270297615,0.7441039156847497,0.7230876289069899
1370,0.06187670986585213,0.31992670265072637,0.32547669102276094,0.5704864245860761,0.7412713846394828,0.7442429732944709,0.7230876289069899
1371,0.061922309501055046,0.3201702007311906,0.3255514846380727,0.5705612182013877,0.7413648426140015,0.7443820309041924,0.7231332285421928
1372,0.06199710311636679,0.3204518780337801,0.3256103254736126,0.5707244995076705,0.7415759822595998,0.7446637082067818,0.7231491813219647
1373,0.06199710311636679,0.3205909356435015,0.32562627825338447,0.5707723578469861,0.7418194803400641,0.7449072062872462,0.7231491813219647
1374,0.06205594395190665,0.32062284120304524,0.32567187788858737,0.5712150577517455,0.742355638219342,0.7451051047325075,0.7234515202379687
1375,0.06205594395190665,0.32070034639779194,0.3257037834481311,0.5714987323085428,0.7428902517197343,0.7452574035425658,0.723753859153973
1376,0.06211749636688145,0.32083669242807844,0.3257785770634429,0.5718661857226685,0.7432175286575267,0.7453964611522875,0.7240561980699769
1377,0.06216309600208437,0.3208685979876222,0.3258693234585265,0.572029467028951,0.743474267938328,0.745489919126806,0.7241952556796983
1378,0.06217904878185624,0.3209005035471659,0.32598971670904114,0.5722515891707736,0.7437177660187922,0.7457466584076072,0.7244975945957025
1379,0.06217904878185624,0.3209324091067097,0.32605126912401594,0.5722971888059765,0.744161180248779,0.7458401163821257,0.7247410926761668
1380,0.06217904878185624,0.3211392927939875,0.32605126912401594,0.5724335348362629,0.7444179195295799,0.74602477362705,0.7248801502858883
1381,0.062224648417059165,0.3211552455737594,0.3261579682988714,0.5728465878855914,0.7446158179748414,0.7461182316015686,0.7251368895666895
1382,0.0625496666507389,0.3212487035482779,0.32634889920637733,0.5732491113140179,0.7448593160553058,0.7464794113531126,0.7253347880119507
1383,0.0625496666507389,0.3213394499433616,0.32643964560146094,0.5734739450352753,0.7449983736650271,0.7467817502691166,0.7255326864572121
1384,0.06259526628594182,0.3215303808508675,0.32781614259891984,0.5736558907007647,0.7451962721102885,0.7469340490791752,0.7256393856320676
1385,0.0626568187009166,0.3216211272459511,0.3278480481584636,0.5738834360014571,0.74533532972001,0.7471907883599761,0.7258372840773291
1386,0.0626568187009166,0.32165303280549484,0.3278640009382355,0.5742859594298835,0.7454876285300683,0.7473298459696976,0.7260351825225903
1387,0.06267277148068849,0.3216689855852667,0.32810053148094437,0.5746725300785381,0.7456266861397899,0.7475277444149592,0.7261874813326487
1388,0.06270467704023223,0.32180533161555325,0.3281164842607162,0.5748115876882595,0.7459422662561308,0.7476212023894776,0.7263397801427071
1389,0.06270467704023223,0.3219416776458398,0.328191277876028,0.5749346925182091,0.7461401647013921,0.7477146603639963,0.7265832782231715
1390,0.0627635178757721,0.3220324240409234,0.3283981615633057,0.5751006854039267,0.7462336226759106,0.7478993176089206,0.726851714325424
1391,0.06279542343531584,0.3220324240409234,0.3284141143430776,0.5752826310694161,0.746606499248906,0.7479471759482361,0.7270496127706852
1392,0.06284102307051877,0.3222393077282012,0.3285372191730272,0.5756263136623027,0.7467455568586274,0.7480994747582946,0.7272475112159464
1393,0.06290257548549355,0.3222871660675168,0.3285828188082301,0.575808259327792,0.7468522560334829,0.7481929327328132,0.727340969190465
1394,0.06290257548549355,0.3224075593180315,0.3286147243677739,0.5759742522135096,0.7469457140080015,0.7483319903425346,0.7277006045631235
1395,0.06315234722853932,0.3225306641479811,0.3287670231778323,0.5760786926842524,0.7471303712529258,0.7485166475874591,0.7278985030083847
1396,0.06321389964351412,0.3225785224872967,0.32879892873737604,0.5764356164774759,0.7473282696981871,0.7486557051971804,0.7280375606181061
1397,0.06322985242328599,0.3226560276820434,0.32879892873737604,0.5765104100927876,0.7475850089789885,0.7487491631716989,0.7284104371911015
1398,0.06324580520305786,0.3226879332415871,0.32891932198789064,0.5765560097279905,0.747691708153844,0.7488426211462175,0.728608335636363
1399,0.06333700447346371,0.32271983880113086,0.32905566801817715,0.5766791145579402,0.7478896065991054,0.7488904794855331,0.7288518337168273
1400,0.06335295725323559,0.32279734399587756,0.32911722043315195,0.5769066598586325,0.747937464938421,0.7489971786603885,0.7289908913265487
1401,0.06336891003300746,0.32282924955542125,0.32917877284812674,0.5770886055241219,0.7480309229129394,0.74913623627011,0.72918878977181
1402,0.06341676837232309,0.32286115511496505,0.3292722308226453,0.5772837923899484,0.7482288213582009,0.7492296942446285,0.7293410885818684
1403,0.06344867393186683,0.32311092685801085,0.3293926240731599,0.5775043701528854,0.7484267198034621,0.7492775525839442,0.7296683655196607
1404,0.06349427356706976,0.3231268796377827,0.3294085768529318,0.5777451566539147,0.7486246182487234,0.7493254109232599,0.729866263964922
1405,0.06355582598204454,0.32315878519732644,0.32942452963270363,0.5779271023194041,0.7488357578943217,0.7494188688977784,0.7300053215746434
1406,0.06355582598204454,0.32339531574003527,0.3294564351922474,0.5782224736976528,0.7489292158688403,0.7496300085433767,0.7302032200199048
1407,0.06361737839701935,0.3235449029706587,0.3294723879720193,0.5783588197279392,0.7491859551496414,0.7511428515711223,0.7304011184651663
1408,0.06366297803222226,0.3235768085302025,0.3294883407517912,0.5785836534491969,0.74927941312416,0.7513407500163836,0.7305990169104277
1409,0.06366297803222226,0.32371315456048905,0.329520246311335,0.5787628875352514,0.7493728710986786,0.751434207990902,0.7308557561912288
1410,0.06367893081199413,0.3238467890113406,0.3295950399266467,0.578840392729998,0.7495707695439399,0.7515732656006234,0.7309492141657473
1411,0.06372453044719706,0.3239671822618553,0.32961099270641864,0.5789607859805127,0.7497686679892013,0.7516211239399391,0.7311015129758058
1412,0.06372453044719706,0.3242488595644449,0.329806179572245,0.5791267788662303,0.7499665664344626,0.7517601815496605,0.7312538117858642
1413,0.06378337128273692,0.3258751283049495,0.32986773198721975,0.5792498836961799,0.7502689053504668,0.7518080398889762,0.7313928693955857
1414,0.0638422121182768,0.32596587470003324,0.3299425256025315,0.5793406300912635,0.750421204160525,0.7519470974986977,0.7316496086763868
1415,0.06385816489804867,0.3259818274798051,0.33004696607327433,0.5795814165922927,0.7505146621350437,0.7520861551084191,0.7318607483219851
1416,0.06387411767782054,0.32601373303934883,0.3300629188530461,0.5798927407503134,0.7506081201095622,0.7522384539184775,0.7320130471320435
1417,0.06387411767782054,0.3262954103419384,0.3300629188530461,0.5800427808562589,0.7507471777192836,0.7523451530933329,0.732106505106562
1418,0.06387411767782054,0.3263888683164569,0.33021521766310463,0.5801631741067736,0.7508862353290051,0.7524974519033913,0.7322455627162834
1419,0.06395162287256721,0.32648232629097546,0.3303223697132824,0.5802968085576252,0.7510252929387266,0.7525909098779098,0.732339020690802
1420,0.064013175287542,0.326575784265494,0.3303998749080291,0.5804331545879118,0.751177591748785,0.7527888083231712,0.7325501603364003
1421,0.064013175287542,0.3266824834403495,0.3305202681585437,0.5805827418185352,0.7512842909236405,0.7528822662976898,0.7327745411823355
1422,0.06414997419315076,0.32673034177966515,0.33059506177385545,0.580689893868713,0.751377748898159,0.7530801647429511,0.7329591984272598
1423,0.0641818797526945,0.3268370409545206,0.3306539026093953,0.5807354935039158,0.7516917846356145,0.7533825036589553,0.7331570968725212
1424,0.0641818797526945,0.32703222782034697,0.33071545502437005,0.5808585983338654,0.7518440834456729,0.753430361998271,0.7334138361533225
1425,0.06441569871596839,0.32715533265029667,0.3307770074393449,0.5809041979690684,0.7519375414201914,0.7535959020086661,0.733507294127841
1426,0.06441569871596839,0.3272328378450433,0.3309270475452906,0.5809657503840432,0.751985399759507,0.7537482008187247,0.7336463517375624
1427,0.06447725113094319,0.3275309208027269,0.3309858883808305,0.5810888552139928,0.7520788577340256,0.7538416587932432,0.7337854093472839
1428,0.06449320391071506,0.3275628263622706,0.3310766347759141,0.5811960072641704,0.752185556908881,0.7540851568737075,0.7340289074277482
1429,0.06449320391071506,0.32771512517232904,0.33110854033545783,0.581391647005319,0.7522790148833994,0.754224214483429,0.7342856467085493
1430,0.06449320391071506,0.3277310779521009,0.33141715291404344,0.5815735926708085,0.752476913328661,0.7544221129286903,0.7345291447890134
1431,0.06449320391071506,0.3277470307318728,0.33155078736489507,0.5817258914808668,0.752792493445002,0.7546332525742885,0.7346814435990721
1432,0.06449320391071506,0.3278377771269564,0.33167118061540973,0.5817258914808668,0.7529315510547235,0.7547723101840099,0.7347881427739275
1433,0.0645844031811209,0.3278537299067283,0.33168713339518163,0.5818330435310447,0.753025009029242,0.7548657681585286,0.7349272003836489
1434,0.0645844031811209,0.3279015882460439,0.33170308617495353,0.5819830836369904,0.7531184670037606,0.7550180669685869,0.7351118576285732
1435,0.06460035596089278,0.3279923346411275,0.332014410332974,0.5820902356871681,0.7532575246134822,0.7551571245783085,0.7352641564386317
1436,0.06460035596089278,0.3280698398358742,0.3320303631127459,0.582501744357611,0.7533642237883377,0.7554006226587726,0.7353576144131503
1437,0.06460035596089278,0.3283223231583549,0.3321667091430325,0.5825632967725858,0.7534576817628562,0.7554940806332913,0.7354643135880058
1438,0.06485012770393855,0.3283971167736666,0.3321826619228044,0.5826836900231004,0.7535511397373746,0.7556331382430127,0.7356033711977273
1439,0.06485012770393855,0.3284130695534385,0.3321986147025762,0.582761195217847,0.7537490381826359,0.7557265962175312,0.7357424288074488
1440,0.06486608048371043,0.32849057474818516,0.3322145674823481,0.5828815884683619,0.7539013369926945,0.7558332953923868,0.7358947276175072
1441,0.06492763289868522,0.32856807994293186,0.3323482019331997,0.5829431408833368,0.7540992354379558,0.7559855942024452,0.7361514668983083
1442,0.06492763289868522,0.3285999855024756,0.33240975434817444,0.5830502929335142,0.7542059346128113,0.7563467739539891,0.7362581660731637
1443,0.0649435856784571,0.32867749069722224,0.3325847324759085,0.5833912639469659,0.7543714746232065,0.7566491128699933,0.736456064518425
1444,0.0649435856784571,0.3287390431121971,0.3326891729466513,0.5834231695065096,0.7545237734332649,0.7567881704797146,0.7365951221281466
1445,0.06495953845822897,0.3288297895072807,0.3327639665619631,0.5835143687769154,0.7546628310429863,0.7569537104901101,0.736747420938205
1446,0.06495953845822897,0.32886169506682444,0.33286840703270587,0.5836051151719991,0.7547695302178419,0.7571648501357083,0.7368408789127237
1447,0.06500513809343188,0.32890955340614003,0.3328843598124777,0.5837441727817205,0.7549674286631033,0.7573171489457667,0.7371681558505159
1448,0.06506397892897174,0.3289574117454557,0.33291626537202146,0.5839101656674381,0.7551653271083646,0.757469447755825,0.7373660542957772
1449,0.06507993170874364,0.32900301138065857,0.33315279591473035,0.5841080641126996,0.7553176259184229,0.7575629057303437,0.7375051119054987
1450,0.06518437217948642,0.3290189641604304,0.3334025676577761,0.5842740569984171,0.7554110838929414,0.7576696049051992,0.7378323888432913
1451,0.0652003249592583,0.32905086971997416,0.3336710037600286,0.5844400498841347,0.755550141502663,0.7578807445507975,0.7380302872885526
1452,0.0652003249592583,0.329112422134949,0.3340279275532521,0.5845472019343123,0.7556732463326125,0.7580918841963957,0.7382281857338139
1453,0.0652003249592583,0.3291872157502607,0.33404388033302396,0.5847264360203669,0.7557211046719281,0.758244183006454,0.7385305246498179
1454,0.06521627773903017,0.32937814665776666,0.33404388033302396,0.5848764761263127,0.7559646027523925,0.7584420814517154,0.7387151818947424
1455,0.06521627773903017,0.3294100522173104,0.3342714256337163,0.5849220757615156,0.756058060726911,0.7585811390614369,0.738983617996995
1456,0.06530702413411378,0.3294875574120571,0.33439181888423103,0.5851199742067767,0.7563015588073754,0.7588039755284866,0.7390770759715135
1457,0.06530702413411378,0.3296239034423436,0.3344989709344087,0.5851655738419796,0.7564994572526366,0.758943033138208,0.7392426159819088
1458,0.06530702413411378,0.3296717617816592,0.33457647612915536,0.5853744547834654,0.7565473155919523,0.7590364911127264,0.739453755627507
1459,0.06530702413411378,0.329733314196634,0.3346380285441302,0.5854223131227809,0.7566407735664707,0.7591887899227849,0.7398266322005024
1460,0.06536586496965364,0.3300149914992235,0.3346539813239021,0.5855586591530675,0.7567930723765293,0.7593734471677093,0.7400245306457638
1461,0.06536586496965364,0.3300628498385391,0.3347743745744168,0.5856361643478142,0.7569453711865876,0.7595257459777678,0.7400723889850795
1462,0.06536586496965364,0.3301403550332858,0.33486512096950033,0.5857109579631259,0.757038829161106,0.759782485258569,0.7404320243577379
1463,0.06548625822016832,0.3302151486485975,0.3349266733844752,0.5859088564083872,0.7571778867708276,0.7598759432330875,0.7405710819674594
1464,0.06550221099994019,0.3303223006987753,0.3351218602503015,0.5860452024386736,0.7573757852160888,0.760028242043146,0.7407557392123837
1465,0.06550221099994019,0.33048829358449283,0.33521531822482004,0.5863405738169224,0.7575280840261472,0.7601349412180014,0.7408491971869022
1466,0.06557971619468686,0.3305657987792395,0.33530606461990364,0.586519807902977,0.7576215420006657,0.7602872400280598,0.7410147371972975
1467,0.06563855703022672,0.3306565451743231,0.3353649054554435,0.5866698480089225,0.7577149999751841,0.7603939392029152,0.741153794807019
1468,0.06567046258977047,0.3306884507338669,0.3354264578704183,0.5867473532036692,0.7579261396207826,0.7606962781189193,0.7413384520519434
1469,0.06567046258977047,0.33080884398438154,0.3355172042655019,0.5868248583984158,0.758019597595301,0.7608941765641806,0.7414319100264618
1470,0.06567046258977047,0.3323809807229891,0.3356079506605855,0.5869183163729343,0.7581130555698196,0.761105316209779,0.7415842088365203
1471,0.06579085584028513,0.3324128862825329,0.3358307871276352,0.5869183163729343,0.7581449611293635,0.7611987741842975,0.7417821072817816
1472,0.06580680862005701,0.33261976996981063,0.3359055807429469,0.5871002620384239,0.7582972599394219,0.7613834314292218,0.7418755652563003
1473,0.06580680862005701,0.3326676283091263,0.3359055807429469,0.5871321675979677,0.7584363175491434,0.7615224890389434,0.7419690232308187
1474,0.06582276139982889,0.33274513350387297,0.33592153352271886,0.5872366080687105,0.758529775523662,0.7616747878490016,0.7421213220408771
1475,0.0658683610350318,0.33279299184318856,0.3359374863024906,0.5872822077039134,0.7586364746985175,0.7618138454587232,0.7422736208509356
1476,0.06588431381480367,0.3330158283102383,0.33596939186203445,0.5873893597540912,0.758729932673036,0.7620249851043216,0.742425919660994
1477,0.06591621937434741,0.3334565309607899,0.33601725020135004,0.587434959389294,0.7589278311182973,0.7622361247499198,0.7425193776355126
1478,0.0659321721541193,0.33354727735587353,0.33604915576089384,0.5876009522750115,0.7589756894576128,0.7624340231951813,0.7426716764455711
1479,0.06599101298965916,0.33363802375095714,0.33608106132043764,0.5877537039603922,0.7590691474321314,0.7625274811696998,0.7428239752556294
1480,0.06599101298965916,0.33377436978124364,0.3364469703556775,0.5878152563753669,0.7592538046770557,0.7626209391442184,0.7429762740656879
1481,0.06600696576943103,0.33404009430406134,0.3368881258815514,0.5878740972109068,0.7594517031223172,0.7626687974835339,0.7431153316754092
1482,0.06600696576943103,0.334130840699145,0.3369359842208671,0.5882177798037934,0.7595907607320386,0.7629711363995378,0.7433588297558735
1483,0.06600696576943103,0.3341627462586887,0.33701348941561377,0.5882793322187682,0.7596842187065571,0.7631101940092595,0.743465528930729
1484,0.06600696576943103,0.33424025145343533,0.33714712386646534,0.5883700786138518,0.7598688759514813,0.7632624928193178,0.7436501861756534
1485,0.06600696576943103,0.33425620423320723,0.33725156433720815,0.5884475838085984,0.7600079335612029,0.763519232100119,0.7437892437853749
1486,0.06600696576943103,0.3343633562833849,0.3373290695319548,0.588613576694316,0.7601013915357214,0.7636259312749745,0.7439283013950964
1487,0.0660229185492029,0.3343633562833849,0.3373906219469296,0.5887795695800336,0.760208090710577,0.7637782300850329,0.7440673590048178
1488,0.0660229185492029,0.33439526184292867,0.3375698560329842,0.5888707688504394,0.7603927479555015,0.7638716880595513,0.7441740581796732
1489,0.06603887132897478,0.3344860082380123,0.33764464964829594,0.5889779209006173,0.7605906464007627,0.7639651460340701,0.7442675161541918
1490,0.06603887132897478,0.33456080185332404,0.3377942368789194,0.5891010257305668,0.7606681515955093,0.7641498032789944,0.7444065737639132
1491,0.06605482410874666,0.3345927074128678,0.3379465356889778,0.5891329312901106,0.7608072092052309,0.76419766161831,0.7445000317384317
1492,0.06607077688851855,0.33471310066338245,0.3379465356889778,0.5891944837050853,0.7611668445778894,0.7643955600635712,0.7446390893481531
1493,0.06607077688851855,0.3347906058581291,0.3380080881039526,0.589344523811031,0.7612735437527448,0.7644434184028869,0.7446869476874689
1494,0.06607077688851855,0.33501344232517877,0.3383623003177411,0.5894357230814369,0.7614126013624661,0.7646545580484853,0.7448260052971902
1495,0.06607077688851855,0.3351201415000343,0.33839420587728486,0.5894516758612087,0.7615649001725247,0.7648068568585435,0.7450239037424515
1496,0.06608672966829042,0.3351360942798062,0.3384689994925966,0.5895105166967486,0.7616583581470431,0.7649003148330621,0.7451629613521731
1497,0.06610268244806229,0.3351520470595781,0.33853055190757136,0.5896765095824661,0.7617518161215617,0.7649937728075806,0.7452564193266915
1498,0.06616423486303707,0.33516799983934986,0.33854650468734326,0.5897996144124157,0.7618452740960803,0.7650872307820992,0.7453042776660072
1499,0.06622307569857694,0.3352587462344335,0.33859436302665885,0.5899067664625934,0.7618931324353959,0.7651806887566176,0.7454433352757287
1500,0.0662549812581207,0.33534949262951713,0.3387466618367173,0.5901771998190539,0.7619998316102514,0.7653197463663391,0.7455367932502472
1501,0.06628688681766444,0.3354561918043727,0.338821455452029,0.5902547050138005,0.7621521304203097,0.7654132043408577,0.7456758508599688
1502,0.06630283959743631,0.3355040501436883,0.33889896064677566,0.5903322102085472,0.7622752352502593,0.7655978615857821,0.7458869905055672
1503,0.0663187923772082,0.335535955703232,0.33891491342654756,0.5904393622587248,0.7624142928599809,0.7658413596662463,0.7460260481152885
1504,0.0663187923772082,0.33556786126277577,0.33891491342654756,0.5904553150384968,0.7625077508344994,0.7660848577467106,0.746398924688284
1505,0.066380344792183,0.3357587921702817,0.3389468189860913,0.5905031733778123,0.7626012088090179,0.7661783157212292,0.7465379822980052
1506,0.066380344792183,0.3358335857855934,0.339024324180838,0.5905620142133523,0.7626490671483336,0.7662717736957477,0.746585840637321
1507,0.06645513840749473,0.3361581511439509,0.33904027696060984,0.5906664546840951,0.7628469655935948,0.7664240725058061,0.7466792986118395
1508,0.06645513840749473,0.33624889753903453,0.3391177821553565,0.5907895595140447,0.7629992644036533,0.7666087297507306,0.746818356221561
1509,0.06651397924303458,0.3362808030985783,0.33923817540587115,0.5908670647087912,0.7631059635785087,0.7667610285607889,0.7471912327945562
1510,0.06652993202280648,0.336312708658122,0.339299727820846,0.5910918984300488,0.7631538219178242,0.7669000861705103,0.7473435316046146
1511,0.06654588480257835,0.33779364612632373,0.33936128023582074,0.5912446501154294,0.76320168025714,0.7670523849805686,0.7474798776349012
1512,0.06656183758235022,0.33786843974163544,0.33936128023582074,0.5913353965105129,0.7632495385964556,0.7672502834258302,0.7475733356094199
1513,0.06656183758235022,0.3379162980809511,0.3394520266309044,0.5915263274180188,0.763401837406514,0.7673437414003487,0.7475892883891918
1514,0.0665777903621221,0.33816606982399683,0.33952953182565104,0.5915422801977908,0.7635541362165725,0.7675283986452731,0.7476052411689637
1515,0.0665777903621221,0.3397334977289618,0.33969552471136866,0.5915422801977908,0.7636019945558882,0.7676806974553315,0.7476052411689637
1516,0.0665777903621221,0.3398401969038172,0.33978627110645226,0.5917242258632803,0.7636954525304066,0.76777415542985,0.7476211939487354
1517,0.06659374314189397,0.34001517503155126,0.33987701750153587,0.5918446191137948,0.7637889105049251,0.7679132130395716,0.7476211939487354
1518,0.06659374314189397,0.34010592142663487,0.33993585833707574,0.5920398059796211,0.7638823684794437,0.7680199122144271,0.7476211939487354
1519,0.06659374314189397,0.34010592142663487,0.3400854455676992,0.592114599594933,0.7639302268187593,0.7680677705537426,0.7476371467285075
1520,0.06665529555686875,0.3401674738416096,0.340146997982674,0.5922377044248825,0.7641281252640207,0.7681156288930583,0.7476530995082792
1521,0.06665529555686875,0.3402449790363563,0.34026467965375373,0.5922536572046545,0.7642215832385392,0.7682679277031167,0.7476530995082792
1522,0.06665529555686875,0.34036537228687097,0.34032623206872853,0.5923900032349411,0.7643738820485976,0.768420226513175,0.7476986991434823
1523,0.06667124833664065,0.3406310968096886,0.34038778448370327,0.5924675084296877,0.7644673400231162,0.7685592841228964,0.7476986991434823
1524,0.06667124833664065,0.3407218432047723,0.3404812424582218,0.5925290608446624,0.7645151983624318,0.7686527420974149,0.7476986991434823
1525,0.06668720111641252,0.34098756772758987,0.34073101420126756,0.5925906132596374,0.7645471039219754,0.7687917997071364,0.747714651923254
1526,0.06668720111641252,0.34100352050736177,0.3409967387240852,0.5926818125300432,0.7646405618964941,0.7688852576816549,0.747714651923254
1527,0.06670315389618439,0.3410194732871336,0.34114903753414366,0.5927566061453547,0.7647340198710126,0.7689787156561735,0.747714651923254
1528,0.06671910667595626,0.34105137884667747,0.3412986247647672,0.5929814398666123,0.7653995562428217,0.769117773265895,0.7479257915688523
1529,0.06673505945572814,0.3410832844062212,0.34131457754453903,0.5936177822583125,0.7655842134877463,0.7692112312404136,0.7485324871051217
1530,0.06676696501527188,0.3411288840414241,0.34133053032431093,0.593799727923802,0.7658865524037501,0.769422370886012,0.7490098041488596
1531,0.06679887057481565,0.34120367765673587,0.3413624358838547,0.5942154925525653,0.7661888913197543,0.7695746696960704,0.7491488617585811
1532,0.06681482335458752,0.34133731210758744,0.34148282913436934,0.59433588580308,0.7665750090930867,0.7697137273057919,0.7495349795319136
1533,0.06681482335458752,0.34141210572289915,0.34155762274968104,0.5945310726689065,0.7667273079031452,0.7698527849155133,0.7500239933971031
1534,0.06684672891413126,0.34142805850267105,0.34161646358522096,0.5947559063901638,0.7671722665120171,0.7699006432548289,0.7502218918423644
1535,0.06689232854933418,0.34150285211798276,0.34163241636499286,0.5949510932559902,0.7674290057928184,0.7700397008645504,0.7503609494520859
1536,0.06689232854933418,0.34156440453295756,0.3418662353282667,0.5951759269772477,0.7674768641321339,0.7701919996746087,0.7505000070618072
1537,0.0669994805995119,0.3416391981482693,0.3421160070713125,0.5954326662580489,0.7675703221066527,0.77038989811987,0.7506523058718656
1538,0.06701543337928378,0.34174589732312477,0.3422231591214902,0.5958324781070403,0.767722620916711,0.7705289557295916,0.750745763846384
1539,0.06703138615905566,0.3418525964979803,0.3422231591214902,0.5959984709927579,0.7678616785264325,0.7707268541748529,0.7509436622916453
1540,0.06703138615905566,0.34204352740548616,0.34237274635211373,0.5961215758227075,0.7680139773364909,0.7708791529849112,0.7510959611017038
1541,0.06704733893882753,0.34210507982046096,0.3424794455269692,0.596244680652657,0.7681530349462125,0.7709726109594297,0.7512350187114253
1542,0.0670632917185994,0.3422281846504106,0.34260255035691867,0.5964266263181466,0.7683509333914738,0.7712293502402309,0.7514917579922266
1543,0.0670632917185994,0.3422897370653854,0.3427977372227452,0.5966222660592951,0.7686914515296029,0.7713816490502893,0.7516308156019479
1544,0.06721333182454511,0.34270124573582816,0.34306346174556285,0.5967453708892447,0.7688437503396612,0.7715795474955506,0.7517242735764665
1545,0.06724523738408886,0.34283759176611467,0.34309536730510665,0.5968954109951904,0.7689504495145167,0.7717318463056092,0.751863331186188
1546,0.06729083701929177,0.34321046833911006,0.34309536730510665,0.5969998514659333,0.7690895071242384,0.7718253042801277,0.7520156299962465
1547,0.06734967785483165,0.34327202075408497,0.3431569197200814,0.5970477098052489,0.7692418059342967,0.7718731626194433,0.7521679288063049
1548,0.06738158341437539,0.3432879735338568,0.34336805936567966,0.5972132498156442,0.7693941047443552,0.7719666205939618,0.7523658272515662
1549,0.06738158341437539,0.3432879735338568,0.34347249983642236,0.5975861263886395,0.7696052443899536,0.7721056782036834,0.7525048848612877
1550,0.06738158341437539,0.3434539664195743,0.34348845261619426,0.5977092312185891,0.7698736804922063,0.7722447358134048,0.7526439424710091
1551,0.06738158341437539,0.3435018247588901,0.34353631095550985,0.5977999776136727,0.7699671384667247,0.7723222410081514,0.7527830000807306
1552,0.06739753619414726,0.34353373031843376,0.3435951517910497,0.5979956173548213,0.7700605964412433,0.7724156989826699,0.7528764580552492
1553,0.06741348897391913,0.3435952827334086,0.3438226970917422,0.5981775630203109,0.7701672956160989,0.7724635573219856,0.7530155156649705
1554,0.06744539453346289,0.34383181327611745,0.3439590431220287,0.5982710209948295,0.770319594426157,0.7726614557672471,0.753154573274692
1555,0.06746134731323478,0.34396815930640395,0.3442115264445093,0.598437013880547,0.7704718932362156,0.7727845605971966,0.7532480312492106
1556,0.06746134731323478,0.3440456645011506,0.34433463127445896,0.5984689194400907,0.7706241920462739,0.7728324189365121,0.7533414892237291
1557,0.0675361409285465,0.3441501049718933,0.34447097730474546,0.5985920242700404,0.7706720503855896,0.7728802772758278,0.7535393876689904
1558,0.0675361409285465,0.3443024037819517,0.3445028828642892,0.5987739699355299,0.7709287896663906,0.7729737352503463,0.7536916864790489
1559,0.06755209370831837,0.3458698316869166,0.3445936292593728,0.5988218282748455,0.7709766480057062,0.7731127928600678,0.7537395448183645
1560,0.06762959890306505,0.3459473368816633,0.3446255348189166,0.598944933104795,0.7710701059802249,0.7732518504697893,0.7538786024280859
1561,0.06767519853826796,0.3459632896614352,0.34465744037846036,0.598990532739998,0.7712091635899463,0.7732997088091049,0.7539720604026046
1562,0.06767519853826796,0.3462157729839159,0.3448097391885187,0.5992589688422505,0.7715115025059504,0.7734976072543663,0.7541243592126629
1563,0.06772079817347089,0.3462157729839159,0.3448845328038305,0.5992589688422505,0.771618201680806,0.7736822644992906,0.7542634168223844
1564,0.06772079817347089,0.3462157729839159,0.3450754637113364,0.5993501681126564,0.7717705004908645,0.773821322109012,0.754402474432106
1565,0.06773675095324276,0.3463069722543217,0.3451073692708801,0.599486514142943,0.77187719966572,0.7739280212838676,0.7544959324066245
1566,0.06779830336821754,0.3463388778138654,0.34518487446562685,0.5996096189728924,0.7719706576402385,0.774034720458723,0.7546614724170198
1567,0.06779830336821754,0.3466046023366831,0.34518487446562685,0.5996871241676393,0.7721685560854998,0.7741281784332416,0.7548005300267413
1568,0.06779830336821754,0.3466365078962269,0.34521678002517053,0.6000027042839803,0.7723208548955582,0.7742672360429631,0.7549395876364625
1569,0.06781425614798943,0.3466843662355425,0.34524868558471433,0.6000802094787269,0.7725187533408194,0.7743606940174816,0.7550330456109812
1570,0.06787580856296423,0.3467162717950862,0.3452646383644861,0.6003237075591911,0.7726122113153381,0.7744541519920002,0.7551721032207027
1571,0.06792140819816714,0.34674817735463004,0.3453421435592329,0.6004600535894777,0.7727056692898567,0.7745476099665186,0.7553244020307609
1572,0.06793736097793902,0.34676413013440194,0.34535809633900477,0.6005804468399923,0.772857968099915,0.7746410679410373,0.7554767008408195
1573,0.0679989133929138,0.3467960356939456,0.34539000189854846,0.6007167928702788,0.7730102669099732,0.7747345259155558,0.755615758450541
1574,0.06942101002557567,0.34706447179619826,0.3454219074580923,0.6009416265915364,0.7731037248844917,0.7748868247256142,0.755813656895802
1575,0.06943696280534756,0.3471552181912818,0.34549670107340397,0.601019131786283,0.7731971828590104,0.7750847231708755,0.7559527145055236
1576,0.06967078176862146,0.34723001180659363,0.3455286066329478,0.601064731421486,0.7733494816690688,0.7752826216161369,0.756118254515919
1577,0.06968673454839333,0.3472619173661373,0.34559015904792256,0.6010966369810297,0.7735606213146671,0.7754805200613981,0.7563749937967202
1578,0.06971864010793707,0.34738231061665203,0.3459443712617111,0.6012758710670841,0.7737585197599285,0.7755739780359167,0.7565728922419815
1579,0.06973459288770895,0.34763479393913266,0.3473797090947099,0.6013989758970336,0.7738519777344469,0.775758635280841,0.756770790687243
1580,0.06975054566748082,0.34775789876908225,0.34745450271002165,0.6015809215625231,0.7739910353441685,0.7758520932553595,0.7569686891325043
1581,0.06978245122702458,0.34777385154885415,0.34747045548979355,0.6030778118104968,0.7755494780071168,0.7760043920654179,0.7571665875777657
1582,0.06979840400679646,0.347980735236132,0.3476200427204169,0.6031822522812396,0.7756561771819724,0.7762022905106792,0.7573188863878241
1583,0.06979840400679646,0.34801264079567573,0.34769754791516355,0.603364197946729,0.7757040355212881,0.7764134301562776,0.7574711851978824
1584,0.06984400364199937,0.34801264079567573,0.34774540625447925,0.603380150726501,0.7758107346961436,0.7765068881307962,0.757564643172401
1585,0.06984400364199937,0.3495800687006406,0.3478069586694541,0.6035164967567875,0.7759497923058649,0.7766135873056517,0.7577493004173254
1586,0.06985995642177124,0.3498044495465758,0.34783886422899785,0.6035780491717623,0.7760432502803835,0.776752644915373,0.7579471988625867
1587,0.06987590920154312,0.34983635510611955,0.34783886422899785,0.6037303479818207,0.776182307890105,0.7768461028898916,0.7581906969430511
1588,0.06992150883674604,0.34989790752109434,0.34792961062408145,0.6038963408675382,0.7763642535555946,0.7770440013351528,0.7583429957531094
1589,0.06992150883674604,0.34998865391617795,0.3479615161836252,0.6041052218090237,0.7765033111653158,0.7770918596744686,0.7585541353987076
1590,0.06992150883674604,0.3500502063311527,0.34803902137837184,0.6042871674745132,0.7766423687750373,0.7772309172841899,0.7586475933732262
1591,0.06993746161651791,0.35014366430567123,0.3480709269379156,0.604303120254285,0.7767358267495559,0.7773832160942484,0.7587998921832845
1592,0.06993746161651791,0.3501596170854431,0.3481028324974593,0.6043806254490318,0.7768292847240744,0.7774766740687669,0.758893350157803
1593,0.06993746161651791,0.3501915226449868,0.34819357889254293,0.6044581306437784,0.77687714306339,0.7775701320432855,0.7590456489678614
1594,0.06993746161651791,0.35028498061950547,0.3484433506355887,0.6045037302789813,0.7770882827089883,0.7776179903826012,0.7591391069423798
1595,0.06996936717606167,0.3503168861790492,0.34857698508644036,0.6046104294538369,0.7771361410483041,0.7776498959421448,0.7591869652816957
1596,0.06998531995583354,0.3503328389588211,0.3488267568294861,0.6047759694642322,0.7771839993876196,0.7778021947522032,0.759339264091754
1597,0.06998531995583354,0.3504235853539047,0.34893390887966386,0.6050167559652616,0.7772774573621383,0.7779544935622617,0.7594327220662724
1598,0.07000127273560541,0.3505626429636261,0.3489498616594357,0.6053121273435103,0.7774165149718597,0.778093551171983,0.7595850208763311
1599,0.07001722551537728,0.35059454852316985,0.34920234498191643,0.6054511849532318,0.7774643733111753,0.7781870091465015,0.7597373196863892
1600,0.07003317829514917,0.3507017005733476,0.34927713859722814,0.6055127373682065,0.7775122316504909,0.7782777555415853,0.7598307776609079
1601,0.07009201913068903,0.35076325298832234,0.349338691012203,0.6055902425629532,0.7776056896250094,0.7786755701363689,0.7599698352706294
1602,0.0701508599662289,0.35090231059804383,0.3494134846275147,0.6057425413730116,0.7777579884350678,0.7788278689464275,0.7600632932451479
1603,0.0701508599662289,0.3509930569931275,0.3496819207297673,0.6058496934231894,0.7778058467743834,0.7790257673916888,0.7601567512196665
1604,0.0701508599662289,0.35108380338821105,0.3498182667600538,0.605927198617936,0.777853705113699,0.7805253692190973,0.7602958088293881
1605,0.0701508599662289,0.3511426442237509,0.34985017231959753,0.6060179450130198,0.7781677408511545,0.780618827193616,0.7604025080042435
1606,0.07020970080176876,0.35118824385895386,0.34992767751434417,0.6060954502077663,0.7783656392964159,0.7807578848033375,0.760495965978762
1607,0.07020970080176876,0.35120419663872576,0.35001842390942783,0.606172955402513,0.7784723384712713,0.7809101836133958,0.7605894239532806
1608,0.07020970080176876,0.35129494303380937,0.35013881715994255,0.6062641546729189,0.7785657964457899,0.7811786197156485,0.7607417227633388
1609,0.07022565358154063,0.35132684859335317,0.35021361077525426,0.6063872595028684,0.7787180952558483,0.7812720776901669,0.7608351807378574
1610,0.07053426616012626,0.3514203065678717,0.35030435717033787,0.6064944115530461,0.7788115532303669,0.7814111352998885,0.7609286387123759
1611,0.07059310699566614,0.3514681649071873,0.35041150922051567,0.6065878695275646,0.7789050112048854,0.7815634341099468,0.7609764970516916
1612,0.07059310699566614,0.35165011057267676,0.35044341478005936,0.6066494219425393,0.7789528695442011,0.7817157329200053,0.7610699550262102
1613,0.07059310699566614,0.3517408569677603,0.35047532033960316,0.6068446088083658,0.7790436159392847,0.7817635912593208,0.7611634130007287
1614,0.07067061219041279,0.3518612502182749,0.35049127311937495,0.6069061612233406,0.7791370739138033,0.7818702904341763,0.7612568709752473
1615,0.07074540580572454,0.3518772029980468,0.35052317867891875,0.6070425072536272,0.7791849322531188,0.7819637484086948,0.7613959285849686
1616,0.07074540580572454,0.3519091085575906,0.35061437794932454,0.607074412813171,0.7792327905924344,0.7821748880542931,0.7614893865594873
1617,0.07074540580572454,0.3519410141171343,0.35063033072909644,0.6071519180079176,0.7794762886728986,0.7823271868643514,0.7616416853695457
1618,0.07074540580572454,0.35223638549538305,0.35077991795971997,0.6072887169135264,0.7795829878477541,0.7823750452036672,0.7617807429792671
1619,0.07076135858549641,0.3522682910549268,0.3508118235192637,0.6073821748880448,0.7797676450926787,0.7825273440137257,0.7618286013185828
1620,0.07077731136526828,0.35232984346990165,0.35093492834921325,0.6074866153587876,0.7798155034319942,0.7826208019882441,0.7620264997638441
1621,0.0708229110004712,0.3524073486646483,0.35098278668852884,0.6075481677737624,0.7799089614065128,0.7828187004335054,0.7621655573735656
1622,0.07083886378024308,0.35248214227996005,0.35121660565180274,0.6075800733333062,0.7800612602165712,0.7831342805498466,0.7622590153480842
1623,0.07085481656001495,0.3524980950597319,0.35130735204688635,0.6078781562909898,0.7801547181910897,0.7833321789951079,0.7624436725930086
1624,0.07091365739555482,0.35253000061927564,0.35130735204688635,0.6079556614857364,0.780293775800811,0.7834256369696263,0.762537130567527
1625,0.07091365739555482,0.3527368843065534,0.35135295168208924,0.6080035198250521,0.7803872337753296,0.7835911769800217,0.7627350290127883
1626,0.07094556295509856,0.3528116779218652,0.35150525049214765,0.6080194726048239,0.780571891020254,0.7837302345897432,0.7628740866225098
1627,0.0709774685146423,0.3528276307016371,0.35150525049214765,0.6080354253845959,0.7806197493595697,0.7839869738705444,0.7630131442322311
1628,0.0709774685146423,0.35285953626118083,0.3515212032719195,0.6081881770699765,0.7807132073340882,0.7841848723158057,0.7631198434070866
1629,0.07105497370938899,0.3528754890409527,0.35159599688723125,0.6083245231002631,0.7808066653086068,0.7842783302903242,0.7632589010168083
1630,0.07110057334459191,0.35297992951169543,0.35165754930220605,0.6084905159859806,0.7809457229183283,0.7843850294651796,0.7633523589913268
1631,0.07110057334459191,0.35307067590677904,0.3518527361680324,0.6085064687657524,0.7810980217283866,0.7844784874396982,0.7634458169658453
1632,0.07113247890413565,0.35308662868655094,0.3519142885830073,0.608642814796039,0.7812047209032421,0.7845263457790138,0.7635981157759039
1633,0.07113247890413565,0.35317737508163455,0.3519917937777539,0.6087818724057605,0.7812525792425578,0.7846786445890722,0.763809255421502
1634,0.07114843168390753,0.35325216869694626,0.35200774655752576,0.6088566660210722,0.7813916368522792,0.7847721025635909,0.7639027133960206
1635,0.0711643844636794,0.35345905238422404,0.3521413810083774,0.6090226589067897,0.7815895352975405,0.7849111601733123,0.7639505717353361
1636,0.07125513085876302,0.35377037654224464,0.352449993586963,0.6091590049370763,0.7817874337428018,0.7850178593481678,0.7641028705453945
1637,0.07132992447407478,0.3538182348815603,0.35254073998204666,0.609295803842685,0.7819529737531972,0.7851569169578894,0.7642419281551159
1638,0.07137552410927768,0.3538341876613321,0.35254073998204666,0.6094189086726345,0.7820464317277157,0.7852636161327449,0.7644530678007144
1639,0.07137552410927768,0.353850140441104,0.3526182451767933,0.6109322045757023,0.7834548342847184,0.7853114744720604,0.7646509662459756
1640,0.07137552410927768,0.3538820460006478,0.35273863842730796,0.6109481573554741,0.7836071330947768,0.7854049324465789,0.7647900238556973
1641,0.07137552410927768,0.3538979987804197,0.3528882256579315,0.611025662550221,0.7837594319048352,0.7854527907858946,0.7648834818302157
1642,0.07143436494481753,0.35391395156019156,0.3530218601087831,0.6110416153299928,0.7838072902441507,0.7870112334488432,0.765140221111017
1643,0.0714503177245894,0.3539914567549382,0.3531126065038667,0.6110735208895366,0.7839139894190063,0.7872091318941045,0.7652925199210754
1644,0.0714503177245894,0.35402336231448195,0.35314451206341047,0.6111510260842832,0.7840662882290648,0.7874202715397025,0.7653859778955938
1645,0.07146627050436129,0.35421429322198783,0.3531764176229542,0.611255466555026,0.7841597462035833,0.7876181699849638,0.7655250355053153
1646,0.07154106411967302,0.35430503961707144,0.35335139575068825,0.6113599070257687,0.7842664453784388,0.7877116279594824,0.7657096927502397
1647,0.0715999049552129,0.3543369451766152,0.35335139575068825,0.6114533650002872,0.7843599033529574,0.787863926769541,0.7657575510895552
1648,0.07164550459041583,0.3543369451766152,0.3535014358566339,0.6115308701950339,0.7844666025278129,0.7881206660503419,0.7659422083344797
1649,0.07164550459041583,0.3546938689698386,0.35373796639934274,0.6116216165901175,0.7846645009730743,0.7883185644956032,0.7660356663089983
1650,0.07164550459041583,0.3547713741645853,0.35384466557419825,0.6118285002773953,0.7847579589475929,0.7884576221053248,0.7661879651190567
1651,0.07169110422561874,0.3548621205596689,0.35398101160448475,0.611860405836939,0.7848058172869086,0.7887143613861259,0.7662814230935753
1652,0.07170705700539062,0.3549825138101836,0.35405580521979646,0.6119807990874537,0.7848536756262241,0.7887622197254416,0.7664204807032967
1653,0.0717230097851625,0.3550600190049303,0.35416250439465197,0.6121039039174033,0.7849927332359455,0.7888689189002971,0.7667228196193007
1654,0.0717230097851625,0.35519907661465167,0.35424000958939866,0.61218140911215,0.7852950721519496,0.7889167772396128,0.7668751184293591
1655,0.0717686094203654,0.3552309821741954,0.35437364404025024,0.6123018023626645,0.7854473709620079,0.7890102352141314,0.7669685764038777
1656,0.07182745025590528,0.35524693495396736,0.3544324848757901,0.6124705068278171,0.7854952293013235,0.7891169343889868,0.7670752755787332
1657,0.07184340303567717,0.3552628877337392,0.3545072784911019,0.6124864596075891,0.7855886872758422,0.7891647927283023,0.7672275743887916
1658,0.07188900267088008,0.35529479329328295,0.35477571459335444,0.6125480120225638,0.7856821452503606,0.7892126510676181,0.767366631998513
1659,0.071934602306083,0.35531074607305485,0.3548933962644342,0.6126684052730785,0.7857756032248793,0.7893193502424736,0.7674600899730316
1660,0.07196650786562676,0.3555605178161006,0.354925301823978,0.612804751303365,0.7859146608346008,0.7895172486877349,0.76755354794755
1661,0.07198246064539864,0.3556512642111842,0.3550456950744927,0.6128959505737708,0.7860669596446591,0.7897151471329962,0.7676014062868658
1662,0.07201436620494238,0.3557876102414707,0.3551820411047792,0.6129894085482893,0.7861604176191775,0.7899851276141343,0.7676492646261813
1663,0.07201436620494238,0.35615351927671063,0.35527278749986274,0.613080154943373,0.7863127164292361,0.7902286256945987,0.7678339218711057
1664,0.07207320704048223,0.35624426567179424,0.3554250863099212,0.6130961077231448,0.7864061744037546,0.7903809245046571,0.7679406210459612
1665,0.07212106537979786,0.35636465892230895,0.3554998799252329,0.6131736129178915,0.7864836795985012,0.7905332233147154,0.7680340790204798
1666,0.07212106537979786,0.35636465892230895,0.3557067636125107,0.6132484065332033,0.7865315379378169,0.7906855221247738,0.7681407781953352
1667,0.07212106537979786,0.3565010049525955,0.3557067636125107,0.6132940061684061,0.7866838367478752,0.7908834205700351,0.7682342361698539
1668,0.07213701815956973,0.35685521716638413,0.35600484657019427,0.6133396058036091,0.7867905359227308,0.7909312789093508,0.7683865349799124
1669,0.07213701815956973,0.3568711699461559,0.3560960458406001,0.6134599990541237,0.7868383942620465,0.7910379780842064,0.768434393319228
1670,0.07219857057454453,0.3569030755056997,0.3561279514001439,0.6135375042488704,0.7868862526013621,0.7911314360587248,0.7686322917644891
1671,0.07219857057454453,0.3569190282854716,0.35621869779522747,0.6135990566638453,0.7869341109406777,0.7912248940332435,0.7686801501038047
1672,0.07226012298951932,0.35718475280828926,0.3562346505749993,0.6136606090788201,0.7870408101155331,0.7913315932080991,0.7687736080783233
1673,0.07232167540449412,0.357262258003036,0.35626655613454317,0.6136606090788201,0.7871183153102798,0.7913794515474147,0.7689126656880448
1674,0.07232167540449412,0.3574850944700856,0.3563413497498548,0.6137810023293347,0.7871661736495955,0.7914729095219332,0.7690649644981032
1675,0.07233762818426599,0.3575010472498575,0.3563732553093986,0.6139200599390563,0.7872596316241139,0.7916252083319913,0.7691128228374189
1676,0.07235358096403786,0.35762144050037215,0.35640516086894236,0.613978900774596,0.7873530895986326,0.7916730666713069,0.7692518804471403
1677,0.07241513337901266,0.3578898766026247,0.3564370664284861,0.6140404531895708,0.787446547573151,0.7918577239162315,0.7694174204575357
1678,0.07247397421455254,0.35792178216216847,0.35673243780673475,0.6140564059693427,0.7875856051828726,0.79195118189075,0.7695564780672571
1679,0.07270779317782643,0.35796964050148417,0.35679127864227467,0.6141339111640893,0.7876334635221881,0.7920446398652686,0.7697087768773155
1680,0.07270779317782643,0.35804443411679593,0.3568847366167932,0.6142570159940389,0.7877269214967065,0.7921969386753268,0.7697566352166311
1681,0.0727237459575983,0.3581059865317707,0.35703703542685167,0.6142889215535827,0.7878203794712253,0.7922447970146427,0.769772587996403
1682,0.07275565151714206,0.35819673292685433,0.35705298820662357,0.6143208271131264,0.7879594370809467,0.792442695459904,0.769772587996403
1683,0.07275565151714206,0.3583490317369128,0.3571733814571382,0.6143664267483294,0.7881117358910052,0.7926405939051652,0.769772587996403
1684,0.07280125115234497,0.3583968900762284,0.35728053350731587,0.6145483724138188,0.7883096343362666,0.7927796515148866,0.769772587996403
1685,0.07289199754742857,0.358474395270975,0.3572964862870877,0.6146874300235402,0.7884030923107851,0.7930363907956879,0.769772587996403
1686,0.07295083838296844,0.3585947885214897,0.3573283918466315,0.614719335583084,0.7884509506501006,0.7931298487702063,0.769772587996403
1687,0.07295083838296844,0.3586695821368014,0.35734434462640335,0.6147512411426277,0.7886488490953619,0.7932689063799278,0.769772587996403
1688,0.07295083838296844,0.35889241860385107,0.35753527553390924,0.6148287463373745,0.7887423070698805,0.7933623643544464,0.769772587996403
1689,0.07296679116274031,0.3589243241633948,0.35756718109345303,0.6148902987523492,0.7887901654091961,0.7934102226937619,0.769772587996403
1690,0.0729827439425122,0.35894027694316666,0.3577035271237396,0.6149062515321211,0.7888836233837148,0.7935036806682806,0.769772587996403
1691,0.07299869672228407,0.3590177821379133,0.357898713989566,0.6150425975624076,0.7889770813582333,0.793597138642799,0.7697885407761749
1692,0.07299869672228407,0.35906564047722894,0.3581055976768438,0.6151337968328134,0.7890705393327517,0.7936449969821147,0.7698044935559467
1693,0.07301464950205595,0.3590815932570008,0.35813750323638754,0.6152409488829912,0.7891183976720674,0.7937384549566333,0.7698204463357186
1694,0.07301464950205595,0.3590975460367727,0.35827384926667405,0.6153613421335058,0.789166256011383,0.7937863132959488,0.7698204463357186
1695,0.07310584877246178,0.3591454043760883,0.35836459566175766,0.6153772949132778,0.7892597139859016,0.7938341716352645,0.7698363991154905
1696,0.07310584877246178,0.3591454043760883,0.3585009416920442,0.6154092004728214,0.7893987715956231,0.793973229244986,0.7698363991154905
1697,0.07312180155223365,0.3591910040112912,0.358562494107019,0.6155295937233362,0.7894922295701416,0.7940666872195046,0.7698363991154905
1698,0.0731537071117774,0.35939788769856906,0.3586696461571967,0.6158838059371248,0.789735727650606,0.7941145455588201,0.7706048315791568
1699,0.07318561267132115,0.3594297932581128,0.35873119857217156,0.6161834332736938,0.789992466931407,0.7942212447336756,0.7708615708599582
1700,0.07318561267132115,0.35946169881765655,0.3587631041317153,0.6163950257946145,0.7902492062122081,0.7942691030729914,0.7711639097759623
1701,0.07343538441436692,0.35947765159742845,0.3588087037669182,0.616619859515872,0.7906103859637522,0.7943625610475099,0.7713750494215605
1702,0.07343538441436692,0.3595551567921751,0.35888349738222997,0.6167429643458214,0.7907170851386078,0.7944104193868254,0.7719229041222898
1703,0.07349693682934172,0.3596618559670306,0.3589901965570854,0.617054288503842,0.7908105431131263,0.7944582777261411,0.7722045814248795
1704,0.07349693682934172,0.3597526023621142,0.3591853834229118,0.6171454877742478,0.7910084415583877,0.7945973353358625,0.7723568802349379
1705,0.07349693682934172,0.36000508568459494,0.3592601770382235,0.6172658810247625,0.7913107804743917,0.794749634145921,0.7724959378446594
1706,0.07349693682934172,0.36000508568459494,0.3592601770382235,0.6173274334397373,0.791476320484787,0.7948563333207764,0.7729276552531944
1707,0.07349693682934172,0.3600825908793416,0.3592920825977673,0.6175522671609949,0.7917198185652513,0.794904191660092,0.7731255536984559
1708,0.07373075579261563,0.36017604885386006,0.35976514368318496,0.6176726604115095,0.7917676769045668,0.7949360972196359,0.7734528306362483
1709,0.07373075579261563,0.36035102698159416,0.3597970492427287,0.6177930536620241,0.7918611348790855,0.7950295551941544,0.7737668663737037
1710,0.07380554940792736,0.360366979761366,0.35991473091380843,0.6179617581271765,0.7919545928536039,0.7952730532746187,0.7740368468548418
1711,0.07382150218769924,0.3604736789362215,0.3599735717493483,0.6181117982331223,0.7921657324992022,0.7954709517198799,0.7741759044645633
1712,0.07383745496747111,0.36050558449576525,0.36009396499986296,0.6182640970431807,0.7923636309444636,0.7955188100591956,0.7744458849457015
1713,0.07383745496747111,0.360537490055309,0.3601258705594067,0.618461995488442,0.792502688554185,0.7956122680337141,0.7746437833909628
1714,0.07385340774724299,0.360537490055309,0.36018471139494657,0.6186439411539316,0.7926417461639066,0.7957057260082326,0.7747960822010213
1715,0.07386936052701486,0.36064193052605176,0.36020066417471847,0.6186895407891345,0.7927940449739648,0.7957535843475482,0.7748895401755398
1716,0.07386936052701486,0.3608944138485325,0.36027545779003023,0.6187351404243374,0.7928875029484834,0.7958602835224036,0.7750418389855981
1717,0.07410317949028876,0.36092631940807623,0.36035296298477687,0.6189599741455948,0.7930398017585418,0.7959537414969222,0.7751941377956565
1718,0.07418068468503543,0.36092631940807623,0.36035296298477687,0.6190215265605694,0.7932377002038034,0.7961060403069806,0.775333195405378
1719,0.07418068468503543,0.3610197773825947,0.36041451539975167,0.619190231025722,0.7934944394846045,0.7961538986462962,0.7754398945802335
1720,0.07418068468503543,0.3611105237776784,0.36047335623529153,0.6192836890002407,0.7936334970943258,0.7962473566208149,0.7755789521899549
1721,0.07422628432023834,0.36118802897242497,0.3605481498506033,0.6195042667631775,0.7938181543392503,0.7962952149601304,0.7757312510000134
1722,0.07427188395544126,0.3613672630584796,0.36060970226557804,0.6195202195429492,0.7938660126785658,0.7965063546057287,0.7758247089745319
1723,0.07428783673521314,0.3613672630584796,0.36070044866066164,0.619686212428667,0.7939594706530844,0.7966586534157873,0.7759181669490505
1724,0.07428783673521314,0.36139916861802335,0.3609958200389104,0.6198230113342758,0.7942162099338856,0.7967653525906427,0.7759660252883661
1725,0.07428783673521314,0.36147667381277,0.3611294544897619,0.6198686109694788,0.7943552675436069,0.796917651400701,0.7761639237336273
1726,0.07436534192995982,0.36161301984305655,0.3611294544897619,0.6199890042199933,0.7945531659888684,0.7970243505755564,0.7762573817081458
1727,0.07436534192995982,0.3616905250378032,0.36126308894061354,0.6200049569997652,0.7946762708188179,0.7970722089148723,0.7764229217185413
1728,0.07439724748950356,0.36172243059734693,0.3613378825559253,0.620020909779537,0.7947829699936736,0.7972245077249306,0.7765619793282628
1729,0.07445608832504343,0.36177028893666263,0.3613538353356972,0.6200824621945119,0.794876427968192,0.7973179656994491,0.7767466365731871
1730,0.07450168796024634,0.36186103533174624,0.36147151700677693,0.6201732085895953,0.7950610852131164,0.7974246648743046,0.7769445350184484
1731,0.07450168796024634,0.3619973813620327,0.36172128874982273,0.6202480022049072,0.7952457424580409,0.7975181228488232,0.77708359262817
1732,0.07450168796024634,0.3620292869215765,0.36211910334460634,0.620322795820219,0.7954568821036391,0.7976115808233417,0.7771314509674856
1733,0.07451764074001822,0.3621364389717542,0.362282384650889,0.6205047414857086,0.7955959397133604,0.7976594391626574,0.7785854531596912
1734,0.07460884001042406,0.3635448415287569,0.36244837753660664,0.6205662939006832,0.795702638888216,0.797707297501973,0.7786789111342097
1735,0.07460884001042406,0.3635767470883006,0.3625258827313534,0.620625134736223,0.7958872961331404,0.7978595963120314,0.7787723691087283
1736,0.07465443964562697,0.36360865264784437,0.36275071645261064,0.6207911276219407,0.7959351544724561,0.79795305428655,0.7788658270832468
1737,0.0747000392808299,0.363686157842591,0.36282551006792246,0.6208659212372523,0.7960286124469745,0.7980597534614055,0.7790637255285081
1738,0.0747000392808299,0.36371806340213475,0.3628414628476943,0.6210022672675388,0.7960764707862901,0.7981664526362608,0.7791115838678239
1739,0.0747000392808299,0.3637769042376746,0.36291625646300607,0.6210797724622855,0.7961831699611458,0.7982599106107795,0.7792506414775453
1740,0.0747000392808299,0.3637769042376746,0.36297509729854593,0.6210797724622855,0.7962310283004613,0.7983533685852979,0.7793440994520638
1741,0.07471599206060177,0.36380880979721836,0.3630070028580897,0.6211116780218293,0.7963377274753167,0.7984924261950195,0.7794375574265824
1742,0.07471599206060177,0.3640039966630448,0.3631246845291694,0.6211276308016012,0.7964900262853752,0.7986903246402808,0.7795442566014379
1743,0.07473194484037364,0.3640199494428167,0.36315659008871315,0.621143583581373,0.7965834842598937,0.7987837826147993,0.7796377145759564
1744,0.07477754447557655,0.3640518550023604,0.36332258297443076,0.6211595363611448,0.7967225418696151,0.798831640954115,0.7797444137508119
1745,0.07501136343885047,0.36412664861767213,0.3635910190766833,0.6212958823914315,0.7968159998441338,0.7988794992934306,0.7797922720901276
1746,0.07501136343885047,0.36414260139744403,0.3636981711268609,0.6213733875861782,0.7968638581834494,0.798986198468286,0.7799445709001861
1747,0.07502731621862234,0.36424930057229954,0.3637300766864048,0.6215097336164648,0.7970029157931708,0.7990796564428045,0.7800380288747046
1748,0.07518006790400296,0.36451502509511713,0.3637889175219446,0.6216301268669794,0.7970507741324865,0.799218714052526,0.7802359273199658
1749,0.07519602068377486,0.36482906083257266,0.36383677586126023,0.6216916792819542,0.7972030729425449,0.7993710128625846,0.7803749849296874
1750,0.07519602068377486,0.36505189729962223,0.3638846342005759,0.6218417193878999,0.7973097721174003,0.7994188712019002,0.7804684429042059
1751,0.07519602068377486,0.36524708416544865,0.3639165397601196,0.6218736249474437,0.7973576304567159,0.7994667295412158,0.7805619008787246
1752,0.07521197346354673,0.36529494250476435,0.3639165397601196,0.6219511301421903,0.7974054887960315,0.7995145878805315,0.7807465581236489
1753,0.07525757309874964,0.36531089528453625,0.3641503587233935,0.622012682557165,0.797512187970887,0.79960804585505,0.7808400160981674
1754,0.07553699169722645,0.365385688899848,0.36418226428293726,0.6221198346073428,0.7976056459454057,0.7997015038295685,0.7810511557437656
1755,0.07578676344027223,0.36561950786312186,0.3642278639181402,0.6222721334174012,0.7976991039199242,0.7998861610744928,0.7811902133534872
1756,0.07578676344027223,0.3657531423139735,0.36425976947768396,0.6222880861971731,0.797731009479468,0.7999340194138084,0.7812836713280056
1757,0.07578676344027223,0.36590544112403184,0.3643345630929957,0.6223040389769449,0.7978244674539865,0.8000274773883269,0.7814359701380642
1758,0.0758642686350189,0.3659961875191155,0.3657270128702265,0.6224111910271226,0.7980356070995849,0.8000753357276426,0.7815750277477858
1759,0.0758642686350189,0.3660280930786592,0.3657885652852013,0.6225183430773004,0.7981290650741033,0.8002143933373641,0.7816684857223042
1760,0.07588022141479077,0.36629381760147683,0.365908958535716,0.62264144790725,0.7982813638841617,0.8003078513118826,0.7817619436968228
1761,0.0759258210499937,0.3664005167763323,0.3659705109506908,0.6226870475424529,0.7983292222234774,0.8003557096511983,0.7818098020361384
1762,0.0759258210499937,0.3664324223358761,0.3659864637304627,0.6227030003222248,0.7983770805627929,0.8005536080964595,0.7819621008461967
1763,0.0759258210499937,0.3665099275306227,0.3660639689252093,0.6227805055169714,0.7984837797376483,0.800692665706181,0.7820555588207152
1764,0.07598466188553354,0.36661662670547834,0.3662299618109269,0.6228712519120551,0.7985772377121669,0.8008317233159025,0.7821490167952337
1765,0.07598466188553354,0.36664853226502203,0.36646649235363576,0.6230531975775443,0.7986250960514826,0.8009251812904209,0.7822557159700892
1766,0.07600061466530542,0.3667260374597688,0.3664983979131795,0.6231279911928561,0.7986729543907981,0.8010642389001424,0.7823947735798107
1767,0.07600061466530542,0.36680083107508044,0.36655995032815425,0.6232643372231427,0.7987664123653168,0.801112097239458,0.7824426319191263
1768,0.07606216708028021,0.36693717710536694,0.36665069672323786,0.6232643372231427,0.7988598703398353,0.8012055552139766,0.7825360898936448
1769,0.07606216708028021,0.3684929081888804,0.3668299308092923,0.6233099368583456,0.7989533283143538,0.801403453659238,0.7826295478681634
1770,0.0760781198600521,0.3685836545839641,0.3668618363688361,0.6234303301088602,0.7991512267596153,0.8015881109041624,0.782768605477885
1771,0.0760781198600521,0.3685996073637359,0.36701413517889464,0.6234462828886321,0.7993358840045396,0.801681568878681,0.7828620634524034
1772,0.07609407263982397,0.3686611597787107,0.3673095065571433,0.6235237880833787,0.7994293419790582,0.8017750268531995,0.7830011210621248
1773,0.07611002541959586,0.3686771125584826,0.367516390244421,0.6235716464226945,0.7995227999535768,0.801868484827718,0.7830945790366433
1774,0.07611002541959586,0.36878426460866026,0.3676235422945988,0.62361950476201,0.7996162579280953,0.8020075424374394,0.7831880370111619
1775,0.07611002541959586,0.36897519551616614,0.3677895351803164,0.6237266568121878,0.7997685567381535,0.8020554007767551,0.7833726942560862
1776,0.07611002541959586,0.36903674793114105,0.3678802815754,0.6237882092271625,0.7998164150774694,0.8021488587512736,0.7835573515010107
1777,0.07611002541959586,0.36903674793114105,0.3679550751907117,0.6238657144219092,0.799864273416785,0.8022423167257922,0.7837096503110691
1778,0.07611002541959586,0.36908460627045664,0.3679550751907117,0.6238657144219092,0.7999121317561005,0.8023357747003107,0.7838751903214644
1779,0.07615562505479877,0.3691165118300004,0.36822079971352933,0.6239272668368839,0.7999599900954162,0.8024748323100322,0.7840274891315229
1780,0.07620122469000169,0.369164370169316,0.3683252401842721,0.6239861076724239,0.8000534480699346,0.8025682902845508,0.7841209471060414
1781,0.07620122469000169,0.36938494793225296,0.36835714574381584,0.6241065009229385,0.8001469060444533,0.8026161486238664,0.78421440508056
1782,0.07620122469000169,0.36959183161953074,0.3685067329744393,0.6241653417584785,0.8002403640189719,0.8027552062335879,0.7857596065431716
1783,0.0762468243252046,0.36984160336257654,0.3685386385339831,0.6241812945382503,0.8003926628290304,0.8028942638433093,0.7859442637880958
1784,0.0763083767401794,0.36988720299777944,0.36860019094895785,0.6242428469532251,0.8004993620038857,0.8030921622885707,0.7860377217626143
1785,0.07634028229972316,0.37002354902806595,0.3686617433639327,0.6244061282595078,0.8005928199784045,0.8032312198982922,0.7861311797371329
1786,0.0763721878592669,0.3702144799355719,0.3688955623272065,0.6244061282595078,0.8007907184236654,0.8033702775080136,0.7862834785471914
1787,0.0763721878592669,0.37026233827488747,0.36908649323471254,0.6244539865988235,0.8008841763981842,0.8034637354825321,0.7864813769924527
1788,0.07662195960231268,0.3704575251407139,0.36908649323471254,0.6244699393785953,0.8009320347374997,0.8036027930922536,0.7866204346021741
1789,0.07662195960231268,0.3707100084631946,0.3692068864852272,0.6245155390137982,0.8010254927120182,0.8036962510667721,0.7868315742477723
1790,0.07662195960231268,0.3709168921504723,0.3693113269559699,0.6247271315347187,0.8011777915220767,0.8037441094060879,0.7869250322222909
1791,0.07663791238208455,0.37099439734521894,0.36950225786347585,0.6248342835848965,0.8012712494965952,0.8038375673806064,0.7870184901968094
1792,0.07665386516185642,0.37105594976019385,0.36953416342301965,0.6248502363646683,0.8014691479418566,0.8039310253551248,0.787157547806531
1793,0.07671270599739628,0.3711763430107085,0.36962490981810314,0.624927741559415,0.801667046387118,0.8040700829648464,0.7872054061458466
1794,0.07672865877716815,0.37126708940579217,0.36962490981810314,0.6249892939743897,0.8018061039968394,0.8041179413041619,0.7872532644851622
1795,0.0768034523924799,0.3713418830211039,0.3697585442689547,0.6250508463893646,0.801853962336155,0.8042569989138835,0.7873011228244778
1796,0.07681940517225178,0.3713578358008757,0.36981738510449463,0.6250667991691364,0.8019018206754706,0.804304857253199,0.7874078219993332
1797,0.07688095758722656,0.3714193882158506,0.3698629847396976,0.625160257143655,0.8019496790147863,0.8043983152277175,0.7874556803386489
1798,0.0769265572224295,0.37162627190312836,0.3700539156472035,0.625160257143655,0.801997537354102,0.804491773202236,0.7875947379483702
1799,0.07694251000220137,0.3717329710779838,0.37013142084195017,0.6252806503941696,0.8020909953286205,0.8045852311767546,0.7877793951932948
1800,0.07694251000220137,0.37176487663752755,0.37016332640149396,0.6253850908649125,0.802184453303139,0.8046919303516102,0.7878728531678132
1801,0.07695846278197324,0.37315732641475835,0.3702221672370338,0.6254895313356553,0.8023955929487372,0.8047238359111539,0.7879207115071288
1802,0.07695846278197324,0.37317327919453025,0.3702837196520086,0.6255483721711952,0.8025022921235926,0.8049217343564155,0.7880730103171874
1803,0.07695846278197324,0.3732640255896139,0.37037446604709223,0.6256099245861698,0.8025501504629082,0.8050151923309339,0.7882253091272458
1804,0.07695846278197324,0.37327997836938576,0.370478906517835,0.6257303178366845,0.8026436084374267,0.8050630506702495,0.7883187671017644
1805,0.07695846278197324,0.3733547719846975,0.3705696529129186,0.6257759174718874,0.8027370664119452,0.8051109090095652,0.788412225076283
1806,0.07697441556174511,0.37352347644985007,0.3705696529129186,0.6257918702516593,0.8028893652220038,0.8052043669840837,0.7885056830508014
1807,0.07702001519694804,0.3736142228449337,0.3706175112522342,0.6257918702516593,0.8029828231965224,0.805343424593805,0.7886579818608598
1808,0.07703596797671991,0.3737505688752202,0.37080844215974007,0.6258507110871993,0.8030762811710409,0.8054368825683237,0.7887058402001753
1809,0.07703596797671991,0.3738280740699668,0.37089918855482373,0.6259870571174858,0.8031670275661246,0.8054847409076392,0.788799298174694
1810,0.07705192075649178,0.3739215320444854,0.3709739821701355,0.6261074503680003,0.8033193263761829,0.8055325992469549,0.7888927561492124
1811,0.07709752039169472,0.373969390383801,0.3709739821701355,0.6261234031477723,0.8033671847154985,0.8056260572214735,0.788940614488528
1812,0.07712942595123846,0.3740172487231167,0.3710195818053384,0.6261393559275441,0.8035062423252199,0.805719515195992,0.7891252717334525
1813,0.07716133151078221,0.37414035355306624,0.3710811342203132,0.6262168611222908,0.8036452999349415,0.8057673735353076,0.7892319709083079
1814,0.07716133151078221,0.37426074680358096,0.3711267338555161,0.6262943663170374,0.80373875790946,0.805919672345366,0.7893975109187034
1815,0.07722288392575699,0.3743382519983276,0.3713632643982249,0.6263532071525774,0.8038322158839786,0.8059675306846815,0.7894909688932219
1816,0.07722288392575699,0.3743542047780995,0.37145401079330853,0.6264120479881171,0.803909721078725,0.8060153890239972,0.7895844268677404
1817,0.07731363032084061,0.3743542047780995,0.3715288044086203,0.6264280007678892,0.8039575794180408,0.8060632473633127,0.789632285207056
1818,0.07735922995604352,0.374652287735783,0.37160630960336694,0.6264895531828638,0.8040350846127874,0.8061567053378312,0.7897257431815745
1819,0.0773751827358154,0.3747297929305297,0.37163821516291073,0.6265511055978387,0.804171430643074,0.80625016331235,0.7899692412620387
1820,0.0773751827358154,0.37476169849007346,0.37163821516291073,0.6265511055978387,0.8042648886175926,0.8063436212868685,0.7901215400720975
1821,0.07760900169908931,0.3747776512698453,0.3716997675778855,0.6265670583776105,0.804371587792448,0.8063914796261841,0.790169398411413
1822,0.07760900169908931,0.37485244488515707,0.3717157203576574,0.6266847400486903,0.8044194461317636,0.8065761368711085,0.7903216972214712
1823,0.07760900169908931,0.37500474369521547,0.371793225552404,0.6267006928284623,0.8045261453066191,0.8066828360459639,0.7904151551959899
1824,0.07896954591677638,0.37507953731052723,0.3720297560951129,0.6267781980232089,0.8046196032811378,0.8067306943852796,0.7905674540060482
1825,0.07896954591677638,0.3751251369457302,0.37210454971042467,0.6268101035827526,0.8047130612556562,0.806869751995001,0.7906609119805668
1826,0.07898549869654826,0.37542050832397883,0.3722249429609394,0.6268579619220683,0.804760919594972,0.8070676504402621,0.7908132107906253
1827,0.07898549869654826,0.37688820459184375,0.37228378379647925,0.6269354671168149,0.8048543775694905,0.8071155087795779,0.7908610691299408
1828,0.07900145147632014,0.3769041573716156,0.37239048297133465,0.6270718131471014,0.804947835544009,0.8072089667540964,0.7909089274692565
1829,0.07900145147632014,0.37697895098692735,0.37265620749415235,0.6271037187066452,0.8051324927889334,0.8073936239990208,0.790956785808572
1830,0.07903335703586388,0.3770108565464711,0.3727177599091271,0.6271944651017287,0.8051803511282489,0.8074414823383365,0.7910502437830906
1831,0.07904930981563575,0.3771472025767576,0.37277660074466695,0.6272560175167035,0.8052738091027675,0.807534940312855,0.7910981021224063
1832,0.07911086223061055,0.3771631553565295,0.3728673471397506,0.6272719702964753,0.8053216674420831,0.8076283982873735,0.7911915600969248
1833,0.07912681501038242,0.3772539017516131,0.3730423252674846,0.627437963182193,0.8054739662521414,0.807826296732635,0.7914350581773889
1834,0.0791427677901543,0.37728580731115685,0.3731467657382274,0.6274995155971678,0.8055218245914572,0.8079197547071535,0.7916197154223135
1835,0.08060775247858416,0.3773633125059035,0.3732644474093071,0.6275154683769397,0.8055696829307728,0.8080588123168749,0.7917264145971689
1836,0.08060775247858416,0.3775701961931812,0.3732644474093071,0.6275154683769397,0.8056763821056283,0.8081066706561906,0.7918654722068903
1837,0.08066659331412403,0.3776477013879279,0.3733551938043907,0.6275633267162554,0.805724240444944,0.8082001286307092,0.7919589301814087
1838,0.08066659331412403,0.3776477013879279,0.37341674621936544,0.6276248791312301,0.8057561460044876,0.8082479869700249,0.7920979877911304
1839,0.08066659331412403,0.3777092538029027,0.37344865177890924,0.627686431546205,0.8058496039790062,0.8082958453093404,0.7921914457656489
1840,0.08066659331412403,0.37783235863285225,0.37369842352195504,0.6277023843259768,0.8059563031538617,0.8083893032838588,0.7924481850464502
1841,0.08074138692943578,0.377907152248164,0.3739641480447727,0.6277342898855205,0.8060497611283802,0.8084827612583775,0.7925548842213057
1842,0.08075733970920765,0.3779819458634757,0.3739960536043165,0.6277502426652924,0.8061888187381017,0.8085894604332329,0.7926483421958243
1843,0.08078924526875139,0.3781888295507535,0.37402795916386017,0.627827747860039,0.8062366770774172,0.8087285180429543,0.7927418001703427
1844,0.08084808610429126,0.37826362316606527,0.37408679999940003,0.6279348999102168,0.806284535416733,0.8088219760174729,0.7928808577800641
1845,0.08086403888406313,0.3783703223409207,0.37411870555894383,0.6279668054697606,0.8063323937560486,0.8088698343567885,0.7929743157545827
1846,0.080879991663835,0.37863604686373836,0.3743711888814245,0.6280283578847354,0.8064258517305671,0.8089176926961041,0.7931133733643042
1847,0.08098714371401271,0.37868164649894126,0.37447788805627996,0.6280899102997102,0.8064737100698828,0.8090111506706227,0.7933112718095656
1848,0.0810030964937846,0.37877510447345986,0.37447788805627996,0.628164703915022,0.8065056156294265,0.8092090491158841,0.7934635706196239
1849,0.08101904927355646,0.37901163501616864,0.3745257463955956,0.6283142911456453,0.8065534739687421,0.8093025070904026,0.7935114289589396
1850,0.08107789010909633,0.3792344714832183,0.3745257463955956,0.6284670428310258,0.8066469319432606,0.8093959650649212,0.793663727768998
1851,0.08115268372440808,0.3795029075854709,0.3745713460307985,0.6285714833017687,0.8066947902825762,0.8094438234042368,0.7938616262142592
1852,0.08119828335961099,0.3795507659247865,0.37482111777384425,0.6286489884965153,0.8067882482570947,0.8095372813787554,0.7940006838239807
1853,0.08119828335961099,0.37964151231987014,0.37488267018881916,0.6287105409114901,0.8068361065964104,0.8096439805536109,0.7941397414337021
1854,0.08125712419515087,0.37967341787941394,0.37488267018881916,0.6287105409114901,0.8068680121559542,0.8097374385281294,0.7941875997730178
1855,0.08127307697492274,0.3797482114947256,0.374898622968591,0.6288468869417767,0.8070070697656757,0.8097852968674449,0.7942354581123335
1856,0.08128902975469461,0.3797801170542694,0.37497341658390276,0.6289084393567514,0.8070389753252194,0.8098787548419636,0.7943289160868521
1857,0.08140671142577433,0.3797801170542694,0.3750641629789863,0.6289699917717263,0.8071324332997379,0.8099722128164822,0.7944196624819356
1858,0.08170208280402301,0.3797960698340413,0.3750960685385301,0.6290771438219039,0.8072258912742565,0.8100200711557978,0.7944675208212514
1859,0.08170208280402301,0.379827975393585,0.375286999446036,0.6292271839278496,0.807273749613572,0.8100679294951134,0.7946786604668497
1860,0.08170208280402301,0.37991872178866865,0.37534584028157586,0.6292590894873934,0.8073672075880906,0.8102202283051717,0.7947265188061652
1861,0.08170208280402301,0.37995062734821233,0.3753617930613477,0.6293502887577992,0.8074150659274062,0.8103725271152302,0.7948199767806836
1862,0.08170208280402301,0.37996658012798423,0.3754662335320905,0.6293662415375711,0.8074629242667217,0.8104659850897488,0.7949134347552023
1863,0.08176363521899781,0.37999848568752803,0.3755866267826052,0.6293662415375711,0.8075107826060375,0.8105594430642673,0.7949612930945179
1864,0.08180923485420073,0.37999848568752803,0.37576160491033916,0.6294733935877488,0.807663081416096,0.8106073014035828,0.7951135919045761
1865,0.0818251876339726,0.3800573265230679,0.3758550628848577,0.6294893463675207,0.8077109397554115,0.8107919586485072,0.7951614502438918
1866,0.08184114041374448,0.38011616735860776,0.3760459937923636,0.6295052991472926,0.8078043977299301,0.8108854166230259,0.7952977962741784
1867,0.08191593402905621,0.38013212013837955,0.37615314584254134,0.6295668515622673,0.8078522560692457,0.8109332749623415,0.7953297018337222
1868,0.08197748644403101,0.3801777197735825,0.37615314584254134,0.6295668515622673,0.8079457140437643,0.8110723325720629,0.7953297018337222
1869,0.08199343922380288,0.3802684661686661,0.376230651037288,0.6296284039772421,0.8079935723830798,0.8111657905465814,0.7953456546134939
1870,0.0820412975631185,0.3803003717282099,0.3762922034522627,0.6296899563922168,0.8080414307223955,0.811213648885897,0.7953456546134939
1871,0.08205725034289038,0.3803459713634128,0.37645819633798033,0.6297218619517607,0.808134888696914,0.8112615072252127,0.7953456546134939
1872,0.08207320312266225,0.3807574800338557,0.3766237363483757,0.6298449667817103,0.8081827470362296,0.8113549651997313,0.7953456546134939
1873,0.08210510868220601,0.3808190324488304,0.3766396891281476,0.6299065191966852,0.8082306053755453,0.8114028235390468,0.7953456546134939
1874,0.08210510868220601,0.380925731623686,0.37676008237866226,0.6299680716116599,0.8083240633500638,0.8115418811487684,0.7953456546134939
1875,0.08212106146197788,0.38095763718322967,0.37686678155351777,0.6299840243914318,0.8083719216893795,0.8116353391232868,0.7953456546134939
1876,0.08215296702152163,0.38119416772593856,0.3768827343332896,0.6300774823659503,0.8084653796638981,0.8116831974626025,0.7953616073932659
1877,0.08219856665672455,0.3812689613412503,0.3768986871130615,0.6301819228366932,0.8086605665297245,0.811789896637458,0.7953616073932659
1878,0.08224416629192748,0.3814212601513087,0.3769602395280363,0.6302138283962369,0.80876726570458,0.8118833546119766,0.7953616073932659
1879,0.08224416629192748,0.3814212601513087,0.37697619230780816,0.6303638685021827,0.8089063233143015,0.8119900537868321,0.7953616073932659
1880,0.08226011907169935,0.38157355896136713,0.37727427526549184,0.6305161673122409,0.8089382288738453,0.8120379121261477,0.7953616073932659
1881,0.08229202463124309,0.38158951174113903,0.3775108058082007,0.6305321200920129,0.8090316868483638,0.8121769697358693,0.7953616073932659
1882,0.08230797741101496,0.3816373700804546,0.3775855994235124,0.6305480728717847,0.8091251448228823,0.8123616269807935,0.7953616073932659
1883,0.08230797741101496,0.38169892249542947,0.37772194545379895,0.6305640256515567,0.8091730031621979,0.8124550849553122,0.7953775601730377
1884,0.08230797741101496,0.3817148752752013,0.3777994506485456,0.6306976601024082,0.8092664611367165,0.8124869905148558,0.7953775601730377
1885,0.08400949264215367,0.3817764276901761,0.3778473089878612,0.6312338179816863,0.8095820412530575,0.8125348488541716,0.7956798990890419
1886,0.08402544542192554,0.38182428602949176,0.37792210260317294,0.6316787765905585,0.809734340063116,0.8125827071934871,0.7959822380050459
1887,0.08404139820169743,0.3818561915890355,0.3779809434387128,0.6320357003837819,0.8098998800735113,0.8127673644384115,0.7961801364503073
1888,0.08404139820169743,0.3819469379841191,0.3779809434387128,0.6321747579935033,0.8102022189895154,0.8129652628836728,0.7964368757311086
1889,0.08404139820169743,0.3820084903990939,0.37805573705402457,0.6326201694776977,0.8103545177995738,0.8131043204933943,0.7967068562122466
1890,0.08408699783690034,0.38209923679417757,0.37811457788956443,0.6327592270874193,0.8104935754092952,0.8132433781031158,0.7969635954930478
1891,0.08408699783690034,0.38213114235372125,0.37819208308431107,0.632836732282166,0.8106914738545564,0.8133368360776342,0.7971482527379722
1892,0.08408699783690034,0.38216304791326505,0.37825363549928587,0.6329301902566845,0.8108893722998178,0.8134758936873556,0.7973005515480306
1893,0.08411890339644408,0.38216304791326505,0.3782855410588296,0.6329757898918874,0.8109828302743366,0.8135237520266713,0.7976161316643717
1894,0.08413485617621595,0.38219495347280874,0.3783014938386015,0.6330505835071991,0.8111674875192608,0.8136172100011899,0.7976639900036874
1895,0.08416676173575972,0.38221090625258064,0.37840593430934427,0.6331577355573768,0.8113065451289821,0.8137106679757085,0.7977706891785429
1896,0.08416676173575972,0.38231760542743615,0.3784218870891161,0.6333237284430945,0.8114456027387038,0.8138629667857669,0.798040669659681
1897,0.08416676173575972,0.38239511062218284,0.37846748672431907,0.6334281689138371,0.8116302599836283,0.8140152655958253,0.7981929684697392
1898,0.08421236137096264,0.3824699042374945,0.3784834395040909,0.633489721328812,0.8117237179581467,0.8141087235703437,0.798286426444258
1899,0.08444618033423654,0.38257434470823726,0.3784834395040909,0.6335056741085838,0.811908375203071,0.8141862287650904,0.7984387252543161
1900,0.0845236855289832,0.382606250267781,0.3788107164418834,0.6336287789385333,0.8120018331775896,0.8142796867396089,0.7985777828640378
1901,0.0845236855289832,0.38272664351829566,0.37884262200142715,0.6337518837684829,0.8120496915169052,0.8143731447141275,0.798821280944502
1902,0.08453963830875508,0.3827425962980675,0.378858574781199,0.6338590358186607,0.8121887491266266,0.8146166427945918,0.7989735797545605
1903,0.08457154386829882,0.3828629895485822,0.378858574781199,0.6340409814841501,0.8123278067363482,0.8147557004043132,0.7991258785646189
1904,0.08457154386829882,0.3829404947433289,0.37889048034074274,0.6341640863140997,0.8124212647108667,0.8148491583788318,0.7992649361743405
1905,0.08458749664807069,0.3829404947433289,0.3789360799759457,0.6342712383642775,0.8125443695408163,0.8149426163533504,0.7994628346196015
1906,0.08458749664807069,0.3831224404088183,0.37904052044668846,0.634377937539133,0.8126378275153349,0.815036074327869,0.7995106929589172
1907,0.08460344942784256,0.383215898383337,0.37904052044668846,0.6344554427338797,0.8126697330748786,0.8151295323023875,0.7996041509334357
1908,0.08460344942784256,0.3833495328341885,0.3793226506246003,0.6345758359843944,0.8127631910493971,0.815222990276906,0.7997108501082913
1909,0.08461940220761445,0.38342703802893513,0.37940015581934694,0.6347577816498838,0.8128566490239157,0.8152708486162216,0.7998955073532159
1910,0.08461940220761445,0.38356067247978676,0.37941610859911884,0.634955680095145,0.8129501069984343,0.8154231474262801,0.8000478061632741
1911,0.08461940220761445,0.38365141887487036,0.3794749494346587,0.634971632874917,0.8130435649729528,0.8155166054007986,0.8001868637729956
1912,0.0846782430431543,0.3836833244344141,0.37955245462940534,0.6351535785404064,0.8130914233122685,0.8155644637401143,0.8002935629478511
1913,0.08469419582292619,0.38390616090146373,0.379629959824152,0.6352470365149249,0.813184881286787,0.8157035213498356,0.8005370610283153
1914,0.08477170101767287,0.38395401924077943,0.379629959824152,0.6353860941246464,0.8132783392613055,0.8157513796891513,0.8006761186380368
1915,0.08477170101767287,0.3840288128560911,0.3796778181634676,0.6355383929347048,0.8133850384361611,0.8157992380284669,0.8008284174480952
1916,0.08478765379744474,0.3841063180508378,0.37973937057844237,0.6356291393297884,0.8134757848312446,0.8158470963677825,0.8010263158933565
1917,0.08483325343264765,0.3841222708306097,0.37983011697352603,0.6357225973043069,0.8135824840061001,0.8159537955426381,0.8012374555389546
1918,0.08489209426818752,0.38556032024304343,0.3798460697532979,0.6358429905548217,0.8137215416158216,0.8160472535171567,0.8013765131486762
1919,0.08489209426818752,0.3856670194178989,0.3799368161483815,0.6359045429697965,0.8138738404258802,0.8160951118564722,0.8014699711231947
1920,0.08496688788349926,0.3859915847762564,0.38001160976369325,0.6359820481645431,0.8139805396007357,0.8161885698309909,0.8015178294625103
1921,0.08511692798944497,0.38622540373953035,0.38005720939889615,0.6360436005795179,0.8140580447954823,0.8162820278055094,0.8017157279077717
1922,0.08511692798944497,0.3862842445750702,0.3800891149584399,0.6361507526296956,0.814089950355026,0.816375485780028,0.8018680267178301
1923,0.08511692798944497,0.38652077511777905,0.3801050677382118,0.6362684343007754,0.8141834083295445,0.8165145433897493,0.8019747258926856
1924,0.08511692798944497,0.38653672789755084,0.38018257293295843,0.636316292640091,0.814276866304063,0.816562401729065,0.802172624337947
1925,0.08513288076921684,0.38655268067732274,0.38019852571273033,0.6364070390351746,0.8143247246433787,0.8166102600683806,0.8023705227832082
1926,0.08516478632876058,0.3866890267076093,0.3802441253479332,0.6364389445947184,0.814477023453437,0.8166421656279244,0.8024183811225238
1927,0.08518073910853245,0.38676653190235594,0.38050984987075087,0.6364708501542621,0.8145704814279555,0.81669002396724,0.8025118390970424
1928,0.08546015770700927,0.3867984374618997,0.3807007807782568,0.6365780022044397,0.8146479866227022,0.8167834819417585,0.8026964963419668
1929,0.08547611048678114,0.3868303430214434,0.38074863911757245,0.6367599478699293,0.8147870442324237,0.8168769399162771,0.8028031955168221
1930,0.08549206326655301,0.3869051366367552,0.382288417421314,0.636791853429473,0.8148805022069422,0.8169703978907956,0.8028966534913409
1931,0.08549206326655301,0.38696397747229505,0.3823203229808577,0.6368853114039915,0.8150651594518667,0.8170023034503394,0.8030033526661963
1932,0.08550801604632488,0.38702281830783497,0.3823362757606296,0.6369628165987382,0.8151130177911823,0.8170501617896551,0.8030968106407149
1933,0.08556956846129968,0.3872566372711089,0.38241378095537626,0.6369628165987382,0.8152064757657008,0.8170980201289706,0.8032035098155703
1934,0.08556956846129968,0.3872725900508807,0.3825368857853259,0.637024369013713,0.8152999337402194,0.8172047193038261,0.8033102089904259
1935,0.08558552124107158,0.3873341424658555,0.38280306318346574,0.637024369013713,0.815347792079535,0.8172525776431417,0.8034036669649445
1936,0.08558552124107158,0.38735009524562736,0.38280306318346574,0.6371018742084597,0.8153956504188505,0.8173460356176603,0.80345152530426
1937,0.08561742680061532,0.38736604802539926,0.38291021523364344,0.6372249790384092,0.815534708028572,0.8173938939569758,0.8034993836435756
1938,0.08564933236015906,0.38745679442048286,0.38298500884895514,0.637286531453384,0.8155825663678875,0.8175461927670342,0.8035928416180941
1939,0.08571088477513385,0.3874886999800266,0.3831026905200349,0.6373640366481307,0.8156304247072033,0.8175940511063498,0.8036406999574096
1940,0.08571088477513385,0.38756349359533837,0.3831186432998068,0.6374871414780804,0.8156782830465189,0.8176419094456654,0.8037341579319283
1941,0.08571088477513385,0.3875953991548821,0.3831345960795786,0.63761024630803,0.8158173406562403,0.8177809670553869,0.8038276159064469
1942,0.08596065651817963,0.38767290434962887,0.3831505488593505,0.6377037042825485,0.8158651989955561,0.8178744250299055,0.8039666735161684
1943,0.08603545013349137,0.38767290434962887,0.38321210127432537,0.6377493039177513,0.8159586569700746,0.8180590822748299,0.8040601314906869
1944,0.08605140291326326,0.3877048099091726,0.38325995961364095,0.638001787240232,0.8160521149445932,0.8181069406141455,0.8041535894652053
1945,0.08606735569303513,0.38781150908402806,0.38327591239341285,0.638033692799776,0.8160999732839087,0.818200398588664,0.8042014478045211
1946,0.08606735569303513,0.38790225547911167,0.3834827960806907,0.6380496455795477,0.8162390308936301,0.8182482569279796,0.8042493061438366
1947,0.086083308472807,0.38791820825888357,0.3835735424757742,0.6381403919746312,0.8163457300684857,0.8182961152672952,0.8043427641183551
1948,0.086083308472807,0.3879957134536302,0.38358949525554614,0.6383063848603489,0.8164391880430042,0.8183439736066109,0.8044818217280767
1949,0.08609926125257887,0.38801166623340205,0.38366428887085785,0.6383838900550955,0.8166238452879286,0.8184830312163324,0.8045752797025952
1950,0.08636498577539653,0.38802761901317395,0.38378739370080744,0.6384910421052733,0.8167173032624472,0.8185764891908509,0.8046687376771138
1951,0.08639689133494027,0.3880435717929458,0.38380334648057934,0.6385685473000199,0.8168107612369657,0.8186243475301666,0.8047165960164294
1952,0.08642879689448403,0.38823450270045173,0.38380334648057934,0.6385845000797918,0.8168586195762814,0.8187766463402251,0.8048100539909481
1953,0.0864447496742559,0.38845733916750136,0.38381929926035124,0.6386620052745384,0.8169064779155969,0.8188245046795406,0.8049035119654666
1954,0.08649034930945881,0.38847329194727326,0.38388085167532604,0.6386779580543104,0.8169543362549126,0.8188723630188562,0.804996969939985
1955,0.08649034930945881,0.38854808556258497,0.38405582980306,0.6389055033550027,0.8170477942294312,0.8189631094139398,0.8050448282793006
1956,0.0865063020892307,0.3885959439019006,0.38408773536260377,0.6389374089145465,0.8170796997889749,0.8190109677532554,0.8051971270893591
1957,0.0865063020892307,0.38861189668167245,0.38414928777757856,0.6389830085497493,0.8171731577634935,0.8191044257277741,0.8052905850638777
1958,0.0865063020892307,0.3886278494614444,0.38414928777757856,0.6390445609647242,0.8172210161028092,0.8191978837022925,0.8053384434031934
1959,0.0865063020892307,0.3886894018764192,0.3842108401925533,0.6390901605999271,0.8173144740773277,0.8193825409472169,0.8055819414836575
1960,0.08786684630691778,0.3889847732546679,0.38426968102809317,0.6390901605999271,0.8173623324166434,0.8195215985569383,0.805720999093379
1961,0.08792568714245763,0.38904632566964265,0.38434447464340493,0.6392105538504417,0.817410190755959,0.8197194970021997,0.8057985042881257
1962,0.0879416399222295,0.3891397836441612,0.38436042742317683,0.6393336586803913,0.8175036487304774,0.8198129549767184,0.8058919622626443
1963,0.08798723955743241,0.38917168920370493,0.3844082857624924,0.6394567635103409,0.817597106704996,0.8199064129512369,0.8060310198723658
1964,0.08798723955743241,0.38917168920370493,0.3846580575055383,0.6395479627807467,0.8177361643147173,0.8199998709257554,0.8060788782116813
1965,0.08798723955743241,0.3892035947632487,0.3848786352684751,0.6395639155605186,0.817875221924439,0.8201065701006109,0.8061723361862
1966,0.08798723955743241,0.3892355003227924,0.3849561404632219,0.6397139556664644,0.8179686798989574,0.8202132692754663,0.8063113937959213
1967,0.08804879197240721,0.38925145310256426,0.3852834174010144,0.639788749281776,0.8180621378734759,0.8202611276147819,0.8064048517704399
1968,0.08804879197240721,0.389283358662108,0.3853746166714202,0.6399091425322907,0.8181555958479945,0.8203545855893004,0.8064527101097555
1969,0.08804879197240721,0.38931526422165175,0.385436169086395,0.6400026005068092,0.818249053822513,0.8204480435638192,0.8065005684490711
1970,0.08804879197240721,0.3893471697811955,0.3856886524088757,0.6400185532865811,0.8183425117970317,0.8204959019031347,0.8065940264235896
1971,0.08811034438738201,0.38939276941639844,0.3857502048238505,0.6400933469018928,0.8184359697715501,0.8205437602424503,0.8067330840333111
1972,0.08814224994692577,0.38939276941639844,0.38603188212644,0.6401092996816647,0.8185294277460687,0.8206372182169689,0.8067809423726267
1973,0.08817415550646951,0.38940872219617034,0.3860934345414148,0.6401840932969766,0.8185772860853843,0.8206850765562844,0.8068744003471452
1974,0.08821975514167242,0.38944062775571414,0.3861093873211867,0.6402615984917231,0.8186251444247,0.8207329348956002,0.8070134579568667
1975,0.08823570792144429,0.38954732693056954,0.3862913329866762,0.6404365766194572,0.8187186023992186,0.8207807932349157,0.8071069159313853
1976,0.08826761348098806,0.3896380733256532,0.3863528854016509,0.6405569698699718,0.8187664607385341,0.8209330920449742,0.8071547742707009
1977,0.08826761348098806,0.3898013546319358,0.3864276790169626,0.6409006524628584,0.8188731599133896,0.8209809503842898,0.8073526727159623
1978,0.08828356626075994,0.38983326019147957,0.3864892314319374,0.6410078045130361,0.818979859088245,0.8211200079940112,0.8074005310552779
1979,0.08834240709629979,0.3899240065865632,0.3866961151192152,0.6410397100725799,0.8191321578983035,0.8211678663333267,0.8074939890297965
1980,0.08834240709629979,0.3899399593663351,0.38675766753419,0.6411331680470984,0.8192844567083618,0.8212157246726424,0.8076170938597461
1981,0.08834240709629979,0.3900174645610817,0.38681650836972986,0.6412243673175042,0.8193911558832173,0.8213091826471609,0.8077105518342648
1982,0.08834240709629979,0.3900334173408536,0.3869369016202446,0.641285919732479,0.8194390142225331,0.8215070810924222,0.8079216914798627
1983,0.0883880067315027,0.3901082109561654,0.3869688071797883,0.641285919732479,0.8195324721970515,0.821554939431738,0.8079695498191785
1984,0.0884039595112746,0.3901670517917053,0.38710244163063995,0.6413474721474538,0.8195803305363671,0.8217072382417961,0.8081086074289
1985,0.08841991229104647,0.3901830045714772,0.38716399404561475,0.6414063129829938,0.8196281888756828,0.8218006962163148,0.8081564657682155
1986,0.08841991229104647,0.39025779818678885,0.3871799468253866,0.6414382185425376,0.8196760472149983,0.8218485545556304,0.8082499237427341
1987,0.08841991229104647,0.3903325918021006,0.38723878766092645,0.6415613233724871,0.819723905554314,0.821896412894946,0.8083433817172526
1988,0.08841991229104647,0.39042333819718433,0.38723878766092645,0.641577276152259,0.8197717638936297,0.8219442712342617,0.808436839691771
1989,0.08848146470602125,0.390500843391931,0.3872706932204702,0.6416228757874619,0.8198196222329452,0.8220377292087803,0.8085302976662897
1990,0.08849741748579312,0.39051679617170276,0.38732953405601006,0.6416976694027736,0.8198674805722609,0.8220855875480958,0.8085781560056053
1991,0.08849741748579312,0.39054870173124656,0.3874658800862966,0.641836727012495,0.8199609385467795,0.8221334458874116,0.8086716139801239
1992,0.088513370265565,0.3906262069259932,0.38748183286606847,0.6420186726779845,0.8200087968860951,0.8221813042267272,0.8087650719546424
1993,0.08859087546031168,0.3907917469363886,0.38755662648138023,0.642125824728162,0.8201022548606135,0.8222747622012457,0.8089173707647007
1994,0.08859087546031168,0.39086925213113527,0.38758853204092397,0.6421873771431369,0.8202089540354691,0.8223226205405613,0.8089652291040165
1995,0.08862278101985542,0.3909764041813129,0.3876204376004677,0.6422648823378837,0.8203024120099877,0.8223841729555361,0.8091042867137379
1996,0.08862278101985542,0.39100830974085665,0.3878113685079736,0.6422808351176555,0.8203958699845063,0.8224320312948518,0.8091977446882564
1997,0.08862278101985542,0.39128772833933356,0.387963667318032,0.6423286934569712,0.8204437283238218,0.8225254892693703,0.8092912026627751
1998,0.08863873379962729,0.39141083316928316,0.3880384609333437,0.6423902458719459,0.8205371862983404,0.8226189472438888,0.8094302602724965
1999,0.08863873379962729,0.39142678594905506,0.38812966020374956,0.6424061986517179,0.8207350847436016,0.8227124052184073,0.809569317882218
2000,0.08865468657939916,0.39147464428837064,0.3883821435262302,0.6425425446820044,0.820919741988526,0.8227602635577231,0.8096171762215335
2001,0.08867063935917104,0.39149059706814254,0.3883980963060021,0.6425744502415481,0.8210587995982476,0.8228537215322416,0.8097106341960522
2002,0.08867063935917104,0.3915521494831173,0.3884728899213138,0.6425744502415481,0.8211066579375631,0.8231104608130426,0.8098629330061106
2003,0.08868659213894294,0.39160000782243287,0.38876554972012756,0.64259040302132,0.8212457155472845,0.8232627596231012,0.8099107913454262
2004,0.08876138575425467,0.39163191338197667,0.38884305491487425,0.64259040302132,0.82135241472214,0.8234150584331595,0.8101086897906875
2005,0.08899520471752856,0.39166381894152036,0.38890460732984905,0.64259040302132,0.8214591138969958,0.8235085164076782,0.810202147765206
2006,0.0890699983328403,0.391741324136267,0.3889821125245957,0.6426519554362947,0.8215069722363114,0.8235563747469938,0.8102500061045216
2007,0.0890699983328403,0.39191630226400115,0.3889821125245957,0.6427135078512695,0.8216592710463697,0.8236042330863094,0.8102978644438372
2008,0.08910190389238408,0.3919322550437729,0.3903586095220547,0.6428795007369872,0.8217527290208884,0.8236520914256251,0.8103457227831529
2009,0.08910190389238408,0.39196416060331674,0.39039051508159844,0.642895453516759,0.8218917866306098,0.8236999497649407,0.8103935811224685
2010,0.08911785667215595,0.3920845538538314,0.3904680202763451,0.6429114062965309,0.8220308442403312,0.8237934077394591,0.810487039096987
2011,0.08913380945192782,0.39214610626880625,0.39054281389165685,0.6430185583467086,0.8221243022148498,0.8238868657139776,0.8105804970715056
2012,0.0891497622316997,0.39223956424332473,0.3906362718661754,0.6430185583467086,0.8222766010249081,0.8239643709087244,0.8106283554108212
2013,0.0891497622316997,0.39246439796458216,0.3907297298406939,0.6430933519620204,0.8223244593642237,0.824057828883243,0.8107350545856765
2014,0.08918166779124344,0.392525950379557,0.3907297298406939,0.6431549043769952,0.8223723177035394,0.8241056872225586,0.8108741121953981
2015,0.08922726742644634,0.3927211372453833,0.39080723503544057,0.643186809936539,0.8224201760428549,0.8241535455618741,0.8109675701699166
2016,0.08924322020621825,0.3927530428049271,0.39105700677848637,0.6432775563316225,0.8224680343821705,0.8242014039011898,0.8110154285092323
2017,0.08924322020621825,0.39276899558469897,0.39107295955825827,0.6433391087465973,0.8225614923566891,0.8242333094607336,0.8111088864837509
2018,0.08927512576576199,0.39283054799967376,0.3911318003937982,0.6434462607967751,0.8226093506960048,0.8243267674352521,0.8112479440934722
2019,0.08927512576576199,0.39287840633898935,0.3911637059533419,0.6434462607967751,0.8226572090353204,0.8243746257745678,0.8113870017031938
2020,0.08929107854553386,0.393144130861807,0.39124121114808863,0.6435534128469527,0.822689114594864,0.8244224841138834,0.8114804596777122
2021,0.08929107854553386,0.3932512829119847,0.39141618927582267,0.6436149652619275,0.8227825725693827,0.8244703424531991,0.811528318017028
2022,0.0893658721608456,0.39334202930706835,0.3914750301113625,0.6437221173121054,0.8228304309086983,0.8246094000629204,0.8115761763563435
2023,0.08947031263158839,0.393389887646384,0.39153387094690234,0.6437836697270801,0.8229694885184198,0.824657258402236,0.8116240346956591
2024,0.08948626541136026,0.39345144006135874,0.3915657765064461,0.6438155752866238,0.8230310409333946,0.8247639575770918,0.8116718930349747
2025,0.08950221819113215,0.3934833456209025,0.3916273289214209,0.6439063216817075,0.8230788992727103,0.8248118159164073,0.8118109506446962
2026,0.08950221819113215,0.3934992984006744,0.3917317693921637,0.6439678740966822,0.8231267576120259,0.8248596742557229,0.8119044086192148
2027,0.08954781782633507,0.3935312039602181,0.39174772217193554,0.6440586204917659,0.823324656057287,0.8249075325950385,0.8119522669585304
2028,0.08956377060610694,0.39354715673998997,0.39189730940255907,0.6440905260513096,0.8233565616168309,0.825000990569557,0.812000125297846
2029,0.08956377060610694,0.3935927563751929,0.3919132621823309,0.6441064788310815,0.8234340668115775,0.8250488489088726,0.8120479836371616
2030,0.0896226114416468,0.39360870915496476,0.39197210301787083,0.6441520784662843,0.8234819251508931,0.8250967072481882,0.8120958419764773
2031,0.08969740505695854,0.39362466193473666,0.39212169024849436,0.6441680312460563,0.8235297834902088,0.8251901652227069,0.812143700315793
2032,0.08969740505695854,0.3936835027702765,0.39238741477131195,0.6441999368056001,0.8235616890497525,0.8252380235620225,0.8122371582903115
2033,0.08971335783673041,0.39371540832982027,0.39240336755108385,0.6442906832006836,0.823655147024271,0.8253447227368779,0.81233061626483
2034,0.08975895747193333,0.39377696074479507,0.3924193203308557,0.6444270292309702,0.8237030053635866,0.8256264000394675,0.8123784746041456
2035,0.0900087292149791,0.39379291352456697,0.3924808727458305,0.6445337284058257,0.823914145009185,0.825674258378783,0.8124719325786641
2036,0.09005432885018201,0.39384077186388267,0.39251277830537423,0.6445952808208004,0.8239620033485006,0.8257677163533016,0.8125197909179799
2037,0.09005432885018201,0.39403170277138855,0.39257433072034914,0.6446568332357752,0.8240098616878163,0.8258611743278201,0.8125676492572954
2038,0.0902881478134559,0.39404765555116045,0.39278121440762687,0.644688738795319,0.8241033196623349,0.8261884512656125,0.8127067068670168
2039,0.0902881478134559,0.39407956111070414,0.39279716718739877,0.6447502912102937,0.8243717557645874,0.8262819092401311,0.8128457644767384
2040,0.09033374744865882,0.39419995436121885,0.3928290727469425,0.6448277964050404,0.8244196141039031,0.8264342080501896,0.812893622816054
2041,0.09033374744865882,0.39452451971957636,0.3929198191420261,0.6449025900203522,0.8245263132787585,0.8265276660247081,0.8129414811553697
2042,0.09033374744865882,0.3945564252791201,0.3944007566102278,0.6449933364154357,0.82466537088848,0.8271592995827657,0.8129733867149134
2043,0.09033374744865882,0.3946608657498629,0.3944782618049744,0.6450681300307475,0.8247132292277956,0.8272527575572843,0.8131124443246348
2044,0.09033374744865882,0.3948517966573688,0.394569008200058,0.6451725705014902,0.824836334057745,0.8274374148022087,0.8131899495193815
2045,0.09033374744865882,0.3948677494371407,0.3945849609798299,0.645204476061034,0.8249297920322636,0.8275308727767272,0.8133290071291028
2046,0.09033374744865882,0.3949425430524524,0.3946597545951417,0.6452204288408059,0.8250364912071192,0.8275787311160429,0.8134224651036214
2047,0.09037934708386172,0.39503600102697095,0.39471859543068155,0.6452819812557807,0.8250843495464348,0.8276265894553585,0.813470323442937
2048,0.09062911882690751,0.3950838593662866,0.39479610062542814,0.6453408220913206,0.8251778075209534,0.827720047429877,0.8135637814174557
2049,0.0906906712418823,0.3951157649258304,0.39479610062542814,0.6454023745062955,0.825225665860269,0.8278591050395985,0.8136116397567713
2050,0.0906906712418823,0.3951773173408052,0.3949005410961709,0.6455227677568101,0.8252735241995846,0.8279525630141169,0.8137506973664927
2051,0.0906906712418823,0.39519327012057703,0.39493244665571464,0.6455975613721219,0.8255419603018372,0.8280460209886356,0.8138870433967793
2052,0.09070662402165418,0.39520922290034893,0.39493244665571464,0.6456723549874334,0.8255898186411528,0.8281394789631541,0.8139805013712978
2053,0.09081377607183191,0.3954001538078548,0.39494839943548654,0.6457042605469773,0.8256965178160084,0.8281873373024697,0.8141460413816932
2054,0.09085937570703481,0.3955953406736812,0.3950259046302332,0.6457631013825171,0.825789975790527,0.8282807952769884,0.8142850989914147
2055,0.09085937570703481,0.3956728458684278,0.39516225066051974,0.6457790541622889,0.8258674809852737,0.8283742532515069,0.8144241566011361
2056,0.09085937570703481,0.3957343982834026,0.39517820344029164,0.6458406065772638,0.8259153393245894,0.8284221115908225,0.8145176145756547
2057,0.09087532848680668,0.3957959506983774,0.3952397558552665,0.6459021589922386,0.8260543969343107,0.8284699699301381,0.8145654729149704
2058,0.09097976895754947,0.395932296728664,0.39525570863503834,0.6459181117720104,0.8261022552736264,0.8286090275398597,0.8146133312542859
2059,0.09097976895754947,0.3960098019234106,0.39527166141481024,0.6459769526075502,0.8261797604683729,0.8286568858791752,0.8146908364490326
2060,0.09097976895754947,0.3961301951739253,0.39531726105001314,0.6460544578022971,0.8262732184428915,0.8287047442184908,0.8147842944235512
2061,0.0910253685927524,0.3961757948091282,0.3954080074450968,0.6460544578022971,0.82636667641741,0.8287526025578065,0.8148777523980697
2062,0.09104132137252427,0.3961757948091282,0.3954239602248686,0.6462882767655709,0.8264145347567257,0.8290798794955989,0.8149256107373852
2063,0.09104132137252427,0.3961757948091282,0.39548551263984344,0.6464834636313974,0.8265079927312442,0.8291733374701175,0.8150323099122408
2064,0.09110016220806413,0.39629618805964284,0.39571933160311734,0.6466335037373431,0.8266014507057627,0.8293123950798389,0.8151257678867594
2065,0.091159003043604,0.3963709816749546,0.39577817243865715,0.646649456517115,0.8266949086802814,0.8293443006393827,0.8152192258612778
2066,0.091159003043604,0.3965073277052411,0.39579412521842905,0.6466973148564306,0.826742767019597,0.8294377586139012,0.8152670842005936
2067,0.09117495582337587,0.396552927340444,0.3958397248536319,0.6467451731957463,0.8267906253589126,0.8295312165884198,0.8153605421751121
2068,0.09117495582337587,0.3965688801202159,0.3958556776334038,0.6468359195908299,0.8268384836982283,0.8295790749277354,0.8154084005144278
2069,0.09117495582337587,0.3965848328999878,0.3959464240284874,0.6468815192260329,0.8269615885281778,0.829626933267051,0.8154562588537434
2070,0.09120686138291961,0.3967211789302743,0.3960212176437992,0.6469271188612357,0.8271006461378992,0.8297203912415695,0.8155497168282618
2071,0.09123876694246338,0.3967371317100462,0.3961256581145419,0.6470178652563193,0.8272369921681857,0.829813849216088,0.8155497168282618
2072,0.09125471972223526,0.39681463690479285,0.39621640450962564,0.6471113232308379,0.8273144973629324,0.8299073071906066,0.8155497168282618
2073,0.09130031935743817,0.3968921420995395,0.39632310368448104,0.6473182069181156,0.827628533100388,0.830014006365462,0.8155497168282618
2074,0.09159297915625195,0.3969080948793114,0.3964567381353327,0.6473770477536555,0.8277219910749065,0.8301530639751836,0.8155497168282618
2075,0.09159297915625195,0.396998841274395,0.39648864369487646,0.6474386001686302,0.827815449049425,0.830292121584905,0.8155497168282618
2076,0.09160893193602382,0.396998841274395,0.3967114801619261,0.6474841998038331,0.8279089070239436,0.8303399799242206,0.8155497168282618
2077,0.09160893193602382,0.39714842850501847,0.3967114801619261,0.647500152583605,0.828002364998462,0.8303878382635362,0.8155497168282618
2078,0.09162488471579569,0.3971803340645622,0.39690666702775246,0.6476205458341195,0.8280502233377778,0.8304812962380548,0.8156112692432367
2079,0.09162488471579569,0.39725783925930885,0.3969385725872962,0.6476953394494313,0.8280980816770934,0.8305291545773704,0.8156112692432367
2080,0.09164083749556756,0.3972897448188526,0.3969841722224991,0.6477112922292031,0.828145940016409,0.8305770129166861,0.8156272220230086
2081,0.09164083749556756,0.39736453843416436,0.39701607778204284,0.6477272450089749,0.8282393979909275,0.8306704708912046,0.8156272220230086
2082,0.09169967833110744,0.39755546934167024,0.39704798334158664,0.6477591505685187,0.8282713035504713,0.8308551281361289,0.8156431748027804
2083,0.09174527796631037,0.39763026295698195,0.3971254885363333,0.6479091906744645,0.8283647615249898,0.8309485861106475,0.8156431748027804
2084,0.09176123074608224,0.3976621685165257,0.3971414413161051,0.648077895139617,0.8284582194995084,0.8309964444499631,0.8156431748027804
2085,0.09177718352585411,0.3976621685165257,0.397377971858814,0.6481554003343637,0.8285516774740269,0.8311943428952246,0.8156431748027804
2086,0.09179313630562598,0.3977077681517286,0.3974554770535607,0.6481713531141355,0.8286424238691106,0.8313334005049459,0.8156591275825523
2087,0.09182504186516975,0.39773967371127233,0.39756217622841616,0.6482944579440851,0.8286743294286543,0.8314724581146674,0.8156591275825523
2088,0.09188659428014453,0.39778527334647523,0.39757812900818806,0.6483719631388318,0.8287062349881981,0.8315659160891861,0.8156591275825523
2089,0.0919025470599164,0.397817178906019,0.3976825694789308,0.6484764036095746,0.8287996929627166,0.8316593740637045,0.8156591275825523
2090,0.09197734067522814,0.3978650372453347,0.3977441218939056,0.6485220032447774,0.8289843502076409,0.8317072324030202,0.8156591275825523
2091,0.09197734067522814,0.39789694280487836,0.39780567430888036,0.6489631587706515,0.8298116235068471,0.8317550907423358,0.8159026256630166
2092,0.09197734067522814,0.3979128955846503,0.3978804679241921,0.6493656821990779,0.8299962807517715,0.8318029490816514,0.8162049645790206
2093,0.09200924623477189,0.39792884836442216,0.39791237348373587,0.64971090917085,0.8301941791970328,0.8318508074209671,0.8165073034950248
2094,0.09204115179431564,0.3981626673276961,0.3980327667342504,0.6498445436217015,0.8303761248625221,0.8319898650306885,0.8167508015754892
2095,0.09204115179431564,0.39839919787040495,0.3994252165114814,0.6499193372370133,0.8306196229429865,0.832083323005207,0.8169619412210873
2096,0.09205710457408751,0.39856519075612257,0.39947081614668434,0.6501309297579339,0.8307719217530447,0.8321767809797256,0.8171598396663486
2097,0.09205710457408751,0.3985970963156663,0.3995296569822242,0.6502084349526805,0.8308197800923605,0.8322246393190411,0.8172076980056642
2098,0.09205710457408751,0.3986426959508692,0.3997953815050418,0.650420027473601,0.8308676384316761,0.8323180972935599,0.8172555563449798
2099,0.09213460976883418,0.39867460151041295,0.39982728706458553,0.6505727791589816,0.8310066960413975,0.8324571549032812,0.8173034146842953
2100,0.09216651532837794,0.39869055429018485,0.39982728706458553,0.650754724824471,0.8311589948514561,0.832489060462825,0.8173968726588139
2101,0.09221211496358085,0.39873841262950044,0.40007705880763134,0.6509202648348664,0.8312068531907716,0.8325369188021406,0.8174903306333324
2102,0.09221211496358085,0.39875436540927234,0.4001089643671751,0.6509977700296132,0.8312547115300872,0.8326892176121989,0.8175837886078512
2103,0.09227366737855565,0.3987703181890442,0.40017051678214993,0.651059322444588,0.8313025698694028,0.8328282752219204,0.8176772465823696
2104,0.09228962015832752,0.39887475865978694,0.40029091003266454,0.6511049220797909,0.8313504282087185,0.8330261736671818,0.817829545392428
2105,0.0923671253530742,0.3990111046900735,0.40033650966786744,0.6511983800543094,0.8314438861832371,0.8330740320064973,0.8179230033669466
2106,0.09241272498827711,0.39905896302938915,0.4003821093030704,0.6512731736696211,0.8315829437929586,0.833121890345813,0.8181341430125448
2107,0.09272133756686275,0.39914970942447275,0.40039806208284223,0.651334726084596,0.8316764017674771,0.8331697486851286,0.8182276009870633
2108,0.09278288998183755,0.39919530905967565,0.40039806208284223,0.6513962784995707,0.8317242601067927,0.8332472538798753,0.8183210589615819
2109,0.09278288998183755,0.3992997495304185,0.40041401486261413,0.6514870248946544,0.8318765589168512,0.833279159439419,0.8183689173008976
2110,0.09283074832115318,0.39937454314573023,0.4004459204221579,0.6515777712897379,0.8320288577269095,0.8333110649989628,0.8184623752754162
2111,0.09287634795635609,0.39958142683300807,0.40062515450821246,0.6516233709249408,0.8321811565369679,0.8333589233382784,0.8185690744502717
2112,0.09287634795635609,0.3996402676685478,0.40071635377861825,0.6516552764844846,0.8322290148762834,0.8334067816775941,0.8187669728955328
2113,0.09289230073612796,0.3996881260078636,0.40071635377861825,0.6517783813144341,0.8322768732155991,0.8336046801228554,0.8189060305052543
2114,0.09290825351589985,0.39982447203815,0.40074825933816205,0.6518718392889528,0.8323703311901176,0.8336981380973739,0.81895388884457
2115,0.09302593518697957,0.3998992656534617,0.4008230529534737,0.6519493444836993,0.832568229635379,0.8337459964366896,0.8190017471838856
2116,0.09302593518697957,0.39997677084820843,0.40088460536844855,0.6519949441189022,0.8326160879746946,0.8337938547760051,0.8190496055232012
2117,0.09304188796675145,0.400097164098723,0.40090055814822034,0.6520564965338771,0.8327551455844161,0.8338873127505236,0.8191430634977198
2118,0.09305784074652332,0.4001290696582668,0.40102095139873506,0.6520724493136488,0.8328030039237316,0.8339351710898393,0.8191909218370355
2119,0.09329165970979722,0.4002198160533505,0.4010984565934817,0.6521796013638266,0.8329553027337901,0.8339830294291548,0.8192387801763511
2120,0.0933076124895691,0.40028136846832524,0.40118920298856536,0.6522571065585735,0.8330031610731058,0.8340308877684705,0.8193322381508695
2121,0.0933076124895691,0.40035887366307193,0.40126670818331206,0.6522730593383452,0.8330510194124214,0.834124345742989,0.8193800964901853
2122,0.09332356526934098,0.4004496200581555,0.40135745457839567,0.652380211388523,0.8332033182224797,0.8343222441882504,0.8194279548295008
2123,0.09335547082888472,0.40062459818588964,0.40143224819370743,0.6524258110237258,0.8332967761969983,0.8343997493829971,0.8194758131688165
2124,0.09340107046408765,0.4006724565252052,0.4016072263214415,0.6524873634387006,0.8333902341715169,0.8345520481930554,0.8195825123436721
2125,0.09341702324385952,0.4006724565252052,0.4016550846607571,0.6526077566892153,0.8334969333463724,0.834599906532371,0.8196759703181905
2126,0.09347857565883431,0.400704362084749,0.401671037440529,0.6526237094689871,0.8336036325212278,0.8347066057072267,0.8197238286575063
2127,0.09351048121837806,0.40079510847983263,0.40193676196334666,0.6527144558640707,0.8336514908605435,0.8348000636817452,0.8198172866320248
2128,0.09357203363335286,0.40088585487491624,0.40199831437832145,0.6528052022591544,0.8336993491998591,0.8348479220210607,0.8198651449713403
2129,0.09385145223182967,0.40091776043446004,0.4020758195730681,0.6528211550389263,0.8338680536650115,0.8348957803603764,0.819913003310656
2130,0.09385145223182967,0.4009496659940037,0.40225079770080213,0.652941548289441,0.8339615116395301,0.834989238334895,0.8200064612851746
2131,0.09386740501160154,0.40101121840897846,0.40225079770080213,0.652941548289441,0.8340549696140488,0.8351282959446164,0.8200543196244902
2132,0.09410122397487546,0.40101121840897846,0.402309638536342,0.6529575010692129,0.8341028279533643,0.8351761542839321,0.8201477775990086
2133,0.09411717675464733,0.40111837045915616,0.40241407900708476,0.6530646531193905,0.8341962859278828,0.8352240126232477,0.8201956359383242
2134,0.09411717675464733,0.40113432323892806,0.40263891272834224,0.6533171364418713,0.8342441442671985,0.8352718709625633,0.82024349427764
2135,0.09411717675464733,0.40116622879847175,0.40275930597885684,0.6533330892216431,0.834337602241717,0.8353197293018789,0.8203369522521584
2136,0.09411717675464733,0.4012437339932185,0.40275930597885684,0.653394641636618,0.8344899010517755,0.8353675876411946,0.8203848105914741
2137,0.09411717675464733,0.4013344803883021,0.40282085839383164,0.6534105944163897,0.8345377593910911,0.8354154459805102,0.8204782685659926
2138,0.09411717675464733,0.40138233872761775,0.40292755756868714,0.6535150348871326,0.8346900582011494,0.8354633043198259,0.8205261269053084
2139,0.0945848146811951,0.4013982915073896,0.402943510348459,0.6535898285024442,0.8347379165404651,0.8355111626591415,0.8206651845150297
2140,0.0945848146811951,0.40148903790247326,0.4030342567435426,0.6536673336971909,0.8347857748797807,0.835559020998457,0.8207586424895482
2141,0.09464636709616989,0.401520943462017,0.4031706027738291,0.6536832864769628,0.8348176804393245,0.8356524789729757,0.820849388884632
2142,0.09469196673137281,0.40158249587699174,0.4031706027738291,0.6537288861121657,0.8349111384138431,0.8358932654740048,0.8209884464943535
2143,0.09469196673137281,0.4016144014365356,0.40320250833337284,0.6538679437218872,0.8349589967531587,0.8359707706687515,0.8210363048336691
2144,0.09469196673137281,0.40164630699607934,0.40321846111314474,0.6539454489166339,0.8350068550924743,0.83606422864327,0.8211297628081876
2145,0.09475080756691269,0.4016782125556231,0.40329325472845645,0.6540498893873767,0.8350547134317898,0.8361120869825858,0.8211776211475033
2146,0.09476676034668456,0.40327528731601897,0.40335480714343125,0.6540817949469203,0.8351481714063084,0.8362643857926442,0.8213299199575617
2147,0.09482560118222441,0.40330719287556277,0.40341635955840605,0.6541137005064641,0.835196029745624,0.8363122441319598,0.8213777782968773
2148,0.09487120081742734,0.4033979392706464,0.4034911531737178,0.6541593001416669,0.8353350873553455,0.8363441496915036,0.8214712362713958
2149,0.0949031063769711,0.4034298448301901,0.4035686583684645,0.6543280046068195,0.8353829456946611,0.836437607666022,0.8215646942459144
2150,0.0949031063769711,0.40349139724516486,0.4036302107834393,0.6544347037816751,0.8354308040339766,0.8365310656405406,0.8216125525852299
2151,0.0949031063769711,0.40394805267548844,0.4037050043987511,0.654480303416878,0.8355242620084954,0.8366245236150591,0.8216604109245456
2152,0.09496194721251094,0.40417088914253807,0.40372095717852297,0.6545710498119616,0.8356309611833509,0.8366564291746029,0.82184506816947
2153,0.09496194721251094,0.40432047637316154,0.4039415349414599,0.6546029553715054,0.8356788195226664,0.8367498871491215,0.8218929265087856
2154,0.09496194721251094,0.40441122276824515,0.4039893932807755,0.6546777489868172,0.8357722774971851,0.8368273923438682,0.821999625683641
2155,0.09500754684771387,0.40441122276824515,0.4040509456957503,0.6549142795295261,0.8358201358365007,0.8369208503183867,0.8220474840229567
2156,0.09500754684771387,0.40442717554801705,0.4040509456957503,0.6549302323092978,0.8359268350113562,0.8369527558779304,0.8220953423622724
2157,0.09500754684771387,0.40461810645552293,0.4041416920908339,0.6550346727800405,0.8359746933506718,0.8370462138524489,0.8222020415371278
2158,0.09506909926268867,0.40473849970603754,0.40443706346908265,0.6551577776099902,0.8360225516899874,0.8370940721917646,0.8222498998764434
2159,0.09511469889789158,0.40477040526558133,0.4045547451401623,0.655219330024965,0.8361748505000456,0.837187530166283,0.822297758215759
2160,0.09514660445743534,0.4049655921314077,0.40461629755513706,0.6552649296601679,0.8362227088393615,0.8372809881408015,0.8223456165550745
2161,0.09538042342070922,0.4049655921314077,0.40470704395022067,0.6553424348549145,0.8363161668138799,0.8373288464801173,0.8224390745295932
2162,0.09538042342070922,0.40502714454638256,0.40482743720073533,0.6554199400496612,0.8364096247883985,0.8374679040898386,0.8224869328689088
2163,0.0953963762004811,0.40511789094146616,0.4048593427602791,0.655481492464636,0.8364574831277142,0.8376042501201254,0.8225347912082245
2164,0.09542828176002485,0.40513384372123806,0.404904942395482,0.6554974452444078,0.8365509411022326,0.837697708094644,0.82258264954754
2165,0.09542828176002485,0.40516574928078175,0.4049637832310219,0.6554974452444078,0.8366443990767513,0.8377455664339595,0.8226761075220586
2166,0.09554867501053951,0.40518170206055365,0.4049637832310219,0.6555453035837234,0.8366922574160668,0.837839024408478,0.8227239658613742
2167,0.0955646277903114,0.40521360762009734,0.4049797360107937,0.655665696834238,0.8367857153905854,0.8380369228537393,0.8227718242006898
2168,0.0955646277903114,0.40522956039986924,0.4049797360107937,0.655786090084753,0.8368335737299011,0.838084781193055,0.8229214114313133
2169,0.09558058057008327,0.4054204913073753,0.4050275943501094,0.6558179956442965,0.8369726313396225,0.8382238388027764,0.8230148694058318
2170,0.09559653334985514,0.4055112377024589,0.40505949990965306,0.6558795480592714,0.837095736169572,0.83825574436232,0.8231539270155533
2171,0.09559653334985514,0.4055112377024589,0.4051210523246279,0.6559570532540181,0.8371435945088876,0.8383036027016356,0.8232473849900718
2172,0.09564213298505805,0.40566353651251724,0.4051529578841716,0.6560801580839678,0.8372958933189462,0.8383970606761543,0.8232952433293874
2173,0.09589190472810381,0.4057410417072639,0.40535984157144944,0.6561873101341454,0.8374025924938014,0.8384289662356981,0.8234799005743118
2174,0.0959078575078757,0.4058587233783436,0.40539174713099324,0.6561873101341454,0.8375092916686572,0.8385680238454195,0.8235865997491673
2175,0.0961416764711496,0.4059335169936554,0.4055413343616167,0.6562461509696853,0.8375571500079727,0.838661481819938,0.8236800577236859
2176,0.0961416764711496,0.40594946977342716,0.4055572871413886,0.6563368973647689,0.8376050083472883,0.8387389870146846,0.8237279160630014
2177,0.0961416764711496,0.4060269749681738,0.4055732399211605,0.6564572906152836,0.8376984663218069,0.8387868453540004,0.82382137403752
2178,0.09617358203069334,0.4060269749681738,0.40564803353647216,0.6566232835010012,0.8377919242963254,0.8388803033285189,0.8238692323768357
2179,0.09618953481046524,0.40612043294269234,0.40582301166420626,0.6569027020994779,0.8378853822708441,0.8389578085232655,0.8239626903513542
2180,0.09618953481046524,0.40619793813743915,0.40593016371438395,0.6569027020994779,0.8379172878303878,0.8390056668625812,0.8240105486906698
2181,0.09618953481046524,0.40622984369698284,0.4060049573296957,0.6569027020994779,0.8379651461697033,0.8391123660374366,0.8241040066651883
2182,0.09620548759023712,0.40624579647675474,0.4060209101094676,0.6569346076590217,0.8380586041442218,0.839264664847495,0.824151865004504
2183,0.096439306553511,0.4063365428718384,0.40640277192447943,0.6570390481297644,0.8381976617539434,0.8394037224572164,0.8241997233438197
2184,0.09645525933328288,0.4064140480665851,0.40640277192447943,0.6570390481297644,0.8382295673134871,0.8395692624676119,0.8242475816831353
2185,0.09645525933328288,0.4064888416818968,0.40641872470425133,0.6572299790372703,0.8382774256528028,0.8396171208069275,0.8242954400224509
2186,0.09651681174825769,0.40660923493241147,0.4065847175899688,0.657307484232017,0.8383549308475494,0.8397105787814461,0.8243888979969695
2187,0.09654871730780143,0.406745580962698,0.40664627000494363,0.6573849894267637,0.8384483888220678,0.8397584371207617,0.824495597171825
2188,0.09654871730780143,0.4067774865222417,0.4069712882386234,0.6574624946215104,0.8384962471613836,0.8398062954600773,0.8245434555111405
2189,0.09654871730780143,0.40680939208178546,0.4069712882386234,0.6574624946215104,0.8385441055006991,0.8398997534345958,0.8245913138504563
2190,0.0966262225025481,0.40685499171698836,0.40708896990970317,0.6575080942567133,0.8385919638400148,0.8399476117739115,0.8246847718249748
2191,0.0966262225025481,0.40707556947992535,0.40708896990970317,0.6575240470364851,0.8387310214497362,0.8399954701132271,0.8247782297994933
2192,0.09670101611785983,0.407298405946975,0.407104922689475,0.6575696466716882,0.8388085266444829,0.8401185749431765,0.8248260881388089
2193,0.09670101611785983,0.40734626428629056,0.40716647510444987,0.6576767987218658,0.8389152258193385,0.8401664332824923,0.8249195461133273
2194,0.09674661575306276,0.4073622170660625,0.4075912249752296,0.6577971919723803,0.8390542834290601,0.8402571796775757,0.8250262452881828
2195,0.0981231127505217,0.40739412262560626,0.4076956654459724,0.6578587443873551,0.8391477414035785,0.8403050380168916,0.8251197032627016
2196,0.0981846651654965,0.4074716278203529,0.4077412650811753,0.6579335380026669,0.8391796469631222,0.8403825432116382,0.8252587608724229
2197,0.09820061794526837,0.40754642143566466,0.40790725796689287,0.6579950904176417,0.8392731049376407,0.8404304015509538,0.8253522188469414
2198,0.09820061794526837,0.4077692579027143,0.4079980043619765,0.6581287248684934,0.8393209632769564,0.8404782598902695,0.8254000771862572
2199,0.09821657072504024,0.4078896511532289,0.4080595567769512,0.65820623006324,0.8394144212514749,0.840526118229585,0.8254479355255727
2200,0.09823252350481211,0.40798039754831256,0.4080595567769512,0.65820623006324,0.8394622795907906,0.8406036234243317,0.8255546347004281
2201,0.09823252350481211,0.40827576892656126,0.4080755095567231,0.6582221828430119,0.8395101379301061,0.8406970813988504,0.8256613338752836
2202,0.09824847628458398,0.40848265261383904,0.4081959028072378,0.6582540884025556,0.8396035959046247,0.8408334274291369,0.8257091922145994
2203,0.09830731712012385,0.4086576307415731,0.4082118555870097,0.6582996880377585,0.8396514542439404,0.8409109326238835,0.8258026501891179
2204,0.09835291675532677,0.4087351359363197,0.4082437611465534,0.6584041285085013,0.8397449122184589,0.8410632314339419,0.8258961081636365
2205,0.0984705984264065,0.4088126411310664,0.40825971392632526,0.6584041285085013,0.8397927705577746,0.8412155302440004,0.8259439665029521
2206,0.09848655120617839,0.4088126411310664,0.408334507541637,0.658527233338451,0.839931828167496,0.8413222294188559,0.8260374244774706
2207,0.09854539204171826,0.40884454669061016,0.40835046032140887,0.6586047385331977,0.8400252861420144,0.8413700877581716,0.8260852828167863
2208,0.09854539204171826,0.40889014632581305,0.4084120127363837,0.6586206913129694,0.8401027913367611,0.8414179460974871,0.8262508228271818
2209,0.09854539204171826,0.40908107723331893,0.4085456471872353,0.6587118905833754,0.8401506496760768,0.8415114040720055,0.8262986811664973
2210,0.098577297601262,0.4091558708486307,0.4085456471872353,0.6587278433631473,0.8402441076505952,0.8415592624113212,0.8263921391410158
2211,0.09859325038103388,0.4092306644639424,0.4085775527467791,0.6588482366136618,0.840337565625114,0.841607120750637,0.8264855971155344
2212,0.09859325038103388,0.4092466172437143,0.40868199321752186,0.6589257418084085,0.8403854239644295,0.8416549790899526,0.8265334554548501
2213,0.09860920316080575,0.40927852280325805,0.4088315804481454,0.6590005354237203,0.8404332823037451,0.841748437064471,0.8265813137941657
2214,0.09860920316080575,0.4093104283628018,0.4089360209188882,0.659075329039032,0.8404811406430607,0.8418259422592177,0.8266291721334813
2215,0.09862515594057762,0.40934233392234554,0.40895197369865993,0.659075329039032,0.8405745986175793,0.8418738005985335,0.8266770304727971
2216,0.09862515594057762,0.4093742394818893,0.4089679264784319,0.6590912818188037,0.840622456956895,0.8419513057932801,0.8267837296476526
2217,0.09867075557578055,0.409451744676636,0.40902947889340663,0.6591072345985757,0.8406543625164388,0.8420744106232296,0.8268315879869681
2218,0.09868670835555242,0.40952653829194774,0.4090750785286096,0.6591984338689815,0.8407022208557543,0.8421063161827734,0.8269090931817148
2219,0.09899532093413804,0.40980821559453734,0.4090910313083815,0.6592143866487535,0.8407500791950699,0.842154174522089,0.8270157923565702
2220,0.09924509267718382,0.4099578028251607,0.4091658249236932,0.6592732274842933,0.8407979375343857,0.8422020328614046,0.8272004496014945
2221,0.09924509267718382,0.4099897083847045,0.40925657131877674,0.6592732274842933,0.8408457958737012,0.8422339384209484,0.8272483079408101
2222,0.09924509267718382,0.4102394801277503,0.4092725240985487,0.6593320683198332,0.8409524950485567,0.84237299603067,0.8273873655505317
2223,0.09924509267718382,0.41037582615803675,0.4092725240985487,0.6593799266591488,0.8410003533878725,0.8425385360410652,0.8274352238898472
2224,0.09924509267718382,0.41040773171758055,0.4094248229086071,0.6593799266591488,0.8411394109975938,0.8426908348511236,0.8274830822291629
2225,0.09924509267718382,0.41046657255312036,0.4094863753235819,0.6595591607452034,0.8412169161923405,0.8427842928256423,0.8275309405684786
2226,0.0992610454569557,0.41052812496809515,0.4096773062310878,0.6596207131601781,0.8412647745316562,0.8428909920004978,0.8276243985429971
2227,0.09929295101649944,0.41058967738307006,0.4096773062310878,0.65969550677549,0.8413582325061747,0.8429388503398133,0.8277178565175156
2228,0.09929295101649944,0.41072602341335657,0.4096773062310878,0.6597114595552618,0.8414649316810302,0.842986708679129,0.8277497620770594
2229,0.09929295101649944,0.41099174793617427,0.4097548114258345,0.6598318528057765,0.8415583896555486,0.8430345670184445,0.827797620416375
2230,0.09930890379627132,0.4110692531309209,0.40985925189657724,0.6599093580005231,0.8415902952150925,0.8431280249929631,0.8278910783908936
2231,0.09954272275954522,0.41110115869046465,0.4099796451470919,0.6600753508862406,0.8416381535544081,0.8433259234382244,0.827984536365412
2232,0.09954272275954522,0.41116271110543945,0.41007039154217556,0.6601209505214435,0.8416700591139519,0.843478222248283,0.8282073728324618
2233,0.09954272275954522,0.4112402163001861,0.4100863443219474,0.6602121497918494,0.8418679575592132,0.8435260805875985,0.8282552311717774
2234,0.0996202279542919,0.41136060955070075,0.41016384951669405,0.660289654986596,0.8419158158985288,0.8435739389269141,0.8283486891462959
2235,0.09972738000446961,0.41136060955070075,0.4102413547114407,0.6603056077663678,0.8419636742378444,0.8436514441216608,0.8283805947058396
2236,0.09974333278424148,0.4113765623304726,0.4103909419420642,0.6603671601813427,0.8420571322123629,0.8436993024609764,0.8284125002653834
2237,0.09980217361978135,0.41142442066978824,0.4104068947218361,0.6603831129611144,0.8421049905516785,0.84373120802052,0.828460358604699
2238,0.09986101445532121,0.4114403734495601,0.4104228475016079,0.6606944371191351,0.8421528488909941,0.8437790663598358,0.8285082169440146
2239,0.09987696723509308,0.411485973084763,0.41049764111691966,0.6607400367543381,0.8423375061359184,0.8439181239695572,0.8285560752833302
2240,0.09987696723509308,0.4115178786443067,0.41052954667646346,0.660844477225081,0.8423853644752342,0.8440836639799525,0.8288377525859196
2241,0.09989292001486497,0.4115178786443067,0.4105883875120033,0.6608763827846247,0.8425244220849556,0.8441315223192681,0.8289312105604382
2242,0.09989292001486497,0.4115338314240786,0.4106362458513189,0.6608923355643965,0.8425722804242712,0.8442249802937867,0.8290246685349569
2243,0.09993851965006788,0.4117703619667875,0.4106681514108626,0.6609698407591432,0.8426201387635869,0.8443745675244103,0.8291181265094755
2244,0.10001602484481455,0.4118611083618712,0.41074294502617437,0.6610446343744549,0.8427135967381054,0.8444812666992658,0.8291659848487911
2245,0.10007757725978933,0.4118611083618712,0.4108204502209211,0.6610446343744549,0.8428070547126241,0.8446203243089871,0.8292594428233095
2246,0.10007757725978933,0.41198150161238584,0.41088200263589586,0.6610902340096578,0.8428549130519396,0.844652229868531,0.8293073011626253
2247,0.1000935300395612,0.41218838529966356,0.4109864431066387,0.6611358336448608,0.8429027713912552,0.8447000882078465,0.8293551595019408
2248,0.1000935300395612,0.4122658904944102,0.41104528394217854,0.6611973860598356,0.8430418290009766,0.8448067873827019,0.8294030178412565
2249,0.100155082454536,0.4122818432741821,0.41112007755749036,0.6612133388396074,0.8431649338309261,0.8448546457220175,0.8294508761805722
2250,0.10017103523430787,0.4123433956891569,0.41116793589680595,0.6612133388396074,0.843180886610698,0.8449025040613332,0.8294987345198878
2251,0.10017103523430787,0.4123593484689288,0.4112267767323458,0.6613040852346911,0.8432743445852166,0.8449800092560799,0.8295465928592034
2252,0.10017103523430787,0.41239125402847254,0.4112427295121177,0.661362926070231,0.8433222029245323,0.8449959620358517,0.8295944511985189
2253,0.10072987243126152,0.41248200042355615,0.41130428192709245,0.661408525705434,0.8434156608990508,0.8451026612107071,0.8296851975936027
2254,0.10077547206646444,0.41255679403886786,0.41139548119749836,0.6614860309001805,0.8434635192383665,0.8452257660406567,0.8297786555681211
2255,0.10082107170166735,0.4126183464538427,0.41141143397727015,0.6615019836799524,0.843556977212885,0.8452736243799724,0.8298265139074367
2256,0.10102795538894513,0.41265025201338645,0.41144333953681395,0.6615475833151553,0.8435888827724287,0.845367082354491,0.8299199718819553
2257,0.10107355502414807,0.4127250456286982,0.41145929231658585,0.6615931829503583,0.8436367411117445,0.8454149406938067,0.829967830221271
2258,0.10108950780391994,0.41281850360321676,0.41145929231658585,0.6615931829503583,0.8436686466712882,0.8454627990331223,0.8300612881957895
2259,0.10113510743912286,0.41285040916276045,0.4115208447315606,0.6616091357301301,0.8437165050106039,0.8455562570076408,0.8301679873706449
2260,0.10118070707432578,0.41286636194253234,0.4115687030708762,0.6616091357301301,0.8437643633499194,0.8457085558176993,0.8302158457099604
2261,0.10121261263386952,0.41288231472230424,0.4115687030708762,0.6616091357301301,0.8438122216892351,0.8458020137922178,0.830309303684479
2262,0.10122856541364139,0.412943867137279,0.41160060863042,0.661670688145105,0.8438441272487789,0.8459839594577071,0.8304483612942006
2263,0.1014623843769153,0.4129598199170509,0.41177984271647455,0.6617185464844206,0.8438760328083226,0.8460774174322256,0.8304962196335163
2264,0.1015079840121182,0.41297577269682273,0.41191618874676106,0.6618256985345983,0.8439535380030692,0.8461252757715413,0.8305440779728318
2265,0.1015079840121182,0.4130532778915695,0.41191618874676106,0.661887250949573,0.8440310431978159,0.8462187337460598,0.8306375359473503
2266,0.10152393679189008,0.4131148303065443,0.41210711965426694,0.6620263085592945,0.8440789015371314,0.8462962389408066,0.830685394286666
2267,0.101569536427093,0.4131148303065443,0.41222751290478155,0.6620422613390663,0.844126759876447,0.846448537750865,0.8307332526259815
2268,0.10180335539036692,0.4131307830863162,0.41222751290478155,0.662117054954378,0.8441746182157626,0.8465260429456117,0.8308267106005001
2269,0.10180335539036692,0.41317864142563177,0.41237981171483995,0.6624283791123986,0.8442224765550783,0.8465739012849273,0.8308745689398157
2270,0.10184895502556983,0.41340147789268145,0.41239576449461185,0.6624899315273735,0.844270334894394,0.8466217596242429,0.8310268677498743
2271,0.10189455466077274,0.4135537767027398,0.4126614890174295,0.6625647251426852,0.8443181932337095,0.8467152175987614,0.8310747260891899
2272,0.10189455466077274,0.41362857031805156,0.4126774417972014,0.6626718771928629,0.8444248924085649,0.8467630759380771,0.8311225844285055
2273,0.10189455466077274,0.41366047587759525,0.41275223541251305,0.6626718771928629,0.8444727507478806,0.8467949814976208,0.831216042403024
2274,0.10189455466077274,0.41369238143713905,0.41419028482494685,0.6627493823876096,0.8445794499227361,0.8468428398369364,0.8313095003775425
2275,0.10189455466077274,0.41370833421691094,0.4142677900196935,0.662842840362128,0.8446273082620517,0.846920345031683,0.8313573587168581
2276,0.10196934827608446,0.41379908061199455,0.41429969557923724,0.6628587931419,0.8447207662365703,0.8471182434769445,0.8315801951839077
2277,0.10196934827608446,0.41383098617153835,0.41435853641477716,0.6628587931419,0.844798271431317,0.8471661018162601,0.8316280535232234
2278,0.10198530105585633,0.41392173256662185,0.41445199438929575,0.6628587931419,0.8449373290410385,0.8472139601555757,0.831721511497742
2279,0.10200125383562822,0.41393768534639375,0.41457509921924535,0.6628747459216718,0.8449692346005823,0.8472299129353476,0.8318149694722605
2280,0.10200125383562822,0.41412861625389963,0.41457509921924535,0.6628906987014438,0.8450626925751007,0.8473233709098661,0.831908427446779
2281,0.10207604745093996,0.41420612144864644,0.41462069885444824,0.6632476224946673,0.8451105509144163,0.8473712292491818,0.8319562857860947
2282,0.10207604745093996,0.4142836266433931,0.41471144524953185,0.663279528054211,0.8451584092537321,0.8475691276944431,0.8320041441254102
2283,0.10210795301048371,0.4145361099658737,0.4147433508090756,0.6632954808339828,0.8452062675930476,0.8476758268692985,0.8321432017351318
2284,0.10218274662579548,0.4147110880936078,0.41477525636861934,0.6633114336137548,0.8452381731525913,0.8477236852086141,0.8321910600744473
2285,0.10219869940556735,0.41477264050858254,0.414852761563366,0.6633114336137548,0.8452700787121351,0.8477715435479299,0.8323433588845058
2286,0.10224429904077025,0.41478859328835443,0.41492755517867774,0.6633570332489576,0.8453019842716788,0.8478194018872455,0.8323912172238214
2287,0.10249407078381605,0.41621068992101634,0.4149435079584496,0.6634482325193635,0.8453338898312226,0.8478672602265611,0.8324390755631371
2288,0.10249407078381605,0.4162562895562193,0.415138694824276,0.6635394317897693,0.8453657953907663,0.8479607182010795,0.8324869339024528
2289,0.10249407078381605,0.416288195115763,0.41520024723925086,0.6635394317897693,0.8453977009503101,0.8480541761755982,0.8325188394619966
2290,0.10251002356358792,0.4163789415108466,0.4152777524339975,0.663571337349313,0.8454296065098538,0.8481020345149138,0.8325666978013121
2291,0.10251002356358792,0.4164108470703904,0.41533930484897225,0.6635872901290849,0.8454774648491695,0.8481954924894325,0.8326601557758306
2292,0.10255562319879082,0.41646968790593025,0.4155142829767063,0.6636328897642879,0.8455253231884851,0.8482889504639509,0.8327080141151463
2293,0.10257157597856269,0.41648564068570215,0.4155142829767063,0.6637240890346937,0.8456187811630038,0.8483824084384693,0.832844360145433
2294,0.10257157597856269,0.41648564068570215,0.4155302357564782,0.6637559945942375,0.8456666395023194,0.8484302667777849,0.8328922184847485
2295,0.10257157597856269,0.4168239001197188,0.4156665817867647,0.6637719473740094,0.845714497841635,0.8484781251171007,0.8329400768240642
2296,0.10257157597856269,0.4168827409552586,0.41569848734630843,0.663833499788984,0.8457623561809505,0.8485556303118474,0.8329400768240642
2297,0.10260348153810644,0.4169415817907985,0.41576003976128334,0.6638494525687559,0.8458102145202663,0.848603488651163,0.832956029603836
2298,0.10264908117330937,0.4169575345705704,0.41580563939648624,0.6638654053485278,0.8459036724947848,0.8486809938459097,0.832956029603836
2299,0.10264908117330937,0.41698944013011413,0.4158963857915698,0.6639429105432745,0.8459515308341004,0.8487128994054532,0.832956029603836
2300,0.10272387478862109,0.4170669453248608,0.4159711794068815,0.6640017513788142,0.846029036028847,0.848744804964997,0.8329879351633799
2301,0.10272387478862109,0.4172032913551474,0.4160486846016282,0.6640017513788142,0.8460609415883907,0.8488382629395155,0.8329879351633799
2302,0.10276947442382403,0.4172351969146911,0.41612347821693996,0.6640017513788142,0.8461543995629093,0.8489317209140341,0.8329879351633799
2303,0.1027854272035959,0.417251149694463,0.41616907785214285,0.6640473510140172,0.846186305122453,0.8490251788885528,0.8329879351633799
2304,0.1027854272035959,0.4175195857967155,0.4162894711026575,0.6640633037937891,0.8462182106819968,0.8490730372278683,0.8330038879431517
2305,0.10301924616686982,0.41756518543191845,0.41649635478993535,0.6641248562087639,0.8463249098568523,0.849120895567184,0.8330038879431517
2306,0.10301924616686982,0.4176426906266651,0.4166327008202219,0.6642023614035106,0.8463568154163958,0.8492143535417026,0.8330038879431517
2307,0.10306484580207273,0.417658643406437,0.4167530940707365,0.6642479610387135,0.8463887209759396,0.8492462591012462,0.8330038879431517
2308,0.10313963941738447,0.417658643406437,0.4167690468505084,0.6642639138184854,0.8464821789504583,0.8493397170757648,0.8330038879431517
2309,0.10318523905258739,0.4177817482363866,0.4168146464857113,0.6643254662334602,0.8465300372897739,0.8493875754150805,0.8330038879431517
2310,0.10318523905258739,0.4178136537959303,0.4169896246134453,0.6644189242079787,0.8465778956290895,0.8494810333895989,0.8330038879431517
2311,0.10320119183235926,0.4178911589906769,0.417067129808192,0.6645260762581564,0.8466713536036081,0.8495288917289147,0.8330038879431517
2312,0.10320119183235926,0.4179230645502207,0.4171419234235037,0.6646008698734681,0.8467032591631519,0.8496223497034331,0.8330038879431517
2313,0.103275985447671,0.41797092288953636,0.41718752305870666,0.6646597107090081,0.8467511175024676,0.8496702080427487,0.8330038879431517
2314,0.10329193822744287,0.41798687566930826,0.4172353813980223,0.6647212631239829,0.8468286226972143,0.8497180663820643,0.8330198407229236
2315,0.10332384378698661,0.4180616692846199,0.41731017501333406,0.6647531686835266,0.8468764810365298,0.849811524356583,0.8330357935026954
2316,0.10336944342218954,0.4181661097553627,0.4173876802080807,0.6647691214632985,0.8469243393758454,0.8499049823311015,0.8330676990622392
2317,0.10344694861693622,0.41841859307784346,0.41744652104362057,0.6648306738782732,0.846972197715161,0.8499368878906453,0.833083651842011
2318,0.10344694861693622,0.4184345458576153,0.4174784266031643,0.6653508789777794,0.8472718250517304,0.849968793450189,0.833924166341554
2319,0.10344694861693622,0.418512051052362,0.4175240262383672,0.665664914715235,0.8474108826614518,0.8500166517895046,0.8340308655164095
2320,0.10350850103191099,0.41858684466767376,0.41755593179791095,0.6657424199099817,0.8475631814715103,0.8500645101288202,0.834169923126131
2321,0.10350850103191099,0.4186187502272175,0.4176334369926576,0.6660537440680022,0.8477743211171085,0.8501123684681358,0.8342930279560805
2322,0.10354040659145473,0.41868030264219225,0.4176334369926576,0.6661285376833139,0.847822179456424,0.8502970257130603,0.8343408862953962
2323,0.10354040659145473,0.418932785964673,0.4176493897724295,0.6662033312986256,0.8479156374309427,0.8504360833227816,0.8344931851054546
2324,0.10354040659145473,0.4190102911594196,0.4176493897724295,0.6662648837136005,0.8480090954054611,0.8504839416620975,0.834736683185919
2325,0.10360195900642953,0.41904219671896337,0.4176653425522014,0.6666058547270521,0.8481613942155196,0.8505773996366159,0.8348433823607745
2326,0.10360195900642953,0.4191037491339383,0.41768129533197323,0.6666377602865959,0.8483592926607808,0.8507164572463374,0.83489124070009
2327,0.10361791178620142,0.41918125432868486,0.41779897700305296,0.6666993127015707,0.8484527506352992,0.8507939624410841,0.8350567807104853
2328,0.10364981734574519,0.41940409079573454,0.41789243497757156,0.6667152654813425,0.8485462086098179,0.8508418207803996,0.835104639049801
2329,0.10366577012551706,0.4194656432107094,0.4179539873925463,0.6667152654813425,0.8487308658547423,0.8508896791197152,0.8351524973891167
2330,0.10368172290528893,0.41948159599048124,0.4179539873925463,0.6667927706760892,0.8488964058651377,0.8509375374590308,0.8352459553636352
2331,0.1036976756850608,0.41948159599048124,0.41821971191536395,0.6669318282858108,0.8489442642044535,0.8509853957983464,0.8353982541736936
2332,0.10372958124460456,0.419513501550025,0.4182972171101106,0.6669637338453545,0.8489921225437691,0.8510332541376623,0.835491712148212
2333,0.10372958124460456,0.4195294543297969,0.41832912266965433,0.6669956394048983,0.8490855805182876,0.8511267121121807,0.8355984113230678
2334,0.10372958124460456,0.4195750539649998,0.41844951592016905,0.6670434977442138,0.8492246381280089,0.8511745704514962,0.8356462696623834
2335,0.10374553402437643,0.41985673126758927,0.41846546869994083,0.6671050501591886,0.8493180961025276,0.8512224287908119,0.8357397276369019
2336,0.1039793529876503,0.41985673126758927,0.41854026231525265,0.6672281549891381,0.8493659544418433,0.8513158867653305,0.8358331856114204
2337,0.10403819382319018,0.4199474776626729,0.41855621509502455,0.667289707404113,0.8494594124163618,0.851409344739849,0.8358810439507359
2338,0.10405414660296206,0.4199793832222166,0.4185721678747965,0.6673056601838848,0.8495072707556773,0.8514572030791645,0.8359289022900517
2339,0.10405414660296206,0.42017031412972256,0.4186310087103363,0.6673968594542907,0.849584775950424,0.8514891086387083,0.8360223602645702
2340,0.10409974623816498,0.420277013304578,0.41874869038141604,0.6674128122340625,0.8496782339249426,0.8517119451057579,0.8360702186038859
2341,0.10415858707370483,0.42030891886412175,0.41876464316118783,0.6674903174288093,0.8497260922642582,0.8517598034450737,0.8361636765784044
2342,0.10417453985347672,0.42032487164389365,0.41888503641170255,0.6675381757681248,0.8498195502387768,0.8518532614195922,0.8362703757532598
2343,0.10423338068901658,0.42041832961841213,0.41894658882667735,0.6676156809628716,0.8499130082132953,0.8519467193941108,0.8364815153988581
2344,0.10423338068901658,0.4204958348131588,0.41896254160644925,0.6676316337426436,0.8499608665526109,0.8519945777334265,0.8365293737381736
2345,0.10423338068901658,0.4204958348131588,0.4191831193693861,0.66776797977293,0.8500087248919266,0.8522630138356792,0.8365772320774895
2346,0.10423338068901658,0.4205117875929307,0.41929027141956393,0.6678295321879048,0.8501154240667821,0.852294919395223,0.8366679784725728
2347,0.10423338068901658,0.4205277403727025,0.4195400431626097,0.6679043258032166,0.8501473296263259,0.8523268249547665,0.8367746776474284
2348,0.1043245799594224,0.4207505768397522,0.4195856427978126,0.668027430633166,0.8502407876008444,0.8525496614218163,0.836822535986744
2349,0.1043245799594224,0.4210619009977727,0.4196175483573563,0.6681022242484776,0.8502886459401601,0.8525975197611319,0.8368703943260596
2350,0.10434053273919427,0.4212528319052787,0.41964945391690006,0.6681956822229963,0.8503821039146786,0.8526453781004475,0.8370682927713211
2351,0.10435648551896616,0.4213462898797972,0.4196813594764438,0.6682731874177429,0.8504299622539941,0.8527388360749659,0.8371617507458395
2352,0.10463590411744299,0.4213622426595691,0.41978851152662155,0.6683320282532829,0.8505234202285126,0.8528322940494846,0.837255208720358
2353,0.10463590411744299,0.42153722078730316,0.41986601672136825,0.6684364687240255,0.8505712785678283,0.852925752024003,0.8373486666948767
2354,0.10465185689721486,0.4216147259820498,0.419970457192111,0.6685139739187722,0.8506647365423469,0.8529736103633186,0.8373965250341923
2355,0.10471340931218963,0.4218804505048675,0.41998640997188286,0.668545879478316,0.8507581945168654,0.8530214687026342,0.8374899830087107
2356,0.10471340931218963,0.42198760255504525,0.42004796238685765,0.6686795139291678,0.8508060528561809,0.8531149266771528,0.8375378413480266
2357,0.10496318105523542,0.42204915497002005,0.42023889329436354,0.6687410663441425,0.8508967992512646,0.8532539842868744,0.8375856996873421
2358,0.10497913383500729,0.4221426129445386,0.42023889329436354,0.6689070592298599,0.8509446575905801,0.8533018426261899,0.8377247572970634
2359,0.10499508661477916,0.42230860583025615,0.4202707988539073,0.669082037357594,0.8510221627853268,0.8533497009655056,0.837772615636379
2360,0.1063715836122381,0.42232455861002804,0.42169289548656924,0.6692612714436483,0.8511425560358414,0.8533975593048211,0.8378045211959227
2361,0.10638753639200997,0.4223564641695718,0.4217088482663411,0.6693068710788512,0.8512360140103599,0.8534294648643649,0.8379568200059813
2362,0.10640348917178184,0.4224636162197495,0.42176768910188095,0.6694140231290291,0.8512838723496756,0.8536273633096265,0.8380343252007278
2363,0.10640348917178184,0.4224795689995214,0.42184248271719266,0.6695636103596526,0.8513773303241942,0.853720821284145,0.8381277831752466
2364,0.10641944195155371,0.4225251686347243,0.42199206994781613,0.6698133821026985,0.8514251886635098,0.8537686796234605,0.8381756415145621
2365,0.10641944195155371,0.422599962250036,0.4221713040338706,0.6698881757180101,0.8514730470028253,0.8538621375979789,0.8382690994890806
2366,0.10641944195155371,0.4226455618852389,0.42235324969936,0.6699497281329848,0.8515209053421411,0.8539099959372946,0.838466997934342
2367,0.10646504158675665,0.4228820924279477,0.4223851552589038,0.6700865270385936,0.8515687636814566,0.8539578542766101,0.8385736971091975
2368,0.10648099436652853,0.42291399798749146,0.42240110803867564,0.6702525199243112,0.8516622216559752,0.8540057126159257,0.8386215554485131
2369,0.10657174076161216,0.4231664813099722,0.4224626604536505,0.6702684727040832,0.8517556796304937,0.8540535709552413,0.8387579014787996
2370,0.10663058159715201,0.423198386869516,0.4226832382165874,0.6703592190991667,0.8518035379698095,0.8541470289297602,0.8388057598181151
2371,0.10663058159715201,0.4232143396492879,0.4227310965559031,0.6704367242939134,0.8518513963091251,0.854178934489304,0.8388536181574308
2372,0.10663058159715201,0.4232302924290597,0.4228514898064176,0.670484582633229,0.8518833018686689,0.8542723924638225,0.8389014764967465
2373,0.10667618123235492,0.42330508604437145,0.42294223620150123,0.6705757819036349,0.8519311602079843,0.854320250803138,0.8389949344712649
2374,0.10672178086755785,0.42342547929488616,0.4230037886164761,0.6706505755189467,0.852024618182503,0.8543681091424536,0.8390427928105806
2375,0.10678062170309773,0.4236912038177038,0.4230945350115597,0.6707413219140304,0.8520724765218186,0.8544000147019974,0.8391494919854363
2376,0.1067965744828696,0.42378195021278736,0.42321492826207435,0.670848473964208,0.852224775331877,0.8544934726765159,0.8392429499599547
2377,0.10681252726264147,0.42379790299255926,0.42323088104184625,0.670848473964208,0.8522726336711927,0.8545413310158314,0.8392908082992704
2378,0.10682848004241334,0.42381385577233116,0.423292433456821,0.6709551731390634,0.8523660916457113,0.8545891893551473,0.839368313494017
2379,0.10687407967761627,0.42403443353526804,0.4247304828692548,0.671003031478379,0.8524139499850268,0.8546666945498936,0.8394617714685356
2380,0.10687407967761627,0.42435899889362555,0.42482122926433846,0.6710805366731257,0.8524458555445705,0.8547601525244123,0.8394936770280792
2381,0.10687407967761627,0.4244634393643683,0.42492792843919397,0.6710964894528977,0.8524777611041144,0.8548080108637279,0.8396003762029348
2382,0.10689003245738814,0.424495344923912,0.42495983399873777,0.6711739946476443,0.8527917968415699,0.8549311156936776,0.8396482345422505
2383,0.10690598523716002,0.4245112977036839,0.42503462761404953,0.6711899474274161,0.8528396551808854,0.8549630212532212,0.839696092881566
2384,0.10690598523716002,0.42458880289843065,0.4250505803938214,0.6712970994775938,0.8528715607404292,0.854994926812765,0.8397895508560845
2385,0.1069219380169319,0.42470919614894526,0.4250505803938214,0.6713130522573657,0.8529650187149478,0.8550427851520807,0.8398374091954002
2386,0.10698349043190669,0.4248136366196881,0.4250665331735933,0.6713905574521124,0.8532334548172003,0.8550587379318526,0.8398852675347158
2387,0.10698349043190669,0.4248751890346628,0.42512537400913314,0.6714065102318842,0.8532813131565161,0.8551065962711683,0.8399171730942595
2388,0.10698349043190669,0.4248911418144347,0.4251572795686769,0.6714840154266308,0.8533291714958317,0.855138501830712,0.8400079194893433
2389,0.10698349043190669,0.42495269422940957,0.4251891851282206,0.6716044086771457,0.8533451242756035,0.8551863601700276,0.8400557778286589
2390,0.10698349043190669,0.42496864700918147,0.42526397874353233,0.6716363142366895,0.853392982614919,0.8552342185093432,0.8401332830234055
2391,0.1070313487712223,0.42522113033166214,0.42540032477381884,0.6716978666516642,0.8534408409542347,0.8552820768486588,0.8402399821982609
2392,0.1070313487712223,0.42525303589120583,0.42540032477381884,0.6717138194314362,0.8535342989287533,0.8553299351879744,0.8403334401727796
2393,0.1070313487712223,0.42530089423052153,0.42541627755359074,0.6717457249909798,0.8535821572680689,0.8553618407475182,0.8403812985120952
2394,0.10710614238653406,0.4253168470102933,0.42550702394867435,0.6718688298209294,0.8536300156073845,0.8554552987220368,0.8404291568514107
2395,0.10712209516630593,0.4253327997900652,0.4255229767284462,0.6719166881602451,0.8537234735819031,0.8555487566965553,0.8404770151907264
2396,0.1071809360018458,0.42543949896492067,0.4256274171991889,0.6719485937197888,0.8537553791414468,0.8555966150358709,0.8405704731652449
2397,0.1071809360018458,0.42547140452446447,0.425802395326923,0.6719804992793326,0.8538032374807625,0.8556444733751867,0.8407095307749664
2398,0.1071809360018458,0.42570522348773837,0.4260252317939726,0.6720580044740793,0.8538510958200781,0.8556923317145023,0.8408162299498217
2399,0.10721284156138955,0.4258256167382531,0.42608678420894747,0.6720739572538511,0.8538989541593938,0.8557242372740461,0.8409096879243404
2400,0.10722879434116142,0.42607538848129883,0.4261615778242592,0.6721943505043658,0.8539308597189375,0.8557720956133618,0.840957546263656
2401,0.10722879434116142,0.4261072940408426,0.4262952122751108,0.6722103032841377,0.8541536961859871,0.8558040011729052,0.8410054046029717
2402,0.10724474712093329,0.42616613487638244,0.4262952122751108,0.6722262560639095,0.8542471541605057,0.855897459147424,0.8411577034130302
2403,0.10724474712093329,0.4261980404359262,0.42631116505488265,0.6723334081140871,0.8542950124998213,0.8559909171219424,0.8411896089725739
2404,0.10726069990070516,0.42621399321569803,0.42646346386494105,0.6723493608938591,0.8543428708391368,0.856038775461258,0.8413419077826324
2405,0.10730629953590808,0.4264208769029759,0.42654096905968775,0.672394960529062,0.8543907291784526,0.8560866338005736,0.8413897661219479
2406,0.10735189917111101,0.4264208769029759,0.42663171545477135,0.6724565129440367,0.8544066819582243,0.8561344921398893,0.8414376244612636
2407,0.1073678519508829,0.4265572229332624,0.42663171545477135,0.6726065530499825,0.8544545402975401,0.8562735497496107,0.8415310824357821
2408,0.1073678519508829,0.42658912849280617,0.42672246184985496,0.6726225058297542,0.8545479982720585,0.8563214080889262,0.8415789407750978
2409,0.10764727054935969,0.42678005940031205,0.42673841462962686,0.672700011024501,0.854595856611374,0.8563692664282418,0.8416267991144134
2410,0.10770882296433447,0.4268119649598558,0.42673841462962686,0.6727159638042729,0.8546118093911461,0.8564627244027605,0.8416746574537289
2411,0.10772477574410637,0.4268598232991714,0.4268428551003696,0.6728231158544505,0.8546596677304616,0.8565105827420761,0.8417225157930446
2412,0.10772477574410637,0.4268757760789433,0.4269340543707754,0.6728819566899903,0.8547075260697773,0.8566040407165948,0.8418159737675631
2413,0.10772477574410637,0.4268917288587151,0.4269796540059783,0.6729435091049651,0.854798272464861,0.8566518990559103,0.8419094317420817
2414,0.10774072852387824,0.42693958719803077,0.42702525364118127,0.6729754146645088,0.8548757776596076,0.856745357030429,0.8419572900813973
2415,0.10804934110246388,0.42700113961300556,0.42702525364118127,0.6730369670794837,0.8549532828543545,0.8567932153697446,0.8420507480559158
2416,0.10804934110246388,0.4270489979523212,0.42724809010823095,0.6731144722742304,0.85500114119367,0.8568251209292884,0.8420986063952315
2417,0.10806529388223575,0.42706495073209305,0.42738172455908247,0.6731463778337741,0.8550945991681884,0.856872979268604,0.8421464647345471
2418,0.10806529388223575,0.42712650314706796,0.4274432769740573,0.6732371242288578,0.8551424575075042,0.8569208376079196,0.8422399227090657
2419,0.10811089351743867,0.4272172495421515,0.4274592297538292,0.6732690297884015,0.8552359154820227,0.8569686959472352,0.8423174279038123
2420,0.10814279907698242,0.4273376427926662,0.4274751825336011,0.6733894230389162,0.8553134206767693,0.8570165542865508,0.842365286243128
2421,0.10814279907698242,0.4274580360431808,0.42754997614891294,0.673496575089094,0.855406878651288,0.8570484598460946,0.8424131445824437
2422,0.10818839871218534,0.4274739888229527,0.4275659289286847,0.6735554159246337,0.8554547369906036,0.8570963181854102,0.842519843757299
2423,0.10818839871218534,0.4274739888229527,0.4276274813436596,0.6736010155598365,0.8554866425501472,0.8571441765247257,0.8425677020966147
2424,0.10820435149195722,0.4275514940176994,0.42780245947139356,0.6736169683396085,0.855534500889463,0.8571920348640414,0.8426155604359303
2425,0.10822030427172909,0.4277720717806363,0.4278613003069335,0.6737533143698952,0.8555823592287786,0.8572398932033569,0.8426930656306769
2426,0.10826590390693201,0.4278039773401801,0.4280113404128792,0.6737692671496671,0.8556302175680942,0.8572877515426726,0.8427249711902206
2427,0.10832474474247186,0.42790841781092287,0.4280432459724229,0.6737692671496671,0.8557236755426127,0.8573356098819883,0.8427728295295364
2428,0.10842918521321465,0.42790841781092287,0.42811803958773464,0.6737852199294388,0.8557555811021564,0.857383468221304,0.8428206878688519
2429,0.10842918521321465,0.42801556986110056,0.42833861735067164,0.6738330782687546,0.855849039076675,0.8574313265606196,0.8428685462081675
2430,0.10842918521321465,0.42807712227607536,0.42841341096598334,0.6739105834635012,0.8558968974159905,0.8575247845351383,0.8429004517677113
2431,0.10842918521321465,0.42815462747082206,0.4285629981966068,0.673942489023045,0.8559447557553063,0.8575726428744538,0.8429939097422299
2432,0.10848802604875453,0.4282161798857968,0.4286245506115816,0.673988088658248,0.8560382137298248,0.8576205012137694,0.8430417680815455
2433,0.10848802604875453,0.4282321326655687,0.4286245506115816,0.6740496410732227,0.8560860720691404,0.8577139591882879,0.8430736736410893
2434,0.1085039788285264,0.428397672675964,0.4287449438620962,0.6740496410732227,0.8561339304084561,0.8577618175276034,0.8431671316156079
2435,0.10854957846372931,0.42842957823550776,0.4287449438620962,0.6741271462679693,0.8562273883829745,0.857809675866919,0.8432738307904634
2436,0.10854957846372931,0.4285659242657943,0.4288197374774079,0.6741430990477412,0.8562592939425183,0.8578575342062348,0.843367288764982
2437,0.1085655312435012,0.42859782982533806,0.4291151088556566,0.674159051827513,0.856307152281834,0.8579053925455504,0.8434447939597284
2438,0.1085655312435012,0.42859782982533806,0.4291899024709684,0.6742365570222598,0.8564006102563524,0.8579961389406338,0.8434926522990442
2439,0.1085655312435012,0.4286137826051099,0.4291899024709684,0.6742525098020316,0.8564325158158962,0.8581028381154894,0.8435405106383598
2440,0.10862437207904106,0.4286593822403128,0.42928064886605205,0.6743113506375715,0.8564803741552117,0.858150696454805,0.8435883689776754
2441,0.10864032485881295,0.4287368874350595,0.42935544248136376,0.6743569502727744,0.8565282324945274,0.8581985547941205,0.843636227316991
2442,0.10867223041835669,0.428873233465346,0.42938734804090756,0.6744025499079774,0.8565760908338432,0.8583508536041791,0.8436840856563066
2443,0.10867223041835669,0.42895073866009265,0.42941925360045125,0.6744025499079774,0.8566239491731588,0.8584575527790347,0.8437319439956222
2444,0.10868818319812856,0.4290255322754044,0.42941925360045125,0.6744481495431802,0.8566718075124744,0.8585054111183503,0.843779802334938
2445,0.1087200887576723,0.4290255322754044,0.42946485323565414,0.674480055102724,0.8567196658517899,0.8585532694576659,0.8438276606742536
2446,0.10873604153744418,0.42927530401845015,0.42957155241050965,0.674496007882496,0.8567675241911056,0.8586011277969815,0.8439211186487721
2447,0.10873604153744418,0.42945453810450473,0.4296331048254844,0.6745119606622677,0.8568153825304211,0.858648986136297,0.8439689769880876
2448,0.10876794709698794,0.42945453810450473,0.42970789844079615,0.6745735130772427,0.8569220817052768,0.8586968444756129,0.8440624349626061
2449,0.10876794709698794,0.42945453810450473,0.42972385122056805,0.6745735130772427,0.8569699400445925,0.8587447028149284,0.8441102933019218
2450,0.10876794709698794,0.4295881725553564,0.4298013564153147,0.6746510182719893,0.857017798383908,0.8587925611542441,0.8442037512764403
2451,0.10878389987675981,0.42963377219055926,0.4298173091950866,0.6747741231019388,0.8570656567232237,0.8588992603290995,0.8443560500864987
2452,0.10886140507150648,0.4296953246055341,0.4298332619748585,0.6748060286614826,0.8571135150625392,0.8589471186684153,0.8443879556460426
2453,0.10887735785127835,0.42975687702050885,0.42984921475463034,0.6748219814412546,0.8571613734018548,0.8589949770077309,0.8444358139853582
2454,0.10893619868681823,0.4298476234155925,0.42998556078491684,0.6748379342210263,0.8572548313763733,0.8590428353470465,0.8445292719598768
2455,0.10893619868681823,0.4298795289751362,0.43000151356468874,0.6748379342210263,0.8573026897156891,0.8591362933215649,0.8445771302991925
2456,0.10893619868681823,0.4300158750054228,0.43004711319989164,0.6748538870007983,0.8573505480550047,0.8591841516608805,0.8446090358587361
2457,0.10899503952235808,0.43023871147247245,0.43010866561486655,0.6748994866360011,0.8574280532497511,0.8592320100001961,0.8447613346687946
2458,0.10899503952235808,0.4302706170320162,0.43010866561486655,0.6749313921955449,0.8575215112242698,0.8592798683395116,0.8447932402283382
2459,0.10902694508190183,0.43028656981178803,0.4301834592301782,0.6750517854460596,0.8575693695635853,0.8594189259492332,0.844841098567654
2460,0.10902694508190183,0.43033442815110373,0.4301834592301782,0.6750677382258314,0.857662827538104,0.859450831508777,0.8448889569069695
2461,0.10908849749687663,0.4303822864904193,0.43022905886538115,0.6750677382258314,0.8577106858774196,0.8594827370683208,0.8449824148814881
2462,0.1091044502766485,0.4303982392701912,0.43027465850058405,0.6750677382258314,0.8577585442167351,0.8595761950428392,0.8450891140563436
2463,0.11048094727410747,0.43043014482973496,0.43052443024362985,0.6750677382258314,0.8578064025560508,0.8596240533821548,0.8451369723956592
2464,0.11055574088941919,0.4304460976095068,0.43057002987883275,0.6751133378610343,0.8578542608953666,0.8596719117214706,0.8452304303701778
2465,0.11055574088941919,0.43049395594882245,0.4306019354383765,0.675145243420578,0.8578861664549102,0.8597197700607863,0.8452782887094934
2466,0.11055574088941919,0.4306011079990001,0.43079286634588243,0.6751611962003499,0.8579340247942258,0.8597676284001018,0.8453261470488089
2467,0.11055574088941919,0.43067590161431185,0.4309837972533883,0.6751771489801218,0.8579818831335416,0.8598610863746202,0.8453580526083527
2468,0.11055574088941919,0.43076664800939546,0.43101570281293206,0.6752546541748684,0.8580137886930852,0.8599089447139361,0.8454647517832082
2469,0.11061458172495905,0.4308254888449353,0.43103165559270396,0.675375047425383,0.858045694252629,0.8599408502734797,0.8455126101225239
2470,0.11061458172495905,0.4308254888449353,0.4311652900435556,0.6754206470605859,0.8580935525919445,0.8599887086127954,0.8455445156820677
2471,0.11061458172495905,0.4309029940396821,0.4311812428233275,0.6754365998403579,0.8581414109312602,0.8600954077876508,0.8455923740213832
2472,0.11061458172495905,0.43091894681945386,0.4311812428233275,0.6754821994755608,0.858173316490804,0.8601432661269665,0.8456402323606989
2473,0.11063053450473093,0.43095085237899766,0.4312560364386392,0.6755277991107637,0.8582211748301195,0.860191124466282,0.8456880907000145
2474,0.11063053450473093,0.43098275793854135,0.43128794199818293,0.6755597046703075,0.8582371276098916,0.8602389828055976,0.8457359490393301
2475,0.1106464872845028,0.4311647036040309,0.4313467828337228,0.6756212570852823,0.85833058558441,0.8602868411449133,0.8457838073786458
2476,0.11089625902754857,0.4311806563838028,0.4313467828337228,0.675696050700594,0.8583784439237256,0.8603187467044571,0.8458316657179613
2477,0.11089625902754857,0.4313170024140893,0.4314698876636724,0.6758488023859746,0.8584263022630414,0.8603666050437726,0.8458795240572771
2478,0.11089625902754857,0.4316283265721099,0.4316783157298357,0.6759395487810582,0.858458207822585,0.8604144633830882,0.8459114296168208
2479,0.11089625902754857,0.4316442793518818,0.43169426850960757,0.6759555015608302,0.8585060661619006,0.8604623217224038,0.8459592879561364
2480,0.11091221180732046,0.4316761849114255,0.43171022128937947,0.6759555015608302,0.8585539245012164,0.8605101800617196,0.846007146295452
2481,0.11092816458709233,0.4317509785267373,0.4317717737043542,0.6759555015608302,0.85858583006076,0.8605580384010352,0.8460550046347676
2482,0.1109441173668642,0.43178288408628096,0.431978657391632,0.67601434239637,0.8586177356203037,0.8606058967403508,0.8462529030800289
2483,0.11097602292640794,0.43201941462898985,0.43211500342191855,0.67601434239637,0.8586655939596194,0.8606537550796663,0.8463007614193445
2484,0.11100792848595172,0.43207825546452966,0.4321765558368934,0.676030295176142,0.8586815467393915,0.8607604542545221,0.8463486197586602
2485,0.11100792848595172,0.43217171343904826,0.43219250861666525,0.6760918475911167,0.858729405078707,0.8608083125938376,0.8463805253182038
2486,0.11105352812115463,0.4322173130742512,0.43220846139643715,0.6761534000060916,0.8587613106382508,0.8608561709331533,0.8464283836575195
2487,0.1110694809009265,0.4323107710487697,0.43224036695598095,0.6761534000060916,0.8588547686127692,0.8609040292724688,0.8464762419968352
2488,0.11112832173646638,0.4323882762435164,0.43228596659118385,0.6761693527858635,0.8589026269520851,0.8609518876117844,0.8465241003361508
2489,0.11124871498698102,0.4324042290232883,0.43234751900615864,0.6762468579806101,0.8589960849266035,0.8610453455863031,0.8465719586754664
2490,0.1112646677667529,0.4324520873626039,0.4323794245657024,0.6762468579806101,0.859043943265919,0.8610772511458467,0.846619817014782
2491,0.11128062054652478,0.43251363977757873,0.4325544026934364,0.6762468579806101,0.8590918016052347,0.8611251094851624,0.8466676753540977
2492,0.11129657332629665,0.4325455453371224,0.43260226103275207,0.6762924576158131,0.8591396599445505,0.8612774082952208,0.8467155336934132
2493,0.11129657332629665,0.4325614981168943,0.43261821381252397,0.6762924576158131,0.8591875182838661,0.8613708662697394,0.8468089916679319
2494,0.11129657332629665,0.4326203389524342,0.43261821381252397,0.6763512984513529,0.8592194238434097,0.8614187246090549,0.8468408972274756
2495,0.11131252610606852,0.4326203389524342,0.4326341665922958,0.6763832040108966,0.8592672821827255,0.8614665829483705,0.8468728027870195
2496,0.11140327250115215,0.432681891367409,0.4326501193720677,0.6763832040108966,0.8592991877422691,0.8615144412876862,0.846920661126335
2497,0.11140327250115215,0.43277263776249264,0.4326957190072706,0.6764607092056433,0.8593766929370157,0.86154634684723,0.8469685194656507
2498,0.11144887213635507,0.4327885905422645,0.4328866499147765,0.6764926147651871,0.8594245512763313,0.8615782524067738,0.8470619774401693
2499,0.11144887213635507,0.4328793369373481,0.4330389487248349,0.6765245203247308,0.8594724096156469,0.8616261107460893,0.8471098357794848
2500,0.11146482491612694,0.4328793369373481,0.43311374234014666,0.6765404731045026,0.8595202679549625,0.861673969085405,0.8471576941188005
2501,0.11148077769589883,0.43295413055265985,0.43325008837043316,0.6765564258842746,0.8595681262942783,0.8617218274247205,0.847205552458116
2502,0.1114967304756707,0.4332039022957056,0.43329794670974875,0.6765723786640463,0.8596000318538218,0.8617696857640362,0.8472534107974318
2503,0.1114967304756707,0.43326274313124546,0.4333298522692925,0.6766042842235901,0.8596478901931375,0.8618175441033518,0.8473012691367473
2504,0.1114967304756707,0.4332786959110173,0.4333754519044954,0.6766954834939959,0.8596957485324533,0.8618654024426674,0.847349127476063
2505,0.11152863603521444,0.43332655425033295,0.4334233102438111,0.6767273890535397,0.8597276540919971,0.8619132607819832,0.8473969858153786
2506,0.11152863603521444,0.4333584598098767,0.43345521580335483,0.6767273890535397,0.8597755124313127,0.8619611191212987,0.8474448441546942
2507,0.11154458881498633,0.4334063181491923,0.4334711685831267,0.6767273890535397,0.8598689704058311,0.8620089774606143,0.8474927024940099
2508,0.11157649437453007,0.4334222709289642,0.4336102261928481,0.6767729886887426,0.8598849231856032,0.86205683579993,0.8475861604685283
2509,0.11163533521006992,0.4334701292682798,0.43368501980815993,0.6767889414685144,0.8599327815249187,0.8621046941392456,0.847634018807844
2510,0.11169417604560979,0.43348608204805167,0.43380541305867454,0.6768208470280582,0.8599806398642343,0.8621525524785612,0.8477115240025906
2511,0.11169417604560979,0.4335768284431353,0.43392580630918925,0.676927999078236,0.8600581450589809,0.8622004108178768,0.8477593823419062
2512,0.11169417604560979,0.4335927812229072,0.433957711868733,0.676927999078236,0.8601648442338363,0.8622482691571924,0.84779128790145
2513,0.11169417604560979,0.4337837121304131,0.43408081669868254,0.6769735987134389,0.860212702573152,0.8622961274965081,0.8479143927313996
2514,0.11171012882538166,0.43379966491018496,0.43415561031399424,0.6770055042729826,0.8603194017480075,0.8623439858358236,0.8479462982909433
2515,0.11171012882538166,0.4338315704697287,0.43417156309376614,0.6770670566879574,0.860367260087323,0.8623758913953675,0.8479941566302589
2516,0.11172608160515353,0.43386347602927244,0.43417156309376614,0.6771286091029322,0.8604151184266386,0.8624077969549112,0.8480420149695747
2517,0.11177168124035644,0.43387942880904434,0.4342034686533099,0.6771286091029322,0.8604470239861824,0.862439702514455,0.8480898733088902
2518,0.1118035867999002,0.43387942880904434,0.43421942143308173,0.6771605146624758,0.860494882325498,0.8624875608537705,0.8481377316482058
2519,0.11184918643510312,0.43387942880904434,0.43423537421285363,0.6771924202220198,0.8605427406648136,0.8625354191930862,0.8481855899875215
2520,0.11184918643510312,0.43395422242435605,0.43438541431879935,0.6772083730017916,0.8605905990041295,0.8625832775324018,0.8482334483268371
2521,0.11190802727064299,0.4339861279838998,0.434433272658115,0.6772243257815634,0.8606225045636733,0.8626151830919455,0.8482813066661526
2522,0.11190802727064299,0.4342199469471737,0.43450806627342675,0.677315072176647,0.8606544101232169,0.8626630414312613,0.8483291650054683
2523,0.11190802727064299,0.43425185250671744,0.43458285988873857,0.677331024956419,0.8607022684625324,0.8627108997705768,0.8483770233447839
2524,0.11190802727064299,0.43431340492169224,0.4348166788520125,0.6773469777361907,0.8607501268018483,0.8627587581098924,0.8484704813193024
2525,0.11192398005041486,0.43435900455689513,0.43483263163178426,0.6773629305159626,0.8607979851411638,0.8628066164492082,0.8485183396586181
2526,0.11193993283018673,0.4345955350996039,0.4348914724673242,0.6774673709867055,0.8608458434804794,0.8628544747885237,0.8485661979979338
2527,0.11193993283018673,0.4346703287149157,0.43495302488229903,0.6775289234016802,0.860893701819795,0.8629479327630423,0.8486728971727893
2528,0.1119558856099586,0.4347022342744594,0.43508665933315055,0.6775448761814521,0.8609415601591106,0.8629957911023579,0.8487207555121048
2529,0.1119558856099586,0.43489316518196536,0.43510261211292245,0.677560828961224,0.8609734657186544,0.8630436494416736,0.8487686138514206
2530,0.1119558856099586,0.434941023521281,0.43511856489269435,0.6776812222117388,0.86102132405797,0.8630915077809892,0.8488620718259391
2531,0.11203339080470527,0.4350158171365927,0.43515047045223804,0.6776971749915106,0.8611120704530537,0.8631982069558447,0.8489555298004576
2532,0.11204934358447714,0.43526558887963857,0.4353456573180644,0.6776971749915106,0.8612055284275721,0.8632757121505914,0.8489874353600014
2533,0.11211089599945193,0.4353403824949503,0.43543640371314807,0.6777427746267135,0.8612374339871159,0.8633076177101351,0.849035293699317
2534,0.1121268487792238,0.4354470816698058,0.4354979561281229,0.6778175682420253,0.8612693395466597,0.8633554760494508,0.8490831520386327
2535,0.11214280155899571,0.4354470816698058,0.4355435557633258,0.6778631678772282,0.8613171978859754,0.8634621752243063,0.8491310103779484
2536,0.11220164239453556,0.4355086340847806,0.4356639490138405,0.677908767512431,0.8613491034455192,0.863510033563622,0.8491788687172639
2537,0.11220164239453556,0.43556747492032044,0.4359137207568862,0.6779703199274059,0.861381009005063,0.8635578919029375,0.8492723266917825
2538,0.11227643600984731,0.43561307455552334,0.4359137207568862,0.6780022254869497,0.8614288673443785,0.8636057502422533,0.849411384301504
2539,0.11227643600984731,0.4356449801150671,0.4360341140074009,0.6780181782667216,0.8615063725391252,0.8636536085815688,0.8494432898610477
2540,0.11233527684538717,0.435660932894839,0.43609295484294075,0.6780181782667216,0.861538278098669,0.8637014669208845,0.8494751954205915
2541,0.11235122962515905,0.4357224853098138,0.4361677484582524,0.6780341310464935,0.8615701836582128,0.8637493252602001,0.8495071009801352
2542,0.11236718240493092,0.4357680849450167,0.43618370123802436,0.6780341310464935,0.8616768828330682,0.8637812308197438,0.8496138001549907
2543,0.1123831351847028,0.43582963735999153,0.43618370123802436,0.6780956834614683,0.8617247411723838,0.8638290891590595,0.8496138001549907
2544,0.11241504074424655,0.43590714255473817,0.4361996540177962,0.6781116362412402,0.8617406939521556,0.8638769474983751,0.8496138001549907
2545,0.11241504074424655,0.43590714255473817,0.4361996540177962,0.678143541800784,0.8617725995116994,0.8639836466732305,0.8496138001549907
2546,0.11260597165175244,0.43590714255473817,0.4362156067975681,0.6781754473603278,0.8618660574862178,0.8640315050125461,0.8496297529347624
2547,0.11262192443152431,0.4359390481142819,0.43623155957733994,0.6782369997753024,0.8618979630457616,0.8640793633518619,0.8496297529347624
2548,0.11262192443152431,0.4359390481142819,0.43632230597242366,0.6782369997753024,0.8619754682405083,0.8641272216911774,0.8496457057145343
2549,0.11262192443152431,0.4360886353449054,0.43633825875219545,0.6782985521902772,0.8620233265798241,0.864175080030493,0.8496616584943062
2550,0.11263787721129619,0.436136493684221,0.4364559404232752,0.678373345805589,0.8620392793595959,0.8642685380050115,0.8496616584943062
2551,0.11263787721129619,0.436311471811955,0.4364878459828189,0.6784189454407918,0.8620871376989114,0.8643163963443271,0.8496616584943062
2552,0.11265382999106806,0.4363274245917269,0.4365493983977938,0.6784348982205638,0.8621190432584552,0.8643642546836428,0.8496776112740781
2553,0.11269942962627098,0.43643412376658236,0.4365813039573375,0.6784348982205638,0.8621669015977709,0.8644121130229583,0.8496776112740781
2554,0.11271538240604287,0.4365089173818941,0.43659725673710936,0.6785525798916434,0.8621988071573147,0.864459971362274,0.8496776112740781
2555,0.11274728796558661,0.436567758217434,0.4367336027673959,0.6786141323066183,0.8622922651318331,0.8645078297015896,0.8496935640538499
2556,0.1127632407453585,0.43659966377697773,0.4367336027673959,0.6787048787017018,0.8623241706913769,0.8645556880409052,0.8496935640538499
2557,0.11277919352513037,0.4366156165567496,0.43678146110671157,0.6787504783369048,0.8623560762509207,0.864603546380221,0.8496935640538499
2558,0.11288363399587314,0.4366475221162933,0.43685625472202333,0.6787823838964485,0.8624468226460043,0.8646514047195365,0.8496935640538499
2559,0.11289958677564502,0.43682675620234784,0.43685625472202333,0.6787823838964485,0.8625402806205228,0.8646833102790803,0.8496935640538499
2560,0.11291553955541689,0.43687235583755074,0.4369310483373351,0.6787823838964485,0.8625881389598383,0.8647311686183959,0.8496935640538499
2561,0.11299304475016356,0.4369042613970945,0.43700584195264675,0.6788142894559922,0.8626359972991541,0.8647790269577115,0.8496935640538499
2562,0.11299304475016356,0.43693616695663823,0.4370217947324187,0.6788302422357642,0.8626838556384697,0.864885726132567,0.8496935640538499
2563,0.11300899752993544,0.4371590034236879,0.43709929992716534,0.6789209886308478,0.8627317139777853,0.8649335844718827,0.8496935640538499
2564,0.11300899752993544,0.4372365086184346,0.4371152527069372,0.6789984938255945,0.862763619537329,0.8649814428111983,0.8497095168336218
2565,0.11300899752993544,0.43732725501351827,0.4371152527069372,0.6790144466053664,0.8628570775118476,0.865013348370742,0.8497254696133937
2566,0.11302495030970731,0.43737511335283386,0.43724888715778876,0.6790600462405691,0.8629049358511633,0.8650612067100577,0.8497254696133937
2567,0.11304090308947919,0.4374499069681457,0.4372807927173325,0.6790600462405691,0.8629527941904789,0.8651090650493732,0.8497254696133937
2568,0.11304090308947919,0.4374658597479176,0.4373126982768763,0.6792419919060586,0.8632095334712802,0.8651569233886889,0.849968967693858
2569,0.11309974392501905,0.43749776530746126,0.43743037994795597,0.6795443308220628,0.8633029914457987,0.8652047817280046,0.8501668661391193
2570,0.11309974392501905,0.4375433649426642,0.4374622855074997,0.6798010701028637,0.863455290255857,0.8652526400673202,0.8503944114398118
2571,0.11311569670479095,0.4376505169928419,0.4374782382872716,0.6799533689129222,0.863666429901455,0.8653004984066358,0.8504878694143302
2572,0.11313164948456282,0.43789130349387123,0.4374782382872716,0.6800605209631,0.8637731290763107,0.8653483567459513,0.8505813273888486
2573,0.11314760226433469,0.4379825027642771,0.43753979070224636,0.6802105610690458,0.863984268721909,0.8653962150852671,0.8507203849985702
2574,0.11338142122760858,0.4379984555440489,0.437617295896993,0.6803177131192234,0.8640321270612247,0.8654440734245826,0.8508726838086287
2575,0.11339737400738045,0.4380440551792518,0.4376492014565368,0.6803792655341983,0.8640799854005402,0.8654919317638983,0.8509661417831471
2576,0.11341332678715234,0.43815075435410733,0.4376492014565368,0.6804864175843759,0.8641734433750587,0.8655397901032139,0.8510595997576658
2577,0.11341332678715234,0.43822554796941904,0.4378151943422544,0.6804864175843759,0.8642801425499141,0.8655716956627576,0.8511074580969814
2578,0.11345892642235525,0.43822554796941904,0.4378740351777942,0.6806551220495284,0.8643736005244328,0.8656195540020734,0.8512009160715001
2579,0.11345892642235525,0.43831629436450265,0.43795154037254086,0.6807007216847313,0.8644214588637485,0.865667412341389,0.8512943740460185
2580,0.11347487920212712,0.43837784677947744,0.4379674931523127,0.6807755153000431,0.864469317203064,0.8657152706807045,0.8513851204411022
2581,0.11352047883733005,0.4384097523390212,0.43798344593208466,0.6808826673502207,0.8645627751775826,0.8657631290200202,0.8514785784156206
2582,0.11375429780060395,0.43855933956964466,0.4380741923271682,0.6809415081857607,0.8646562331521012,0.865795034579564,0.8515264367549361
2583,0.11375429780060395,0.4386208919846195,0.4381330331627081,0.6810778542160472,0.8647040914914169,0.8658428929188795,0.8516198947294548
2584,0.11377025058037583,0.4386956855999312,0.4381330331627081,0.681139406631022,0.8647519498307326,0.8658907512581953,0.8516677530687704
2585,0.11377025058037583,0.4387116383797031,0.43814898594248,0.6811553594107939,0.8647838553902764,0.8659386095975107,0.8518068106784916
2586,0.11383180299535063,0.4387116383797031,0.4381649387222519,0.6812032177501095,0.8648905545651319,0.8659864679368264,0.8519591094885502
2587,0.11383180299535063,0.438770479215243,0.43828533197276653,0.6812807229448563,0.8649384129044474,0.866034326276142,0.8520069678278658
2588,0.11383180299535063,0.4387864319950148,0.43830128475253843,0.6813874221197118,0.865015918099194,0.8660821846154577,0.8520548261671814
2589,0.1138906438308905,0.4388479844099896,0.43846456605882106,0.6815264797294331,0.8650637764385096,0.8661756425899761,0.8521026845064973
2590,0.11392254939043427,0.4391004677324703,0.43846456605882106,0.681588032144408,0.8651116347778253,0.8663119886202627,0.8522522717371205
2591,0.11392254939043427,0.43913237329201404,0.43846456605882106,0.6816655373391547,0.8651594931171408,0.8663598469595784,0.8523001300764361
2592,0.11395445494997801,0.4391642788515578,0.4384964716183648,0.6817859305896693,0.8651913986766846,0.866407705298894,0.852347988415752
2593,0.11397040772974988,0.43919618441110153,0.4385580240333396,0.6818926297645247,0.8653304562864061,0.8664555636382096,0.8524870460254732
2594,0.11397040772974988,0.4392440427504171,0.43869437006362616,0.6819993289393802,0.8653783146257218,0.8665034219775252,0.852626103635195
2595,0.11401600736495279,0.439434973657923,0.4387988105343689,0.682031234498924,0.8654261729650373,0.8669012365723089,0.8526739619745105
2596,0.11403196014472466,0.439480573293126,0.4388576513699088,0.6820471872786958,0.865503678159784,0.8669490949116245,0.8527218203138262
2597,0.11406386570426842,0.43955807848787265,0.4389620918406516,0.6821087396936707,0.8655355837193278,0.8669969532509402,0.8528608779235476
2598,0.1140798184840403,0.4395899840474164,0.4390076914758545,0.6821994860887544,0.8656130889140744,0.8670448115902558,0.8529087362628632
2599,0.1140798184840403,0.4398424673698971,0.4390532911110574,0.6822450857239574,0.86566094725339,0.8670926699295713,0.852940641822407
2600,0.1140798184840403,0.4399172609852089,0.439189637141344,0.6823522377741349,0.8657088055927057,0.867140528268887,0.8530796994321282
2601,0.1141254181192432,0.43994916654475263,0.4392967891915217,0.6823841433336787,0.8657566639320213,0.8671724338284308,0.8532187570418498
2602,0.11559040280767306,0.4399810721042964,0.4393286947510654,0.6824616485284254,0.8658045222713369,0.8673952702954805,0.8532666153811654
2603,0.11559040280767306,0.4399970248840683,0.43939024716604014,0.682539153723172,0.8658979802458556,0.8674431286347961,0.853314473720481
2604,0.11560635558744493,0.44008777127915183,0.439451799581015,0.6826007061381468,0.8659914382203742,0.8674909869741116,0.8534535313302025
2605,0.11566519642298481,0.4401812292536704,0.439451799581015,0.6826166589179187,0.8660392965596897,0.8675388453134274,0.8534854368897463
2606,0.11569710198252856,0.44021313481321417,0.43951335199598973,0.6826485644774625,0.8661327545342082,0.8675867036527429,0.8535332952290619
2607,0.11571305476230043,0.44022908759298607,0.4395589516311927,0.6826485644774625,0.8661806128735239,0.8676774500478266,0.8535811535683775
2608,0.11571305476230043,0.4402609931525298,0.43960680997050827,0.6827074053130022,0.8662284712128395,0.867770908022345,0.853629011907693
2609,0.11571305476230043,0.44030885149184545,0.4396524096057112,0.6827662461485421,0.8662763295521552,0.8678776071972004,0.8537224698822118
2610,0.11577189559784028,0.4403567098311611,0.43970026794502687,0.6828437513432887,0.8664286283622135,0.8679095127567442,0.8538159278567302
2611,0.11583073643338014,0.4403567098311611,0.43971622072479877,0.6828893509784917,0.8664764867015291,0.8680029707312628,0.8539093858312489
2612,0.11583073643338014,0.44038861539070484,0.43974812628434257,0.6828893509784917,0.8665243450408446,0.8680508290705783,0.8539572441705644
2613,0.11583073643338014,0.44049531456556035,0.43976407906411447,0.6829053037582634,0.8666178030153632,0.8680986874098939,0.8539891497301082
2614,0.11584668921315201,0.440543172904876,0.43978003184388625,0.6829372093178072,0.8666656613546788,0.8681465457492096,0.8540370080694238
2615,0.11589228884835494,0.44057507846441973,0.439854825459198,0.6830416497885501,0.8667135196939945,0.8681944040885252,0.8540848664087394
2616,0.11589228884835494,0.4406069840239635,0.439854825459198,0.6831004906240901,0.8668069776685129,0.8682422624278409,0.854132724748055
2617,0.11589228884835494,0.4406525836591664,0.43995926592994067,0.6831939485986085,0.8669004356430315,0.8682901207671564,0.8541805830873705
2618,0.11615801337117258,0.4406525836591664,0.4400071242692564,0.6832099013783804,0.8669482939823471,0.868383578741675,0.8542124886469143
2619,0.11618991893071635,0.4406685364389383,0.4400071242692564,0.6832099013783804,0.8669801995418909,0.8684314370809907,0.85426034698623
2620,0.11620587171048823,0.4407592828340219,0.4400230770490283,0.6832577597176961,0.8670280578812065,0.8685248950555092,0.8543538049607486
2621,0.11622182449026011,0.44089291728487345,0.4400390298288001,0.6833649117678738,0.8670759162205222,0.8685727533948248,0.8544313101554953
2622,0.11628337690523491,0.44090887006464535,0.4400390298288001,0.6833649117678738,0.8671237745598377,0.8686206117341405,0.8544791684948109
2623,0.11631528246477865,0.44092482284441725,0.44009787066434003,0.6834105114030766,0.8671716328991533,0.8687861517445359,0.8545726264693293
2624,0.11633123524455052,0.4410584572952688,0.4401726642796518,0.6835176634532544,0.867219491238469,0.8688796097190544,0.8546204848086449
2625,0.11637683487975345,0.44109036285481257,0.44021826391485475,0.6835495690127982,0.8672673495777847,0.8689274680583702,0.8549345205461006
2626,0.11637683487975345,0.4411222684143563,0.4402957691096014,0.6838316991907099,0.8673152079171003,0.8689753263976858,0.8549823788854163
2627,0.11637683487975345,0.4413174552801827,0.4416722661070603,0.6839228984611158,0.8673630662564159,0.8690231847370014,0.8551214364951375
2628,0.11637683487975345,0.44139496047492943,0.441704171666604,0.6839548040206593,0.8673949718159596,0.8690710430763171,0.8551373892749093
2629,0.11643567571529331,0.4414268660344731,0.4417201244463759,0.6839548040206593,0.8674428301552752,0.8691189014156326,0.855451425012365
2630,0.11645162849506518,0.44150437122921976,0.44173607722614777,0.6839707568004313,0.8675362881297938,0.8691508069751763,0.8555581241872204
2631,0.11645162849506518,0.4415818764239665,0.44173607722614777,0.6839867095802031,0.8676297461043123,0.8691986653144921,0.8556059825265362
2632,0.11646758127483706,0.44164342883894125,0.44176798278569157,0.6840026623599751,0.8676776044436281,0.8692921232890106,0.8556994405010546
2633,0.11646758127483706,0.44165938161871315,0.4418427764010033,0.6841230556104897,0.8679592817462176,0.8693399816283262,0.8557472988403703
2634,0.11648353405460893,0.4417209340336879,0.4418906347403189,0.6841686552456926,0.8680071400855333,0.8693878399676418,0.8557951571796861
2635,0.11648353405460893,0.4417528395932317,0.44196542835563063,0.6842461604404393,0.868039045645077,0.8694356983069575,0.8558886151542046
2636,0.11655832766992068,0.44181439200820644,0.44196542835563063,0.6842621132202111,0.8680869039843926,0.8694835566462731,0.856027672763926
2637,0.11655832766992068,0.4418759444231813,0.44198138113540253,0.6844370913479452,0.8681188095439364,0.8695902558211285,0.8560755311032416
2638,0.11655832766992068,0.44196940239769983,0.4419973339151744,0.6844849496872609,0.8681507151034801,0.8696381141604441,0.8561233894425572
2639,0.11666276814066347,0.44203095481267457,0.4420132866949463,0.6845009024670328,0.8681985734427957,0.8697156193551909,0.8561712477818728
2640,0.11667872092043534,0.4420765544478774,0.4420292394747181,0.6845624548820075,0.8684670095450483,0.8697634776945066,0.8562031533414166
2641,0.11669467370020721,0.44212441278719317,0.44204519225449,0.6845784076617795,0.868514867884364,0.8698113360338221,0.8562510116807321
2642,0.11669467370020721,0.44215631834673685,0.4420930505938056,0.6846988009122941,0.8685627262236796,0.8699047940083405,0.856298870020048
2643,0.11681235537128695,0.44215631834673685,0.4420930505938056,0.6848647937980116,0.8686561841981981,0.870011493183196,0.8563467283593637
2644,0.11681235537128695,0.4423928488894457,0.44215460300878046,0.6849263462129863,0.8687040425375138,0.8701049511577145,0.8564242335541102
2645,0.11682830815105882,0.44248359528452935,0.4422134438443203,0.6849422989927583,0.8687519008768293,0.8701528094970303,0.8564720918934259
2646,0.11682830815105882,0.44263589409458776,0.4422134438443203,0.6849878986279612,0.8688453588513478,0.8702462674715489,0.8565199502327414
2647,0.1168442609308307,0.44284277778186554,0.44224534940386406,0.685062692243273,0.8688932171906636,0.8702941258108645,0.8566134082072601
2648,0.1168442609308307,0.4428746833414092,0.4422613021836359,0.685062692243273,0.868986675165182,0.8703260313704082,0.8566612665465757
2649,0.11690310176637056,0.44295218853615587,0.4422613021836359,0.6850786450230448,0.8690345335044978,0.8703738897097238,0.8567679657214311
2650,0.11694870140157346,0.44298409409569967,0.4422772549634078,0.6851401974380197,0.8690664390640415,0.8704217480490395,0.8568746648962865
2651,0.11701025381654825,0.4430319524350153,0.44233609579894767,0.6851721029975635,0.869114297403357,0.8704536536085833,0.856981364071142
2652,0.11701025381654825,0.4431550572649649,0.4424108894142594,0.6852468966128752,0.8691621557426726,0.8705015119478988,0.8570748220456605
2653,0.11702620659632013,0.4432138981005048,0.442488394609006,0.6852468966128752,0.8692100140819883,0.8705493702872145,0.8571226803849761
2654,0.11708504743185998,0.4432458036600485,0.4425631882243178,0.68530844902785,0.8692419196415321,0.8706428282617329,0.8571545859445199
2655,0.11714659984683479,0.44348233420275734,0.4425791410040896,0.6854903946933394,0.8692897779808477,0.8706906866010484,0.8572936435542413
2656,0.11714659984683479,0.44349828698252913,0.4425950937838615,0.6855359943285424,0.8693376363201633,0.8707385449403642,0.857341501893557
2657,0.11714659984683479,0.44351423976230103,0.44261104656363337,0.6855678998880861,0.8693535890999352,0.8707864032796798,0.8573893602328725
2658,0.11716255262660666,0.44353019254207293,0.44267259897860817,0.6855678998880861,0.8694014474392507,0.8708342616189955,0.8574372185721882
2659,0.11717850540637853,0.44354614532184483,0.44284757710634215,0.6856723403588288,0.8696242839063005,0.8708821199583111,0.8575306765467068
2660,0.11717850540637853,0.4435940036611604,0.442879482665886,0.6857338927738037,0.8696721422456161,0.8709755779328296,0.8576241345212253
2661,0.1171944581861504,0.4436418620004761,0.44289543544565785,0.6858113979685503,0.8697656002201346,0.8710690359073482,0.857671992860541
2662,0.1171944581861504,0.4436578147802479,0.44308636635316373,0.6858433035280941,0.8697975057796783,0.8711168942466637,0.8577038984200847
2663,0.11722636374569415,0.4436737675600198,0.44308636635316373,0.6859048559430688,0.8698294113392221,0.8711647525859795,0.8577517567594004
2664,0.11728520458123404,0.44376451395510347,0.4431182719127075,0.6859504555782718,0.8698772696785377,0.8711966581455232,0.857845214733919
2665,0.11738964505197683,0.4438689544258463,0.44319306552801924,0.6860252491935834,0.8699251280178533,0.8712445164848389,0.8578930730732346
2666,0.1174055978317487,0.4440598853333522,0.4432705707227659,0.6860252491935834,0.8699570335773971,0.8712923748241544,0.8579997722480901
2667,0.11752327950282843,0.4441506317284358,0.44331617035796883,0.6860868016085583,0.8700933796076835,0.8713402331634702,0.8581388298578114
2668,0.11756887913803134,0.44416658450820773,0.44345251638825534,0.6861615952238701,0.8701412379469992,0.8714336911379886,0.8581866881971271
2669,0.11756887913803134,0.44418253728797963,0.4435140688032302,0.6861615952238701,0.8701890962863149,0.8714815494773042,0.8582185937566709
2670,0.11756887913803134,0.4441984900677515,0.44369330288928466,0.6862231476388448,0.8702798426813985,0.8715882486521597,0.8582664520959864
2671,0.11756887913803134,0.4442144428475233,0.44381640771923425,0.6862391004186167,0.8703277010207142,0.8716201542117035,0.858314310435302
2672,0.11758483191780321,0.4442892364628351,0.44383236049900615,0.6862979412541566,0.8704344001955697,0.8716680125510191,0.8583621687746176
2673,0.11758483191780321,0.44436403007814673,0.44389120133454607,0.6863891405245625,0.8704663057551134,0.8717158708903346,0.8584556267491361
2674,0.11758483191780321,0.4445549609856527,0.4441733315124579,0.6864506929395372,0.8704982113146572,0.8718093288648532,0.8585490847236549
2675,0.11758483191780321,0.4447299391133867,0.4442052370720016,0.686466645719309,0.8705460696539727,0.8719160280397087,0.8586425426981734
2676,0.11763043155300612,0.44479149152836156,0.4442371426315454,0.6865414393346208,0.8706527688288282,0.8719638863790243,0.858690401037489
2677,0.11764638433277799,0.4448074443081334,0.4443119362468571,0.6866189445293674,0.8707006271681439,0.8720117447183402,0.8587382593768046
2678,0.1178802032960519,0.4449437903384199,0.444327889026629,0.6866645441645703,0.8708073263429993,0.8720892499130868,0.8587861177161202
2679,0.11789615607582377,0.4449597431181918,0.44435979458617275,0.6866645441645703,0.8708551846823148,0.8721371082524024,0.8588180232756639
2680,0.11792806163536752,0.44503724831293845,0.4443757473659446,0.6866804969443423,0.8709030430216307,0.872184966591718,0.8588658816149796
2681,0.11792806163536752,0.4450532010927103,0.44439170014571655,0.6866804969443423,0.8709349485811743,0.8722328249310336,0.8588977871745234
2682,0.1179440144151394,0.44508510665225404,0.44461227790865343,0.686696449724114,0.87098280692049,0.8722806832703491,0.8589912451490419
2683,0.1179440144151394,0.4452760375597599,0.4446738303236282,0.6867580021390889,0.8710147124800336,0.8724462232807446,0.8590979443238974
2684,0.11797591997468314,0.4452919903395319,0.44470573588317197,0.6868916365899406,0.8710625708193495,0.8724940816200601,0.8591138971036691
2685,0.11797591997468314,0.4454123835900464,0.4447805294984837,0.6869075893697123,0.8711104291586648,0.8725419399593758,0.8591617554429849
2686,0.11797591997468314,0.44547122442558634,0.4448124350580274,0.6869075893697123,0.8711582874979806,0.8725897982986915,0.8591936610025286
2687,0.11820973893795705,0.4455327768405612,0.44484434061757117,0.6869235421494843,0.8712061458372963,0.8726376566380072,0.8592415193418442
2688,0.1182685797734969,0.4455327768405612,0.44484434061757117,0.6869394949292561,0.8712380513968401,0.8726855149773228,0.8592893776811599
2689,0.11828453255326879,0.445564682400105,0.4448921989568868,0.6869554477090279,0.8712859097361556,0.8727333733166384,0.8593372360204755
2690,0.11828453255326879,0.4456421875948517,0.44490815173665865,0.6869714004887999,0.8713337680754712,0.8727652788761822,0.859430693994994
2691,0.11834608496824359,0.4456421875948517,0.44504449776694516,0.6869714004887999,0.8713816264147868,0.8728131372154978,0.8594785523343097
2692,0.11834608496824359,0.44570374000982643,0.44504449776694516,0.6869873532685717,0.8713975791945586,0.8728609955548133,0.8595104578938534
2693,0.11848243099853012,0.44573564556937023,0.44521947589467925,0.6870461941041116,0.8714135319743306,0.872908853894129,0.8595879630886001
2694,0.11848243099853012,0.44573564556937023,0.4452969810894259,0.6871236992988584,0.8714613903136462,0.8730155530689846,0.8596814210631186
2695,0.11855993619327679,0.4458291035438887,0.44537177470473754,0.6871396520786303,0.8714773430934183,0.87312225224384,0.8597133266226624
2696,0.11880970793632258,0.4458906559588635,0.4454625210998212,0.687171557638174,0.8715092486529618,0.8731701105831555,0.859804073017746
2697,0.11882566071609445,0.44592256151840726,0.44552136193536107,0.6872194159774897,0.8715411542125057,0.8732179689224712,0.8599271778476955
2698,0.11887351905541006,0.44592256151840726,0.44572824562263885,0.6872969211722364,0.8715890125518212,0.8732658272617867,0.8600046830424423
2699,0.11888947183518196,0.44592256151840726,0.44574419840241075,0.6873128739520081,0.871620918111365,0.8733592852363053,0.8601437406521637
2700,0.11893507147038489,0.44598411393338205,0.4458030392379506,0.687417314422751,0.8716687764506806,0.873407143575621,0.8601915989914795
2701,0.11893507147038489,0.4461177483842337,0.4458486388731535,0.6874948196174977,0.8717166347899962,0.8736050420208823,0.8602850569659979
2702,0.11899662388535967,0.4461925419995454,0.4461307690510653,0.6875267251770413,0.87174854034954,0.873698499995401,0.8603785149405164
2703,0.11901257666513154,0.4462540944145202,0.4461467218308372,0.6875723248122443,0.8717963986888556,0.8737463583347166,0.860471972915035
2704,0.11901257666513154,0.4462540944145202,0.4461786273903809,0.6876338772272191,0.8718442570281711,0.8737942166740321,0.8605198312543506
2705,0.11905817630033447,0.44628599997406393,0.4461945801701528,0.6876954296421938,0.8718761625877149,0.8739009158488876,0.8606132892288693
2706,0.11905817630033447,0.44642234600435043,0.4462561325851276,0.6877113824219658,0.8719080681472587,0.8739487741882033,0.860690794423616
2707,0.11907412908010635,0.44643829878412233,0.44634733185553344,0.6877569820571686,0.8719559264865744,0.8739966325275189,0.8607386527629315
2708,0.11909008185987822,0.4464702043436661,0.4464248370502801,0.6877569820571686,0.8719878320461182,0.8740444908668346,0.8607865111022471
2709,0.11909008185987822,0.4464702043436661,0.44648367788581994,0.6878773753076834,0.8720356903854338,0.8740923492061502,0.8608343694415627
2710,0.11909008185987822,0.4464861571234379,0.44649963066559184,0.6879818157784261,0.8721423895602892,0.8741402075454658,0.8608822277808784
2711,0.11909008185987822,0.4466065503739526,0.4465315362251356,0.6879818157784261,0.8721902478996048,0.8741880658847815,0.860930086120194
2712,0.11912198741942198,0.44665215000915554,0.44672246713264147,0.6880137213379699,0.8722381062389204,0.874235924224097,0.8610075913149405
2713,0.11913794019919385,0.4466681027889274,0.4467384199124133,0.6880296741177417,0.8722859645782359,0.8742837825634127,0.8610394968744843
2714,0.11915389297896573,0.446715961128243,0.4467703254719571,0.6880615796772854,0.8723338229175518,0.8743316409027282,0.8610873552137999
2715,0.11918579853850947,0.4468094191027615,0.44689071872247177,0.688227572563003,0.8724272808920702,0.8744250988772468,0.8611352135531157
2716,0.11920175131828134,0.4468253718825334,0.4469522711374465,0.688243525342775,0.872459186451614,0.8744729572165625,0.8611671191126593
2717,0.11921770409805323,0.44684132466230525,0.4469978707726494,0.6882594781225467,0.8725070447909296,0.8745048627761063,0.8611990246722031
2718,0.1192336568778251,0.44707514362557915,0.4469978707726494,0.6882594781225467,0.8725549031302452,0.8745527211154218,0.8612468830115187
2719,0.1192336568778251,0.44716589002066276,0.4470138235524213,0.6884504090300526,0.8726027614695607,0.8746005794547375,0.8612947413508343
2720,0.11930845049313682,0.4472725891955183,0.4470138235524213,0.6885575610802304,0.8726506198088766,0.8746484377940532,0.8613266469103781
2721,0.1193244032729087,0.4472885419752902,0.4470457291119651,0.6885735138600022,0.8727413662039603,0.8746962961333687,0.8613745052496937
2722,0.11938324410844857,0.447304494755062,0.4470913287471681,0.6886054194195459,0.8727732717635038,0.8747441544726844,0.8614223635890093
2723,0.11939919688822044,0.44736333559060193,0.4470913287471681,0.6886373249790897,0.8728799709383595,0.8748508536475399,0.8614702219283251
2724,0.11939919688822044,0.44744084078534857,0.4471232343067118,0.6886692305386334,0.8729118764979032,0.8748987119868555,0.8615021274878687
2725,0.11939919688822044,0.4474727463448923,0.44716883394191476,0.6887626885131521,0.8729597348372188,0.8749465703261712,0.8615499858271846
2726,0.11946074930319524,0.4477252296673731,0.44718478672168666,0.6888242409281269,0.8730075931765344,0.874978475885715,0.8615978441665001
2727,0.11947670208296711,0.44783192884222855,0.44723038635688955,0.6888857933431017,0.8730235459563064,0.8750263342250305,0.8616297497260437
2728,0.119492654862739,0.4480069069699626,0.4472892271924294,0.6890973858640221,0.8731170039308248,0.8750741925643462,0.8617232077005622
2729,0.11950860764251087,0.4480684593849374,0.447439267298375,0.689142985499225,0.8731648622701405,0.8751220509036617,0.8619756910230431
2730,0.11950860764251087,0.44814596457968403,0.4475569489694548,0.6891885851344278,0.8732127206094563,0.8752155088781802,0.8620235493623586
2731,0.11950860764251087,0.4484705299380416,0.44758885452899855,0.6893635632621621,0.873228673389228,0.8752633672174959,0.8620554549219024
2732,0.11950860764251087,0.44848648271781344,0.44760480730877045,0.6893954688217057,0.8733221313637465,0.8752952727770397,0.8621033132612179
2733,0.11958611283725754,0.44850243549758534,0.44765040694397334,0.6895131504927855,0.8733699897030621,0.8753431311163553,0.8621511716005337
2734,0.11958611283725754,0.44857994069233204,0.44765040694397334,0.6895291032725573,0.8734178480423779,0.875375036675899,0.8622446295750522
2735,0.11960206561702941,0.4486118462518757,0.44791613146679105,0.6896335437433002,0.8735085944374615,0.8754817358507545,0.8622924879143679
2736,0.11961801839680128,0.4486893514466225,0.44791613146679105,0.689665449302844,0.8735564527767771,0.8755136414102982,0.8623403462536834
2737,0.11961801839680128,0.4486893514466225,0.44797497230233085,0.6897133076421597,0.8735724055565489,0.8756070993848168,0.862388204592999
2738,0.11963397117657316,0.4486893514466225,0.44797497230233085,0.6897133076421597,0.8736043111160927,0.8756549577241324,0.862404157372771
2739,0.11969281201211301,0.4487053042263944,0.4481818559896087,0.6897908128369062,0.8736521694554082,0.8756868632836761,0.8624976153472894
2740,0.11969281201211301,0.4487212570061663,0.4481818559896087,0.6898067656166782,0.873684075014952,0.8757187688432199,0.8625454736866051
2741,0.11969281201211301,0.44875316256571,0.4482297143289243,0.6898523652518811,0.8737159805744958,0.8757666271825355,0.8626521728614607
2742,0.11969281201211301,0.4488010209050256,0.4482912667438991,0.6899139176668558,0.8737638389138115,0.8758600851570539,0.8627456308359791
2743,0.11970876479188489,0.44892141415554027,0.4483072195236709,0.6899887112821675,0.8737797916935832,0.8759535431315725,0.8628363772310628
2744,0.11970876479188489,0.4490121605506239,0.44849815043117686,0.6900502636971423,0.8738276500328991,0.876060242306428,0.8628842355703784
2745,0.11972471757165676,0.44905776018582677,0.44854375006637975,0.690127768891889,0.8738436028126709,0.8761081006457437,0.8629161411299222
2746,0.11972471757165676,0.44911660102136663,0.44861854368169146,0.6901893213068638,0.8738755083722147,0.8761559589850593,0.8629480466894658
2747,0.11974067035142863,0.4491644593606822,0.4486664020210071,0.6902508737218386,0.8739233667115303,0.8762038173243749,0.8630547458643215
2748,0.11978626998663157,0.449239252975994,0.4487142603603227,0.6902827792813823,0.8739552722710741,0.8762357228839187,0.8631026042036372
2749,0.11978626998663157,0.4493008053909688,0.4487302131400946,0.690357572896694,0.8739712250508459,0.8762835812232342,0.8632549030136953
2750,0.11980222276640344,0.4493327109505125,0.44880500675540635,0.6903735256764658,0.8740487302455925,0.8763314395625499,0.8633456494087791
2751,0.11981817554617531,0.44936461651005627,0.4489959376629123,0.6904191253116687,0.8740965885849081,0.8763633451220937,0.8634391073832975
2752,0.11981817554617531,0.4493965220696,0.44905749007788714,0.6904350780914406,0.8741284941444519,0.8764112034614092,0.8634869657226131
2753,0.11983412832594718,0.44941247484937186,0.44907344285765893,0.6904350780914406,0.8741763524837675,0.876459061800725,0.8635029185023851
2754,0.11985008110571906,0.4494740272643467,0.44925267694371346,0.6907850343469087,0.8742082580433113,0.8764909673602687,0.8635348240619287
2755,0.11985008110571906,0.4494740272643467,0.4493115177792533,0.6909054275974235,0.8742561163826269,0.8765817137553522,0.8637873073844096
2756,0.11985008110571906,0.4495647736594303,0.4494022641743369,0.6909802212127352,0.8743628155574823,0.8766751717298708,0.8638351657237251
2757,0.11985008110571906,0.449639567274742,0.4494182169541088,0.690996173992507,0.8744106738967978,0.8768115177601572,0.8638830240630407
2758,0.11985008110571906,0.449639567274742,0.44959319508184276,0.6910736791872537,0.8744425794563416,0.876843423319701,0.8639149296225845
2759,0.11991163352069385,0.4496555200545139,0.4496091478616147,0.6911484728025654,0.8745492786311974,0.8768753288792449,0.8639627879619002
2760,0.11994353908023761,0.4497467193249197,0.4496839414769264,0.6911484728025654,0.8745811841907412,0.8769231872185604,0.8640106463012157
2761,0.11997544463978135,0.4498082717398945,0.44997931285517506,0.6911644255823374,0.8746290425300567,0.8769710455578761,0.8640585046405314
2762,0.11997544463978135,0.4498830653552063,0.44999526563494696,0.6911803783621092,0.8746769008693723,0.8770777447327316,0.8641063629798471
2763,0.11997544463978135,0.4498990181349781,0.44999526563494696,0.6911803783621092,0.8747088064289161,0.8771096502922754,0.8641542213191628
2764,0.12003699705475615,0.45003536416526463,0.4500568180499218,0.6911803783621092,0.8747247592086879,0.8771415558518191,0.8642020796584783
2765,0.12003699705475615,0.45006726972480837,0.45010241768512477,0.6912419307770841,0.8748314583835435,0.8771734614113629,0.8642499379977939
2766,0.12005294983452802,0.4500991752843521,0.45013432324466846,0.691287530412287,0.8748793167228591,0.8772213197506784,0.8642977963371095
2767,0.12017334308504268,0.45013108084389586,0.45030930137240255,0.6913034831920588,0.8749112222824029,0.8772532253102222,0.8643753015318562
2768,0.12017334308504268,0.4502085860386425,0.45032525415217434,0.6913194359718308,0.8749590806217185,0.8773466832847407,0.8644072070914
2769,0.12021894272024561,0.4502701384536173,0.45034120693194624,0.6913353887516026,0.8749909861812623,0.8773785888442845,0.8644550654307156
2770,0.12021894272024561,0.450344932068929,0.4504000477674861,0.6913353887516026,0.8750388445205779,0.8774264471836002,0.8644869709902594
2771,0.12033662439132534,0.4503768376284728,0.4504000477674861,0.6913809883868055,0.8750388445205779,0.8774743055229158,0.8645348293295749
2772,0.12035257717109721,0.4504356784640127,0.4504748413827979,0.6913809883868055,0.8751323024950963,0.8775810046977711,0.8645826876688906
2773,0.12036852995086908,0.45045163124378457,0.45050674694234166,0.6914721876572114,0.875180160834412,0.8776288630370869,0.8646305460082061
2774,0.12041412958607198,0.45045163124378457,0.45059749333742527,0.6916970213784689,0.8752576660291586,0.8776767213764025,0.864678404347522
2775,0.12064794854934588,0.45051047207932443,0.4506882397325089,0.6917745265732156,0.8753055243684742,0.877724579715718,0.8647262626868375
2776,0.12066390132911775,0.4505423776388682,0.4507201452920526,0.6917904793529874,0.8753989823429928,0.8777724380550338,0.8647741210261531
2777,0.12067985410888962,0.4506331240339518,0.4508405385425673,0.6920270098956963,0.8755485695736162,0.8778202963943493,0.8648219793654687
2778,0.12067985410888962,0.4506331240339518,0.4508861381777702,0.6920726095308992,0.8755964279129318,0.8778362491741213,0.8648538849250126
2779,0.12067985410888962,0.4506490768137237,0.4508861381777702,0.6921341619458741,0.8756123806927036,0.8778841075134368,0.864947342899531
2780,0.12069580688866151,0.4507106292286985,0.450947690592745,0.6921501147256458,0.8756283334724755,0.8779319658527526,0.8649952012388465
2781,0.12069580688866151,0.4507265820084704,0.450947690592745,0.6921501147256458,0.8756442862522474,0.877979824192068,0.8650111540186186
2782,0.12074140652386443,0.4507881344234452,0.45102248420805674,0.6921660675054178,0.8756761918117911,0.8780732821665865,0.865104611993137
2783,0.12078700615906737,0.4509673685094997,0.45112692467879956,0.6922568139005012,0.8757080973713349,0.8781211405059022,0.8651524703324526
2784,0.12080295893883924,0.45099927406904344,0.45115883023834324,0.6922568139005012,0.8757559557106505,0.8782145984804208,0.8652003286717682
2785,0.12080295893883924,0.45101522684881534,0.45142455476116095,0.692288719460045,0.8758038140499661,0.8782624568197365,0.8652937866462869
2786,0.12080295893883924,0.4510767792637901,0.45145646032070463,0.6923635130753567,0.8758516723892817,0.878310315159052,0.8653256922058307
2787,0.12084855857404216,0.4511971725143048,0.45145646032070463,0.6923635130753567,0.8758995307285974,0.8783581734983676,0.8654031974005773
2788,0.12086451135381403,0.4513881034218107,0.4515180127356795,0.6923794658551287,0.8759473890679131,0.8784329671136795,0.8654510557398929
2789,0.12093930496912578,0.4514359617611264,0.4515180127356795,0.6924383066906685,0.8759952474072286,0.8784648726732233,0.8655445137144113
2790,0.12097121052866952,0.4514678673206701,0.45157685357121935,0.6924542594704403,0.8760271529667724,0.8785127310125388,0.8656512128892669
2791,0.12097121052866952,0.45155861371575373,0.4516087591307631,0.6925454587408463,0.8760750113060881,0.8786061889870573,0.8656831184488107
2792,0.12098716330844139,0.4515905192752975,0.45162471191053494,0.692561411520618,0.8761069168656318,0.878654047326373,0.8657309767881264
2793,0.12106195692375313,0.4516812656703811,0.45162471191053494,0.6926229639355929,0.8762003748401503,0.8786859528859168,0.8657628823476702
2794,0.12110755655895603,0.4516972184501529,0.45162471191053494,0.6926389167153647,0.8762322803996941,0.8787338112252324,0.8658563403221887
2795,0.12110755655895603,0.45174507678946857,0.45172915238127775,0.6927164219101113,0.8762801387390097,0.8787816695645481,0.8659041986615043
2796,0.12116639739449589,0.4518198704047803,0.45174510516104965,0.6929369996730483,0.8763120442985535,0.8788295279038637,0.8659520570008199
2797,0.12118235017426776,0.4518787112403201,0.4517770107205934,0.6929369996730483,0.8763735967135283,0.8788773862431792,0.8659680097805917
2798,0.12118235017426776,0.4519402636552949,0.45183856313556814,0.693014504867795,0.876421455052844,0.878925244582495,0.8660747089554472
2799,0.12124119100980764,0.4519562164350667,0.451900115550543,0.6930304576475668,0.8764693133921596,0.8789731029218105,0.866106614514991
2800,0.12124119100980764,0.4519881219946105,0.45191606833031484,0.6930464104273386,0.8764852661719315,0.8790209612611262,0.8661385200745347
2801,0.12124119100980764,0.45203598033392617,0.45193202111008673,0.6930623632071106,0.8765171717314751,0.87905286682067,0.8661704256340786
2802,0.1215069155326253,0.4520678858934699,0.45197762074528963,0.6931827564576253,0.8765650300707909,0.8791595659955255,0.8662182839733942
2803,0.1215069155326253,0.45208383867324176,0.45202322038049253,0.693198709237397,0.8765809828505626,0.879253023970044,0.8663117419479128
2804,0.1215069155326253,0.45216134386798845,0.4520688200156954,0.6932146620171691,0.8766288411898784,0.8793008823093598,0.8663436475074565
2805,0.12161406758280302,0.4522361374833002,0.45218921326621014,0.6932146620171691,0.8766607467494221,0.8793487406486753,0.8664211527022032
2806,0.12161406758280302,0.45232959545781876,0.45230960651672486,0.6932465675767127,0.8766926523089659,0.8793965989879909,0.8664690110415187
2807,0.1216729084183429,0.45242034185290236,0.4523255592964967,0.6932625203564846,0.8767405106482814,0.8794444573273065,0.8665624690160373
2808,0.12171850805354581,0.452468200192218,0.45257804261897744,0.6932625203564846,0.8767564634280534,0.8794923156666222,0.8666103273553529
2809,0.12173446083331768,0.45384469718967696,0.4526099481785212,0.6932625203564846,0.8767724162078252,0.8795401740059378,0.8666581856946686
2810,0.12175041361308955,0.45389255552899255,0.4526418537380649,0.6932625203564846,0.8768202745471408,0.8795720795654814,0.8667060440339842
2811,0.12176636639286142,0.4539085083087644,0.45271664735337663,0.6933213611920245,0.8768521801066845,0.8796039851250252,0.8667995020085026
2812,0.12182791880783621,0.4539244610885363,0.45273260013314853,0.6933213611920245,0.8768840856662283,0.8796518434643409,0.8668314075680464
2813,0.12182791880783621,0.453999254703848,0.45282334652823214,0.6933373139717963,0.876915991225772,0.8796997018036566,0.8669089127627931
2814,0.12182791880783621,0.45409000109893166,0.453057165491506,0.6933532667515683,0.8769638495650877,0.8797475601429722,0.8669864179575397
2815,0.121889471222811,0.4542968847862094,0.4531506234660245,0.6933532667515683,0.8770117079044033,0.8797954184822878,0.8670342762968555
2816,0.121889471222811,0.45431283756598134,0.4532094643015644,0.693414819166543,0.877059566243719,0.8798432768216035,0.8670342762968555
2817,0.12193507085801393,0.4543287903457532,0.4534003952090703,0.6935219712167208,0.8770914718032627,0.8798911351609191,0.8670342762968555
2818,0.12196697641755769,0.45441953674083685,0.4534003952090703,0.6935994764114675,0.8771393301425783,0.8799389935002346,0.8670502290766272
2819,0.12201257605276061,0.45443548952060875,0.45341634798884217,0.6936450760466703,0.877187188481894,0.8799868518395504,0.8670502290766272
2820,0.12201257605276061,0.45449704193558355,0.45349114160415394,0.6936610288264422,0.8772350468212095,0.8800187573990941,0.8670502290766272
2821,0.12204448161230436,0.4545289474951273,0.45355269401912873,0.6936610288264422,0.8772829051605252,0.8800666157384096,0.8670821346361709
2822,0.12204448161230436,0.4545877883306672,0.45356864679890063,0.6936769816062142,0.877330763499841,0.880160073712928,0.8670821346361709
2823,0.12207638717184811,0.45466258194597897,0.45363019921387543,0.6937841336563918,0.8773786218391565,0.8802079320522438,0.8670821346361709
2824,0.12209233995161999,0.45485351285348485,0.45363019921387543,0.6937841336563918,0.8774264801784721,0.8802557903915594,0.8670821346361709
2825,0.12212424551116373,0.45488541841302865,0.4536890400494153,0.6937841336563918,0.8774583857380158,0.880303648730875,0.8670821346361709
2826,0.1221401982909356,0.4549013711928005,0.4536890400494153,0.6939591117841258,0.8774902912975596,0.8803355542904188,0.8670821346361709
2827,0.1223740172542095,0.4549921175878841,0.4537505924643901,0.6939750645638977,0.8776971749848373,0.8804290122649373,0.8670821346361709
2828,0.1223740172542095,0.4549921175878841,0.4537505924643901,0.6939750645638977,0.877745033324153,0.880476870604253,0.8670980874159429
2829,0.12238997003398137,0.4549921175878841,0.45380943329992995,0.6940206641991007,0.8777928916634685,0.8805835697791086,0.8670980874159429
2830,0.12238997003398137,0.45511251083839876,0.45394577933021646,0.6941118634695065,0.8778247972230123,0.8806314281184241,0.8670980874159429
2831,0.12238997003398137,0.4551740632533735,0.4540073317451912,0.6941278162492783,0.8778407500027843,0.880647380898196,0.8671140401957147
2832,0.12240592281375325,0.4552488568686853,0.45408212536050296,0.6941893686642532,0.8778886083420999,0.8810880835487478,0.8671140401957147
2833,0.12240592281375325,0.45531040928366007,0.45412998369981866,0.6942212742237969,0.8779364666814155,0.8811947827236032,0.8671140401957147
2834,0.12246476364929311,0.45544675531394657,0.45414593647959045,0.6942212742237969,0.8779683722409591,0.881226688283147,0.8671140401957147
2835,0.12251036328449602,0.45552426050869327,0.45414593647959045,0.6942212742237969,0.8780162305802749,0.8812745466224625,0.8671140401957147
2836,0.12251036328449602,0.455774032251739,0.4541915361147934,0.6942372270035688,0.8782390670473245,0.8813224049617783,0.8671140401957147
2837,0.12252631606426792,0.4558944255022537,0.4543665142425274,0.6942531797833407,0.8782869253866401,0.881354310521322,0.8671140401957147
2838,0.12254226884403979,0.45595326633779354,0.45466188562077614,0.6942987794185437,0.8783347837259557,0.8815771469883715,0.8671140401957147
2839,0.12254226884403979,0.45604672431231214,0.45472343803575094,0.6942987794185437,0.8783826420652713,0.8816250053276872,0.8671299929754867
2840,0.12254226884403979,0.45604672431231214,0.4548141844308346,0.6943306849780874,0.8784145476248152,0.8816728636670028,0.8671299929754867
2841,0.12257417440358354,0.4561082767272869,0.4548597840660375,0.6943762846132902,0.8784624059641307,0.8817207220063185,0.8671299929754867
2842,0.12259012718335541,0.45624462275757344,0.4549345776813492,0.6943922373930621,0.8785102643034465,0.8817526275658623,0.8671299929754867
2843,0.12260607996312728,0.4563650160080881,0.4549505304611211,0.6949400920937915,0.8787081627487078,0.8818004859051778,0.867327891420748
2844,0.12260607996312728,0.45642385684362796,0.45496648324089295,0.6950175972885382,0.8788016207232263,0.8818483442444934,0.8675257898660094
2845,0.12266763237810209,0.4565146032387115,0.45504127685620477,0.6951407021184879,0.8789539195332846,0.881941802219012,0.8676780886760675
2846,0.12266763237810209,0.4566895813664456,0.4551160704715164,0.6953226477839772,0.87911945954368,0.8820485013938675,0.8678303874861262
2847,0.12266763237810209,0.4567511337814203,0.45516167010671926,0.6954886406696947,0.8792261587185355,0.882096359733183,0.8679667335164126
2848,0.12404412937556103,0.45681268619639515,0.45517762288649116,0.6956865391149561,0.879274017057851,0.8821442180724987,0.8680734326912681
2849,0.1240600821553329,0.45684459175593894,0.45534090419277384,0.6958657732010105,0.8793218753971667,0.8821761236320425,0.8681509378860147
2850,0.1240600821553329,0.45689245009525453,0.45534090419277384,0.6959834548720903,0.8793697337364823,0.882223981971358,0.8681828434455585
2851,0.12430985389837869,0.4569672437105663,0.4553568569725457,0.696076912846609,0.879417592075798,0.8822718403106737,0.8682307017848742
2852,0.12434175945792243,0.45704203732587806,0.45541569780808555,0.6962132588768954,0.8794654504151136,0.8823196986499894,0.8683830005949326
2853,0.12434175945792243,0.4571008781614179,0.45552013827882837,0.6964360953439451,0.8795133087544292,0.8823675569893049,0.8684149061544765
2854,0.12434175945792243,0.4571168309411897,0.45559493189414013,0.6965697297947968,0.8796788487648244,0.8824154153286207,0.868462764493792
2855,0.1244006002934623,0.4573237146284675,0.455610884673912,0.6966445234101085,0.87972670710414,0.8825650025592441,0.8685106228331076
2856,0.12447810548820895,0.4573396674082394,0.4570462225069108,0.6967379813846271,0.8797745654434557,0.8826557489543276,0.8686040808076262
2857,0.12449405826798082,0.4573556201880113,0.45707812806645454,0.6967539341643989,0.8798812646183112,0.8827036072936434,0.8686975387821447
2858,0.12472787723125472,0.457387525747555,0.45707812806645454,0.6967858397239427,0.8799879637931667,0.8827355128531872,0.8687453971214603
2859,0.12472787723125472,0.45744907816252983,0.4570940808462264,0.6968473921389174,0.8800358221324823,0.8827514656329589,0.868793255460776
2860,0.12477347686645764,0.4574809837220735,0.45715292168176624,0.6969248973336641,0.8801292801070009,0.8827993239722746,0.8688867134352946
2861,0.12477347686645764,0.4576013769725883,0.45716887446153814,0.6969568028932078,0.8801771384463165,0.8828471823115902,0.8689345717746101
2862,0.12478942964622951,0.45767617058789994,0.4572436680768499,0.6970343080879545,0.880224996785632,0.8828950406509058,0.8689824301139258
2863,0.12478942964622951,0.45795830076581173,0.4572596208566218,0.6970502608677265,0.8802728551249478,0.8829428989902214,0.8690302884532415
2864,0.12478942964622951,0.4579742535455836,0.4572755736363936,0.6970662136474982,0.8803663130994663,0.882990757329537,0.8691237464277599
2865,0.12502324860950342,0.4580061591051273,0.4573800141071364,0.6970981192070421,0.880414171438782,0.8830386156688527,0.8692172044022786
2866,0.1250392013892753,0.4581425051354139,0.4573959668869083,0.697114071986814,0.8804620297780976,0.8830864740081683,0.8692650627415941
2867,0.1251007538042501,0.4581584579151858,0.4575136485579881,0.6971459775463577,0.8805687289529531,0.8831343323474841,0.8693129210809097
2868,0.12515959463978996,0.45829480394547234,0.45752960133775994,0.6972075299613324,0.8806165872922687,0.8831662379070278,0.8693607794202253
2869,0.1251915001993337,0.4584697820732063,0.45752960133775994,0.6972690823763072,0.8806644456315843,0.8831981434665716,0.869408637759541
2870,0.12520745297910557,0.4585153817084093,0.4575615068973037,0.6973279232118472,0.8806963511911281,0.883246001805887,0.8694564960988566
2871,0.12522340575887744,0.4585313344881812,0.4575934124568474,0.6974054284065938,0.8807442095304437,0.8833367482009706,0.8695499540733752
2872,0.12528224659441733,0.4585632400477249,0.4576841588519311,0.6974213811863657,0.8808376675049622,0.8833686537605144,0.8695978124126907
2873,0.12534108742995717,0.4585632400477249,0.45793664217441177,0.6975741328717464,0.8808855258442778,0.88341651209983,0.8696456707520065
2874,0.12539992826549703,0.45875417095523086,0.45795259495418367,0.6975741328717464,0.8809333841835935,0.8834484176593738,0.869693529091322
2875,0.12539992826549703,0.4589291490829649,0.4579685477339555,0.6975900856515181,0.8809812425229091,0.8834803232189175,0.8697413874306377
2876,0.1254158810452689,0.4603512457156267,0.4580592941290391,0.69760603843129,0.8810291008622247,0.8835122287784613,0.8698936862406961
2877,0.1254747218808088,0.46042875091037333,0.4581340877443509,0.6976219912110619,0.8811358000370803,0.8835600871177769,0.8699711914354428
2878,0.12549067466058067,0.4605035445256851,0.45832501865185676,0.6976538967706057,0.8811836583763959,0.8836079454570925,0.8700190497747583
2879,0.12552258022012444,0.46057833814099686,0.4583409714316286,0.6977017551099214,0.8812315167157115,0.8836398510166362,0.870096554969505
2880,0.1255385329998963,0.4607119725918485,0.4583409714316286,0.6977177078896931,0.8812793750550271,0.8837465501914917,0.8701284605290488
2881,0.1255385329998963,0.46074387815139217,0.45840252384660346,0.697924591576971,0.8813112806145708,0.8838400081660104,0.8702059657237954
2882,0.1255385329998963,0.46074387815139217,0.4584184766263753,0.6979861439919458,0.8813591389538865,0.8839467073408659,0.870253824063111
2883,0.1255841326350992,0.4608186717667039,0.4584344294061472,0.6980476964069204,0.881452596928405,0.8840242125356125,0.8703016824024267
2884,0.12563199097441483,0.46102555545398166,0.45846633496569095,0.6980932960421236,0.8815301021231517,0.8840720708749281,0.8703495407417422
2885,0.12563199097441483,0.4611299959247245,0.4585251758012308,0.6981252016016674,0.8816235600976703,0.8841655288494467,0.8703973990810578
2886,0.1256908318099547,0.4612371479749022,0.4585251758012308,0.6981708012368701,0.8816395128774421,0.8842133871887622,0.8704452574203736
2887,0.12573643144515761,0.46137349400518873,0.45858672821620555,0.698232353651845,0.8816873712167578,0.8842612455280779,0.8704931157596892
2888,0.1257523842249295,0.4614801931800442,0.45864556905174536,0.6982939060668196,0.8817352295560733,0.8843360391433897,0.8705409740990048
2889,0.12578428978447326,0.4615709395751278,0.45864556905174536,0.6983554584817945,0.8818286875305918,0.8843679447029333,0.8706317204940883
2890,0.12578428978447326,0.4615868923548997,0.4587044098872852,0.6983873640413383,0.8818765458699077,0.884415803042249,0.8707384196689439
2891,0.12580024256424513,0.46160284513467154,0.458779203502597,0.698494516091516,0.8819244042092232,0.8844477086017927,0.8707703252284877
2892,0.125816195344017,0.46161879791444344,0.4588111090621408,0.698494516091516,0.8819722625485389,0.8844955669411083,0.8708181835678033
2893,0.12587503617955687,0.4616507034739872,0.4588111090621408,0.6985533569270558,0.8820201208878545,0.8845274725006521,0.8708500891273471
2894,0.1259206358147598,0.4616666562537591,0.4588111090621408,0.6987442878345618,0.88212682006271,0.8845753308399679,0.8709435471018655
2895,0.1259206358147598,0.4616666562537591,0.45886994989768065,0.6987898874697647,0.8822202780372286,0.8846687888144861,0.871050246276721
2896,0.1259206358147598,0.4616985618133028,0.4588859026774525,0.6988514398847395,0.8824431145042783,0.8847166471538018,0.8710981046160367
2897,0.12617040755780554,0.46178930820838643,0.459022248707739,0.6989129922997144,0.8824909728435938,0.8847645054931175,0.8711459629553524
2898,0.12617040755780554,0.46180526098815833,0.45903820148751084,0.6989289450794861,0.8825388311829095,0.8848123638324331,0.8712394209298708
2899,0.12617040755780554,0.46182121376793017,0.45924508517478874,0.698944897859258,0.8825866895222252,0.8848442693919768,0.8712872792691865
2900,0.12640422652107944,0.46191196016301383,0.4593198787901004,0.6989927561985735,0.882618595081769,0.8849217745867235,0.8713351376085021
2901,0.12640422652107944,0.4619735125779887,0.45939738398484714,0.6992133339615106,0.8826345478615407,0.8849536801462673,0.8713829959478177
2902,0.12640422652107944,0.4620911942490684,0.4594292895443909,0.6992452395210544,0.8826824062008564,0.8850471381207858,0.8714737423429013
2903,0.12652461977159407,0.4622661723768024,0.45950408315970265,0.6992611923008262,0.882730264540172,0.8851538372956412,0.871505647902445
2904,0.12654057255136594,0.46247305606408023,0.45950408315970265,0.699277145080598,0.8828237225146905,0.8852016956349568,0.8717284843694947
2905,0.12655652533113784,0.462504961623624,0.4595656355746774,0.699322744715801,0.8829171804892091,0.8852336011945006,0.8719513208365443
2906,0.12657247811090974,0.46257975523893574,0.4596404291899891,0.699322744715801,0.8829490860487528,0.8853403003693561,0.8720580200113998
2907,0.12676340901841562,0.4626116607984795,0.45965638196976094,0.6993975383311127,0.8829969443880685,0.8853881587086717,0.8721058783507155
2908,0.12676340901841562,0.4628185444857572,0.45983561605581547,0.6994431379663157,0.8830448027273842,0.8854948578835273,0.872199336325234
2909,0.12676340901841562,0.462880096900732,0.45989445689135533,0.6994431379663157,0.8830926610666997,0.8855856042786108,0.8722471946645496
2910,0.1267793617981875,0.46291200246027575,0.4599400565265583,0.6994887376015185,0.8831405194060155,0.8856790622531295,0.8722950530038652
2911,0.1267953145779594,0.46295760209547865,0.45998565616176124,0.6995343372367215,0.883188377745331,0.8857109678126732,0.8723429113431809
2912,0.12690246662813712,0.4629735548752505,0.45998565616176124,0.6995821955760371,0.8832202833048748,0.8857428733722169,0.8723907696824965
2913,0.126918419407909,0.463123142105874,0.4600631613565079,0.6996437479910119,0.8833137412793932,0.8857907317115326,0.872438628021812
2914,0.12702285987865175,0.46313909488564586,0.4601379549718196,0.6996597007707838,0.883345646838937,0.8858226372710762,0.8724864863611278
2915,0.12706845951385468,0.46333002579315175,0.46019950738679444,0.6997185416063236,0.8834523460137924,0.885870495610392,0.8725183919206715
2916,0.12706845951385468,0.4634048194084635,0.4602770125815411,0.6997344943860956,0.8835590451886479,0.8859183539497075,0.8725662502599872
2917,0.12710036507339842,0.4634663718234383,0.46030891814108493,0.6997663999456394,0.8836069035279636,0.8859662122890233,0.8726597082345057
2918,0.12710036507339842,0.46352521265897817,0.46040011741149073,0.6997823527254112,0.8836388090875074,0.8860140706283388,0.8726916137940495
2919,0.12710036507339842,0.4636027178537248,0.46046166982646547,0.6997983055051831,0.8836866674268229,0.8860459761878825,0.872739472133365
2920,0.1271163178531703,0.4636802230484715,0.46047762260623737,0.6998142582849549,0.8837185729863667,0.8860938345271981,0.8727873304726806
2921,0.12713227063294216,0.4637417754634463,0.4605391750212121,0.6998142582849549,0.8837664313256823,0.8861416928665139,0.8728351888119962
2922,0.12742493043175593,0.46377368102299005,0.4605710805807559,0.6999892364126891,0.883814289664998,0.8861735984260576,0.87286709437154
2923,0.1274408832115278,0.46381928065819295,0.4606029861402996,0.7000051891924609,0.8838621480043136,0.8862214567653732,0.8728989999310837
2924,0.1274568359912997,0.46393967390870755,0.4606348916998434,0.7000507888276638,0.8839100063436293,0.8862693151046889,0.8729309054906275
2925,0.1274568359912997,0.46395562668847945,0.460725638094927,0.7000667416074358,0.883941911903173,0.8863600614997724,0.8729787638299431
2926,0.12750469433061531,0.46395562668847945,0.46078719050990175,0.7001579408778417,0.8839738174627167,0.8863919670593162,0.8730106693894869
2927,0.1275206471103872,0.4639715794682513,0.46080314328967364,0.7001738936576134,0.8840672754372352,0.8864398253986319,0.8731173685643424
2928,0.12759815230513383,0.4640331318832261,0.46083504884921733,0.7002057992171572,0.8841151337765508,0.8865465245734874,0.8731333213441143
2929,0.1276300578646776,0.46409468429820083,0.4610419325364951,0.7002673516321319,0.8841629921158664,0.8866372709685709,0.8731811796834298
2930,0.1277075630594243,0.46411063707797273,0.4611782785667817,0.7003448568268786,0.884210850455182,0.8866691765281146,0.8731971324632019
2931,0.12772351583919617,0.4642283187490525,0.46135325669451566,0.7004223620216252,0.8842427560147257,0.8867170348674304,0.8732449908025174
2932,0.12772351583919617,0.4642898711640273,0.46136920947428756,0.7004679616568282,0.8842906143540414,0.8867648932067459,0.873292849141833
2933,0.1277554213987399,0.4646308421774791,0.4614280503098275,0.7004679616568282,0.8843384726933571,0.8868127515460615,0.8733863071163517
2934,0.12777137417851178,0.46464679495725086,0.4614440030895994,0.700529514071803,0.8843863310326727,0.8868446571056053,0.8734341654556672
2935,0.12778732695828365,0.46466274773702276,0.46145995586937116,0.7005910664867778,0.8844930302075281,0.8868925154449211,0.8734820237949829
2936,0.12778732695828365,0.4647831409875374,0.46147590864914306,0.7006229720463215,0.8845408885468438,0.8869244210044648,0.8735298821342984
2937,0.12778732695828365,0.46481504654708117,0.4615374610641178,0.7007979501740557,0.8845887468861593,0.8869563265640086,0.873577740473614
2938,0.12778732695828365,0.46483099932685307,0.46162866033452377,0.7008727437893671,0.8846206524457031,0.8870041849033241,0.8736255988129297
2939,0.12778732695828365,0.4649700569365745,0.46164461311429567,0.7008886965691391,0.8846685107850187,0.8870360904628678,0.8736734571522454
2940,0.12778732695828365,0.46503160935154925,0.46164461311429567,0.700904649348911,0.8847163691243343,0.8870360904628678,0.8737213154915611
2941,0.12778732695828365,0.4650931617665241,0.4617221183090423,0.7009206021286829,0.88476422746365,0.8870679960224116,0.8737691738308766
2942,0.12914787117597074,0.46512506732606784,0.4618425115595571,0.7009206021286829,0.8847961330231937,0.8871158543617272,0.8738170321701922
2943,0.1291638239557426,0.46514102010583974,0.4619173051748689,0.7009525076882266,0.8848439913625092,0.8871637127010428,0.8738648905095078
2944,0.12919572951528638,0.46514102010583974,0.4619761460104087,0.7009525076882266,0.8849506905373647,0.8872115710403585,0.8739127488488234
2945,0.1292413291504893,0.4651729256653835,0.4621097804612602,0.7010113485237665,0.8849985488766804,0.8872434765999022,0.873960607188139
2946,0.12925728193026118,0.4652207840046991,0.4622890145473148,0.7010569481589694,0.8850304544362241,0.887275382159446,0.8740084655274546
2947,0.12927323471003305,0.46529557762001084,0.46236380816262657,0.7011157889945092,0.8850783127755398,0.8873072877189897,0.8740563238667705
2948,0.12927323471003305,0.4653544184555507,0.46242536057760136,0.7011157889945092,0.8851717707500583,0.8874007456935082,0.874104182206086
2949,0.12931883434523594,0.4653544184555507,0.46248691299257605,0.7011317417742811,0.8852196290893739,0.887448604032824,0.8741520405454016
2950,0.12933478712500782,0.46544787643006924,0.4625617066078878,0.7011476945540529,0.8852674874286895,0.8875261092275706,0.8741998988847172
2951,0.12933478712500782,0.46546382920984114,0.4625776593876597,0.7011932941892559,0.8853153457680052,0.8875739675668862,0.8742477572240328
2952,0.12938038676021074,0.46546382920984114,0.4625776593876597,0.7011932941892559,0.8853632041073208,0.8876355199818611,0.8742956155633486
2953,0.1293963395399826,0.46547978198961304,0.4625776593876597,0.7012388938244588,0.8853951096668645,0.8876833783211766,0.8743275211228921
2954,0.1296757581384594,0.4655413344045878,0.4627299581977181,0.7012707993840025,0.8854429680061802,0.8877312366604924,0.8743753794622078
2955,0.1296757581384594,0.4656617276551025,0.4627618637572619,0.7012707993840025,0.8854748735657239,0.8877790949998079,0.8744232378015236
2956,0.1296757581384594,0.46567768043487434,0.4628207045928018,0.7013642573585211,0.8855067791252677,0.8878269533391235,0.8744710961408392
2957,0.1296757581384594,0.46569363321464624,0.4628366573725737,0.701380210138293,0.8855546374645833,0.8878588588986672,0.874503001700383
2958,0.12973459897399928,0.46576842682995795,0.46289549820811354,0.701380210138293,0.8856024958038989,0.8879655580735227,0.8745508600396984
2959,0.12979343980953917,0.465943404957692,0.46289549820811354,0.701396162918065,0.8856344013634427,0.8880722572483782,0.8745987183790142
2960,0.12983903944474207,0.4660341513527756,0.46292740376765723,0.7014121156978368,0.8856663069229864,0.888104162807922,0.8746465767183298
2961,0.1298978802802819,0.4661089449680873,0.4630637497979438,0.7014280684776086,0.8857597648975051,0.8881520211472377,0.8746944350576453
2962,0.1299297858398257,0.46618645016283394,0.46328432756088067,0.7014896208925835,0.8858076232368206,0.888291078756959,0.874742293396961
2963,0.1299297858398257,0.46620240294260584,0.46328432756088067,0.7015644145078952,0.8858395287963643,0.8883977779318144,0.8747741989565048
2964,0.1299753854750286,0.46627719655791755,0.4634752584683866,0.701639208123207,0.88588738713568,0.88844563627113,0.8748220572958203
2965,0.1299753854750286,0.46629314933768945,0.46356645773879246,0.7017007605381818,0.8859352454749956,0.8884934946104457,0.8748699156351359
2966,0.13000729103457234,0.4663091021174613,0.4636412513541042,0.7017007605381818,0.8859831038143113,0.8885413529497613,0.8750089732448575
2967,0.13000729103457234,0.46638660731220793,0.4636868509893071,0.7017167133179536,0.886030962153627,0.8885892112890769,0.875056831584173
2968,0.13005289066977527,0.46640256009197983,0.4636868509893071,0.7017326660977256,0.8860628677131707,0.8886370696283925,0.8751046899234889
2969,0.13030266241282104,0.4664504184312955,0.4636868509893071,0.7017486188774974,0.8861107260524862,0.8887437688032481,0.8751365954830325
2970,0.13037745602813275,0.46665730211857326,0.4637935501641625,0.7018101712924721,0.886188231247233,0.8887756743627918,0.8751685010425763
2971,0.13037745602813275,0.46671885453354806,0.4638551025791374,0.7018261240722441,0.8862201368067768,0.8888235327021075,0.8752619590170947
2972,0.13039340880790468,0.46673480731331995,0.463975495829652,0.7019036292669907,0.8862520423663205,0.8888713910414231,0.8752938645766385
2973,0.13039340880790468,0.4668123125080666,0.463975495829652,0.7019811344617374,0.886299900705636,0.8889032966009668,0.8753873225511569
2974,0.13039340880790468,0.46688981770281324,0.46402335416896767,0.7019970872415092,0.8863477590449518,0.8889511549402825,0.8754351808904727
2975,0.1304390084431076,0.4670647958305472,0.4640552597285114,0.7020130400212811,0.8863796646044955,0.8889990132795981,0.8754830392297883
2976,0.13047091400265134,0.4670807486103191,0.4641327649232581,0.7020289928010529,0.8864115701640393,0.8890765184743449,0.875530897569104
2977,0.13048686678242322,0.467112654169863,0.46419431733823285,0.7020289928010529,0.8865023165591228,0.8891832176492004,0.8755787559084195
2978,0.13054841919739799,0.46714455972940666,0.46421027011800475,0.7020289928010529,0.8865342221186666,0.8892310759885159,0.8756266142477351
2979,0.13060726003293785,0.4671764652889504,0.46421027011800475,0.7020449455808249,0.8865820804579823,0.8892789343278317,0.8756744725870507
2980,0.13060726003293785,0.4672220649241533,0.4642691109535446,0.7020608983605967,0.8866139860175261,0.8893108398873754,0.8757223309263665
2981,0.1306820536482496,0.46729685853946507,0.46434661614829126,0.7020768511403686,0.8866618443568417,0.8893586982266909,0.8757701892656821
2982,0.1306820536482496,0.4673716521547768,0.46443781541869705,0.7022131971706552,0.8866937499163854,0.8895109970367495,0.8758768884405375
2983,0.13069800642802148,0.46744915734952347,0.4644537681984689,0.702258796805858,0.8867256554759292,0.889558855376065,0.8759543936352842
2984,0.13071395920779338,0.46748106290906716,0.4644537681984689,0.702258796805858,0.8867735138152447,0.8896067137153807,0.8760022519745997
2985,0.13071395920779338,0.46749701568883906,0.46451532061344375,0.702258796805858,0.8868054193747885,0.8896386192749244,0.8760501103139153
2986,0.13071395920779338,0.46751296846861096,0.46451532061344375,0.702258796805858,0.8868532777141042,0.8896864776142401,0.876097968653231
2987,0.13071395920779338,0.46751296846861096,0.4645472261729875,0.702304396441061,0.8869011360534197,0.8897343359535557,0.8761914266277496
2988,0.13094777817106726,0.46752892124838286,0.4645472261729875,0.702304396441061,0.8869330416129635,0.8897662415130995,0.8762981258026052
2989,0.13099563651038287,0.46770389937611684,0.46476780393592443,0.7023363020006047,0.8869808999522791,0.8898140998524151,0.8763459841419208
2990,0.13102754206992662,0.4677973573506354,0.46478375671569633,0.7023978544155796,0.8870128055118229,0.8898619581917306,0.8763938424812364
2991,0.13107314170512954,0.4678133101304073,0.46485855033100804,0.7023978544155796,0.8870287582915949,0.8899098165310464,0.8764417008205521
2992,0.13107314170512954,0.467874862545382,0.4650218316372907,0.7024138071953515,0.8870606638511386,0.8899576748703619,0.8764895591598677
2993,0.13108909448490141,0.468108681508656,0.46530125023576757,0.7024726480308914,0.8870925694106824,0.8900511328448804,0.8765374174991832
2994,0.13108909448490141,0.4681246342884279,0.4654216434862822,0.7025314888664312,0.8871404277499979,0.890098991184196,0.8766441166740386
2995,0.13108909448490141,0.4681994279037396,0.4655420367367968,0.7026089940611779,0.8871723333095416,0.8901468495235118,0.8766760222335824
2996,0.13113469412010434,0.4682472862430552,0.4655579895165687,0.7026089940611779,0.8872201916488573,0.8901947078628273,0.8767238805728981
2997,0.13113469412010434,0.4684382171505612,0.4656327831318805,0.702783972188912,0.8872680499881729,0.8902425662021429,0.8767238805728981
2998,0.13113469412010434,0.46845416993033306,0.4656487359116524,0.7028158777484558,0.8873615079626914,0.8902744717616867,0.8767717389122136
2999,0.13123913459084713,0.46851572234530786,0.4656487359116524,0.7028774301634304,0.8874093663020071,0.8903063773212304,0.8768036444717574
3000,0.13123913459084713,0.4685745631808477,0.46572352952696416,0.7029093357229742,0.8874412718615509,0.8904130764960859,0.876851502811073
3001,0.13123913459084713,0.4686224215201633,0.46581427592204777,0.7029093357229742,0.8874891302008664,0.8904609348354015,0.8768993611503888
3002,0.13123913459084713,0.4688133524276692,0.46585987555725067,0.702941241282518,0.887536988540182,0.89055439280992,0.8769312667099325
3003,0.13123913459084713,0.468845257987213,0.46585987555725067,0.702941241282518,0.8876436877150377,0.8905862983694638,0.8769631722694762
3004,0.13128473422605005,0.46907009170847047,0.46585987555725067,0.7030616345330326,0.8876915460543533,0.8906341567087794,0.8770110306087918
3005,0.13128473422605005,0.46907009170847047,0.4658917811167944,0.7031364281483442,0.8877074988341251,0.8906660622683232,0.8770429361683355
3006,0.13139188627622775,0.46916354968298896,0.46592368667633816,0.7031523809281162,0.8877553571734408,0.8907727614431786,0.8771363941428542
3007,0.13139188627622775,0.4692707017331667,0.46593963945611,0.703168333707888,0.8878032155127564,0.8908046670027224,0.8771842524821698
3008,0.13149632674697054,0.4693163013683696,0.46597154501565374,0.7032298861228627,0.8878510738520721,0.8908525253420378,0.8772321108214853
3009,0.1315122795267424,0.4694070477634532,0.4660194033549694,0.7033046797381745,0.8878989321913876,0.8912503399368217,0.8774389945087632
3010,0.13157112036228227,0.46955663499407674,0.46603535613474123,0.7033206325179464,0.8879467905307032,0.8912981982761373,0.877470900068307
3011,0.13157112036228227,0.4696500929685953,0.4661261025298249,0.7033981377126931,0.887978696090247,0.8913460566154529,0.8775028056278507
3012,0.1316167199974852,0.46968199852813897,0.466301080657559,0.7034459960520087,0.8880265544295626,0.8913939149547686,0.8775506639671664
3013,0.13166231963268812,0.4697996801992187,0.4663626330725338,0.7034779016115525,0.8880425072093345,0.8914417732940841,0.8775985223064819
3014,0.13167827241246,0.4698156329789906,0.4663626330725338,0.7034938543913243,0.8880903655486503,0.8916646097611338,0.8776304278660257
3015,0.13167827241246,0.47008135750180824,0.4663626330725338,0.7034938543913243,0.8883132020156999,0.8917124681004495,0.8776623334255693
3016,0.13167827241246,0.47009731028158014,0.4663626330725338,0.7035098071710962,0.8883451075752437,0.8917603264397651,0.8777101917648852
3017,0.13167827241246,0.4702468975122036,0.4664538323429396,0.7035554068062991,0.8883770131347873,0.8917922319993089,0.8777420973244288
3018,0.1317238720476629,0.470455325578367,0.4664697851227115,0.7036010064415021,0.888408918694331,0.8918241375588526,0.8777899556637444
3019,0.13173982482743476,0.4704872311379107,0.4668531913166088,0.7036010064415021,0.8885023766688496,0.891976436368911,0.8778674608584911
3020,0.13173982482743476,0.47076890844050023,0.46689879095181175,0.7036169592212739,0.8885502350081652,0.891992389148683,0.8779153191978069
3021,0.13173982482743476,0.4708167667798158,0.4669306965113555,0.7036329120010458,0.8885821405677089,0.8920402474879985,0.8779631775371224
3022,0.13173982482743476,0.4708327195595877,0.4669306965113555,0.7036329120010458,0.8886299989070245,0.8926130402105164,0.8780110358764381
3023,0.1317854244626377,0.47095582438953737,0.4669306965113555,0.7036648175605896,0.8888824822295053,0.8926449457700601,0.8780429414359818
3024,0.1317854244626377,0.47097177716930916,0.4669466492911274,0.7036807703403615,0.8889143877890491,0.8926928041093757,0.8780748469955255
3025,0.13183102409784062,0.471033329584284,0.4669466492911274,0.7036807703403615,0.8889462933485928,0.8927406624486913,0.8781683049700441
3026,0.13183102409784062,0.4710492823640559,0.46696260207089924,0.7037423227553362,0.8890370397436765,0.8928473616235468,0.8782161633093596
3027,0.13183102409784062,0.47106523514382787,0.46696260207089924,0.7037423227553362,0.8890689453032202,0.8928952199628626,0.8782640216486753
3028,0.13183102409784062,0.4712015811741142,0.46696260207089924,0.7038011635908761,0.8891756444780758,0.8929430783021781,0.878295927208219
3029,0.13184697687761252,0.47127637478942597,0.46697855485067113,0.7038627160058509,0.8892235028173914,0.8929909366414938,0.8783278327677627
3030,0.13184697687761252,0.47127637478942597,0.4670533484659829,0.7038627160058509,0.8892554083769352,0.8931432354515523,0.8784212907422813
3031,0.13184697687761252,0.47130828034896965,0.46711218930152276,0.7038786687856227,0.8892873139364789,0.8931910937908679,0.878469149081597
3032,0.1318629296573844,0.4713698327639445,0.4671440948610665,0.7039698680560286,0.8893192194960228,0.8932845517653865,0.8785010546411407
3033,0.13198332290789902,0.4713857855437164,0.4671896944962694,0.7039858208358004,0.8893511250555665,0.893332410104702,0.8785329602006845
3034,0.13210371615841368,0.47140173832348836,0.4672644881115811,0.7040017736155723,0.8893989833948821,0.8934099152994487,0.87858081854
3035,0.13216255699395354,0.47146329073846316,0.4673848813620958,0.7040177263953442,0.8894468417341977,0.8934577736387642,0.8786286768793157
3036,0.13216255699395354,0.4715407959332098,0.46744372219763564,0.7040633260305472,0.8895535409090531,0.8934896791983081,0.8786765352186312
3037,0.1322213978294934,0.4716023483481846,0.46749158053695133,0.7040792788103191,0.889569493688825,0.8935831371728266,0.878708440778175
3038,0.13223735060926528,0.47163425390772834,0.46755313295192613,0.7041700252054025,0.8896173520281406,0.8936309955121422,0.8787562991174906
3039,0.13223735060926528,0.47184113759500607,0.4676306381466728,0.7041859779851745,0.8897240512029961,0.8937376946869976,0.8787882046770344
3040,0.13228520894858092,0.47185709037477797,0.46769219056164757,0.7041859779851745,0.8897559567625399,0.8937855530263132,0.87883606301635
3041,0.1323011617283528,0.47190494871409355,0.4677240961211913,0.7043769088926803,0.8898038151018555,0.8938334113656288,0.8788839213556656
3042,0.13237595534366453,0.47202534196460827,0.46778564853616605,0.7043769088926803,0.8898516734411712,0.8938812697049445,0.8789906205305211
3043,0.1323919081234364,0.472057247524152,0.46784720095114085,0.7044357497282203,0.8898835790007149,0.8939747276794631,0.8790973197053767
3044,0.13240786090320827,0.47229106648742586,0.46792470614588755,0.7044517025079922,0.8899314373400306,0.8940225860187786,0.8791451780446924
3045,0.13264167986648218,0.4723229720469696,0.4679862585608623,0.7045264961233038,0.8899792956793462,0.894129285193634,0.8791930363840079
3046,0.13265763264625405,0.4724433652974843,0.46828434151854587,0.7045264961233038,0.8900271540186618,0.8941611907531778,0.8792408947233236
3047,0.13267358542602592,0.473894655910255,0.4683591351338576,0.7045264961233038,0.8900887064336366,0.8941930963127215,0.8792728002828674
3048,0.13267358542602592,0.4741284748735289,0.46843392874916934,0.7045720957585068,0.8901206119931803,0.8942997954875771,0.879304705842411
3049,0.13268953820579782,0.4741900272885037,0.46853836921991215,0.7045880485382786,0.8902140699676989,0.8943476538268927,0.8793525641817267
3050,0.13268953820579782,0.4742675324832504,0.46862911561499576,0.7046359068775943,0.8902619283070144,0.8944384002219763,0.8794004225210423
3051,0.13268953820579782,0.474345037677997,0.4687198620100794,0.704651859657366,0.8903097866463301,0.894486258561292,0.8794482808603579
3052,0.13268953820579782,0.4757374874552278,0.46873581478985127,0.7047585588322216,0.8903257394261019,0.8945341169006077,0.8794961391996735
3053,0.1327510906207726,0.4757963282907677,0.46884025526059403,0.7048201112471965,0.8903735977654176,0.8945819752399233,0.8795280447592173
3054,0.13276704340054446,0.4758282338503115,0.46885620804036593,0.7048360640269683,0.8904643441605011,0.894629833579239,0.8795599503187611
3055,0.13278299618031633,0.47591898024539503,0.4688721608201378,0.7048360640269683,0.8905122024998168,0.8946617391387828,0.8796078086580768
3056,0.1327989489600882,0.47595088580493883,0.4689040663796815,0.7048679695865121,0.8905281552795886,0.8947095974780983,0.8796556669973923
3057,0.1327989489600882,0.47595088580493883,0.4691246441426185,0.7048839223662839,0.8905760136189043,0.894757455817414,0.8797035253367079
3058,0.1327989489600882,0.4759827913644825,0.4691405969223904,0.7048998751460558,0.8906079191784481,0.8948053141567295,0.8797810305314545
3059,0.13281490173986008,0.4759987441442544,0.4691405969223904,0.7049158279258276,0.8906557775177636,0.8948372197162733,0.8798129360909983
3060,0.13284680729940385,0.4760306497037982,0.4691405969223904,0.7049158279258276,0.8907036358570792,0.8948850780555889,0.879844841650542
3061,0.13284680729940385,0.47609220211877296,0.46915654970216225,0.7049614275610306,0.8907355414166229,0.8949785360301075,0.8799382996250605
3062,0.13284680729940385,0.47609220211877296,0.46915654970216225,0.7049614275610306,0.8907674469761667,0.8950263943694231,0.8799861579643763
3063,0.13284680729940385,0.47612410767831664,0.469188455261706,0.7050526268314364,0.8908153053154825,0.8951198523439418,0.8800928571392318
3064,0.13284680729940385,0.47612410767831664,0.4692203608212498,0.7050685796112083,0.8908472108750262,0.8951677106832573,0.8801407154785473
3065,0.13286276007917572,0.4765059694933286,0.4692951544365615,0.7050685796112083,0.8908950692143417,0.895215569022573,0.8801726210380912
3066,0.13286276007917572,0.47653787505287226,0.4694155476870761,0.7050845323909802,0.8909429275536574,0.8952634273618886,0.880204526597635
3067,0.13286276007917572,0.47655382783264416,0.46946114732227906,0.705100485170752,0.890990785892973,0.8953112857012042,0.8802523849369506
3068,0.13286276007917572,0.47656978061241606,0.4695359409375908,0.7051164379505239,0.8910386442322887,0.8953591440405197,0.8803002432762662
3069,0.13286276007917572,0.4766313330273908,0.46971091906532486,0.7051323907302958,0.8910545970120605,0.8954070023798355,0.8803937012507848
3070,0.13286276007917572,0.47667693266259376,0.4697428246248686,0.7051483435100677,0.8910865025716043,0.8954548607191511,0.8804415595901003
3071,0.13286276007917572,0.47669288544236565,0.4698016654604084,0.7051642962898395,0.8911343609109199,0.8955027190584667,0.8804734651496441
3072,0.13286276007917572,0.47688381634987154,0.4699512526910319,0.7052258487048143,0.8911822192502356,0.8955802242532134,0.8805053707091879
3073,0.1328787128589476,0.4769157219094152,0.47007164594154655,0.7052418014845863,0.8912300775895512,0.8956280825925289,0.8805532290485035
3074,0.1328787128589476,0.4769157219094152,0.47007164594154655,0.705257754264358,0.8912300775895512,0.8957347817673845,0.8805691818282753
3075,0.1328787128589476,0.47700646830449894,0.47007164594154655,0.705432732392092,0.8913075827842979,0.8957826401067002,0.8806170401675909
3076,0.1328787128589476,0.4770224210842709,0.4701304867770864,0.705478332027295,0.8913235355640697,0.8958145456662439,0.8806648985069067
3077,0.1328787128589476,0.47708126191981065,0.4701464395568583,0.7055371728628349,0.8913394883438416,0.8958624040055594,0.8807127568462222
3078,0.13295350647425935,0.47708126191981065,0.470266832807373,0.7055827724980379,0.8913713939033854,0.8960603024508207,0.8807606151855379
3079,0.13296945925403122,0.47711316747935445,0.470266832807373,0.7056416133335778,0.8914032994629292,0.8961081607901363,0.8808084735248535
3080,0.1329854120338031,0.47711316747935445,0.47035757920245663,0.7056872129687807,0.8914352050224729,0.896156019129452,0.8808244263046254
3081,0.13303101166900602,0.4772951131448439,0.4705485101099626,0.7056872129687807,0.8914671105820166,0.8962038774687676,0.880872284643941
3082,0.13332638304725472,0.4773110659246157,0.47066890336047723,0.7057031657485525,0.8915149689213322,0.8962517358080834,0.8811407207461937
3083,0.13335828860679846,0.4773110659246157,0.47074640855522387,0.7057350713080963,0.891546874480876,0.8963451937826018,0.8811885790855093
3084,0.13337424138657034,0.4773270187043876,0.4708079609701986,0.70576697686764,0.8916376208759597,0.8963930521219174,0.8812364374248248
3085,0.13341984102177326,0.47753390239166543,0.4708987073652823,0.705782929647412,0.891744320050815,0.896486510096436,0.8813298953993433
3086,0.13343579380154516,0.4775954548066402,0.47097350098059404,0.7057988824271838,0.8917602728305869,0.8965343684357516,0.881377753738659
3087,0.13345174658131703,0.47771584805715483,0.4710054065401378,0.7057988824271838,0.8917921783901307,0.8965822267750672,0.8814256120779747
3088,0.13345174658131703,0.4778093060316734,0.4710669589551127,0.7058307879867276,0.8918856363646491,0.8966300851143829,0.8814734704172903
3089,0.13345174658131703,0.47784121159121706,0.4710669589551127,0.7059055816020392,0.8920675820301387,0.8967235430889015,0.8815213287566058
3090,0.13345174658131703,0.47787311715076086,0.4710669589551127,0.7059215343818112,0.8920994875896824,0.896771401428217,0.8815532343161495
3091,0.13349734621651993,0.47790502271030455,0.47108291173488454,0.7059693927211267,0.8921473459289981,0.8968192597675327,0.8816010926554653
3092,0.13351329899629183,0.4780117218851601,0.47114175257042434,0.7059693927211267,0.8922408039035167,0.8968671181068484,0.881617045435237
3093,0.13355889863149473,0.47804362744470386,0.47123521054494294,0.7059693927211267,0.8923342618780352,0.8969149764461639,0.8816489509947808
3094,0.13355889863149473,0.47810517985967865,0.47123521054494294,0.7060012982806705,0.892366167437579,0.8969628347854796,0.8818717874618305
3095,0.1335748514112666,0.47812113263945055,0.4712671161044867,0.7060468979158735,0.8923980729971227,0.8970106931247952,0.8819036930213743
3096,0.13364964502657836,0.47819592625476226,0.4714007505553382,0.7060628506956453,0.8924299785566665,0.8971041510993137,0.8819811982161209
3097,0.13372443864189007,0.478270719870074,0.47147554417064996,0.706137644310957,0.892477836895982,0.8971520094386295,0.8820290565554365
3098,0.13372443864189007,0.478270719870074,0.47152114380585286,0.706137644310957,0.8925097424555257,0.8972454674131479,0.8820609621149803
3099,0.13377003827709302,0.478270719870074,0.47175767434856175,0.706153597090729,0.8925256952352977,0.8972933257524637,0.882092867674524
3100,0.1337859910568649,0.4783295607056139,0.4718192267635365,0.7062151495057037,0.8925576007948414,0.8973411840917791,0.8821247732340678
3101,0.1337859910568649,0.47836146626515763,0.4718351795433084,0.7062899431210156,0.8925895063543852,0.8973730896513229,0.8821726315733834
3102,0.1337859910568649,0.4784818595156723,0.47189402037884826,0.7063058959007874,0.892621411913929,0.8974209479906387,0.8822204899126991
3103,0.1337859910568649,0.47854070035121216,0.47196881399415996,0.7063218486805594,0.8926373646937008,0.8975144059651571,0.8822683482520147
3104,0.1337859910568649,0.47855665313098406,0.47214379212189406,0.706396642295871,0.8926852230330165,0.8975622643044726,0.8823002538115585
3105,0.1337859910568649,0.47858855869052785,0.4721597449016659,0.7064554831314108,0.8927171285925601,0.8976557222789913,0.882348112150874
3106,0.1337859910568649,0.47862046425007154,0.47219165046120964,0.7064714359111828,0.8927649869318759,0.8977035806183069,0.8823959704901897
3107,0.13381789661640864,0.4786660638852745,0.47220760324098154,0.7065462295264946,0.8927809397116476,0.8977514389576224,0.8824278760497335
3108,0.1338794490313834,0.47872761630024924,0.47251621581956715,0.7066050703620343,0.8928287980509633,0.8977992972969381,0.8824597816092772
3109,0.13389540181115528,0.47874356908002114,0.4725481213791109,0.7066050703620343,0.8928766563902789,0.8978471556362538,0.8825076399485928
3110,0.13389540181115528,0.47875952185979304,0.47256407415888274,0.7066050703620343,0.8929701143647975,0.8979406136107724,0.8825554982879085
3111,0.13391135459092718,0.4788343154751048,0.4725959797184265,0.7066050703620343,0.893060860759881,0.8980313600058559,0.882603356627224
3112,0.13391135459092718,0.47889315631064466,0.47265753213340134,0.7066210231418063,0.8931543187343997,0.8980792183451716,0.882619309406996
3113,0.13391135459092718,0.4789091090904165,0.4726734849131732,0.7066958167571179,0.8932021770737152,0.8981270766844871,0.8826671677463115
3114,0.13391135459092718,0.4789091090904165,0.4726894376929451,0.7067117695368897,0.893218129853487,0.8982205346590056,0.8827150260856271
3115,0.13414517355420105,0.4789706615053913,0.4727509901079198,0.7068025159319735,0.8932500354130308,0.8982524402185494,0.8827628844249429
3116,0.13421996716951282,0.47907736068024676,0.4727509901079198,0.7068025159319735,0.8932978937523465,0.898345898193068,0.8827628844249429
3117,0.13421996716951282,0.47913891309522155,0.4727509901079198,0.7068025159319735,0.8933297993118903,0.8983937565323836,0.8827628844249429
3118,0.1342359199492847,0.4791548658749934,0.4728098309434597,0.7068937152023793,0.8933776576512058,0.8984416148716992,0.8827628844249429
3119,0.13452857974809843,0.4791867714345372,0.4728098309434597,0.706909667982151,0.8934255159905214,0.8984894732110148,0.8827628844249429
3120,0.13452857974809843,0.4792323710697401,0.4728098309434597,0.706909667982151,0.8935162623856051,0.8985213787705586,0.8827628844249429
3121,0.13452857974809843,0.47924832384951194,0.4729848090711937,0.706955267617354,0.8935641207249208,0.8986148367450771,0.8827628844249429
3122,0.13452857974809843,0.47936871710002665,0.4731597871989278,0.7069871731768979,0.8935800735046926,0.8986626950843928,0.8827628844249429
3123,0.13452857974809843,0.479579856745625,0.47317573997869966,0.7070327728121006,0.8935960262844644,0.8987561530589113,0.8827628844249429
3124,0.13452857974809843,0.4798163872883337,0.47317573997869966,0.7070487255918726,0.8936279318440082,0.8988040113982269,0.8827628844249429
3125,0.1345445325278703,0.4798482928478775,0.4732961332292143,0.7070646783716444,0.893834815531286,0.8989430690079484,0.8827628844249429
3126,0.13457643808741404,0.4799230864631892,0.47331208600898617,0.7070646783716444,0.8938667210908297,0.8989909273472639,0.8827628844249429
3127,0.1348690978862278,0.47998463887816395,0.47331208600898617,0.7070965839311881,0.8938986266503736,0.8990387856865796,0.8827628844249429
3128,0.1348690978862278,0.48038019476883503,0.47350301691649205,0.707201024401931,0.8939145794301454,0.8990866440258951,0.8827628844249429
3129,0.1348690978862278,0.480425794404038,0.47354861655169495,0.7072169771817028,0.893962437769461,0.899134502365211,0.8827628844249429
3130,0.1348690978862278,0.480425794404038,0.4736234101670067,0.7072169771817028,0.8939943433290048,0.8991823607045266,0.8827628844249429
3131,0.1348690978862278,0.4805005880193497,0.47363936294677855,0.7072169771817028,0.8940422016683204,0.8992142662640702,0.8827628844249429
3132,0.13490100344577155,0.4807074717066275,0.4736712685063223,0.7072169771817028,0.8940581544480923,0.899262124603386,0.8827628844249429
3133,0.1350081554959493,0.4807690241216022,0.4738781521936001,0.7072329299614748,0.8941060127874079,0.8993099829427016,0.8827628844249429
3134,0.1350537551311522,0.480800929681146,0.473894104973372,0.7072329299614748,0.8941994707619264,0.8993578412820171,0.8827628844249429
3135,0.13506970791092407,0.4808328352406897,0.4740144982238866,0.7072329299614748,0.8943061699367819,0.8994056996213328,0.8827628844249429
3136,0.13506970791092407,0.4808487880204616,0.4740464037834304,0.7072488827412466,0.8943809635520937,0.8994535579606483,0.8827788372047147
3137,0.13514450152623583,0.48089438765566456,0.4742802227467043,0.7072648355210184,0.8944584687468404,0.8995014162999639,0.8827788372047147
3138,0.13514450152623583,0.48097189285041125,0.4744552008744384,0.7072807883007904,0.8944903743063841,0.8995492746392798,0.8827788372047147
3139,0.1352352479213194,0.48122166459345705,0.47450305921375396,0.7074557664285244,0.8945222798659279,0.8995971329785953,0.8827788372047147
3140,0.13525120070109128,0.48135529904430857,0.4745486588489569,0.7075305600438362,0.8945541854254717,0.899644991317911,0.8827947899844866
3141,0.13526715348086318,0.4813712518240805,0.4745646116287288,0.7075624656033798,0.8946020437647874,0.8996928496572265,0.8827947899844866
3142,0.13532599431640302,0.4815781355113583,0.47459651718827256,0.7075784183831518,0.894633949324331,0.899786307631745,0.8827947899844866
3143,0.1353848351519429,0.48161004107090205,0.4746580696032473,0.7076372592186917,0.8946658548838748,0.8998341659710607,0.8827947899844866
3144,0.1354304347871458,0.4816715934858768,0.4748490005107532,0.7076372592186917,0.8946818076636466,0.8998820243103762,0.8827947899844866
3145,0.13544638756691768,0.48174638710118856,0.4748946001459561,0.7076988116336663,0.8946977604434185,0.89991392986992,0.8827947899844866
3146,0.1354919872021206,0.48183984507570704,0.47494019978115903,0.708142225863653,0.8954073520715448,0.8999617882092357,0.882933847594208
3147,0.13550793998189248,0.48185579785547894,0.47494019978115903,0.7081741314231969,0.8955008100460635,0.9000096465485513,0.8830993876046034
3148,0.13552389276166435,0.48188770341502274,0.47501499339647085,0.7082060369827406,0.8956854672909879,0.9001619453586098,0.883206086779459
3149,0.13553984554143622,0.48193330305022564,0.4750738342320107,0.7082675893977153,0.8957921664658434,0.9001938509181534,0.8832539451187745
3150,0.1355557983212081,0.48199214388576556,0.4750738342320107,0.7082835421774872,0.8958400248051589,0.9002417092574693,0.8833606442936299
3151,0.1355557983212081,0.48199214388576556,0.4751645806270943,0.7083314005168029,0.8959467239800144,0.9002895675967848,0.8834085026329457
3152,0.1355557983212081,0.48199214388576556,0.47518053340686617,0.7083473532965748,0.8960534231548699,0.9003374259361004,0.8834563609722612
3153,0.1355557983212081,0.4820080966655374,0.4753009266573809,0.7084836993268613,0.8961012814941856,0.9004308839106189,0.8835042193115769
3154,0.13561463915674796,0.48208289028084916,0.47531687943715273,0.7086013809979411,0.8961491398335011,0.9004787422499345,0.8835520776508925
3155,0.13561463915674796,0.4821147958403929,0.4755078103446586,0.7086332865574848,0.8963014386435597,0.9005266005892502,0.8835999359902081
3156,0.13561463915674796,0.48213074862016475,0.4757283881075956,0.7086492393372568,0.8963492969828752,0.9005744589285657,0.8836477943295237
3157,0.1357058384271538,0.48223790067034245,0.4757443408873675,0.7086651921170286,0.8963971553221909,0.9006223172678813,0.8836956526688393
3158,0.13573774398669755,0.4822698062298862,0.47585149293754514,0.7087399857323402,0.8965038544970465,0.900670175607197,0.8837435110081551
3159,0.1358125376020093,0.4823901994804008,0.4758993512768608,0.7087399857323402,0.896597312471565,0.9007180339465126,0.8837913693474706
3160,0.13584444316155306,0.4824061522601727,0.4759153040566326,0.7087559385121122,0.8967040116464204,0.9007658922858284,0.8838848273219891
3161,0.13592194835629975,0.48242210503994454,0.4759312568364045,0.7088307321274239,0.8967518699857361,0.9007977978453721,0.8839326856613049
3162,0.1359538539158435,0.48243805781971644,0.4759312568364045,0.7089351725981666,0.8967997283250517,0.9008456561846876,0.8839805440006204
3163,0.13596980669561537,0.4825452098698942,0.47594720961617637,0.709074230207888,0.8968931862995703,0.9008935145240033,0.8840124495601641
3164,0.13596980669561537,0.4825452098698942,0.4760247148109231,0.7090901829876599,0.8969250918591138,0.9009413728633189,0.8841191487350196
3165,0.13601766503493098,0.4825611626496661,0.47604066759069497,0.7091813822580657,0.8969569974186576,0.9009892312026345,0.8841670070743353
3166,0.13601766503493098,0.48259306820920983,0.47608626722589786,0.7092429346730406,0.8969889029782014,0.90103708954195,0.8843898435413848
3167,0.1362514839982049,0.4826090209889817,0.47610222000566976,0.7093177282883524,0.8970367613175171,0.9010849478812658,0.8844833015159034
3168,0.13631303641317968,0.48262497376875363,0.47610222000566976,0.7093633279235552,0.8970846196568326,0.9011328062205813,0.8845311598552191
3169,0.13631303641317968,0.48265687932829743,0.4761637724206445,0.7093792807033271,0.8971324779961483,0.9012262641951,0.8845790181945347
3170,0.13631303641317968,0.4830429971016297,0.47622532483561936,0.7093792807033271,0.8971803363354641,0.9013170105901837,0.8846268765338504
3171,0.13631303641317968,0.4830589498814015,0.47628687725059415,0.7094996739538417,0.8972281946747797,0.9013648689294993,0.884674734873166
3172,0.13634494197272345,0.4831205022963763,0.47634842966556895,0.7095612263688166,0.8973056998695264,0.9014127272688148,0.8847225932124816
3173,0.13641973558803516,0.48313645507614816,0.47634842966556895,0.7095771791485884,0.8973535582088419,0.9014605856081306,0.8848160511870001
3174,0.13641973558803516,0.48313645507614816,0.47636438244534085,0.7095931319283603,0.8974014165481575,0.9015084439474461,0.8849095091615187
3175,0.13641973558803516,0.48315240785592006,0.4764232232808807,0.7096546843433351,0.8974492748874731,0.9015563022867618,0.8849573675008344
3176,0.13643568836780703,0.4833273859836541,0.4765982014086147,0.7096546843433351,0.8974971332267887,0.9016041606260773,0.8849892730603781
3177,0.13643568836780703,0.4833889383986289,0.4766438010438177,0.7096706371231071,0.8975449915661042,0.901652018965393,0.8850827310348965
3178,0.1364945292033469,0.48346644359337554,0.4766438010438177,0.7096706371231071,0.8975928499054201,0.9016998773047086,0.8851305893742122
3179,0.1365560816183217,0.4835279960083503,0.47665975382358955,0.7096706371231071,0.8976407082447356,0.9017317828642525,0.8851784477135278
3180,0.13658798717786544,0.4835279960083503,0.47670535345879245,0.7097454307384187,0.8976726138042792,0.901779641203568,0.8852719056880464
3181,0.13660393995763734,0.483559901567894,0.4767372590183362,0.7097613835181905,0.8977204721435951,0.9018115467631118,0.8853786048629019
3182,0.1366198927374092,0.4836962475981806,0.47687089346918776,0.7097613835181905,0.8977683304829107,0.9019770867735072,0.8854853040377573
3183,0.1366654923726121,0.48375508843372045,0.47691649310439066,0.7098069831533934,0.8978617884574291,0.9020249451128227,0.8855787620122757
3184,0.13668144515238398,0.4838166408486953,0.4769780455193654,0.7098229359331653,0.8978936940169729,0.9020728034521385,0.8856266203515913
3185,0.1367270447875869,0.4838781932636701,0.47705555071411215,0.7098685355683683,0.8979415523562885,0.902120661791454,0.8857333195264468
3186,0.1367858856231268,0.48391009882321384,0.47715999118485486,0.7098844883481401,0.8979894106956041,0.9021685201307696,0.8857811778657625
3187,0.13680183840289867,0.4840601389291595,0.47717594396462676,0.7098844883481401,0.8980372690349198,0.902275219305625,0.8858290362050781
3188,0.1368474380381016,0.48410573856436245,0.47722154359982966,0.709900441127912,0.8980851273742354,0.9023230776449407,0.8858768945443938
3189,0.1368474380381016,0.48413764412390614,0.47722154359982966,0.7099163939076838,0.898178585348754,0.9023709359842563,0.8859703525189124
3190,0.1369545900882793,0.48416954968345,0.4773286956500074,0.7099323466874558,0.8982104909082977,0.9024187943235719,0.8860182108582281
3191,0.1369545900882793,0.4841855024632219,0.4775652261927162,0.7099482994672276,0.8982583492476134,0.9024666526628875,0.8860660691975436
3192,0.1369545900882793,0.4842602960785335,0.477772109879994,0.7099938991024306,0.898365048422469,0.9025145110022031,0.8861139275368592
3193,0.13701614250325408,0.4843058957137364,0.477772109879994,0.7100098518822023,0.8984129067617845,0.9025623693415188,0.8862662263469175
3194,0.13701614250325408,0.4844262889642511,0.47789250313050863,0.7100098518822023,0.8984607651011002,0.9026102276808344,0.8863140846862332
3195,0.13706174213845698,0.484442241744023,0.4779513439660485,0.7100098518822023,0.8985086234404157,0.90265808602015,0.8863619430255488
3196,0.1371232945534318,0.48450379415899786,0.4779513439660485,0.710084645497514,0.8985564817797315,0.9027059443594657,0.8864098013648645
3197,0.1371232945534318,0.4845785877743095,0.4779832495255923,0.710100598277286,0.898604340119047,0.9027538026987812,0.88651650053972
3198,0.13713924733320368,0.48481511831701835,0.4779992023053642,0.710100598277286,0.8986521984583626,0.902801661038097,0.8865643588790355
3199,0.13720079974817845,0.4848470238765621,0.4780739959206759,0.7101325038368298,0.8986841040179064,0.9028495193774125,0.8866122172183513
3200,0.13721675252795032,0.48487892943610583,0.4781059014802197,0.7101484566166015,0.8987160095774501,0.9028973777167282,0.8866600755576669
3201,0.13726235216315325,0.4849108349956496,0.4783424320229285,0.7101644093963735,0.8987638679167659,0.9029452360560438,0.8866919811172106
3202,0.13729425772269702,0.4849267877754215,0.4784012728584684,0.7101803621761454,0.8987957734763096,0.9029930943953595,0.8867398394565262
3203,0.13732616328224076,0.4849427405551934,0.4784787780532151,0.7102122677356891,0.8988436318156251,0.9030409527346751,0.8867876977958419
3204,0.13732616328224076,0.485063133805708,0.4785695244482987,0.7102122677356891,0.8988755373751689,0.9030888110739906,0.8868355561351575
3205,0.13734211606201266,0.485063133805708,0.4785695244482987,0.710257867370892,0.8989233957144845,0.9031366694133064,0.8868834144744732
3206,0.1374169096773244,0.4851835270562227,0.4785854772280706,0.7102738201506639,0.8989712540538002,0.9031845277526219,0.8869312728137887
3207,0.1374169096773244,0.4851835270562227,0.47860143000784255,0.7102738201506639,0.8990191123931158,0.9032323860919376,0.8869791311531044
3208,0.1374169096773244,0.48527427345130625,0.47866027084338236,0.7102897729304357,0.8990669707324315,0.9032802444312531,0.88702698949242
3209,0.1374169096773244,0.48529022623107815,0.47876742289356006,0.7103486137659757,0.899203316762718,0.9033281027705689,0.8870748478317356
3210,0.13744881523686814,0.4853221317906219,0.4788422165088718,0.7103645665457475,0.8992511751020337,0.9033759611098844,0.8871683058062542
3211,0.13744881523686814,0.48539692540593365,0.4788878161440747,0.7103645665457475,0.8992990334413492,0.9034238194492,0.8872161641455699
3212,0.13751036765184294,0.48539692540593365,0.4789626097593864,0.7103964721052913,0.8993309390008931,0.9034716777885156,0.8872640224848855
3213,0.13754227321138668,0.48550136587667647,0.4789785625391583,0.7104580245202661,0.8993628445604369,0.9035195361278313,0.8873118808242011
3214,0.13754227321138668,0.4855173186564483,0.4790241621743612,0.710473977300038,0.8994107028997524,0.903567394467147,0.8873597391635166
3215,0.13760382562636148,0.4855921122717601,0.47909895578967293,0.7105487709153498,0.899442608459296,0.9036152528064626,0.8874075975028324
3216,0.13760382562636148,0.4856240178313038,0.47911490856944483,0.7106103233303246,0.8994745140188398,0.9036631111457782,0.8875010554773508
3217,0.13760382562636148,0.48569881144661553,0.47911490856944483,0.7106262761100964,0.8995223723581555,0.9037109694850938,0.8875945134518695
3218,0.13766266646190134,0.48571476422638743,0.47919241376419147,0.7106422288898683,0.899570230697471,0.9037588278244095,0.8876423717911851
3219,0.13766266646190134,0.4857466697859312,0.47955832279943145,0.710701069725408,0.8996180890367866,0.9037907333839532,0.8876742773507289
3220,0.13770826609710424,0.4857466697859312,0.4796198752144062,0.71071702250518,0.8996499945963304,0.9038226389434969,0.8877221356900444
3221,0.13770826609710424,0.48582146340124294,0.4796654748496091,0.7108920006329139,0.8996819001558742,0.9038704972828125,0.8877699940293601
3222,0.13770826609710424,0.48589625701655464,0.4796654748496091,0.7109376002681169,0.8997297584951898,0.9039183556221282,0.8878178523686756
3223,0.13775386573230716,0.4859281625760984,0.479681427629381,0.7109535530478888,0.8997616640547336,0.9039662139614438,0.8879245515435311
3224,0.13776981851207903,0.4859441153558703,0.4797429800443558,0.7109695058276607,0.8998551220292522,0.9040140723007594,0.8879724098828468
3225,0.1378286593476189,0.48602162055061693,0.4797589328241277,0.7109695058276607,0.8999326272239988,0.9040619306400751,0.8880202682221624
3226,0.1378875001831588,0.48602162055061693,0.4797748856038995,0.7109695058276607,0.8999804855633146,0.9041097889793906,0.888068126561478
3227,0.1379490525981336,0.48602162055061693,0.4798364380188743,0.7110602522227444,0.9000712319583981,0.9041576473187063,0.8881159849007936
3228,0.1379490525981336,0.48609641416592864,0.4798364380188743,0.7110921577822881,0.9001031375179419,0.9042055056580219,0.8881638432401092
3229,0.13799465223333648,0.4861579665809035,0.4799435900690521,0.71110811056206,0.9001509958572576,0.9042533639973376,0.888211701579425
3230,0.1380402518685394,0.4862487129759871,0.479959542848824,0.71110811056206,0.9001988541965732,0.9043012223366531,0.8882595599187405
3231,0.13808585150374234,0.48626466575575894,0.479959542848824,0.7111537101972628,0.9002467125358887,0.9043490806759689,0.8883074182580561
3232,0.13811775706328608,0.48628061853553084,0.47997549562859587,0.7111696629770348,0.9002786180954325,0.9043969390152845,0.8883393238176
3233,0.13813370984305795,0.4877186679479646,0.47997549562859587,0.7111696629770348,0.900385317270288,0.9044447973546,0.8883871821569155
3234,0.13813370984305795,0.4877961731427113,0.48002109526379877,0.7111696629770348,0.9004172228298317,0.9044926556939158,0.8884350404962311
3235,0.13814966262282982,0.48785772555768603,0.4801118416588824,0.7111696629770348,0.9004650811691473,0.9045405140332313,0.8884669460557749
3236,0.13814966262282982,0.4879644247325416,0.4802868197866164,0.7112444565923466,0.9005585391436657,0.904588372372547,0.8885604040302935
3237,0.13814966262282982,0.4880232655680814,0.4806113851449739,0.7112444565923466,0.9006063974829815,0.9046362307118625,0.888667103205149
3238,0.1381656154026017,0.4881982436958155,0.48070213154005753,0.7112604093721184,0.9006383030425251,0.9046840890511783,0.8887149615444646
3239,0.13831565550854738,0.48837322182354953,0.48077692515536924,0.7112763621518903,0.900686161381841,0.9047319473904938,0.8887628198837803
3240,0.1384228075587251,0.4884188214587523,0.48077692515536924,0.7112763621518903,0.9007340197211565,0.9047798057298094,0.8888106782230959
3241,0.13851400682913095,0.4884188214587523,0.48086767155045285,0.7112923149316621,0.9007659252807003,0.904827664069125,0.8889173773979514
3242,0.13851400682913095,0.4884188214587523,0.48088362433022475,0.7112923149316621,0.9008137836200157,0.9049211220436436,0.888965235737267
3243,0.13880937820737965,0.48852597350893007,0.48113339607327055,0.711353867346637,0.9008456891795595,0.9049689803829593,0.8890130940765827
3244,0.13882533098715152,0.48871690441643595,0.48123783654401325,0.7113698201264089,0.9008935475188753,0.9050624383574778,0.8890609524158982
3245,0.1388868834021263,0.48879169803174777,0.4812537893237852,0.7114286609619488,0.9009414058581909,0.9051102966967934,0.889092857975442
3246,0.1388868834021263,0.4888664916470596,0.48132858293909686,0.7114286609619488,0.9009892641975065,0.9051422022563372,0.8891407163147577
3247,0.1388868834021263,0.4888983972066033,0.48139013535407166,0.7114286609619488,0.9010371225368221,0.9051900605956528,0.8891885746540733
3248,0.13894572423766618,0.4889143499863752,0.4815810662615776,0.7116036390896828,0.9011146277315689,0.9052379189349685,0.8892820326285918
3249,0.13894572423766618,0.4889303027661471,0.48162666589678055,0.7116036390896828,0.9011624860708844,0.9052698244945122,0.8893298909679075
3250,0.13905016470840895,0.48918007450919276,0.48167452423609614,0.7116036390896828,0.9012103444102001,0.9053176828338277,0.8893458437476794
3251,0.13905016470840895,0.48925486812450447,0.481865455143602,0.7116784327049945,0.9012582027495156,0.9053655411731435,0.889439301722198
3252,0.13905016470840895,0.4893137089600444,0.481865455143602,0.7116784327049945,0.901364901924371,0.9054133995124591,0.8895460008970534
3253,0.13911171712338372,0.4893296617398163,0.4818814079233739,0.7116943854847663,0.9014127602636867,0.9054612578517747,0.8895779064565972
3254,0.1391276699031556,0.489404455355128,0.4818814079233739,0.7116943854847663,0.9014606186030024,0.9055091161910903,0.8896846056314527
3255,0.13914362268292751,0.4894204081348999,0.48213117966641966,0.7116943854847663,0.901492524162546,0.905556974530406,0.8897753520265362
3256,0.1391892223181304,0.4895111545299835,0.4822059732817314,0.7117262910443102,0.9015403825018619,0.9056048328697216,0.8898232103658519
3257,0.1392936627888732,0.4895111545299835,0.4822648141172713,0.7117262910443102,0.9015882408411774,0.9056526912090371,0.8898710687051674
3258,0.13932556834841697,0.4895271073097554,0.48228076689704313,0.711742243824082,0.901636099180493,0.9057005495483528,0.8899189270444832
3259,0.13934152112818884,0.4895430600895272,0.48228076689704313,0.7119787743667909,0.9016680047400368,0.9057484078876684,0.8899508326040269
3260,0.13934152112818884,0.4910945352147202,0.48231267245658693,0.7119947271465628,0.9017747039148922,0.9057962662269841,0.8899986909433425
3261,0.13938712076339174,0.4912441224453437,0.48243035412766666,0.7120106799263346,0.9018225622542079,0.9058281717865277,0.8900465492826581
3262,0.13940307354316364,0.49130567486031856,0.48243035412766666,0.7120106799263346,0.9018704205935234,0.9059672293962494,0.8900944076219737
3263,0.13944867317836654,0.49135127449552146,0.48246225968721046,0.7121151203970773,0.901918278932839,0.9060150877355649,0.8902011067968292
3264,0.13949427281356946,0.49136722727529325,0.48246225968721046,0.7121151203970773,0.9019501844923828,0.9060629460748807,0.8902489651361449
3265,0.13958501920865307,0.49141508561460895,0.48247821246698225,0.7121151203970773,0.9019980428316984,0.9061108044141962,0.8903556643110004
3266,0.13958501920865307,0.49143103839438074,0.48249416524675415,0.7121310731768491,0.9020915008062168,0.9061586627535119,0.8904035226503161
3267,0.13960097198842494,0.49143103839438074,0.48251011802652605,0.7121310731768491,0.9021234063657606,0.9062065210928275,0.8904513809896317
3268,0.1396598128239648,0.4914898792299206,0.48254202358606985,0.7121310731768491,0.9022168643402791,0.9062543794321432,0.8904992393289474
3269,0.13969171838350855,0.4915217847894644,0.48261681720138155,0.7121310731768491,0.9022647226795948,0.9062862849916868,0.890531144888491
3270,0.13978291765391437,0.4915536903490081,0.482753163231668,0.7122058667921609,0.9022966282391386,0.9063341433310026,0.8906246028630096
3271,0.13986042284866104,0.49156964312878,0.4827691160114399,0.7122058667921609,0.9023444865784541,0.9063660488905463,0.8906565084225533
3272,0.13987637562843291,0.4916015486883238,0.48281471564664286,0.7122218195719329,0.9023923449177698,0.9064595068650648,0.8907043667618689
3273,0.1399379280434077,0.49173789471861024,0.48284662120618654,0.7122377723517046,0.9024242504773136,0.9065073652043805,0.8907522251011846
3274,0.1399379280434077,0.491812688333922,0.48286257398595844,0.7122993247666795,0.9024561560368574,0.906584870399127,0.8908000834405001
3275,0.13998352767861064,0.491812688333922,0.48286257398595844,0.7122993247666795,0.9024880615964012,0.9066327287384427,0.8908479417798157
3276,0.14001543323815438,0.49185828796912495,0.48299620843681007,0.7123449244018824,0.9025359199357168,0.9066805870777583,0.8908958001191315
3277,0.14001543323815438,0.49185828796912495,0.48450633988512065,0.7123608771816542,0.9025678254952606,0.9066965398575302,0.890943658458447
3278,0.14001543323815438,0.49193579316387154,0.48450633988512065,0.712422429596629,0.9026156838345761,0.9067443981968458,0.8909755640179907
3279,0.14003138601792625,0.49196769872341534,0.48452229266489255,0.7124543351561727,0.9026475893941197,0.9067922565361614,0.8910234223573065
3280,0.14003138601792625,0.49224711732189225,0.48452229266489255,0.7124543351561727,0.9026635421738918,0.906840114875477,0.891071280696622
3281,0.14003138601792625,0.49226307010166404,0.48453824544466445,0.7124862407157165,0.9027114005132073,0.906856067655249,0.8911779798714775
3282,0.14003138601792625,0.49230866973686693,0.48455419822443624,0.7125021934954884,0.902759258852523,0.9069495256297676,0.8912098854310213
3283,0.14004733879769812,0.4923994161319506,0.48458610378398004,0.7125181462752602,0.9027911644120667,0.9069973839690831,0.891257743770337
3284,0.14006329157747002,0.49246096854692545,0.4848199227472539,0.7125340990550322,0.9028230699716105,0.9070452423083988,0.8913056021096526
3285,0.14006329157747002,0.4925198093824653,0.48489471636256565,0.7125796986902351,0.9028230699716105,0.9070931006477143,0.8913375076691963
3286,0.14012484399244482,0.4925357621622372,0.48498546275764925,0.712595651470007,0.9028709283109262,0.9071409589870301,0.8913853660085119
3287,0.14012484399244482,0.492551714942009,0.485105856008164,0.7126116042497789,0.9030232271209845,0.9071888173263456,0.8914332243478277
3288,0.14012484399244482,0.4925676677217809,0.4851218087879358,0.7126275570295507,0.9030710854603002,0.9072366756656614,0.8914810826871432
3289,0.14017044362764772,0.4925836205015528,0.48523949045901554,0.7126275570295507,0.9031029910198439,0.9072845340049768,0.8915289410264589
3290,0.1401863964074196,0.49265841411686456,0.4852850900942185,0.7126731566647536,0.9031508493591595,0.9073004867847487,0.8915767993657745
3291,0.14030678965793428,0.49270401375206746,0.4852850900942185,0.7127506618595003,0.9031987076984752,0.9073483451240645,0.8916246577050901
3292,0.14055656140098005,0.4927496133872704,0.48533068972942134,0.7128122142744752,0.9032306132580189,0.9073802506836082,0.8916565632646338
3293,0.14057251418075192,0.49282440700258207,0.48534664250919324,0.7128578139096782,0.9032784715973344,0.9074281090229237,0.8917044216039495
3294,0.1406313550162918,0.49284035978235397,0.48534664250919324,0.7128578139096782,0.9032944243771064,0.9074759673622395,0.8917978795784679
3295,0.14067695465149468,0.49285631256212586,0.4853922421443962,0.712916654745218,0.9033263299366502,0.9075078729217831,0.8918457379177835
3296,0.14067695465149468,0.49287226534189776,0.485408194924168,0.7129326075249899,0.9033582354961939,0.9075557312610988,0.8918935962570992
3297,0.14073850706646948,0.49290417090144145,0.4854241477039399,0.7129485603047617,0.9033901410557377,0.9075876368206425,0.8920002954319547
3298,0.14081330068178124,0.49292012368121335,0.48548570011891473,0.7130101127197365,0.9034379993950533,0.9076354951599581,0.8920910418270382
3299,0.14081330068178124,0.49293607646098525,0.48569258380619257,0.7130557123549395,0.903485857734369,0.9076674007195019,0.8921389001663539
3300,0.14081330068178124,0.493010870076297,0.48586756193392655,0.7131145531904793,0.9035177632939126,0.9077152590588174,0.8921867585056695
3301,0.14082925346155312,0.493010870076297,0.48586756193392655,0.7131145531904793,0.9035337160736846,0.9077631173981332,0.8922186640652133
3302,0.14082925346155312,0.493010870076297,0.4859583083290102,0.7131145531904793,0.9036271740482031,0.9078109757374488,0.892266522404529
3303,0.140845206241325,0.49310432805081555,0.48601986074398495,0.7131145531904793,0.9036431268279749,0.9078588340767644,0.8924734060918067
3304,0.140845206241325,0.49316588046579024,0.48603581352375685,0.7131145531904793,0.9036750323875187,0.9078907396363082,0.8925053116513504
3305,0.140845206241325,0.49318183324556214,0.48603581352375685,0.7131145531904793,0.9036909851672906,0.9079385979756238,0.892553169990666
3306,0.14086115902109686,0.49321373880510594,0.48605176630352875,0.7131145531904793,0.9037228907268343,0.9079864563149393,0.8926010283299817
3307,0.14086115902109686,0.49322969158487784,0.4861106071390686,0.7131145531904793,0.9037388435066063,0.9080343146542551,0.8926488866692973
3308,0.14092271143607166,0.4934365752721555,0.4861854007543804,0.7131145531904793,0.9037867018459219,0.9080821729935706,0.8927555858441528
3309,0.14093866421584353,0.49362750617966156,0.4862013535341522,0.7131464587500231,0.9038345601852374,0.9081888721684261,0.8928330910388996
3310,0.1409546169956154,0.49364345895943335,0.48639228444165816,0.713162411529795,0.9038664657447814,0.9082367305077418,0.8929265490134182
3311,0.14100021663081833,0.49372096415418004,0.48640823722143,0.7131783643095668,0.9038824185245531,0.9082686360672856,0.8929744073527337
3312,0.1410161694105902,0.49376656378938294,0.4864241900012019,0.7131783643095668,0.9039302768638687,0.9083005416268293,0.8932560846553234
3313,0.1410161694105902,0.4939574946968888,0.48648574241617665,0.7132239639447698,0.9039462296436407,0.908348399966145,0.8933039429946389
3314,0.1410161694105902,0.4942369132953657,0.4865016951959485,0.7132239639447698,0.9040666228941554,0.9083803055256887,0.8933518013339545
3315,0.14103212219036207,0.4942984657103404,0.4865016951959485,0.7133989420725038,0.9040825756739271,0.9084122110852325,0.8933837068934983
3316,0.14103212219036207,0.4943144184901123,0.4865176479757204,0.7134148948522757,0.9041304340132429,0.908460069424548,0.8934315652328139
3317,0.14103212219036207,0.4944799585005077,0.48663804122623505,0.7134308476320476,0.9041782923525584,0.9084919749840918,0.8934634707923578
3318,0.14103212219036207,0.4944799585005077,0.4868289721337409,0.7134308476320476,0.9042101979121022,0.9085854329586103,0.8935113291316733
3319,0.14109096302590196,0.4945707048955913,0.4868449249135128,0.7134308476320476,0.9042421034716459,0.9086173385181541,0.893559187470989
3320,0.14109096302590196,0.4947526505610808,0.48690376574905264,0.7134468004118195,0.9042899618109616,0.9086332912979259,0.8936070458103046
3321,0.14109096302590196,0.4947526505610808,0.48691971852882454,0.7134468004118195,0.9043378201502772,0.9086651968574697,0.8936549041496202
3322,0.14110691580567383,0.49484339695616436,0.48696531816402744,0.7134468004118195,0.904353772930049,0.9087427020522162,0.8937027624889358
3323,0.1411228685854457,0.49485934973593626,0.4870268705790022,0.7135215940271312,0.9043856784895928,0.9087905603915319,0.8937506208282515
3324,0.14113882136521758,0.4949929841867879,0.4870268705790022,0.7135831464421061,0.9044175840491365,0.9088384187308475,0.8938440788027701
3325,0.14119766220075744,0.4949929841867879,0.4870747289183178,0.7135831464421061,0.9044494896086803,0.9089318767053661,0.8938919371420856
3326,0.14119766220075744,0.49507048938153453,0.4871203285535208,0.7136287460773089,0.904497347947996,0.9089637822649099,0.8939078899218575
3327,0.1412136149805293,0.4951612357766182,0.4871659281887238,0.7136446988570808,0.9045292535075398,0.9090116406042255,0.8939397954814012
3328,0.1412592146157322,0.4951771885563901,0.48721378652803937,0.7136766044166245,0.9045452062873115,0.9091023869993092,0.893971701040945
3329,0.1412592146157322,0.4951931413361619,0.4872456920875831,0.7136925571963965,0.9046227114820583,0.9091798921940558,0.8940195593802607
3330,0.1412592146157322,0.4953002933863396,0.48727759764712686,0.7137244627559401,0.9046386642618301,0.9092277505333715,0.8940514649398045
3331,0.14131805545127207,0.49542339821628917,0.4873523912624386,0.7137244627559401,0.9047453634366855,0.9093212085078901,0.8940833704993482
3332,0.14131805545127207,0.49545530377583286,0.4875433221699445,0.7138994408836742,0.9048228686314322,0.9093690668472056,0.8941768284738667
3333,0.14139284906658384,0.4955300973911446,0.48761811578525627,0.7139450405188772,0.904854774190976,0.9094009724067494,0.8942246868131822
3334,0.14139284906658384,0.4955620029506884,0.48766371542045917,0.7139450405188772,0.9048866797505197,0.909448830746065,0.894272545152498
3335,0.14139284906658384,0.495639508145435,0.48766371542045917,0.7139609932986489,0.9049345380898354,0.9094966890853807,0.8943204034918135
3336,0.14145440148155863,0.495639508145435,0.487679668200231,0.7140065929338519,0.9049960905048101,0.9095285946449244,0.8943682618311292
3337,0.14147035426133048,0.49622599494361197,0.4877704145953146,0.7140225457136238,0.9050279960643538,0.9095605002044682,0.8944161201704447
3338,0.14150225982087425,0.49641692585111785,0.4877863673750865,0.7140384984933956,0.9050599016238975,0.9096083585437837,0.8944639785097604
3339,0.1415611006564141,0.4964488314106617,0.4877863673750865,0.7140863568327113,0.9051077599632132,0.9096562168830995,0.8945118368490761
3340,0.14166825270659184,0.4964647841904336,0.4877863673750865,0.7141023096124832,0.905139665522757,0.909704075222415,0.8945596951883917
3341,0.1416842054863637,0.4964647841904336,0.48781827293463026,0.714118262392255,0.9051556183025288,0.9097359807819588,0.8946372003831383
3342,0.14191802444963758,0.4964807369702055,0.4878342257144021,0.7141342151720269,0.9051875238620727,0.9097678863415025,0.8946691059426821
3343,0.14191802444963758,0.4965285953095211,0.48790901932971387,0.7141342151720269,0.9052034766418445,0.909861344316021,0.8947010115022258
3344,0.14193397722940945,0.49661934170460464,0.48794092488925767,0.7141798148072298,0.9052194294216165,0.9099548022905395,0.8947329170617696
3345,0.14194993000918138,0.4966968468993514,0.48813185579676355,0.7141798148072298,0.9052353822013883,0.9100482602650583,0.8947807754010851
3346,0.14200877084472122,0.4967287524588951,0.4881934082117383,0.7141957675870017,0.9052513349811602,0.9100801658246019,0.8948286337404008
3347,0.14200877084472122,0.496744705238667,0.48826820182705005,0.7142117203667735,0.905267287760932,0.9101280241639176,0.8948764920797164
3348,0.14200877084472122,0.4967606580184389,0.4882841546068219,0.7142117203667735,0.9052991933204758,0.9102055293586643,0.8949243504190321
3349,0.14204067640426496,0.4967766107982108,0.4882841546068219,0.7142276731465454,0.9053470516597915,0.9102533876979798,0.8949722087583477
3350,0.14207258196380873,0.4967766107982108,0.4882841546068219,0.7142436259263172,0.9053630044395632,0.9103012460372956,0.8950200670976632
3351,0.14210448752335247,0.4968673571932944,0.4883001073865938,0.714275531485861,0.9053789572193351,0.9103491043766111,0.895067925436979
3352,0.14212044030312435,0.4968833099730663,0.4883001073865938,0.7143074370454048,0.9054268155586507,0.9103969627159268,0.8951157837762945
3353,0.14213639308289622,0.4968992627528382,0.48842321221654333,0.7143689894603796,0.9054587211181945,0.9104448210552423,0.8951636421156102
3354,0.14213639308289622,0.4969608151678128,0.48842321221654333,0.7143689894603796,0.9054906266777382,0.910492679394558,0.8952115004549257
3355,0.14218199271809914,0.4970064148030158,0.4884688118517463,0.7144008950199233,0.9055065794575101,0.9105701845893047,0.8952593587942415
3356,0.14218199271809914,0.4970064148030158,0.4885144114869492,0.71447840021467,0.9055384850170539,0.9106180429286203,0.89535281676876
3357,0.14222759235330204,0.49702236758278767,0.4885144114869492,0.71447840021467,0.9056000374320288,0.910665901267936,0.8953847223283038
3358,0.1423023859686138,0.4971158255573062,0.4885144114869492,0.71447840021467,0.9056478957713444,0.9107137596072515,0.8954166278878475
3359,0.14231833874838568,0.497174666392846,0.4886051578820328,0.714494352994442,0.905738642166428,0.9107456651667952,0.8954485334473913
3360,0.14242277921912846,0.497174666392846,0.4886639987175727,0.714494352994442,0.9057705477259718,0.910793523506111,0.8954963917867069
3361,0.14242277921912846,0.4972065719523898,0.4886799514973445,0.7145103057742138,0.9058024532855155,0.9108413818454265,0.8955282973462506
3362,0.1424683788543314,0.4972384775119335,0.48874150391231935,0.7146306990247283,0.9058184060652874,0.9108732874049702,0.8955602029057944
3363,0.14248433163410326,0.4973292239070172,0.48877340947186315,0.7146306990247283,0.9058503116248312,0.910905192964514,0.8956080612451099
3364,0.14250028441387513,0.4973292239070172,0.4887893622516351,0.7146466518045003,0.9058822171843749,0.9109370985240577,0.8956559195844257
3365,0.14250028441387513,0.4973451766867891,0.4887893622516351,0.7146626045842722,0.9059756751588934,0.9109690040836015,0.8957037779237412
3366,0.142516237193647,0.49744961715753194,0.4889229967024866,0.714724156999247,0.9060075807184372,0.9110009096431452,0.8957516362630569
3367,0.14254814275319075,0.49748152271707563,0.4889389494822585,0.714724156999247,0.906023533498209,0.9110168624229171,0.8957994946023724
3368,0.14256409553296262,0.4975722691121593,0.48901374309757023,0.714724156999247,0.9060554390577528,0.9110487679824609,0.8958473529416882
3369,0.1427979144962365,0.4975722691121593,0.4890593427327732,0.7147829978347867,0.9061010386929557,0.9110966263217766,0.8958952112810038
3370,0.1427979144962365,0.4975882218919312,0.4890752955125451,0.7147829978347867,0.9061329442524995,0.9111741315165232,0.8959430696203194
3371,0.1428138672760084,0.4976201274514749,0.48909124829231687,0.7147829978347867,0.906210449447246,0.9111900842962951,0.8959590224000913
3372,0.1428138672760084,0.4976816798664497,0.48909124829231687,0.7147989506145586,0.9062423550067898,0.9112219898558388,0.8960068807394068
3373,0.14284577283555216,0.4977272795016526,0.4891660419076287,0.7148308561741025,0.9062902133461055,0.9112698481951544,0.8960387862989506
3374,0.14284577283555216,0.4980066981001293,0.48922488274316855,0.7148468089538742,0.906383671320624,0.9112698481951544,0.8960866446382663
3375,0.14284577283555216,0.4980226508799012,0.4892408355229404,0.7148468089538742,0.906383671320624,0.9113017537546981,0.8961345029775818
3376,0.14286172561532404,0.49812709135064404,0.48927274108248414,0.7148627617336462,0.906399624100396,0.9113336593142419,0.8962412021524373
3377,0.1430955445785979,0.49817269098584693,0.4893502462772308,0.7148627617336462,0.9064315296599398,0.9113655648737856,0.8962890604917529
3378,0.1431411442138008,0.49817269098584693,0.48939584591243374,0.7148627617336462,0.9064634352194835,0.9113974704333293,0.8963825184662715
3379,0.1431411442138008,0.4981886437656187,0.48941179869220564,0.714937555348958,0.9064953407790272,0.9114293759928731,0.8964144240258152
3380,0.1431570969935727,0.49843841550866463,0.4894893038869523,0.7149535081287298,0.906511293558799,0.9114772343321887,0.8964622823651308
3381,0.1432186494085475,0.49845436828843653,0.4894893038869523,0.7149694609085018,0.906527246338571,0.9115091398917324,0.8965101407044465
3382,0.1432186494085475,0.4984703210682083,0.4895052566667241,0.7149694609085018,0.9065591518981148,0.9115569982310482,0.8965420462639903
3383,0.1432186494085475,0.4986199082988318,0.4895212094464961,0.7149694609085018,0.9065751046778865,0.9116048565703638,0.8965899046033059
3384,0.14323460218831938,0.49863586107860375,0.4895371622262679,0.7150150605437046,0.9066070102374303,0.9116367621299075,0.8966218101628497
3385,0.14325055496809125,0.49863586107860375,0.4895371622262679,0.7150150605437046,0.9066229630172021,0.9116846204692232,0.8966696685021652
3386,0.14325055496809125,0.4986518138583755,0.4895531150060398,0.7150310133234765,0.9066548685767459,0.911716526028767,0.8968219673122236
3387,0.14325055496809125,0.49872660747368724,0.4896119558415796,0.7150310133234765,0.9066867741362897,0.9117484315883106,0.8968698256515392
3388,0.143282460527635,0.49874256025345914,0.4896438614011235,0.7150310133234765,0.9067346324756053,0.9117962899276263,0.8968857784313111
3389,0.14331436608717876,0.4988789062837458,0.48981883952885746,0.7150310133234765,0.9069165781410948,0.9118122427073981,0.8969176839908548
3390,0.1435481850504527,0.49889485906351755,0.48981883952885746,0.7150469661032484,0.9069644364804103,0.9118441482669419,0.8969655423301705
3391,0.1435481850504527,0.4989267646230614,0.4898803919438323,0.7150469661032484,0.9070419416751571,0.9118920066062575,0.8970590003046889
3392,0.1435960433897683,0.49901751101814507,0.4899392327793722,0.7150629188830202,0.9070738472347009,0.9119079593860294,0.8971068586440046
3393,0.14364390172908392,0.49901751101814507,0.48995518555914397,0.7150629188830202,0.9071486408500126,0.9119239121658013,0.8971547169833202
3394,0.1436598545088558,0.49901751101814507,0.48998709111868777,0.715137712498332,0.9071805464095564,0.9120306113406567,0.8972025753226358
3395,0.14367580728862767,0.49901751101814507,0.49000304389845967,0.715137712498332,0.907228404748872,0.9120784696799723,0.8972344808821796
3396,0.14369176006839954,0.49906536935746065,0.49000304389845967,0.715137712498332,0.9072603103084158,0.9121103752395161,0.8972823392214953
3397,0.14369176006839954,0.49908132213723244,0.4900805490932063,0.715137712498332,0.9072762630881877,0.9121422807990598,0.8973301975608108
3398,0.14369176006839954,0.499188021312088,0.490184989563949,0.7151965533338718,0.9072762630881877,0.9121582335788317,0.8973780559001264
3399,0.14369176006839954,0.49926281492739977,0.49034827087023175,0.7151965533338718,0.9072922158679596,0.9121741863586036,0.8974259142394421
3400,0.14370771284817144,0.49927876770717156,0.49034827087023175,0.7152125061136435,0.9073081686477313,0.9122220446979192,0.8974737725787577
3401,0.14370771284817144,0.4993695141022552,0.49034827087023175,0.7152125061136435,0.9073241214275033,0.9122220446979192,0.8975056781383014
3402,0.1437236656279433,0.4994014196617989,0.4904554229204094,0.7152125061136435,0.9073719797668188,0.9122539502574629,0.8975375836978452
3403,0.14376926526314623,0.4995218129123136,0.49053021653572115,0.7152872997289553,0.9074038853263625,0.9123018085967786,0.8975854420371607
3404,0.1437852180429181,0.4995537184718574,0.49054616931549305,0.7153032525087273,0.9074357908859063,0.9123496669360942,0.8976761884322445
3405,0.1438467704578929,0.499601576811173,0.49054616931549305,0.715335158068271,0.9074517436656783,0.9123975252754097,0.89772404677156
3406,0.14386272323766477,0.4996334823707167,0.49060772173046785,0.715335158068271,0.9074836492252221,0.9124294308349535,0.8978175047460788
3407,0.14387867601743665,0.4996334823707167,0.49060772173046785,0.7153939989038107,0.9074996020049938,0.9124294308349535,0.8978494103056225
3408,0.14414440054025426,0.4996813407100324,0.4906236745102397,0.7154099516835827,0.9075315075645377,0.9124613363944973,0.8978813158651663
3409,0.14420324137579413,0.4997269403452353,0.49068251534577956,0.7154687925191225,0.9075474603443096,0.9124772891742692,0.8979291742044818
3410,0.14420324137579413,0.4997428931250071,0.49072811498098245,0.7154847452988944,0.9075793659038532,0.912509194733813,0.8979770325437975
3411,0.1442807465705408,0.4997747986845509,0.490864461011269,0.7155006980786663,0.907611271463397,0.9125411002933568,0.8980248908831131
3412,0.1442807465705408,0.4997747986845509,0.4909848542617838,0.7155595389142063,0.9076591298027127,0.9125730058529005,0.8981315900579685
3413,0.14434229898551557,0.49983363952009074,0.4909848542617838,0.715575491693978,0.9077069881420282,0.9126208641922161,0.8981794483972841
3414,0.14443349825592142,0.49983363952009074,0.4909848542617838,0.715575491693978,0.907738893701572,0.9126687225315316,0.8982273067365997
3415,0.14449505067089624,0.5012397833729806,0.49110524751229845,0.7157664226014842,0.9077867520408877,0.9126846753113036,0.8982751650759154
3416,0.14461273234197594,0.5012397833729806,0.4911800411276102,0.715825263437024,0.9078346103802032,0.9127325336506191,0.898323023415231
3417,0.14461273234197594,0.5012716889325245,0.49119599390738194,0.7159483682669735,0.9078824687195189,0.9127484864303911,0.8983549289747746
3418,0.14467428475695074,0.5012716889325245,0.4912278994669258,0.7159483682669735,0.9079303270588345,0.9127963447697067,0.8984027873140904
3419,0.1446902375367226,0.5013491941272712,0.49134558113800547,0.7159483682669735,0.9079622326183784,0.9128442031090224,0.898450645653406
3420,0.14470619031649448,0.5013651469070429,0.49136153391777726,0.7159483682669735,0.9079941381779221,0.9128601558887942,0.8984985039927216
3421,0.14472214309626635,0.5013651469070429,0.49136153391777726,0.7160687615174882,0.9080556905928969,0.9128920614483379,0.8985892503878053
3422,0.14472214309626635,0.5013810996868149,0.49137748669754916,0.7160687615174882,0.9080875961524406,0.9129399197876535,0.898621155947349
3423,0.14473809587603823,0.5013810996868149,0.49140939225709296,0.7160687615174882,0.9081354544917561,0.9129718253471973,0.8986690142866647
3424,0.14475404865581012,0.5013970524665867,0.49140939225709296,0.7162051075477746,0.9081673600512999,0.9130037309067411,0.8987624722611832
3425,0.14475404865581012,0.5015879833740926,0.4914253450368649,0.7162210603275465,0.9082152183906156,0.9130515892460568,0.8988103306004989
3426,0.14479964829101305,0.5016039361538644,0.49144129781663665,0.7162370131073185,0.9082311711703874,0.9130675420258285,0.8988581889398145
3427,0.14479964829101305,0.5016787297691763,0.49144129781663665,0.7162529658870903,0.9082311711703874,0.9130994475853723,0.8989060472791301
3428,0.14479964829101305,0.5016946825489481,0.49169106955968256,0.7162985655222933,0.9082630767299312,0.913131353144916,0.8989539056184458
3429,0.14484524792621595,0.501885613456454,0.491859774024835,0.7162985655222933,0.9082790295097032,0.9131792114842318,0.8990314108131924
3430,0.14484524792621595,0.501885613456454,0.49187572680460684,0.7163145183020652,0.9082949822894749,0.9132111170437756,0.899079269152508
3431,0.14492275312096262,0.501901566236226,0.4919076323641506,0.7163920234968119,0.9083109350692469,0.9132589753830911,0.8991271274918237
3432,0.14495465868050636,0.5020219594867407,0.4919235851439225,0.7164079762765836,0.9083428406287907,0.9132908809426348,0.8991430802715956
3433,0.1449865642400501,0.5021969376144747,0.49197144348323807,0.7164854814713303,0.9083587934085624,0.9133227865021786,0.8992205854663422
3434,0.1449865642400501,0.5022128903942467,0.49203028431877793,0.7165014342511022,0.9084066517478782,0.9133706448414942,0.8992684438056578
3435,0.14500251701982197,0.5022717312297865,0.4920758839539809,0.7165173870308741,0.9084841569426249,0.913402550401038,0.8993619017801764
3436,0.14500251701982197,0.5023036367893303,0.4920758839539809,0.7165762278664138,0.9085001097223967,0.9134185031808097,0.8994097601194919
3437,0.14501846979959385,0.502365189204305,0.4920918367337528,0.7166377802813886,0.9085479680617123,0.9138003649958217,0.8994576184588077
3438,0.14501846979959385,0.5024240300398448,0.4920918367337528,0.7166537330611605,0.908595826401028,0.9138322705553654,0.8995054767981233
3439,0.14503442257936572,0.5024240300398448,0.4921077895135247,0.7166856386207042,0.9086277319605717,0.913923016950449,0.899553335137439
3440,0.14503442257936572,0.5024240300398448,0.4921077895135247,0.7167312382559071,0.9086596375201155,0.9139549225099927,0.8996011934767546
3441,0.1450503753591376,0.5024240300398448,0.4921533891487276,0.7167471910356791,0.9086915430796592,0.9140027808493083,0.8996171462565263
3442,0.14506632813890946,0.5025147764349285,0.49221222998426745,0.7167471910356791,0.908723448639203,0.914209664536586,0.8996650045958421
3443,0.14666069131987047,0.5025307292147004,0.4922281827640393,0.7167471910356791,0.9087713069785186,0.9142575228759017,0.8997265570108168
3444,0.1467354849351822,0.5025895700502402,0.49228973517901414,0.7167471910356791,0.9088032125380624,0.9143053812152172,0.8997584625703606
3445,0.1469693038984561,0.502605522830012,0.492305687958786,0.716938121943185,0.9088351180976061,0.9143372867747611,0.8998063209096762
3446,0.1469693038984561,0.5026511224652149,0.49232164073855783,0.7169540747229568,0.9089126232923527,0.9143691923343049,0.89983822646922
3447,0.1470308563134309,0.5027418688602986,0.49233759351832973,0.7169700275027288,0.9089445288518964,0.9143851451140766,0.89983822646922
3448,0.1472806280564767,0.5027418688602986,0.4923535462981016,0.7169859802825006,0.9090220340466431,0.9144330034533924,0.89983822646922
3449,0.1473262276916796,0.5028166624756104,0.4923694990778735,0.7170767266775842,0.909037986826415,0.9144808617927079,0.89983822646922
3450,0.14741742696208543,0.5028645208149259,0.4923854518576453,0.717092679457356,0.9090698923859587,0.9145127673522517,0.89983822646922
3451,0.14768315148490307,0.5028804735946979,0.4924470042726201,0.7171542318723307,0.9091177507252742,0.9145606256915674,0.89983822646922
3452,0.14769910426467495,0.5029420260096725,0.49250584510816,0.7171701846521027,0.9091337035050462,0.9145925312511112,0.89983822646922
3453,0.1477579451002148,0.5029579787894445,0.49250584510816,0.7171701846521027,0.90916560906459,0.9146244368106549,0.89983822646922
3454,0.14780354473541774,0.5029579787894445,0.4925217978879318,0.7171861374318745,0.9091975146241337,0.9146722951499704,0.89983822646922
3455,0.14783545029496148,0.5030810836193941,0.4928877069231718,0.7172020902116465,0.9091975146241337,0.9147042007095142,0.89983822646922
3456,0.1478810499301644,0.5031558772347057,0.49299214739391456,0.7172609310471864,0.9092294201836775,0.9147361062690581,0.89983822646922
3457,0.14797224920057023,0.5032174296496805,0.49299214739391456,0.7173065306823893,0.9092294201836775,0.9147680118286018,0.89983822646922
3458,0.14797224920057023,0.5032333824294525,0.49306694100922627,0.7173224834621611,0.9092613257432212,0.9148614698031203,0.89983822646922
3459,0.1479882019803421,0.5032652879889962,0.49306694100922627,0.717338436241933,0.909293231302765,0.9149093281424359,0.89983822646922
3460,0.14806299559565383,0.503281240768768,0.49314173462453803,0.717338436241933,0.9093091840825368,0.9149571864817515,0.89983822646922
3461,0.14806299559565383,0.5033427931837429,0.4932324810196217,0.717338436241933,0.9093410896420805,0.9150187388967264,0.89983822646922
3462,0.1480789483754257,0.5035952765062236,0.4932484337993935,0.7173543890217048,0.9093889479813962,0.9150665972360419,0.8998541792489918
3463,0.14813778921096557,0.5036112292859956,0.4933072746349334,0.7174159414366797,0.9094505003963711,0.9150985027955857,0.8998541792489918
3464,0.14815374199073744,0.5038064161518219,0.4934117151056762,0.7174318942164516,0.9095841348472224,0.9152508016056441,0.8998541792489918
3465,0.14819934162594037,0.5038064161518219,0.4934117151056762,0.7174318942164516,0.9096160404067662,0.9152827071651878,0.8998541792489918
3466,0.1482449412611433,0.5038812097671336,0.4935617552116219,0.7174478469962235,0.9096638987460819,0.9152986599449596,0.8998541792489918
3467,0.1482449412611433,0.5038812097671336,0.4936205960471618,0.7174637997759953,0.9096798515258537,0.9153465182842754,0.8999130200845316
3468,0.1482449412611433,0.5038812097671336,0.4936365488269337,0.7174797525557672,0.9096958043056257,0.9153784238438191,0.8999130200845316
3469,0.1482449412611433,0.5038971625469055,0.4938274797344396,0.7174797525557672,0.9097117570853974,0.9154103294033629,0.8999130200845316
3470,0.1482449412611433,0.5041496458693862,0.4938434325142115,0.7174797525557672,0.9097277098651694,0.9154581877426785,0.8999130200845316
3471,0.1482449412611433,0.504165598649158,0.4940343634217174,0.7174797525557672,0.9097596154247131,0.9154900933022223,0.8999130200845316
3472,0.14831973487645506,0.504165598649158,0.4940343634217174,0.717511658115311,0.9097915209842569,0.915521998861766,0.8999130200845316
3473,0.14833568765622693,0.50418155142893,0.49405031620148926,0.7175276108950828,0.9098234265438007,0.915521998861766,0.8999130200845316
3474,0.1483516404359988,0.5041975042087018,0.4940959158366922,0.7175595164546266,0.9098553321033443,0.9155698572010816,0.8999130200845316
3475,0.1483516404359988,0.5042750094034485,0.4941118686164641,0.7175754692343985,0.9098712848831163,0.9156177155403973,0.8999130200845316
3476,0.14836759321577067,0.504411355433735,0.4942026150115477,0.7176210688696013,0.909887237662888,0.915649621099941,0.8999130200845316
3477,0.14838354599554254,0.504427308213507,0.49421856779131956,0.7176210688696013,0.9099191432224318,0.915649621099941,0.8999130200845316
3478,0.14838354599554254,0.5044432609932787,0.49423452057109146,0.7176210688696013,0.9099510487819755,0.9156974794392566,0.8999130200845316
3479,0.14838354599554254,0.5044592137730507,0.4942933614066313,0.7176799097051413,0.9099670015617475,0.9157453377785723,0.8999289728643035
3480,0.14839949877531441,0.5045367189677974,0.4942933614066313,0.7177706561002248,0.910014859901063,0.9157612905583441,0.9006385644924301
3481,0.14839949877531441,0.5045367189677974,0.4943681550219431,0.7179070021305114,0.9101083178755817,0.9157772433381159,0.9006864228317456
3482,0.14839949877531441,0.5048639959055897,0.49438410780171493,0.7181021889963378,0.9102017758501002,0.9158091488976597,0.9007342811710612
3483,0.14839949877531441,0.5049547423006734,0.4944616129964616,0.7183000874415991,0.9102496341894158,0.9158091488976597,0.9008865799811198
3484,0.14843140433485819,0.5049706950804453,0.4945231654114363,0.718361639856574,0.9102974925287314,0.9158251016774316,0.901143319261921
3485,0.14855179758537285,0.5050295359159852,0.4945231654114363,0.7184979858868605,0.91044979133879,0.9158729600167472,0.9011911776012366
3486,0.14861063842091274,0.505045488695757,0.4945231654114363,0.7185887322819441,0.9104976496781056,0.9159048655762909,0.901297876776092
3487,0.14861063842091274,0.5051202823110688,0.49463031746161407,0.718604685061716,0.9105455080174212,0.9159367711358347,0.9014045759509475
3488,0.14861063842091274,0.5051818347260435,0.49473475793235683,0.7186206378414879,0.9105933663567369,0.9159846294751504,0.9014524342902631
3489,0.14861063842091274,0.5051977875058155,0.4947963103473317,0.7186821902564626,0.9106868243312555,0.916075375870234,0.9015002926295786
3490,0.14861063842091274,0.505245645845131,0.4949007508180745,0.7186981430362346,0.9107935235061109,0.916091328650006,0.9015481509688943
3491,0.14861063842091274,0.505245645845131,0.49491670359784634,0.7189050267235123,0.9108413818454264,0.9161391869893215,0.90159600930821
3492,0.14861063842091274,0.5053231510398777,0.49491670359784634,0.7191575100459929,0.9108892401847422,0.9161391869893215,0.9017027084830654
3493,0.1486721908358875,0.5053231510398777,0.49493265637761824,0.7192053683853087,0.9109826981592606,0.9161551397690935,0.901796166457584
3494,0.14868814361565938,0.5053979446551894,0.49493265637761824,0.7192213211650805,0.9110305564985761,0.9161710925488652,0.9018440247968995
3495,0.14868814361565938,0.5054138974349613,0.4950398084277959,0.7192213211650805,0.9111372556734316,0.916202998108409,0.9018918831362152
3496,0.14868814361565938,0.5054138974349613,0.49514424889853864,0.7192372739448524,0.9111851140127474,0.916218950888181,0.9019397414755307
3497,0.14870409639543125,0.5054298502147332,0.49514424889853864,0.7194122520725864,0.9113374128228056,0.9162349036679527,0.9020464406503864
3498,0.14872004917520312,0.505488691050273,0.4952030897340785,0.7196031829800923,0.9113693183823494,0.9162668092274965,0.9020942989897021
3499,0.148736001954975,0.5055931315210158,0.4952190425138504,0.7198529547231379,0.911417176721665,0.9162987147870402,0.9021421573290176
3500,0.14875195473474687,0.5055931315210158,0.4952190425138504,0.7198529547231379,0.9114650350609808,0.916330620346584,0.9021900156683332
3501,0.14876790751451877,0.5056706367157625,0.4952349952936223,0.7200438856306438,0.9116878715280303,0.9163465731263558,0.9022967148431887
3502,0.14876790751451877,0.5057481419105092,0.4952509480733942,0.7201027264661838,0.9117197770875741,0.9163625259061277,0.9023445731825043
3503,0.14876790751451877,0.5058817763613609,0.49530978890893407,0.7203143189871042,0.9117676354268897,0.9164103842454434,0.9023924315218199
3504,0.14876790751451877,0.5059729756317667,0.4953257416887059,0.7203302717668761,0.9120360715291422,0.9164582425847592,0.9024402898611358
3505,0.14878386029429064,0.5062551058096784,0.4953845825242457,0.720346224546648,0.9120839298684579,0.9164901481443029,0.9024881482004513
3506,0.14878386029429064,0.5063166582246531,0.4954005353040177,0.7205827550893569,0.9121317882077735,0.9165061009240746,0.902536006539767
3507,0.1488883007650334,0.5063485637841969,0.4954324408635614,0.7205987078691288,0.9121796465470892,0.9165380064836184,0.9025838648790825
3508,0.1491380725080792,0.5063485637841969,0.49544839364333326,0.7206146606489006,0.9122275048864047,0.9165699120431622,0.9026773228536009
3509,0.1491540252878511,0.5063804693437407,0.49546434642310516,0.7206762130638754,0.9122753632257203,0.916585864822934,0.9027251811929168
3510,0.14916997806762297,0.5064552629590524,0.4954962519826489,0.7206762130638754,0.912323221565036,0.9166018176027059,0.9027730395322323
3511,0.14918593084739484,0.5064712157388243,0.4956871828901548,0.7207377654788502,0.9123710799043516,0.9166337231622497,0.902820897871548
3512,0.1492447716829347,0.5064712157388243,0.49571908844969853,0.720769671038394,0.9124189382436672,0.9166656287217934,0.9028687562108636
3513,0.14926072446270658,0.5065460093541361,0.4957509940092423,0.7208444646537058,0.9127006155462566,0.9166815815015653,0.9029622141853821
3514,0.14930632409790948,0.5065619621339078,0.4958284992039889,0.7209060170686805,0.9129234520133063,0.9170634433165771,0.9030556721599007
3515,0.14936516493344934,0.5065619621339078,0.49584445198376076,0.7209516167038834,0.9129713103526219,0.9170634433165771,0.9031035304992162
3516,0.14942400576898918,0.5066235145488827,0.4959192455990725,0.7209675694836553,0.9130191686919376,0.9171113016558928,0.903151388838532
3517,0.14949879938430094,0.5066850669638574,0.4959648452342754,0.7210423630989671,0.9130670270312532,0.9171591599952084,0.9031992471778475
3518,0.14949879938430094,0.5067598605791692,0.4959648452342754,0.722418860096426,0.9144754295882559,0.917207018334524,0.9032471055171631
3519,0.14960323985504373,0.5067598605791692,0.4959648452342754,0.7224348128761979,0.9146982660553056,0.9172389238940677,0.9032949638564788
3520,0.14960323985504373,0.5068214129941441,0.4960852384847901,0.7224348128761979,0.9147461243946212,0.9172867822333833,0.9033428221957944
3521,0.14960323985504373,0.5068373657739158,0.49617598487987374,0.7224348128761979,0.9147939827339368,0.917318687792927,0.9033906805351101
3522,0.14960323985504373,0.5068533185536878,0.4963669157873796,0.7224348128761979,0.9148418410732525,0.917334640572699,0.9034385388744256
3523,0.14963514541458747,0.5069121593892276,0.4964284682023544,0.7224507656559698,0.9148737466327962,0.9173665461322428,0.9034863972137414
3524,0.14966705097413122,0.5070165998599704,0.4964873090378943,0.7225442236304883,0.9149216049721118,0.9173665461322428,0.903518302773285
3525,0.1496830037539031,0.5070325526397422,0.496519214597438,0.7225601764102602,0.9149535105316555,0.9173984516917865,0.9035661611126006
3526,0.1496830037539031,0.5070804109790579,0.49659400821274974,0.722576129190032,0.9150013688709712,0.9173984516917865,0.9036140194519163
3527,0.14974455616887788,0.5070963637588297,0.49663960784795264,0.722576129190032,0.915033274430515,0.9176212881588361,0.9036618777912319
3528,0.14977646172842166,0.5072872946663357,0.4968145859756867,0.722592081969804,0.9150811327698306,0.9176531937183798,0.9037097361305475
3529,0.14977646172842166,0.5073488470813106,0.4968761383906615,0.7226509228053438,0.9151289911091461,0.9177010520576956,0.9038164353054031
3530,0.14979241450819353,0.5074532875520533,0.4969217380258644,0.7227553632760866,0.9152224490836647,0.9177170048374673,0.9038642936447187
3531,0.14979241450819353,0.5074532875520533,0.4969217380258644,0.7227553632760866,0.9154452855507144,0.9177648631767831,0.9038961992042626
3532,0.14985125534373336,0.507485193111597,0.4969376908056363,0.7227713160558585,0.915477191110258,0.9177967687363268,0.9039281047638063
3533,0.1499260489590451,0.5075626983063438,0.4969832904408392,0.7228032216154022,0.9155250494495738,0.9178446270756424,0.90396001032335
3534,0.1499260489590451,0.5077536292138497,0.49701519600038296,0.7228780152307139,0.9155729077888893,0.9178765326351861,0.9040078686626656
3535,0.149971648594248,0.5077695819936215,0.4972809205232006,0.7228939680104858,0.915666365763408,0.917892485414958,0.9040557270019812
3536,0.14998760137401987,0.5077695819936215,0.49754664504601825,0.7229258735700295,0.9157142241027235,0.9179243909745017,0.9041035853412968
3537,0.14998760137401987,0.5078443756089334,0.497608197460993,0.7229258735700295,0.9157461296622673,0.9193168407517327,0.9041354909008406
3538,0.14998760137401987,0.5079378335834518,0.497608197460993,0.7229418263498014,0.915793988001583,0.9193646990910482,0.9042289488753591
3539,0.14998760137401987,0.5079993859984266,0.4976241502407649,0.7230193315445479,0.9158258935611268,0.9194125574303639,0.9042768072146747
3540,0.15000355415379174,0.5080153387781984,0.4976241502407649,0.7230193315445479,0.9158737519004424,0.9194125574303639,0.9043087127742185
3541,0.1500195069335636,0.5080153387781984,0.49768299107630476,0.7230193315445479,0.9159056574599861,0.9194444629899076,0.9043565711135341
3542,0.1500354597133355,0.5080472443377422,0.49768299107630476,0.7230193315445479,0.9159375630195299,0.9194923213292232,0.9044044294528497
3543,0.1500514124931074,0.508106085173282,0.4979487155991224,0.7230352843243198,0.9159854213588454,0.9195242268887669,0.9044522877921654
3544,0.1500514124931074,0.5081676375882569,0.49796466837889425,0.7230512371040917,0.9160332796981611,0.9195401796685388,0.9045001461314809
3545,0.15006736527287928,0.5082880308387714,0.497996573938438,0.7233010088471375,0.916065185257705,0.9195720852280826,0.9045480044707965
3546,0.15006736527287928,0.5082880308387714,0.497996573938438,0.7233010088471375,0.9161130435970205,0.9195880380078545,0.9045799100303403
3547,0.15008331805265115,0.5083495832537462,0.4980740791331847,0.7233169616269095,0.9161905487917672,0.9196039907876264,0.9046277683696559
3548,0.1501152236121949,0.5083495832537462,0.4980900319129566,0.7233329144066813,0.916222454351311,0.9196199435673982,0.9046756267089717
3549,0.15016082324739782,0.5083655360335181,0.4981807783080402,0.7233329144066813,0.9162543599108547,0.919651849126942,0.9047234850482873
3550,0.15019272880694157,0.50838148881329,0.49819673108781204,0.7233488671864532,0.9163022182501702,0.9196997074662576,0.9047713433876029
3551,0.15020868158671344,0.50838148881329,0.49819673108781204,0.7233488671864532,0.916350076589486,0.9197156602460296,0.9048648013621216
3552,0.1502834752020252,0.5083974415930619,0.4982715247031238,0.723380772745997,0.9163819821490297,0.9197635185853451,0.9050303413725168
3553,0.1503290748372281,0.5084589940080366,0.4983463183184355,0.723380772745997,0.9164298404883453,0.9198113769246608,0.9051237993470352
3554,0.15041982123231173,0.5084589940080366,0.4983463183184355,0.7233967255257688,0.916477698827661,0.9198273297044326,0.9051557049065792
3555,0.15043577401208358,0.5085337876233484,0.4983463183184355,0.7234126783055407,0.9165096043872047,0.9198432824842045,0.9052035632458947
3556,0.15043577401208358,0.5085926284588883,0.49843706471351923,0.7234582779407436,0.9165415099467484,0.9198751880437482,0.9052514215852103
3557,0.1504946148476235,0.5086085812386602,0.49845301749329113,0.7235038775759466,0.9166190151414952,0.9199230463830638,0.9052992799245259
3558,0.15056940846293518,0.5086541808738632,0.49845301749329113,0.7235198303557184,0.9166668734808108,0.9199549519426076,0.9053471382638417
3559,0.150819180205981,0.5088291590015971,0.49852781110860284,0.7235946239710302,0.9167147318201264,0.9199709047223795,0.9053949966031573
3560,0.150819180205981,0.508861064561141,0.4985734107438058,0.7236402236062333,0.916762590159442,0.9199868575021513,0.9054428549424729
3561,0.15083513298575288,0.5088929701206847,0.49874838887153977,0.7236561763860051,0.9168104484987577,0.9200028102819232,0.9054907132817884
3562,0.15083513298575288,0.5089248756802285,0.49874838887153977,0.7237177288009798,0.9168583068380732,0.920018763061695,0.9055226188413322
3563,0.15083513298575288,0.5090023808749751,0.49874838887153977,0.7237177288009798,0.9169061651773889,0.920034715841467,0.9055704771806479
3564,0.15089668540072765,0.5090183336547469,0.49874838887153977,0.7237177288009798,0.9169380707369327,0.9200666214010107,0.9056612235757314
3565,0.1509285909602714,0.5090342864345189,0.49876434165131156,0.7237633284361829,0.9169540235167044,0.9201144797403263,0.9057090819150471
3566,0.1509285909602714,0.5092252173420247,0.4989139288819351,0.7237792812159546,0.9170018818560202,0.92014638529987,0.9057569402543627
3567,0.15094454374004326,0.5092252173420247,0.4989139288819351,0.7237952339957265,0.9170337874155639,0.9201942436391858,0.9058503982288812
3568,0.150976449299587,0.5092411701217965,0.498929881661707,0.7238567864107014,0.9170656929751076,0.9202261491987295,0.9058982565681968
3569,0.15099240207935888,0.5092411701217965,0.498929881661707,0.7238727391904732,0.9171135513144233,0.9202740075380451,0.9059461149075125
3570,0.15105124291489874,0.5093000109573363,0.49894583444147883,0.723934291605448,0.9171614096537389,0.920289960317817,0.9059939732468281
3571,0.15105124291489874,0.5093159637371083,0.4990046752770187,0.7239502443852198,0.9171933152132826,0.9206877749126007,0.9060418315861437
3572,0.15106719569467061,0.5093159637371083,0.4990206280567906,0.7239502443852198,0.9172092679930546,0.9207037276923725,0.9060896899254592
3573,0.15108314847444249,0.5093748045726482,0.49905253361633434,0.7239661971649917,0.9172411735525983,0.9207356332519162,0.906137548264775
3574,0.1513329202174883,0.5095540386587026,0.49905253361633434,0.7239661971649917,0.9172730791121421,0.920783491591232,0.9061694538243187
3575,0.1513329202174883,0.5096155910736775,0.49905253361633434,0.7240117968001947,0.9173049846716858,0.9208313499305476,0.9062173121636344
3576,0.15134887299726016,0.5096903846889892,0.4990684863961062,0.7242615685432405,0.9174116838465414,0.9208632554900913,0.90626517050295
3577,0.15136482577703203,0.5098267307192758,0.4990844391758781,0.7242775213230124,0.9174435894060851,0.9208951610496351,0.9063130288422656
3578,0.15136482577703203,0.5098426834990476,0.4991003919556499,0.7242775213230124,0.9174754949656289,0.9209270666091788,0.9063608871815811
3579,0.15139673133657577,0.5098586362788196,0.4991163447354218,0.7242775213230124,0.9175074005251725,0.9209589721687226,0.9064087455208969
3580,0.15139673133657577,0.5099361414735661,0.49913229751519367,0.7243094268825561,0.9175393060847163,0.9210068305080381,0.9064566038602124
3581,0.15139673133657577,0.5099361414735661,0.4992389966900492,0.7243572852218718,0.917587164424032,0.9210227832878101,0.9065044621995281
3582,0.15139673133657577,0.5099361414735661,0.4993301959604551,0.7243572852218718,0.9176031172038038,0.9212456197548597,0.9066435198092494
3583,0.15139673133657577,0.5099839998128819,0.4993301959604551,0.7244028848570746,0.9176350227633475,0.9212934780941754,0.9066913781485653
3584,0.15139673133657577,0.5099839998128819,0.49942094235553874,0.7244188376368466,0.9176669283228913,0.9213253836537192,0.9067392364878809
3585,0.15139673133657577,0.5099999525926536,0.4994665419907417,0.7244347904166184,0.917714786662207,0.9213572892132629,0.9067870948271964
3586,0.15141268411634765,0.5101066517675092,0.4995572883858253,0.7244347904166184,0.9177626450015225,0.9213891947728066,0.9068349531665121
3587,0.15145828375155057,0.5101066517675092,0.49963208200113696,0.7244347904166184,0.9178105033408382,0.9214051475525784,0.9068828115058276
3588,0.15147423653132244,0.5101066517675092,0.4997068756164487,0.7244803900518214,0.9178583616801538,0.9214051475525784,0.9069762694803462
3589,0.15147423653132244,0.5101066517675092,0.4997068756164487,0.7244963428315931,0.9178902672396975,0.9214211003323504,0.9070241278196619
3590,0.15147423653132244,0.5101066517675092,0.4998113160871915,0.7244963428315931,0.9179381255790132,0.9214370531121222,0.9070560333792056
3591,0.1515330773668623,0.5102001097420277,0.4998432216467353,0.7245282483911369,0.9179859839183288,0.921468958671666,0.9071038917185211
3592,0.1515330773668623,0.5102749033573395,0.49987512720627897,0.7245442011709088,0.9180767303134125,0.9215008642312097,0.9071973496930398
3593,0.15154903014663418,0.5102908561371112,0.49999552045679363,0.7245601539506807,0.9180926830931843,0.9215487225705253,0.9072452080323554
3594,0.15154903014663418,0.5103524085520861,0.49999552045679363,0.7245601539506807,0.9181405414325,0.921596580909841,0.907335954427439
3595,0.15156498292640605,0.5104139609670609,0.5000411200919965,0.7246057535858836,0.9181724469920437,0.9216284864693847,0.9074426536022945
3596,0.15156498292640605,0.5104139609670609,0.5002749390552704,0.7246217063656555,0.9182659049665624,0.9216763448087003,0.9074745591618384
3597,0.15156498292640605,0.5104299137468329,0.5002749390552704,0.7246832587806302,0.918297810526106,0.9216922975884722,0.9075680171363569
3598,0.1515968884859498,0.5104299137468329,0.5003497326705821,0.7246992115604022,0.9183456688654217,0.9216922975884722,0.9076747163112123
3599,0.15162879404549354,0.5104299137468329,0.500583551633856,0.7246992115604022,0.9183775744249655,0.9217242031480161,0.907706621870756
3600,0.15162879404549354,0.5104299137468329,0.500642392469396,0.7246992115604022,0.9184094799845092,0.9217720614873316,0.9077385274302998
3601,0.1516447468252654,0.5105047073621445,0.5006583452491679,0.724715164340174,0.918425432764281,0.9218039670468754,0.9077863857696153
3602,0.1516606996050373,0.5105635481976843,0.5006583452491679,0.7247470698997179,0.9184573383238248,0.9218358726064191,0.9078182913291591
3603,0.15167665238480918,0.5106812298687641,0.5006583452491679,0.7247926695349207,0.9184892438833685,0.9218837309457348,0.9078661496684748
3604,0.15167665238480918,0.510697182648536,0.5006583452491679,0.7248086223146925,0.9185211494429123,0.9219156365052785,0.9079596076429934
3605,0.15167665238480918,0.5107131354283079,0.5007198976641427,0.7248086223146925,0.9185690077822279,0.9219634948445941,0.908007465982309
3606,0.15167665238480918,0.5107719762638478,0.5007518032236864,0.7249995532221986,0.9186168661215436,0.921979447624366,0.9080393715418527
3607,0.15172225202001213,0.5108038818233916,0.5009883337663952,0.7252360837649073,0.9186487716810874,0.9220113531839097,0.9080872298811684
3608,0.15179704563532384,0.5108038818233916,0.5010658389611419,0.7252520365446792,0.9187554708559429,0.9220592115232253,0.908135088220484
3609,0.15181299841509574,0.5108198346031634,0.5010817917409138,0.725313588959654,0.9187714236357147,0.922091117082769,0.9081669937800279
3610,0.15182895119486758,0.5108357873829353,0.5010977445206857,0.725313588959654,0.9187873764154867,0.9221389754220847,0.9082148521193433
3611,0.1518449039746395,0.5108973397979102,0.5011433441558886,0.725313588959654,0.9188192819750305,0.9221549282018565,0.908262710458659
3612,0.15186085675441136,0.5108973397979102,0.5011433441558886,0.725313588959654,0.9188967871697771,0.9222297218171683,0.9083105687979746
3613,0.1519064563896143,0.5109292453574539,0.5012048965708634,0.725313588959654,0.9188967871697771,0.922277580156484,0.9083584271372903
3614,0.15192240916938615,0.5109611509169977,0.5012664489858382,0.7253454945191977,0.9188967871697771,0.9223094857160278,0.908390332696834
3615,0.15193836194915805,0.5110386561117441,0.5013120486210411,0.7253614472989696,0.918912739949549,0.9223869909107745,0.9084518851118087
3616,0.1521721809124319,0.511100208526719,0.5013868422363529,0.7253774000787415,0.9189446455090927,0.92243484925009,0.9084997434511243
3617,0.1521721809124319,0.5111321140862628,0.5013868422363529,0.7253774000787415,0.9189765510686365,0.9224827075894058,0.90854760179044
3618,0.15240599987570583,0.5111640196458065,0.5014616358516646,0.7253774000787415,0.9190084566281802,0.9225283072246087,0.9087455002357013
3619,0.1524219526554777,0.5111640196458065,0.5014775886314365,0.7253933528585133,0.9190563149674957,0.9225442600043806,0.9087774057952451
3620,0.1524219526554777,0.5111799724255784,0.5015231882666394,0.7253933528585133,0.9190722677472677,0.9225921183436961,0.9088093113547888
3621,0.15243790543524957,0.5111959252053503,0.5015231882666394,0.7254093056382852,0.9191201260865834,0.9226240239032399,0.9088412169143326
3622,0.15245385821502147,0.5112415248405533,0.5016981663943735,0.725425258418057,0.9191520316461271,0.9226399766830118,0.9088731224738763
3623,0.15246981099479334,0.511257477620325,0.5017437660295764,0.7255000520333688,0.9192427780412107,0.9226718822425556,0.9089050280334201
3624,0.15251541062999627,0.511273430400097,0.5018053184445511,0.7255000520333688,0.9192906363805263,0.9227197405818711,0.9089528863727357
3625,0.1525313634097681,0.5112893831798689,0.5018053184445511,0.7255000520333688,0.9193065891602982,0.9227675989211868,0.9090007447120513
3626,0.15260615702507987,0.5113053359596408,0.5018531767838668,0.7255160048131407,0.9193544474996138,0.9228154572605025,0.9090486030513669
3627,0.15262210980485172,0.5113053359596408,0.5018531767838668,0.7255160048131407,0.9194023058389293,0.9228473628200462,0.9090964613906826
3628,0.15265401536439546,0.5113212887394126,0.5018531767838668,0.7255319575929124,0.9194182586187013,0.922863315599818,0.9091443197299982
3629,0.15266996814416736,0.5113372415191845,0.5018987764190697,0.7255775572281155,0.9194661169580168,0.92287926837959,0.9092377777045167
3630,0.15268592092393926,0.5113987939341592,0.5019443760542726,0.7255775572281155,0.9194820697377888,0.9228952211593618,0.9092856360438325
3631,0.15268592092393926,0.5114895403292429,0.5019443760542726,0.7256523508434273,0.9195139752973325,0.9229111739391337,0.909333494383148
3632,0.15268592092393926,0.5115214458887867,0.5019603288340445,0.7256683036231991,0.9195458808568763,0.9229430794986775,0.9093813527224638
3633,0.15274747333891403,0.5115373986685585,0.5019603288340445,0.725684256402971,0.9195937391961919,0.922990937837993,0.9094132582820075
3634,0.15274747333891403,0.5129298484457894,0.5020059284692474,0.7257161619625148,0.9196256447557356,0.9230843958125114,0.9094451638415513
3635,0.15274747333891403,0.5129298484457894,0.5020647693047873,0.7257321147422865,0.9196415975355076,0.9230843958125114,0.9094930221808668
3636,0.1527634261186859,0.5130502416963039,0.5020647693047873,0.7257321147422865,0.9196575503152794,0.9231751422075952,0.9095089749606388
3637,0.15279533167822965,0.5130821472558477,0.50216920977553,0.7257480675220586,0.919705408654595,0.9231910949873671,0.9095568332999543
3638,0.15281128445800152,0.5130821472558477,0.50216920977553,0.7258228611373702,0.9197532669939107,0.9232389533266827,0.9095727860797262
3639,0.15284319001754526,0.5131140528153915,0.50216920977553,0.725884413552345,0.9197692197736825,0.9232868116659982,0.9096206444190418
3640,0.15284319001754526,0.5131140528153915,0.5021851625553019,0.7259003663321167,0.9198170781129982,0.9233346700053139,0.9096685027583574
3641,0.15285914279731713,0.5131300055951633,0.5022011153350738,0.7259163191118887,0.91983303089277,0.9233506227850857,0.9097004083179012
3642,0.15292069521229196,0.5131300055951633,0.5022467149702767,0.7259751599474285,0.9198808892320857,0.9233984811244015,0.9097482666572169
3643,0.15292069521229196,0.5131619111547071,0.5022626677500486,0.7260367123624033,0.9199127947916295,0.9234463394637171,0.9097801722167606
3644,0.15296629484749485,0.513223463569682,0.5022786205298204,0.7262276432699093,0.9199447003511732,0.9234782450232609,0.9098120777763044
3645,0.15296629484749485,0.5132394163494538,0.5022945733095923,0.726259548829453,0.9199925586904887,0.9235261033625765,0.9098439833358481
3646,0.1530141531868105,0.5132553691292256,0.5022945733095923,0.726259548829453,0.9200085114702606,0.9235739617018921,0.9098758888953918
3647,0.15303010596658234,0.5132872746887694,0.5022945733095923,0.726259548829453,0.9200404170298044,0.9236218200412076,0.9099237472347074
3648,0.15303010596658234,0.5132872746887694,0.5036710703070513,0.7263502952245366,0.9200723225893481,0.9236537256007514,0.9099556527942512
3649,0.15304605874635424,0.5133191802483131,0.5036870230868231,0.7263822007840803,0.9201201809286638,0.9236696783805234,0.9099875583537949
3650,0.15304605874635424,0.5133191802483131,0.5036870230868231,0.7263822007840803,0.9201520864882075,0.9236856311602952,0.9100354166931106
3651,0.15304605874635424,0.5133191802483131,0.5036870230868231,0.7264437531990552,0.9201680392679794,0.9237175367198389,0.9100832750324261
3652,0.15304605874635424,0.5133670385876289,0.5036870230868231,0.7264437531990552,0.920215897607295,0.9237494422793827,0.9101311333717418
3653,0.1531048995818941,0.5133989441471726,0.5037914635575659,0.726459705978827,0.9202478031668387,0.9237813478389264,0.9101630389312856
3654,0.15315049921709703,0.5134308497067164,0.5037914635575659,0.7264756587585989,0.9202478031668387,0.9237813478389264,0.9102108972706012
3655,0.1532120516320718,0.5134896905422561,0.5038233691171097,0.7264756587585989,0.9202956615061544,0.9237973006186984,0.9102587556099169
3656,0.1532120516320718,0.513564484157568,0.5038233691171097,0.7264756587585989,0.92034351984547,0.9238132533984703,0.9103066139492325
3657,0.1532280044118437,0.5135963897171116,0.5038849215320845,0.7266665896661048,0.9203913781847857,0.923829206178242,0.910354472288548
3658,0.15324395719161554,0.5135963897171116,0.5038849215320845,0.7267121893013078,0.9204392365241013,0.9238611117377858,0.9104023306278637
3659,0.15330550960659034,0.5135963897171116,0.5039464739470593,0.7267121893013078,0.920471142083645,0.9238770645175578,0.9104957886023822
3660,0.15330550960659034,0.5136579421320864,0.504008026362034,0.7267281420810796,0.9205190004229606,0.9239359053530976,0.9105117413821541
3661,0.15332146238636224,0.5136738949118583,0.504008026362034,0.7267440948608515,0.9205349532027326,0.9239837636924132,0.9105436469416978
3662,0.15333741516613408,0.5139263782343391,0.5040695787770089,0.7267440948608515,0.9205965056177073,0.9239997164721849,0.9105595997214697
3663,0.15339625600167398,0.5139423310141108,0.5041284196125487,0.7269938666038972,0.9206443639570229,0.9240316220317287,0.9105915052810135
3664,0.1536300749649479,0.5140198362088576,0.5041603251720924,0.7269938666038972,0.9206762695165666,0.9240794803710444,0.9106234108405572
3665,0.1536756746001508,0.5142404139717944,0.5042510715671761,0.727009819383669,0.9207241278558822,0.9241113859305882,0.910671269179873
3666,0.15370758015969457,0.5142723195313382,0.5042670243469479,0.7272167030709469,0.9207400806356542,0.92412733871036,0.9107191275191885
3667,0.15372353293946645,0.51428827231111,0.5042829771267198,0.7272326558507188,0.920771986195198,0.9241751970496757,0.9107669858585041
3668,0.1537554384990102,0.5143042250908819,0.5042989299064917,0.7272645614102624,0.9208786853700535,0.9242071026092195,0.9108148441978197
3669,0.15383294369375686,0.5143498247260848,0.5043148826862636,0.7272964669698062,0.9209105909295973,0.9242390081687631,0.9108627025371354
3670,0.15383294369375686,0.5143657775058568,0.5043308354660355,0.7273553078053461,0.920942496489141,0.9242868665080787,0.9108946080966791
3671,0.15383294369375686,0.5143976830654006,0.5043923878810103,0.7275213006910637,0.9209903548284565,0.9243187720676225,0.910910560876451
3672,0.15389178452929672,0.5146182608283374,0.5044083406607821,0.7275532062506075,0.9210382131677721,0.9243347248473944,0.9109584192157667
3673,0.15393738416449965,0.5148547913710463,0.5044083406607821,0.7275691590303793,0.9210382131677721,0.9243506776271663,0.9109903247753104
3674,0.15395333694427152,0.5148707441508181,0.5044242934405541,0.7277600899378852,0.921054165947544,0.9243666304069381,0.9110381831146259
3675,0.15398524250381526,0.5149026497103618,0.5045419751116337,0.7277760427176571,0.9212610496348218,0.92438258318671,0.9111289295097096
3676,0.15404408333935513,0.5150098017605397,0.5047329060191397,0.7277919954974289,0.9213089079741373,0.9244144887462539,0.9111608350692533
3677,0.154102924174895,0.5151593889911632,0.5049534837820766,0.7277919954974289,0.9213089079741373,0.9244463943057976,0.9111927406287971
3678,0.15413482973443876,0.5151593889911632,0.5052032555251224,0.7278079482772009,0.9213248607539093,0.9244782998653414,0.9112405989681126
3679,0.15415078251421063,0.5152049886263661,0.5054397860678311,0.7278398538367447,0.9213727190932249,0.9248442089005812,0.9112884573074284
3680,0.15415078251421063,0.5152049886263661,0.5054397860678311,0.7278877121760602,0.9214046246527687,0.9248761144601249,0.9113363156467439
3681,0.15415078251421063,0.5153413346566525,0.505485385703034,0.7279036649558321,0.9215796027805027,0.9249239727994406,0.9113841739860595
3682,0.15420962334975047,0.5154940863420331,0.5055013384828059,0.7279036649558321,0.9216115083400465,0.9249558783589843,0.9114776319605781
3683,0.1542255761295224,0.5154940863420331,0.5055013384828059,0.7279196177356039,0.9216434138995901,0.9250037366983,0.9115095375201219
3684,0.15424152890929427,0.515510039121805,0.50567631661054,0.7279515232951478,0.921675319459134,0.9250196894780718,0.9115551371553248
3685,0.15425748168906614,0.5155259919015768,0.50567631661054,0.7279834288546915,0.9217072250186776,0.9250515950376156,0.9115710899350966
3686,0.15425748168906614,0.5156007855168886,0.5057511102258517,0.7280312871940071,0.9217391305782214,0.9250675478173875,0.9116029954946403
3687,0.15425748168906614,0.5156007855168886,0.5058259038411634,0.728047239973779,0.9217550833579934,0.9250994533769312,0.911634901054184
3688,0.15425748168906614,0.5156007855168886,0.5059034090359101,0.7281087923887538,0.9217710361377652,0.9251154061567031,0.9116508538339559
3689,0.15425748168906614,0.5156463851520915,0.5059946083063159,0.7282837705164878,0.9217869889175372,0.9253222898439808,0.9116987121732716
3690,0.15430308132426906,0.5156463851520915,0.5059946083063159,0.7282837705164878,0.9218348472568526,0.9253838422589555,0.9117306177328154
3691,0.15430308132426906,0.5158802041153654,0.5060402079415188,0.7282997232962597,0.9218348472568526,0.9253997950387274,0.9117465705125872
3692,0.1545957411230828,0.5158802041153654,0.5061446484122616,0.7283316288558035,0.9218508000366246,0.9254157478184993,0.911778476072131
3693,0.15461169390285467,0.5158802041153654,0.5062034892478015,0.7283635344153472,0.9218667528163965,0.925447653378043,0.9118263344114467
3694,0.15461169390285467,0.5159258037505683,0.5063238824983162,0.7283635344153472,0.9218986583759403,0.9255092057930178,0.9119494392413962
3695,0.15461169390285467,0.5160170030209742,0.506382723333856,0.728379487195119,0.921930563935484,0.9255411113525616,0.9119972975807117
3696,0.15462764668262655,0.5160785554359489,0.506382723333856,0.728379487195119,0.9220053575507958,0.9255730169121053,0.9120748027754585
3697,0.15464359946239842,0.5160785554359489,0.5064146288933997,0.728395439974891,0.9220372631103396,0.925604922471649,0.9121067083350022
3698,0.1546595522421703,0.5160785554359489,0.5065896070211339,0.7284113927546628,0.9220532158901114,0.9256208752514209,0.9121545666743178
3699,0.1546595522421703,0.5160945082157209,0.5065896070211339,0.7284888979494095,0.9220691686698833,0.9256527808109646,0.9122024250136335
3700,0.1546595522421703,0.5161104609954928,0.5067805379286398,0.7284888979494095,0.9220851214496552,0.9256846863705085,0.912250283352949
3701,0.15467550502194216,0.5162176130456704,0.5069009311791544,0.7285048507291813,0.922276052357161,0.9257165919300522,0.9122821889124928
3702,0.15467550502194216,0.5162176130456704,0.5069916775742381,0.7285664031441562,0.9223079579167048,0.925748497489596,0.9123300472518084
3703,0.1547502986372539,0.5162335658254423,0.5069916775742381,0.728582355923928,0.9223079579167048,0.9257644502693678,0.912420793646892
3704,0.1547502986372539,0.5162654713849861,0.5070372772094409,0.7286411967594678,0.9223239106964767,0.9257804030491398,0.9124526992064358
3705,0.15478220419679764,0.5163429765797327,0.5070532299892129,0.7286411967594678,0.9223398634762485,0.9258282613884553,0.9124686519862077
3706,0.15478220419679764,0.5164952753897911,0.5070532299892129,0.7286411967594678,0.9223717690357922,0.925860166947999,0.9125165103255234
3707,0.15478220419679764,0.516511228169563,0.5071120708247527,0.7286411967594678,0.922403674595336,0.9259080252873146,0.9125165103255234
3708,0.1547981569765695,0.516511228169563,0.5071120708247527,0.7286411967594678,0.9224515329346517,0.9259855304820613,0.9125643686648389
3709,0.1547981569765695,0.5165271809493349,0.5071120708247527,0.7286867963946708,0.9224674857144236,0.926017436041605,0.9126122270041546
3710,0.1547981569765695,0.5165431337291068,0.5071120708247527,0.7286867963946708,0.9224674857144236,0.9260652943809208,0.9126441325636984
3711,0.1547981569765695,0.5165590865088787,0.5071280236045246,0.7286867963946708,0.9225153440537393,0.9260812471606926,0.9126441325636984
3712,0.1547981569765695,0.5165909920684224,0.5071736232397276,0.7287775427897544,0.9225472496132829,0.9261131527202363,0.9126919909030139
3713,0.1547981569765695,0.5165909920684224,0.5073486013674615,0.728868289184838,0.9226088020282576,0.9261131527202363,0.9127238964625577
3714,0.1547981569765695,0.5165909920684224,0.5074074422030014,0.7288842419646099,0.9226407075878014,0.9261291055000083,0.9127558020221014
3715,0.1547981569765695,0.5166069448481942,0.5075410766538531,0.7289001947443818,0.9226566603675733,0.926161011059552,0.9127877075816452
3716,0.15481410975634138,0.5166388504077379,0.5075570294336249,0.7289161475241538,0.9226726131473452,0.9261769638393239,0.9128355659209609
3717,0.15481410975634138,0.5167460024579157,0.5075889349931686,0.7289321003039256,0.9226726131473452,0.9262248221786394,0.9128834242602764
3718,0.15481410975634138,0.5168075548728905,0.5076048877729405,0.7289321003039256,0.9227045187068889,0.9262726805179551,0.9129153298198202
3719,0.15483006253611326,0.5169984857803964,0.5077093282436833,0.7289321003039256,0.9227364242664327,0.9263634269130387,0.9129631881591358
3720,0.15489161495108805,0.5169984857803964,0.5077093282436833,0.7289480530836975,0.9227842826057483,0.9264112852523544,0.9129950937186796
3721,0.15514138669413385,0.5170303913399401,0.507770880658658,0.7289480530836975,0.9227842826057483,0.92645914359167,0.9132019774059574
3722,0.1551732922536776,0.5187864914482982,0.507770880658658,0.7289640058634693,0.9228002353855201,0.9264910491512137,0.913249835745273
3723,0.1551732922536776,0.5188453322838381,0.5078297214941979,0.7289640058634693,0.9228161881652921,0.9265229547107575,0.9132817413048168
3724,0.15518924503344947,0.51886128506361,0.5078297214941979,0.7290387994787811,0.9228321409450639,0.9265389074905294,0.9133136468643605
3725,0.15523484466865237,0.51886128506361,0.5078456742739698,0.7290387994787811,0.9228480937248358,0.9265708130500732,0.9133455524239043
3726,0.15525079744842424,0.51886128506361,0.5078456742739698,0.7290387994787811,0.9228480937248358,0.926586765829845,0.9133774579834479
3727,0.1553096382839641,0.51886128506361,0.5078456742739698,0.7291135930940928,0.9229096461398106,0.926602718609617,0.9134253163227637
3728,0.155325591063736,0.51886128506361,0.5078616270537417,0.7291295458738648,0.9229415516993543,0.9266346241691606,0.9134731746620793
3729,0.15555941002700993,0.5188772378433819,0.5079231794687165,0.7291883867094047,0.9229734572588981,0.9266505769489325,0.913505080221623
3730,0.15555941002700993,0.5188931906231538,0.5079231794687165,0.7292339863446075,0.9230053628184419,0.9266665297287043,0.9135210330013949
3731,0.15557536280678178,0.5189091434029256,0.5079979730840282,0.7292499391243794,0.9230213155982138,0.9266984352882481,0.9136144909759134
3732,0.15562096244198473,0.5190295366534402,0.50807276669934,0.7292499391243794,0.9230372683779856,0.92677322890356,0.9136304437556854
3733,0.15563691522175657,0.519149929903955,0.5080887194791118,0.7292499391243794,0.9230532211577576,0.9268051344631036,0.913662349315229
3734,0.15563691522175657,0.5192995171345784,0.5081046722588837,0.7292658919041511,0.9230691739375293,0.9268370400226474,0.9136942548747728
3735,0.15587344576446543,0.5193154699143504,0.5082250655093984,0.7292658919041511,0.9230851267173013,0.9268529928024194,0.9137102076545447
3736,0.15587344576446543,0.5193610695495532,0.5082839063449381,0.7292658919041511,0.923117032276845,0.926976097632369,0.9137580659938603
3737,0.1559322866000053,0.519392975109097,0.508342747180478,0.7292658919041511,0.9231489378363887,0.9270239559716846,0.9138059243331759
3738,0.1559322866000053,0.5194704803038437,0.50835869996025,0.7292658919041511,0.9231808433959325,0.9271014611664313,0.9138378298927197
3739,0.1559322866000053,0.5195908735543584,0.5084763816313297,0.7293114915393542,0.9231967961757044,0.9271174139462032,0.9138697354522634
3740,0.15599112743554513,0.5196497143898983,0.5085671280264132,0.7293114915393542,0.9232583485906792,0.9271333667259751,0.9139175937915791
3741,0.15599112743554513,0.5196497143898983,0.5085830808061852,0.7293274443191261,0.9232902541502229,0.9271652722855188,0.9139335465713508
3742,0.15606592105085687,0.5196953140251012,0.508599033585957,0.729343397098898,0.9233221597097667,0.9271971778450626,0.9139654521308948
3743,0.15606592105085687,0.5198157072756159,0.5086309391455007,0.7294049495138727,0.9233540652693104,0.9272879242401462,0.9139814049106666
3744,0.15606592105085687,0.5198316600553878,0.5086309391455007,0.7294049495138727,0.9233859708288542,0.9273038770199181,0.9140133104702103
3745,0.15606592105085687,0.5198316600553878,0.5086309391455007,0.7294665019288474,0.9234178763883979,0.9273946234150017,0.9140611688095259
3746,0.15608187383062874,0.5198635656149315,0.5086309391455007,0.7294665019288474,0.9234497819479418,0.9274265289745455,0.9140771215892978
3747,0.15609782661040061,0.5198795183947034,0.5087513323960154,0.7294665019288474,0.9234976402872573,0.9274584345340892,0.9141249799286134
3748,0.15615937902537544,0.5198954711744753,0.5087832379555592,0.7294665019288474,0.9234976402872573,0.9274743873138611,0.914172838267929
3749,0.1562182198609153,0.5198954711744753,0.5090197684982681,0.7294824547086194,0.9235591927022321,0.9275062928734049,0.914188791047701
3750,0.15623417264068717,0.519927376734019,0.5091401617487826,0.7294984074883912,0.9235910982617758,0.9275381984329486,0.9142366493870165
3751,0.15629572505566194,0.5199433295137909,0.5091401617487826,0.7295143602681632,0.9236230038213195,0.9275541512127206,0.9142366493870165
3752,0.15631167783543382,0.5200208347085377,0.5092309081438663,0.729559959903366,0.9236389566010914,0.9275860567722642,0.9142685549465602
3753,0.15631167783543382,0.5200367874883094,0.5092897489794062,0.729559959903366,0.9236549093808633,0.9276020095520361,0.9143164132858759
3754,0.1563435833949776,0.5200983399032842,0.509348589814946,0.729559959903366,0.923702767720179,0.9276498678913518,0.9143164132858759
3755,0.1563435833949776,0.5201439395384871,0.5094233834302578,0.729559959903366,0.9237187204999507,0.9276658206711237,0.9143483188454197
3756,0.1563435833949776,0.5202027803740269,0.5095008886250044,0.729559959903366,0.9237506260594945,0.9276977262306674,0.9143961771847354
3757,0.15642108858972426,0.5204096640613046,0.5096918195325103,0.729559959903366,0.9237665788392665,0.9277296317902112,0.914444035524051
3758,0.15642108858972426,0.5204712164762795,0.5097077723122823,0.7295759126831379,0.9237984843988102,0.9277615373497549,0.9144759410835948
3759,0.15646668822492718,0.5205888981473592,0.5097077723122823,0.7295918654629098,0.923814437178582,0.9277774901295268,0.9145237994229103
3760,0.15646668822492718,0.5207065798184389,0.5098281655627969,0.7295918654629098,0.9238463427381257,0.9278093956890705,0.9145557049824541
3761,0.15648264100469905,0.5207225325982108,0.5099485588133116,0.7295918654629098,0.9238782482976695,0.9278253484688423,0.9146464513775378
3762,0.15648264100469905,0.5207973262135226,0.5100529992840543,0.7297668435906438,0.9239101538572132,0.9278572540283861,0.9146943097168534
3763,0.15648264100469905,0.5208748314082692,0.5100689520638262,0.7297668435906438,0.923942059416757,0.9279051123677018,0.9147421680561689
3764,0.15648264100469905,0.520933672243809,0.51010085762337,0.7297827963704157,0.923958012196529,0.9279370179272455,0.9147740736157127
3765,0.15649859378447092,0.5211405559310869,0.5101327631829137,0.7297987491501876,0.9239739649763009,0.9279529707070174,0.9148219319550284
3766,0.15649859378447092,0.5212021083460617,0.5101327631829137,0.7297987491501876,0.9240058705358446,0.9279689234867893,0.9148378847348002
3767,0.1565145465642428,0.5212180611258337,0.5101487159626856,0.7299737272779218,0.9240218233156164,0.9280008290463331,0.9148697902943439
3768,0.15653049934401467,0.5213930392535676,0.5101487159626856,0.7299737272779218,0.9240377760953884,0.928016781826105,0.9149016958538877
3769,0.15653049934401467,0.5215293852838542,0.5102235095779973,0.7299737272779218,0.9240856344347039,0.9280486873856487,0.9149495541932033
3770,0.1565624049035584,0.5216201316789377,0.5102823504135373,0.7300193269131245,0.9241175399942477,0.9281421453601673,0.914997412532519
3771,0.15657835768333028,0.5218047889238622,0.5104319376441607,0.7300193269131245,0.9241653983335634,0.9281740509197111,0.9150293180920628
3772,0.15659431046310215,0.5218822941186088,0.5104319376441607,0.7301100733082081,0.9241813511133352,0.9282356033346859,0.9150612236516065
3773,0.15665586287807695,0.5218822941186088,0.5104478904239327,0.7301848669235198,0.9241973038931071,0.9282675088942296,0.9151090819909221
3774,0.15665586287807695,0.5218982468983807,0.5104478904239327,0.7301848669235198,0.9242880502881907,0.9282834616740014,0.9151409875504658
3775,0.15668776843762072,0.5218982468983807,0.5104638432037045,0.7302008197032918,0.9243040030679626,0.9282994144537734,0.9151888458897816
3776,0.15692158740089462,0.5220186401488952,0.5105386368190162,0.7302167724830636,0.9243040030679626,0.9283472727930889,0.9152047986695533
3777,0.15692158740089462,0.5220642397840982,0.5105386368190162,0.7302167724830636,0.9243199558477344,0.9283951311324046,0.9152207514493252
3778,0.15692158740089462,0.5221390333994099,0.510600189233991,0.7302327252628356,0.9243359086275064,0.9284270366919483,0.915252657008869
3779,0.15692158740089462,0.5221549861791818,0.5106161420137629,0.7302486780426073,0.9243359086275064,0.9284589422514921,0.9152845625684127
3780,0.1569375401806665,0.5222005858143848,0.5106161420137629,0.7302646308223792,0.9243678141870502,0.9285068005908077,0.9153164681279565
3781,0.15695349296043837,0.5223050262851275,0.5106320947935348,0.7303234716579191,0.9243997197465939,0.9285387061503515,0.9153643264672721
3782,0.15707117463151807,0.5223209790648994,0.5106480475733066,0.7303234716579191,0.9244156725263657,0.928586564489667,0.9154121848065877
3783,0.15707117463151807,0.522454613515751,0.5107387939683903,0.7303234716579191,0.9244316253061376,0.9286344228289828,0.9154600431459035
3784,0.15716192102660168,0.5224705662955228,0.5107387939683903,0.7303394244376911,0.9244475780859095,0.9286663283885265,0.9154919487054471
3785,0.15716192102660168,0.5225321187104977,0.5107387939683903,0.730355377217463,0.9244635308656813,0.9286982339480703,0.915507901485219
3786,0.15717787380637355,0.5226069123258095,0.5107547467481621,0.7303713299972348,0.9245410360604278,0.928730139507614,0.9155557598245346
3787,0.15719382658614542,0.5226817059411213,0.5108295403634738,0.7304032355567786,0.9245888943997436,0.928730139507614,0.9155876653840784
3788,0.15723942622134832,0.5227432583560959,0.5109043339787855,0.7304032355567786,0.9246048471795155,0.928730139507614,0.9156036181638502
3789,0.15730097863632314,0.5228796043863825,0.5110793121065196,0.7304032355567786,0.924711546354371,0.9287620450671578,0.9156514765031659
3790,0.157316931416095,0.5228796043863825,0.5110793121065196,0.7304032355567786,0.9247434519139148,0.9287779978469295,0.9156674292829377
3791,0.157316931416095,0.5228955571661544,0.5111541057218313,0.7304032355567786,0.9247594046936866,0.9287939506267014,0.9156833820627096
3792,0.15733288419586688,0.5229274627256981,0.5113879246851052,0.7305941664642844,0.9247594046936866,0.9288258561862452,0.9156993348424814
3793,0.15734883697563876,0.522989015140673,0.511419830244649,0.7305941664642844,0.9247913102532304,0.9288737145255609,0.9157152876222534
3794,0.15734883697563876,0.5231799460481789,0.5114357830244208,0.7306101192440564,0.9248072630330023,0.9288896673053327,0.9157631459615689
3795,0.15736478975541063,0.5231958988279507,0.5114813826596237,0.7306716716590311,0.9248072630330023,0.9289215728648764,0.9158110043008846
3796,0.15746923022615344,0.5231958988279507,0.5115588878543704,0.730687624438803,0.9248980094280858,0.9289534784244202,0.9158429098604284
3797,0.1575440238414652,0.5232414984631536,0.5117498187618764,0.7307947764889806,0.9249139622078577,0.9289534784244202,0.9158748154199721
3798,0.1576188174567769,0.5233646032931032,0.5119247968896103,0.7307947764889806,0.9249458677674014,0.9289694312041922,0.9159067209795159
3799,0.1576347702365488,0.5233646032931032,0.5121199837554368,0.7307947764889806,0.9249618205471732,0.9289853839839639,0.9159226737592878
3800,0.1576347702365488,0.5234234441286431,0.5121359365352086,0.7307947764889806,0.9249777733269452,0.9290013367637359,0.9159545793188316
3801,0.1576347702365488,0.5235009493233899,0.5121678420947523,0.7307947764889806,0.9250552785216919,0.9290491951030514,0.9160453257139151
3802,0.15765072301632063,0.5235169021031616,0.5121837948745243,0.7308107292687525,0.9250712313014637,0.9290811006625952,0.9160772312734587
3803,0.1577095638518605,0.5235169021031616,0.512258588489836,0.7308107292687525,0.9250871840812356,0.9291130062221389,0.9161250896127745
3804,0.1577255166316324,0.5235784545181364,0.5122745412696078,0.7309014756638361,0.9251190896407794,0.9291449117816827,0.9161569951723182
3805,0.1577255166316324,0.5236372953536763,0.5123789817403507,0.7311512474068819,0.9251806420557541,0.9291927701209983,0.916188900731862
3806,0.1577414694114043,0.5236372953536763,0.5124245813755536,0.7311831529664257,0.9252125476152979,0.9291927701209983,0.9162048535116337
3807,0.1577414694114043,0.5236828949888792,0.5124405341553254,0.7311831529664257,0.9252604059546136,0.9291927701209983,0.9162048535116337
3808,0.15777337497094807,0.5236828949888792,0.5124405341553254,0.7311991057461975,0.9252923115141574,0.9292246756805421,0.9162527118509495
3809,0.15781897460615096,0.5237307533281949,0.5125020865703002,0.7312150585259695,0.925324217073701,0.9292725340198577,0.9162846174104932
3810,0.1578964798008976,0.5237923057431698,0.5125636389852749,0.7312310113057413,0.9253720754130167,0.9293044395794016,0.9163780753850118
3811,0.15792838536044135,0.5238082585229415,0.5125955445448187,0.7312925637207162,0.9253880281927885,0.9293044395794016,0.9163940281647835
3812,0.15794433814021325,0.5239286517734562,0.5126411441800216,0.731338163355919,0.9254039809725605,0.9293659919943761,0.9163940281647835
3813,0.15801913175552496,0.5240193981685398,0.5126411441800216,0.731338163355919,0.9254199337523323,0.9293659919943761,0.9163940281647835
3814,0.15809392537083672,0.5240809505835146,0.5126999850155616,0.7313700689154629,0.9254518393118761,0.929381944774148,0.9163940281647835
3815,0.15809392537083672,0.5241584557782614,0.5127588258511014,0.7314019744750067,0.9255133917268508,0.9294138503336917,0.9163940281647835
3816,0.15813952500603962,0.5241744085580332,0.5127588258511014,0.731508673649862,0.9255133917268508,0.9294298031134637,0.9163940281647835
3817,0.15815547778581152,0.524190361337805,0.5127747786308733,0.731508673649862,0.9255293445066227,0.9294617086730075,0.9163940281647835
3818,0.15818738334535526,0.5242222668973489,0.5128203782660762,0.731508673649862,0.9255293445066227,0.929509567012323,0.9163940281647835
3819,0.15818738334535526,0.5242382196771207,0.5130113091735821,0.731508673649862,0.9255452972863945,0.9295414725718668,0.9163940281647835
3820,0.15842120230862916,0.5243586129276353,0.5130728615885569,0.731508673649862,0.9255612500661664,0.9295733781314106,0.9163940281647835
3821,0.15848004314416902,0.5243586129276353,0.5130728615885569,0.731508673649862,0.9255612500661664,0.9295893309111825,0.9163940281647835
3822,0.1584959959239409,0.5245495438351413,0.5131317024240968,0.7315246264296338,0.9256228024811413,0.9296212364707263,0.9163940281647835
3823,0.1585548367594808,0.524565496614913,0.5131636079836405,0.7315405792094055,0.9258137333886471,0.9296212364707263,0.9163940281647835
3824,0.1585548367594808,0.5246270490298879,0.5132092076188434,0.7315565319891776,0.9258137333886471,0.929637189250498,0.9163940281647835
3825,0.1585548367594808,0.5246589545894317,0.5132251603986153,0.7315724847689494,0.925829686168419,0.9296531420302699,0.9163940281647835
3826,0.1586004363946837,0.5246908601489754,0.513257065958159,0.7315724847689494,0.9258615917279627,0.9296690948100418,0.9163940281647835
3827,0.15861638917445559,0.5247068129287472,0.513273018737931,0.7315884375487214,0.9258934972875065,0.9296850475898137,0.9163940281647835
3828,0.15861638917445559,0.5247227657085192,0.513273018737931,0.7316043903284932,0.9259254028470502,0.9297010003695856,0.9163940281647835
3829,0.15863234195422746,0.5247546712680629,0.5133478123532427,0.7316043903284932,0.9261163337545562,0.9297169531493574,0.9163940281647835
3830,0.15863234195422746,0.5247546712680629,0.5133637651330145,0.7316043903284932,0.9261641920938718,0.9297169531493574,0.9163940281647835
3831,0.1588821136972732,0.5247546712680629,0.5134545115280982,0.7316043903284932,0.9261960976534156,0.9297488587089012,0.9163940281647835
3832,0.15894095453281307,0.5248162236830376,0.5134545115280982,0.7316791839438049,0.9262120504331874,0.9297807642684449,0.9163940281647835
3833,0.15894095453281307,0.5248777760980124,0.5135320167228448,0.7316791839438049,0.926259908772503,0.9297807642684449,0.9163940281647835
3834,0.15895690731258497,0.5249366169335523,0.5135479695026167,0.7316791839438049,0.9263506551675866,0.9298126698279887,0.9163940281647835
3835,0.15901845972755976,0.5249525697133242,0.5135639222823886,0.7316951367235769,0.9263666079473585,0.9298286226077607,0.9163940281647835
3836,0.15903441250733164,0.524968522493096,0.5137548531898944,0.7317566891385515,0.9263825607271304,0.9298286226077607,0.9163940281647835
3837,0.1592682314706055,0.525027363328636,0.5137708059696664,0.7317726419183236,0.9263985135069022,0.9298286226077607,0.9163940281647835
3838,0.1592682314706055,0.525027363328636,0.5137708059696664,0.7318045474778672,0.9264463718462179,0.9298445753875325,0.9163940281647835
3839,0.15954765006908236,0.525027363328636,0.5137867587494382,0.731836453037411,0.9264463718462179,0.9299380333620509,0.9163940281647835
3840,0.15954765006908236,0.5250889157436107,0.5137867587494382,0.7318524058171829,0.9264463718462179,0.9299699389215946,0.9163940281647835
3841,0.15954765006908236,0.5251477565791506,0.5137867587494382,0.7318683585969548,0.9264782774057616,0.9299858917013666,0.9164099809445555
3842,0.15956360284885424,0.5251956149184662,0.5138027115292101,0.7318843113767265,0.9264782774057616,0.9300474441163413,0.9164099809445555
3843,0.15956360284885424,0.5252115676982381,0.5138346170887539,0.7318843113767265,0.9264782774057616,0.930079349675885,0.9164099809445555
3844,0.15956360284885424,0.52522752047801,0.5138934579242938,0.7319458637917013,0.9264942301855335,0.9301112552354288,0.9164099809445555
3845,0.1596224436843941,0.5252434732577819,0.5138934579242938,0.7319458637917013,0.9265420885248491,0.9301431607949725,0.9164099809445555
3846,0.159668043319597,0.5253342196528654,0.5138934579242938,0.7320233689864483,0.9265420885248491,0.9301750663545163,0.9164099809445555
3847,0.159668043319597,0.5254090132681772,0.5139094107040656,0.73203932176622,0.9265580413046209,0.9301750663545163,0.9164099809445555
3848,0.15968399609936887,0.5254090132681772,0.5139253634838375,0.7323935339800085,0.9266058996439366,0.9301750663545163,0.916457839283871
3849,0.15969994887914074,0.5254249660479491,0.5140028686785841,0.732441392319324,0.9266537579832522,0.93020697191406,0.9165968968935926
3850,0.1597159016589126,0.5254865184629238,0.514077662293896,0.7324732978788678,0.9267016163225679,0.9302844771088067,0.9166447552329082
3851,0.1597747424944525,0.5255480708778986,0.514077662293896,0.7325052034384115,0.9267494746618835,0.9303004298885786,0.9166926135722238
3852,0.16000856145772638,0.5256525113486414,0.5141524559092077,0.7325211562181835,0.926797333001199,0.9306503861440466,0.9167404719115394
3853,0.16002451423749825,0.5257459693231599,0.5141524559092077,0.7325371089979554,0.9268451913405147,0.9306663389238186,0.916847171086395
3854,0.16004046701727012,0.5258371685935658,0.5141524559092077,0.7325371089979554,0.9268770969000585,0.9307278913387934,0.9169538702612505
3855,0.16007237257681386,0.5258371685935658,0.5143433868167135,0.7325371089979554,0.926924955239374,0.9307597968983371,0.9169857758207943
3856,0.16007237257681386,0.5272136655910249,0.5144049392316883,0.7325530617777273,0.9269728135786898,0.9307597968983371,0.9170336341601099
3857,0.16007237257681386,0.5272752180059996,0.5145226209027681,0.732630566972474,0.9270206719180053,0.9307757496781089,0.9170814924994255
3858,0.16007237257681386,0.5273796584767424,0.51453857368254,0.7326465197522458,0.9270685302573209,0.9308076552376527,0.9171293508387411
3859,0.16007237257681386,0.5273956112565142,0.5146562553536198,0.7326465197522458,0.9271163885966366,0.9308236080174247,0.9172228088132598
3860,0.16008832535658574,0.5275000517272571,0.5146562553536198,0.7326624725320178,0.9271642469359522,0.9310145389249306,0.9174456452803095
3861,0.1601042781363576,0.5276044921979998,0.5147018549888227,0.7326624725320178,0.9271801997157242,0.9310464444844744,0.9189128886728519
3862,0.1601042781363576,0.5276660446129747,0.5147178077685945,0.7326784253117895,0.9272280580550397,0.9310464444844744,0.9190063466473706
3863,0.16014987777156053,0.5276660446129747,0.5147178077685945,0.7326943780915615,0.9273188044501235,0.9310623972642461,0.9190542049866862
3864,0.1601658305513324,0.5276819973927466,0.5147337605483664,0.7326943780915615,0.927366662789439,0.9310623972642461,0.9191476629612049
3865,0.1601658305513324,0.5277139029522903,0.5147953129633411,0.7327103308713333,0.9274145211287547,0.9310943028237898,0.9191955213005204
3866,0.1603996495146063,0.5277139029522903,0.5147953129633411,0.7327262836511053,0.9274623794680703,0.9310943028237898,0.9194024049877981
3867,0.16041560229437818,0.5277886965676021,0.5148112657431131,0.73278783606608,0.9275558374425888,0.9311102556035618,0.9194502633271139
3868,0.16041560229437818,0.5278206021271459,0.5148728181580878,0.7328037888458518,0.9276036957819045,0.9311262083833337,0.9194981216664294
3869,0.16043155507415005,0.5278821545421206,0.5148728181580878,0.7328493884810547,0.9276356013414482,0.9311581139428775,0.9195459800057451
3870,0.1604903959096899,0.5279733538125264,0.5149316589936277,0.7328493884810547,0.9276834596807639,0.9311740667226492,0.9197688164727947
3871,0.1609739866160096,0.5279893065922983,0.5149476117733996,0.7328812940405985,0.9277313180200795,0.9311900195024212,0.9198166748121104
3872,0.1609739866160096,0.5279893065922983,0.5151385426809055,0.7328972468203703,0.9278380171949351,0.9311900195024212,0.9198645331514259
3873,0.1609739866160096,0.52806410020761,0.5152429831516483,0.7329131996001422,0.9278699227544788,0.9315855753930922,0.9199123914907417
3874,0.16100589217555333,0.52806410020761,0.5152429831516483,0.7329131996001422,0.9279177810937944,0.931601528172864,0.9199602498300572
3875,0.16100589217555333,0.5280800529873819,0.515350135201826,0.7329720404356821,0.9279496866533381,0.931808411860142,0.9199921553896009
3876,0.16100589217555333,0.5281416054023568,0.515366087981598,0.7329720404356821,0.9279975449926537,0.931808411860142,0.9200400137289166
3877,0.16100589217555333,0.5281575581821286,0.5153979935411417,0.732987993215454,0.9280454033319694,0.9318243646399137,0.920308449831169
3878,0.1610218449553252,0.5281735109619005,0.5153979935411417,0.7330039459952259,0.9280773088915132,0.9318243646399137,0.9203563081704847
3879,0.16106744459052813,0.5282323517974403,0.5155156752122214,0.7330358515547697,0.9281251672308287,0.9318403174196856,0.9204041665098004
3880,0.1610833973703,0.5282483045772122,0.5155475807717652,0.7330677571143134,0.9281730255701444,0.9318403174196856,0.9204816717045471
3881,0.1611581909856118,0.5282483045772122,0.5155475807717652,0.7331452623090602,0.9282208839094601,0.9318562701994575,0.9205295300438627
3882,0.16119009654515554,0.528264257356984,0.515563533551537,0.7331452623090602,0.9282687422487756,0.9318722229792294,0.9205614356034064
3883,0.16119009654515554,0.5284006033872706,0.5155794863313089,0.7331771678686039,0.9283006478083193,0.9319041285387731,0.9205933411629502
3884,0.16119009654515554,0.5284006033872706,0.5157158323615955,0.7331931206483758,0.9283325533678631,0.931920081318545,0.920625246722494
3885,0.1612220021046993,0.5284165561670425,0.5159979625395071,0.7331931206483758,0.9284100585626099,0.9319519868780887,0.9206571522820377
3886,0.16131320137510516,0.5284325089468144,0.516013915319279,0.7331931206483758,0.9284579169019255,0.9319519868780887,0.9207050106213532
3887,0.16132915415487703,0.5284484617265862,0.5160754677342537,0.7332090734281477,0.9285057752412411,0.9319519868780887,0.920752868960669
3888,0.16132915415487703,0.5284644145063582,0.5160754677342537,0.7332706258431224,0.9285376808007849,0.9319519868780887,0.9208007272999846
3889,0.16132915415487703,0.52848036728613,0.5160754677342537,0.7332865786228944,0.9285855391401004,0.9319519868780887,0.9208485856393002
3890,0.16132915415487703,0.5285282256254457,0.5161502613495655,0.7332865786228944,0.9286333974794161,0.9319838924376325,0.9208964439786158
3891,0.1613907065698518,0.5285282256254457,0.5161821669091093,0.7333184841824381,0.9286653030389599,0.9319998452174044,0.9209283495381596
3892,0.16140665934962367,0.5286030192407574,0.5163730978166152,0.7333932777977498,0.9286972085985036,0.9320317507769481,0.9209602550977034
3893,0.16142261212939554,0.528680524435504,0.5163890505963872,0.7334092305775216,0.9287450669378193,0.9320636563364919,0.9210081134370189
3894,0.16143856490916741,0.528680524435504,0.5163890505963872,0.7334251833572935,0.928951950625097,0.9320796091162636,0.9210559717763346
3895,0.16148416454437034,0.5287553180508158,0.5165640287241211,0.7334411361370653,0.9289838561846407,0.9320955618960356,0.9210878773358783
3896,0.1615001173241422,0.5288141588863556,0.5166388223394329,0.7334867357722683,0.9290157617441845,0.9321115146758074,0.9211197828954221
3897,0.1617339362874161,0.5288597585215585,0.5166388223394329,0.7335323354074712,0.9290476673037282,0.9321115146758074,0.9211516884549659
3898,0.16182468268249972,0.5288597585215585,0.5166547751192048,0.7335642409670149,0.9290955256430439,0.9321115146758074,0.9211995467942814
3899,0.1618406354622716,0.5289213109365333,0.5168753528821417,0.7335801937467868,0.9291433839823594,0.9321274674555794,0.9212474051335972
3900,0.1618406354622716,0.5289213109365333,0.5171251246251874,0.7335961465265587,0.9291912423216752,0.9321434202353512,0.921263357913369
3901,0.1618406354622716,0.5290417041870479,0.5171707242603903,0.7336120993063305,0.9292231478812188,0.9321753257948949,0.9212952634729128
3902,0.16188623509747452,0.5291620974375626,0.5185312684780775,0.7336120993063305,0.9292550534407626,0.9321912785746669,0.9215021471601905
3903,0.16196102871278625,0.5291780502173344,0.5188106870765543,0.7336280520861024,0.9293325586355095,0.9322072313544386,0.9215500054995062
3904,0.16196102871278625,0.5291780502173344,0.519076411599372,0.7336440048658743,0.929380416974825,0.9322391369139825,0.9215978638388217
3905,0.16200662834798918,0.5292099557768781,0.5190923643791439,0.7336599576456462,0.9294282753141406,0.9322710424735262,0.9216138166185937
3906,0.16200662834798918,0.529271508191853,0.5190923643791439,0.7336759104254181,0.9294442280939125,0.93230294803307,0.9216616749579092
3907,0.16200662834798918,0.5292874609716248,0.5190923643791439,0.733734751260958,0.9294761336534563,0.93230294803307,0.921693580517453
3908,0.16206818076296398,0.5293193665311686,0.5191379640143468,0.7337666568205017,0.9295668800485398,0.9323348535926138,0.9217254860769967
3909,0.16206818076296398,0.5293968717259153,0.5191539167941186,0.7337826096002736,0.9296147383878554,0.9323827119319293,0.9217733444163124
3910,0.1621137803981669,0.5294128245056872,0.5191539167941186,0.7337826096002736,0.9296306911676273,0.9323986647117012,0.9218212027556281
3911,0.1621297331779388,0.529471665341227,0.5193288949218526,0.7338145151598173,0.9296785495069428,0.932414617491473,0.9219119491507116
3912,0.16236355214121267,0.5295332177562019,0.5193448477016245,0.7338601147950202,0.9297104550664866,0.932430570271245,0.9219598074900273
3913,0.1624223929767525,0.5295491705359737,0.5193767532611683,0.7338601147950202,0.9297583134058023,0.9324465230510168,0.9219917130495711
3914,0.1624383457565244,0.5295651233157456,0.519408658820712,0.7338601147950202,0.9299651970930801,0.9324784286105606,0.9220395713888866
3915,0.1624383457565244,0.5295810760955174,0.5194405643802558,0.7339189556305601,0.9299971026526238,0.9324943813903325,0.9220714769484304
3916,0.16245429853629628,0.5296129816550612,0.5195021167952305,0.7339189556305601,0.9300130554323957,0.9325103341701043,0.9221033825079741
3917,0.16247025131606815,0.5296877752703729,0.5195340223547743,0.7339189556305601,0.9300449609919395,0.9325262869498763,0.9221512408472898
3918,0.16248620409584003,0.5296877752703729,0.5195340223547743,0.7339349084103319,0.9300768665514831,0.9325422397296481,0.9221831464068335
3919,0.16248620409584003,0.5296877752703729,0.5195955747697492,0.7339508611901038,0.9301087721110269,0.9325422397296481,0.9222150519663773
3920,0.1625021568756119,0.5297652804651196,0.5196115275495209,0.7339668139698756,0.9301566304503426,0.93255819250942,0.922246957525921
3921,0.1625637092905867,0.5311577302423504,0.5196274803292928,0.7340124136050785,0.9302044887896581,0.9325900980689638,0.9222948158652368
3922,0.16257966207035857,0.5311577302423504,0.5196274803292928,0.7340739660200534,0.9302363943492019,0.9326220036285074,0.9223426742045523
3923,0.16281348103363244,0.5312489295127563,0.5196434331090647,0.7340739660200534,0.9302523471289739,0.9326698619678232,0.922374579764096
3924,0.16281348103363244,0.5312648822925282,0.5196890327442676,0.7341058715795971,0.9303002054682895,0.9327177203071387,0.922374579764096
3925,0.1628294338134043,0.5313852755430428,0.5197638263595793,0.7341058715795971,0.9303321110278333,0.9327655786464545,0.922433420599636
3926,0.16284538659317618,0.5314171811025866,0.5199430604456338,0.7341058715795971,0.930406904643145,0.9327815314262262,0.9224812789389516
3927,0.16286133937294806,0.5314919747178982,0.5200178540609455,0.7341058715795971,0.9304388102026888,0.9327974842059982,0.9224972317187234
3928,0.16292289178792288,0.5316829056254042,0.5200178540609455,0.7341377771391409,0.9304547629824607,0.932829389765542,0.9225131844984953
3929,0.1629976854032346,0.5316829056254042,0.5200953592556923,0.7341966179746807,0.9305482209569792,0.9328612953250857,0.922561042837811
3930,0.16305923781820938,0.5316988584051761,0.520156911670667,0.7342581703896556,0.9305960792962948,0.9328932008846295,0.9225929483973547
3931,0.16305923781820938,0.5317736520204879,0.5201888172302108,0.7342741231694274,0.9306279848558386,0.9329251064441731,0.9226996475722101
3932,0.16307519059798128,0.5319072864713394,0.5202047700099827,0.7342741231694274,0.9306439376356105,0.9330026116389197,0.9227475059115258
3933,0.16313403143352112,0.5319661273068793,0.5202047700099827,0.7342900759491993,0.9306917959749261,0.9330185644186917,0.9227634586912976
3934,0.1632384719042639,0.5319661273068793,0.5202636108455225,0.7343060287289712,0.9307237015344699,0.9330664227580073,0.9227953642508414
3935,0.16330002431923868,0.5320249681424192,0.5202955164050663,0.7343060287289712,0.9307556070940136,0.933098328317551,0.9228272698103851
3936,0.1635497960622845,0.5320249681424192,0.5203114691848382,0.7343060287289712,0.9308034654333291,0.933114281097323,0.9228591753699289
3937,0.16358170162182825,0.5322158990499251,0.5205612409278839,0.734367581143946,0.9308353709928731,0.9331302338770949,0.9228910809294726
3938,0.16358170162182825,0.532231851829697,0.5206656813986267,0.734367581143946,0.9308513237726448,0.9345386364340975,0.9229229864890164
3939,0.16358170162182825,0.532231851829697,0.5206816341783985,0.734367581143946,0.9308991821119605,0.9345545892138694,0.9229389392687882
3940,0.16359765440160012,0.5324227827372029,0.5207431865933734,0.7344131807791489,0.9309310876715043,0.9345864947734132,0.9229708448283319
3941,0.1636751595963468,0.5324387355169747,0.5207887862285763,0.7344131807791489,0.930962993231048,0.9346184003329568,0.9229867976081039
3942,0.16369111237611866,0.5325135291322866,0.5208476270641161,0.7344291335589208,0.9310108515703636,0.9346662586722725,0.9230483500230787
3943,0.16369111237611866,0.5325883227475983,0.5209680203146309,0.7344450863386925,0.9310587099096792,0.9347141170115881,0.9230962083623944
3944,0.16369111237611866,0.5326471635831381,0.5210587667097144,0.7344450863386925,0.931074662689451,0.9347460225711318,0.9231121611421662
3945,0.16370706515589054,0.5329265821816149,0.5210587667097144,0.7344610391184645,0.9311225210287667,0.9347619753509038,0.9231600194814819
3946,0.16373897071543428,0.5343915668700447,0.5211043663449174,0.7358671829713546,0.9325309235857694,0.9347938809104476,0.9231919250410257
3947,0.16373897071543428,0.5344075196498166,0.521179159960229,0.7358831357511264,0.9325628291453132,0.9348098336902194,0.9232078778207975
3948,0.16381376433074601,0.5344823132651283,0.521179159960229,0.7358831357511264,0.9326106874846288,0.9348257864699913,0.9232397833803412
3949,0.16381376433074601,0.5344982660449002,0.5212110655197729,0.7358831357511264,0.9326106874846288,0.9348417392497631,0.9232557361601131
3950,0.16381376433074601,0.5345301716044439,0.5212699063553127,0.7358831357511264,0.9326585458239445,0.934873644809307,0.9232716889398849
3951,0.16384566989028979,0.5345620771639877,0.5212699063553127,0.7358831357511264,0.9327064041632601,0.9349055503688507,0.9232876417196568
3952,0.16384566989028979,0.5345780299437596,0.5212858591350846,0.7359287353863293,0.9327542625025756,0.9349374559283945,0.9233035944994287
3953,0.16384566989028979,0.5345780299437596,0.5213474115500594,0.7359446881661013,0.9327861680621194,0.9350149611231411,0.9233195472792006
3954,0.16395282194046748,0.5346687763388432,0.5215223896777935,0.7359446881661013,0.9328180736216631,0.935030913902913,0.9233355000589725
3955,0.16396877472023935,0.5346847291186151,0.5215223896777935,0.7359902878013042,0.9328499791812069,0.9350628194624567,0.9233674056185162
3956,0.16396877472023935,0.5346847291186151,0.5215223896777935,0.7359902878013042,0.9328818847407506,0.9350787722422286,0.92339931117806
3957,0.16398472750001122,0.534700681898387,0.5215383424575654,0.7359902878013042,0.9329137903002944,0.9350947250220005,0.9234312167376036
3958,0.16398472750001122,0.534700681898387,0.5215383424575654,0.7360062405810761,0.9329616486396101,0.9351266305815442,0.9234471695173756
3959,0.1654497121884411,0.5347595227339268,0.5215542952373373,0.7360062405810761,0.9329776014193818,0.9351425833613161,0.9234790750769194
3960,0.16546566496821297,0.5347595227339268,0.52165873570808,0.7360221933608478,0.9329935541991538,0.9351744889208599,0.9235109806364631
3961,0.16548161774798484,0.5347754755136988,0.52165873570808,0.7360381461406198,0.9330095069789256,0.9352223472601755,0.9235109806364631
3962,0.1654975705277567,0.5347754755136988,0.5217499349784859,0.7360381461406198,0.9330414125384695,0.9352998524549221,0.9235428861960069
3963,0.1655591229427315,0.5348210751489016,0.5218862810087724,0.7360837457758226,0.933118917733216,0.9353905988500058,0.9235588389757787
3964,0.16557507572250338,0.5348210751489016,0.5219907214795152,0.7360837457758226,0.9331667760725317,0.9354225044095495,0.9236066973150944
3965,0.16563391655804324,0.5348210751489016,0.5219907214795152,0.7361293454110256,0.9331986816320754,0.9354544099690932,0.9236226500948662
3966,0.16567951619324617,0.5348210751489016,0.5219907214795152,0.7361293454110256,0.9332146344118473,0.9355451563641768,0.92365455565441
3967,0.16569546897301804,0.5348370279286735,0.5220363211147181,0.7361293454110256,0.9332305871916192,0.9355770619237205,0.9236705084341819
3968,0.16569546897301804,0.5348529807084453,0.5221270675098018,0.7361452981907974,0.9332624927511629,0.9355770619237205,0.9237024139937255
3969,0.1657114217527899,0.5348689334882173,0.5221886199247765,0.7361612509705694,0.9332943983107067,0.9355930147034924,0.9237502723330413
3970,0.16572737453256178,0.534900839047761,0.5222045727045483,0.7361612509705694,0.9333103510904784,0.9356089674832643,0.923766225112813
3971,0.16572737453256178,0.5349756326630728,0.5224411032472572,0.7361612509705694,0.9333422566500222,0.9356249202630361,0.9237981306723568
3972,0.16574332731233365,0.5350212322982757,0.5225345612217757,0.7363362290983033,0.9333582094297942,0.9356249202630361,0.9238459890116725
3973,0.16574332731233365,0.5350531378578194,0.5225505140015476,0.7363818287335063,0.9334060677691097,0.935640873042808,0.9238619417914443
3974,0.16574332731233365,0.5350987374930224,0.5225664667813195,0.7363818287335063,0.9334379733286535,0.9356568258225799,0.92390980013076
3975,0.1671198243097926,0.5352031779637652,0.5226280191962942,0.73641373429305,0.9334698788881972,0.9356568258225799,0.9239257529105319
3976,0.1671973295045393,0.535235083523309,0.5226280191962942,0.73641373429305,0.933501784447741,0.9356568258225799,0.9239736112498474
3977,0.16721328228431118,0.5352669890828526,0.5226895716112689,0.7364725751285898,0.933692715355247,0.9356887313821237,0.9239895640296194
3978,0.16722923506408305,0.5353285414978274,0.5227214771708127,0.7364885279083617,0.9338995990425247,0.9357046841618957,0.9240214695891632
3979,0.16722923506408305,0.5353444942775992,0.5227214771708127,0.7364885279083617,0.9339474573818404,0.9357365897214394,0.9240374223689349
3980,0.1672611406236268,0.535567330744649,0.5227374299505846,0.7365044806881336,0.9339953157211559,0.9357525425012112,0.9240533751487069
3981,0.16727709340339866,0.5356448359393956,0.5227693355101284,0.7365044806881336,0.9340112685009279,0.935768495280983,0.9240852807082507
3982,0.16727709340339866,0.5356448359393956,0.5227693355101284,0.7365204334679055,0.9340431740604715,0.9359340352913785,0.9241171862677944
3983,0.1673089989629424,0.5356767414989393,0.5227852882899002,0.7365204334679055,0.9340591268402434,0.9359659408509222,0.9241331390475662
3984,0.1673089989629424,0.5357382939139141,0.522817193849444,0.7365204334679055,0.9340591268402434,0.935997846410466,0.9241331390475662
3985,0.1673089989629424,0.535797134749454,0.5228627934846469,0.7365363862476774,0.9340591268402434,0.9360297519700097,0.9241490918273381
3986,0.16734090452248618,0.5358878811445377,0.5229402986793936,0.7365363862476774,0.9341069851795591,0.9360616575295535,0.9241490918273381
3987,0.16738650415768908,0.5359786275396213,0.5229562514591656,0.7365363862476774,0.9341229379593309,0.9360776103093253,0.9241650446071099
3988,0.16762032312096295,0.5359945803193932,0.5229562514591656,0.7365363862476774,0.9341388907391028,0.9360935630890972,0.9241809973868819
3989,0.16762032312096295,0.5360401799545962,0.5229562514591656,0.7365363862476774,0.9341707962986466,0.9361095158688691,0.9242129029464257
3990,0.16762032312096295,0.5361309263496796,0.5229562514591656,0.7365952270832173,0.9341867490784185,0.9361095158688691,0.9242288557261974
3991,0.16785414208423688,0.5362057199649914,0.5229722042389374,0.7366540679187572,0.9342186546379623,0.936141421428413,0.9242607612857412
3992,0.16785414208423688,0.5362672723799662,0.5229722042389374,0.736670020698529,0.934234607417734,0.9361573742081847,0.9243086196250568
3993,0.16832178001078468,0.536342065995278,0.5231631351464433,0.736670020698529,0.934234607417734,0.9362481206032683,0.9243564779643724
3994,0.16832178001078468,0.5363580187750497,0.5231790879262151,0.736670020698529,0.934250560197506,0.9362481206032683,0.9244339831591192
3995,0.16832178001078468,0.5364168596105897,0.523370018833721,0.736670020698529,0.9342665129772778,0.9362481206032683,0.9244658887186629
3996,0.16832178001078468,0.5364328123903616,0.5235905965966581,0.7366859734783009,0.9342824657570498,0.9362640733830401,0.9245137470579786
3997,0.16832178001078468,0.5365235587854452,0.5237655747243921,0.7366859734783009,0.9343440181720245,0.936280026162812,0.9245137470579786
3998,0.16832178001078468,0.5366985369131793,0.523999393687666,0.7366859734783009,0.9345509018593021,0.9363575313575586,0.9245296998377505
3999,0.16838062084632455,0.536760089328154,0.5240449933228689,0.7366859734783009,0.9345668546390741,0.9363734841373306,0.9245456526175223
4000,0.16839657362609642,0.5368508357232376,0.5241065457378437,0.7366859734783009,0.9345828074188459,0.9363894369171023,0.9245456526175223
4001,0.16839657362609642,0.5369123881382124,0.5254830427353026,0.7367634786730476,0.9345828074188459,0.9363894369171023,0.9245616053972942
4002,0.16839657362609642,0.5369123881382124,0.5254989955150745,0.7367794314528194,0.9346147129783897,0.9364801833121861,0.924593510956838
4003,0.1686303925893703,0.5369283409179844,0.5256034359858173,0.7368409838677944,0.9346306657581616,0.9364801833121861,0.9246254165163816
4004,0.16886421155264422,0.5370031345332961,0.5256622768213571,0.7368409838677944,0.9346466185379334,0.9364961360919579,0.9246573220759254
4005,0.16886421155264422,0.5370031345332961,0.5256622768213571,0.7368409838677944,0.9346625713177054,0.9365120888717299,0.9246573220759254
4006,0.16886421155264422,0.5370031345332961,0.5258828545842941,0.7368409838677944,0.9346944768772492,0.9365280416515016,0.9246732748556973
4007,0.16886421155264422,0.5370779281486079,0.5260578327120281,0.7368569366475661,0.9347263824367928,0.9365599472110454,0.9246892276354691
4008,0.16889611711218797,0.5372302269586662,0.5261782259625428,0.737093467190275,0.9347263824367928,0.9365599472110454,0.9247667328302158
4009,0.16891206989195984,0.5372302269586662,0.5262397783775176,0.7371094199700469,0.9347582879963366,0.9365918527705893,0.9247986383897595
4010,0.1689280226717317,0.5373825257687247,0.5262557311572895,0.7371094199700469,0.9347742407761086,0.936607805550361,0.9248145911695314
4011,0.1689439754515036,0.5373825257687247,0.5263145719928294,0.7371094199700469,0.9347901935558803,0.9367987364578669,0.9248464967290752
4012,0.1689439754515036,0.5374600309634713,0.5263145719928294,0.7371253727498187,0.9348220991154241,0.9369896673653728,0.9248784022886188
4013,0.1689439754515036,0.5374759837432432,0.5263145719928294,0.7371413255295907,0.9348220991154241,0.9370215729249166,0.9249103078481627
4014,0.1689439754515036,0.537521583378446,0.5263464775523731,0.7371413255295907,0.9348220991154241,0.9370534784844604,0.9249103078481627
4015,0.16897588101104735,0.5375963769937578,0.5263464775523731,0.7371572783093625,0.9348220991154241,0.9370694312642323,0.9249103078481627
4016,0.16897588101104735,0.5375963769937578,0.5263464775523731,0.7371572783093625,0.9348220991154241,0.9370853840440041,0.9249581661874783
4017,0.16897588101104735,0.5376123297735298,0.5264053183879129,0.7371732310891344,0.9348380518951961,0.9372922677312819,0.9251331443152123
4018,0.16899183379081922,0.5376123297735298,0.5264212711676848,0.737205136648678,0.9348996043101708,0.9373082205110538,0.925165049874756
4019,0.169053386205794,0.5376442353330735,0.5266710429107306,0.737205136648678,0.9349155570899427,0.9373082205110538,0.925165049874756
4020,0.169053386205794,0.5376601881128453,0.5267325953257054,0.737250736283881,0.9349634154292583,0.9373401260705976,0.9251810026545279
4021,0.16906933898556586,0.5377217405278201,0.526810100520452,0.737296335919084,0.9349953209888021,0.9373401260705976,0.9252288609938436
4022,0.16908529176533774,0.5377536460873639,0.5268260533002239,0.737296335919084,0.9350112737685738,0.9373720316301414,0.9252448137736153
4023,0.16911719732488148,0.5377536460873639,0.5268260533002239,0.737341935554287,0.9350431793281176,0.9373879844099131,0.9252767193331591
4024,0.16916279696008443,0.5379874650506378,0.5268260533002239,0.7374194407490334,0.9350431793281176,0.9373879844099131,0.9252767193331591
4025,0.1705392939575434,0.5380490174656125,0.5268848941357638,0.7374194407490334,0.9350910376674333,0.9374039371896851,0.9252926721129311
4026,0.1705392939575434,0.5380490174656125,0.5269304937709667,0.7374513463085772,0.9351069904472051,0.9374517955290006,0.9253245776724748
4027,0.1705392939575434,0.5380490174656125,0.5269304937709667,0.7375128987235521,0.9351229432269771,0.9374677483087726,0.9255314613597527
4028,0.17057119951708713,0.5380649702453845,0.5269304937709667,0.7375288515033239,0.9351708015662926,0.9374996538683164,0.9255633669192964
4029,0.170587152296859,0.5381238110809242,0.5270376458211444,0.7375876923388638,0.9351708015662926,0.93753155942786,0.9255793196990683
4030,0.170587152296859,0.5381238110809242,0.5270376458211444,0.7375876923388638,0.9352027071258365,0.9375634649874037,0.925611225258612
4031,0.17060310507663087,0.538155716640468,0.5270832454563473,0.7375876923388638,0.9352186599056084,0.9375634649874037,0.9256271780383839
4032,0.1706943043470367,0.5383626003277459,0.5271420862918872,0.7376332919740668,0.9352346126853802,0.9375794177671756,0.9256271780383839
4033,0.17072620990658047,0.5385964192910198,0.5271580390716591,0.7376492447538386,0.9352505654651521,0.9375953705469475,0.9257179244334675
4034,0.17074216268635237,0.5387035713411973,0.5272195914866339,0.7377107971688134,0.9352505654651521,0.9376113233267194,0.9257498299930111
4035,0.17075811546612424,0.5387354769007412,0.5272355442664057,0.7377107971688134,0.935266518244924,0.9376272761064912,0.9258565291678666
4036,0.17216425931901422,0.538751429680513,0.5273559375169204,0.7377107971688134,0.9352824710246957,0.9377047813012378,0.9258884347274104
4037,0.17216425931901422,0.538751429680513,0.5273718902966923,0.7378019964392192,0.9352984238044677,0.9377207340810098,0.9259043875071824
4038,0.17216425931901422,0.5389423605880189,0.527449395491439,0.7378179492189912,0.9353303293640115,0.9380706903364778,0.9259043875071824
4039,0.17216425931901422,0.5389583133677908,0.527449395491439,0.7378179492189912,0.9353622349235552,0.9382935268035274,0.9259203402869541
4040,0.1722417645137609,0.5389742661475626,0.5275269006861856,0.7378339019987631,0.935394140483099,0.9382935268035274,0.9259522458464979
4041,0.17231655812907265,0.5392107966902715,0.5275588062457294,0.7378927428343028,0.9354419988224145,0.9383094795832994,0.9259681986262699
4042,0.17231655812907265,0.5393857748180054,0.527636311440476,0.7379086956140746,0.9354419988224145,0.9383254323630712,0.9260457038210164
4043,0.17233251090884452,0.5407622718154644,0.5276522642202478,0.7379246483938466,0.9354579516021865,0.9383573379226149,0.9260616566007883
4044,0.17233251090884452,0.5408370654307763,0.5277270578355596,0.7380021535885933,0.9354898571617302,0.9383573379226149,0.9260776093805602
4045,0.17239135174438439,0.5408370654307763,0.5277430106153315,0.7380181063683651,0.9355377155010458,0.9383573379226149,0.9261095149401039
4046,0.17240730452415626,0.5408530182105481,0.5277749161748753,0.7380500119279089,0.9355377155010458,0.9383732907023868,0.9261414204996476
4047,0.17240730452415626,0.5408530182105481,0.5277908689546471,0.7380659647076807,0.9355536682808177,0.9384051962619306,0.9261414204996476
4048,0.17242325730392813,0.5408849237700919,0.5278953094253899,0.7380659647076807,0.9355696210605895,0.9384371018214743,0.9261573732794196
4049,0.17246885693913105,0.5409168293296356,0.5280316554556764,0.7380819174874527,0.9355696210605895,0.9384530546012463,0.9262189256943942
4050,0.17248480971890293,0.5410801106359181,0.5280316554556764,0.7381138230469965,0.9356015266201333,0.9384530546012463,0.9262667840337099
4051,0.17248480971890293,0.541112016195462,0.5280904962912163,0.7381297758267683,0.935694984594652,0.9384530546012463,0.9262827368134817
4052,0.1725007624986748,0.541112016195462,0.5283243152544902,0.7381753754619711,0.9357109373744238,0.9390098945439921,0.9262986895932536
4053,0.17273458146194867,0.541112016195462,0.5283991088698019,0.7381753754619711,0.9357428429339676,0.9390418001035358,0.9263305951527975
4054,0.17273458146194867,0.5412032154658679,0.5284150616495737,0.7381753754619711,0.9357587957137394,0.9390737056630795,0.9263465479325693
4055,0.17276648702149247,0.5412032154658679,0.5284150616495737,0.7381753754619711,0.9357747484935113,0.9390737056630795,0.9263625007123412
4056,0.17276648702149247,0.5412032154658679,0.5284150616495737,0.7381753754619711,0.935806654053055,0.9391056112226234,0.926378453492113
4057,0.1728120866566954,0.5413824495519223,0.5284606612847766,0.7382072810215149,0.9358226068328269,0.9391375167821672,0.9264263118314287
4058,0.1728576862918983,0.5415574276796564,0.5284606612847766,0.7382072810215149,0.9358385596125988,0.939153469561939,0.9264422646112005
4059,0.17287363907167017,0.5415893332392001,0.5285222136997515,0.7382688334364896,0.9358545123923707,0.939153469561939,0.9264582173909724
4060,0.17287363907167017,0.5416641268545119,0.5287560326630254,0.7382688334364896,0.9358704651721425,0.9391694223417109,0.9264741701707443
4061,0.17293519148664496,0.5416960324140556,0.5287719854427972,0.7382847862162616,0.9359293060076823,0.9391853751214827,0.926506075730288
4062,0.17299403232218483,0.5417575848290305,0.5287719854427972,0.7383007389960334,0.9359452587874542,0.9392172806810265,0.9265220285100599
4063,0.17302593788172857,0.5417735376088023,0.5287719854427972,0.7383007389960334,0.9359452587874542,0.9392172806810265,0.9265539340696036
4064,0.17302593788172857,0.5420100681515111,0.5287719854427972,0.7383007389960334,0.9359452587874542,0.9392651390203421,0.9265698868493755
4065,0.17302593788172857,0.542026020931283,0.5287879382225691,0.7383622914110082,0.9359612115672261,0.9393129973596577,0.9266017924089193
4066,0.1731171371521344,0.5421172202016888,0.5287879382225691,0.738394196970552,0.9359612115672261,0.9393289501394296,0.9266177451886912
4067,0.1731171371521344,0.5421331729814607,0.528803891002341,0.738394196970552,0.9360090699065416,0.9393449029192015,0.9266656035280068
4068,0.17319193076744613,0.5421491257612325,0.5288198437821129,0.738394196970552,0.9360090699065416,0.9393768084787452,0.9266815563077787
4069,0.17342574973072,0.5422106781762074,0.5290107746896189,0.7384101497503239,0.9360090699065416,0.9394246668180609,0.9266815563077787
4070,0.17342574973072,0.5422425837357512,0.5290855683049306,0.7384101497503239,0.9360569282458573,0.9394725251573764,0.9267134618673224
4071,0.17342574973072,0.5423173773510629,0.5290855683049306,0.7384689905858638,0.9360569282458573,0.9394884779371484,0.9267294146470942
4072,0.17345765529026377,0.5423333301308347,0.5291311679401336,0.7384689905858638,0.9360888338054011,0.9395203834966921,0.9267613202066379
4073,0.1735488545606696,0.5424081237461464,0.5291767675753365,0.7384689905858638,0.9360888338054011,0.939536336276464,0.9268091785459537
4074,0.1735488545606696,0.5424537233813495,0.5292542727700831,0.7384849433656356,0.9361047865851729,0.9395522890562359,0.9268410841054974
4075,0.17365329503141239,0.542531228576096,0.5293158251850579,0.7385008961454075,0.9361047865851729,0.9395682418360077,0.926888942444813
4076,0.17372808864672412,0.542590069411636,0.5293158251850579,0.7385008961454075,0.9361207393649448,0.9396001473955515,0.9269208480043568
4077,0.17372808864672412,0.5426060221914079,0.5293158251850579,0.7385464957806105,0.9361366921447166,0.9396001473955515,0.9269527535639005
4078,0.17380288226203586,0.5426219749711797,0.5293158251850579,0.7385624485603823,0.9361526449244886,0.9396161001753234,0.9270275471792122
4079,0.17381883504180778,0.5426835273861546,0.5293614248202608,0.7385784013401543,0.9361685977042604,0.9396320529550952,0.9271023407945239
4080,0.17381883504180778,0.5429173463494283,0.5293773776000328,0.738637242175694,0.9361685977042604,0.9396480057348671,0.9271182935742958
4081,0.17383478782157963,0.5429788987644031,0.5294092831595765,0.7386531949554659,0.9362005032638042,0.9396480057348671,0.9271638932094988
4082,0.17411420642005646,0.542994851544175,0.5295588703902,0.7386531949554659,0.9362164560435761,0.9396958640741827,0.9271957987690426
4083,0.1741890000353682,0.5430404511793779,0.5296177112257399,0.7386531949554659,0.9362324088233479,0.9397437224134984,0.9272277043285863
4084,0.1741890000353682,0.5430723567389217,0.5296496167852836,0.7387307001502127,0.9362483616031199,0.939791580752814,0.9274345880158639
4085,0.17448437141361686,0.5431927499894363,0.5296815223448273,0.7387466529299845,0.9362483616031199,0.9398394390921295,0.9274664935754077
4086,0.17454321224915673,0.5431927499894363,0.5297859628155701,0.7387466529299845,0.9362802671626635,0.9398713446516733,0.9275143519147233
4087,0.17455916502892863,0.5432515908249762,0.5298178683751138,0.7387626057097563,0.9362802671626635,0.939903250211217,0.9275303046944952
4088,0.17479298399220253,0.543356031295719,0.5298634680103167,0.7387626057097563,0.9362802671626635,0.9399351557707608,0.9275462574742671
4089,0.17485453640717732,0.5434308249110308,0.5299223088458566,0.7387785584895283,0.9362962199424355,0.9399830141100765,0.9275941158135826
4090,0.17490013604238022,0.5434308249110308,0.5299382616256285,0.7387785584895283,0.9362962199424355,0.9400308724493922,0.9276100685933546
4091,0.1749589768779201,0.5434627304705745,0.5313735994586274,0.7387785584895283,0.9363281255019792,0.9400627780089359,0.9276419741528984
4092,0.174974929657692,0.5434946360301183,0.5314324402941673,0.7387945112693001,0.9363281255019792,0.9401106363482514,0.9276419741528984
4093,0.174974929657692,0.5434946360301183,0.5314912811297071,0.7388104640490721,0.936344078281751,0.9401425419077952,0.9276898324922139
4094,0.17499088243746386,0.54351058880989,0.5315660747450188,0.7388104640490721,0.936360031061523,0.9401584946875672,0.9277057852719858
4095,0.17500683521723576,0.543526541589662,0.5316249155805586,0.7388852576643837,0.936360031061523,0.9401904002471109,0.9277376908315296
4096,0.17506838763221058,0.5437217284554883,0.5316997091958704,0.7389440984999235,0.9364056306967258,0.9402223058066547,0.9277855491708452
4097,0.17517282810295332,0.5437376812352602,0.5317745028111821,0.7389600512796954,0.9364056306967258,0.9403157637811731,0.9277855491708452
4098,0.17517282810295332,0.5437376812352602,0.5317904555909541,0.7391509821872013,0.9364215834764977,0.9403476693407169,0.9278015019506171
4099,0.1751887808827252,0.5437536340150321,0.5318816548613599,0.7391669349669733,0.9364375362562695,0.9403795749002606,0.9278174547303889
4100,0.17520473366249706,0.5437536340150321,0.5319564484766716,0.7391669349669733,0.9364534890360414,0.9404274332395761,0.9278493602899327
4101,0.17520473366249706,0.5438124748505719,0.5319724012564434,0.7391669349669733,0.9364534890360414,0.9404274332395761,0.9278653130697045
4102,0.17520473366249706,0.5438124748505719,0.5319724012564434,0.7391828877467451,0.9364853945955852,0.9404593387991199,0.9278972186292483
4103,0.17520473366249706,0.5440034057580778,0.5320180008916464,0.7391828877467451,0.9365013473753571,0.9404912443586636,0.9279131714090202
4104,0.17520473366249706,0.5440034057580778,0.5320180008916464,0.7392740870171509,0.9365013473753571,0.9405231499182075,0.927929124188792
4105,0.17520473366249706,0.5440193585378498,0.5320180008916464,0.7392740870171509,0.9365173001551289,0.940571008257523,0.927945076968564
4106,0.17520473366249706,0.5440353113176216,0.5320339536714183,0.7392740870171509,0.9365332529349008,0.9406188665968387,0.9279769825281077
4107,0.17525033329769998,0.5440353113176216,0.532141105721596,0.7392740870171509,0.9365492057146727,0.9406507721563825,0.9279929353078795
4108,0.17531188571267478,0.5440512640973935,0.5322158993369078,0.7392740870171509,0.9365651584944445,0.9406826777159262,0.9280248408674233
4109,0.17537072654821462,0.5440512640973935,0.5322158993369078,0.7393329278526909,0.9365811112742164,0.94071458327547,0.9280407936471952
4110,0.17537072654821462,0.5440512640973935,0.5322158993369078,0.7393648334122347,0.9365970640539882,0.9407464888350138,0.928072699206739
4111,0.1753866793279865,0.5441128165123683,0.5322614989721106,0.7393807861920064,0.9366130168337602,0.9408399468095323,0.9281046047662826
4112,0.1753866793279865,0.5441128165123683,0.5322614989721106,0.7393807861920064,0.936628969613532,0.9408878051488478,0.9281205575460546
4113,0.17540263210775836,0.5441584161475712,0.5323070986073136,0.7393807861920064,0.936628969613532,0.9409356634881636,0.9281684158853701
4114,0.17541858488753023,0.5442491625426549,0.5323526982425164,0.7394396270275464,0.936644922393304,0.9409835218274792,0.9282003214449139
4115,0.17549337850284197,0.5442810681021987,0.5323526982425164,0.739517132222293,0.936644922393304,0.9410313801667948,0.9282481797842297
4116,0.17549337850284197,0.5443129736617424,0.5323686510222884,0.739517132222293,0.9366608751730757,0.9410473329465667,0.9282800853437734
4117,0.17550933128261387,0.5443129736617424,0.5323686510222884,0.7395786846372678,0.9366768279528477,0.9410473329465667,0.9283279436830889
4118,0.17550933128261387,0.5444041729321483,0.5323686510222884,0.7395786846372678,0.9366927807326195,0.9410473329465667,0.9283438964628609
4119,0.17686987550030095,0.544508613402891,0.532446156217035,0.7395946374170397,0.9367087335123915,0.9410632857263386,0.9283598492426327
4120,0.17686987550030095,0.5445701658178659,0.5324621089968069,0.7395946374170397,0.9367246862921632,0.9410951912858823,0.9284077075819483
4121,0.17688582828007282,0.5445861185976376,0.5325209498323467,0.7396721426117864,0.9367246862921632,0.9411111440656542,0.928439613141492
4122,0.17694466911561266,0.5445861185976376,0.5325209498323467,0.7398630735192923,0.9367406390719352,0.941143049625198,0.9284874714808077
4123,0.17697657467515643,0.5446905590683804,0.5325825022473215,0.7398630735192923,0.9367406390719352,0.9411909079645135,0.9285193770403514
4124,0.1769925274549283,0.5447224646279242,0.5325825022473215,0.7399219143548321,0.9367406390719352,0.9412228135240572,0.9285809294553263
4125,0.17700848023470017,0.544799969822671,0.5325984550270935,0.7399675139900349,0.936756591851707,0.9412706718633729,0.9286128350148701
4126,0.1770540798699031,0.544799969822671,0.5327028954978362,0.7400423076053467,0.936756591851707,0.9413185302026885,0.9286606933541857
4127,0.1770540798699031,0.5448588106582107,0.5327617363333761,0.7400423076053467,0.936772544631479,0.9413504357622322,0.9286766461339575
4128,0.17708598542944684,0.5448588106582107,0.5327617363333761,0.7400423076053467,0.9367884974112509,0.941382341321776,0.9287541513287042
4129,0.17708598542944684,0.5449632511289535,0.5327617363333761,0.7400742131648905,0.9368044501910227,0.9414142468813197,0.9287541513287042
4130,0.17714753784442164,0.5449632511289535,0.5327617363333761,0.7400742131648905,0.9368044501910227,0.9414621052206354,0.9287701041084762
4131,0.17714753784442164,0.5449792039087255,0.5327617363333761,0.7400742131648905,0.9368204029707946,0.9415099635599511,0.9287701041084762
4132,0.17719313747962456,0.5449792039087255,0.5327776891131479,0.7400742131648905,0.9368204029707946,0.9415418691194949,0.928786056888248
4133,0.17719313747962456,0.5449951566884972,0.5330142196558568,0.7400742131648905,0.9368523085303384,0.9415897274588104,0.9289769877957539
4134,0.17725197831516443,0.545027062248041,0.5330301724356287,0.7401330540004304,0.9368842140898821,0.9416375857981261,0.9289929405755258
4135,0.17725197831516443,0.5452179931555469,0.5330461252154006,0.7402534472509449,0.9369001668696539,0.9416694913576699,0.9290248461350696
4136,0.17742695644289846,0.5452927867708586,0.5330917248506035,0.7402694000307168,0.937075144997388,0.9417013969172136,0.9290567516946133
4137,0.17742695644289846,0.5453543391858334,0.5330917248506035,0.7403149996659197,0.9370910977771598,0.9417333024767574,0.929104610033929
4138,0.17742695644289846,0.545447797160352,0.5330917248506035,0.7403149996659197,0.9371070505569318,0.941765208036301,0.9291821152286757
4139,0.1774429092226703,0.5455093495753267,0.5331373244858064,0.7403149996659197,0.9371070505569318,0.9417971135958448,0.9292140207882194
4140,0.1774429092226703,0.5455093495753267,0.5331988769007812,0.7403149996659197,0.9374729595921717,0.9418290191553885,0.9292140207882194
4141,0.1774429092226703,0.5455253023550987,0.5331988769007812,0.7403149996659197,0.9374729595921717,0.9418449719351604,0.9292459263477632
4142,0.1774429092226703,0.5455253023550987,0.5331988769007812,0.7403149996659197,0.9374729595921717,0.9418768774947043,0.929261879127535
4143,0.1774885088578732,0.5455412551348705,0.5331988769007812,0.7403149996659197,0.9375048651517154,0.941908783054248,0.9292937846870788
4144,0.1774885088578732,0.5456320015299542,0.5335074894793668,0.7403149996659197,0.9375208179314872,0.9419566413935636,0.9293097374668506
4145,0.17772232782114714,0.5457227479250377,0.5335663303149065,0.7403149996659197,0.937552723491031,0.9419885469531073,0.9293416430263944
4146,0.17775423338069088,0.5457843003400126,0.5336251711504464,0.7403149996659197,0.937552723491031,0.9420364052924229,0.9293416430263944
4147,0.17777018616046278,0.5458002531197844,0.5338001492781804,0.7403149996659197,0.937552723491031,0.9420683108519667,0.9293735485859381
4148,0.17778613894023462,0.5458002531197844,0.5338001492781804,0.7403309524456916,0.937552723491031,0.9421002164115104,0.9293895013657101
4149,0.17780209172000652,0.5458002531197844,0.5338001492781804,0.7403309524456916,0.937552723491031,0.9421321219710542,0.9294054541454818
4150,0.17783399727955027,0.5458618055347593,0.5338001492781804,0.7403309524456916,0.937552723491031,0.9421799803103698,0.9294214069252538
4151,0.1778499500593221,0.545923357949734,0.5338749428934922,0.7403309524456916,0.937568676270803,0.9422278386496855,0.9294373597050256
4152,0.177865902839094,0.5460008631444807,0.5339205425286953,0.7403469052254634,0.9375846290505747,0.942275696989001,0.9294692652645694
4153,0.177865902839094,0.5460008631444807,0.5340382241997749,0.7404216988407752,0.9376005818303467,0.9423235553283167,0.9295308176795442
4154,0.1779115024742969,0.5460008631444807,0.5340541769795468,0.740526139311518,0.9376165346101185,0.9423554608878605,0.9295308176795442
4155,0.17797034330983677,0.5460327687040244,0.5341878114303983,0.7405717389467209,0.9376324873898905,0.9424033192271761,0.9295308176795442
4156,0.17801594294503972,0.5462236996115304,0.5341878114303983,0.7405717389467209,0.9376484401696622,0.942419272006948,0.9295308176795442
4157,0.17803189572481157,0.5463986777392643,0.5343787423379044,0.7405876917264927,0.9376643929494342,0.9424671303462636,0.9296242756540626
4158,0.17812309499521742,0.5463986777392643,0.5344243419731072,0.7406624853418045,0.937680345729206,0.9424990359058073,0.9296561812136065
4159,0.17813904777498932,0.5463986777392643,0.5344699416083102,0.7406624853418045,0.937680345729206,0.9425149886855791,0.9296721339933783
4160,0.17818464741019222,0.5463986777392643,0.5345155412435131,0.7406624853418045,0.9377282040685216,0.9425309414653511,0.9298630649008842
4161,0.17820060018996414,0.5463986777392643,0.5345474468030568,0.7406784381215764,0.9377441568482935,0.9425628470248949,0.9298790176806562
4162,0.178216552969736,0.5464146305190363,0.5345474468030568,0.7407240377567793,0.9377441568482935,0.9425947525844386,0.9299109232401999
4163,0.17829134658504778,0.5464146305190363,0.5346089992180315,0.7407240377567793,0.9377601096280654,0.9426426109237542,0.9301178069274776
4164,0.17833694622025067,0.546476182934011,0.5346705516330064,0.7407240377567793,0.9377760624078372,0.9426745164832979,0.9301337597072495
4165,0.17838254585545357,0.5465377353489859,0.5346865044127783,0.7407399905365513,0.9377920151876091,0.9427223748226136,0.9302112649019961
4166,0.17838254585545357,0.5465377353489859,0.5346865044127783,0.7407399905365513,0.9377920151876091,0.9427542803821574,0.9302272176817681
4167,0.17839849863522547,0.5465536881287577,0.5346865044127783,0.7407559433163231,0.9377920151876091,0.942786185941701,0.93024317046154
4168,0.17839849863522547,0.5465536881287577,0.5347453452483182,0.7408147841518631,0.937807967967381,0.9428180915012448,0.9302591232413119
4169,0.1785029391059682,0.5465696409085296,0.5347772508078619,0.7408147841518631,0.937807967967381,0.9428499970607885,0.9302591232413119
4170,0.17856177994150807,0.5466603873036131,0.5347772508078619,0.7408147841518631,0.9378239207471529,0.9428978554001042,0.9302591232413119
4171,0.17862062077704796,0.5466603873036131,0.5347932035876338,0.7408147841518631,0.9378558263066966,0.942929760959648,0.9304341013690459
4172,0.17862062077704796,0.5480368843010722,0.5347932035876338,0.7408307369316348,0.9378558263066966,0.9429616665191917,0.9304500541488177
4173,0.17862062077704796,0.548052837080844,0.5347932035876338,0.7409055305469466,0.9378558263066966,0.9429776192989635,0.9304660069285896
4174,0.17863657355681983,0.548052837080844,0.5348844028580397,0.7409055305469466,0.9378717790864685,0.9430095248585073,0.9304819597083615
4175,0.1788703925200937,0.5480847426403878,0.5349432436935795,0.7409374361064904,0.9378717790864685,0.943041430418051,0.9304979124881334
4176,0.1788703925200937,0.5481595362556995,0.5349888433287825,0.7409533888862623,0.9378717790864685,0.9431002712535909,0.9304979124881334
4177,0.17892923335563357,0.5481595362556995,0.5350636369440942,0.7409533888862623,0.9378717790864685,0.9431002712535909,0.9305138652679051
4178,0.17898807419117344,0.5482343298710113,0.5351224777796341,0.7409533888862623,0.9378717790864685,0.9431002712535909,0.9305138652679051
4179,0.1790040269709453,0.5482343298710113,0.535138430559406,0.7410149413012371,0.9378717790864685,0.9431591120891306,0.9305457708274489
4180,0.1790040269709453,0.548266235430555,0.5351543833391778,0.741030894081009,0.9378877318662404,0.9431750648689026,0.9305617236072209
4181,0.1790040269709453,0.5482981409900988,0.5351703361189497,0.7410468468607809,0.9379196374257841,0.9431910176486744,0.9305936291667646
4182,0.17903593253048905,0.5483140937698707,0.5351703361189497,0.7410627996405527,0.9380103838208677,0.943340604879298,0.9305936291667646
4183,0.17903593253048905,0.5483459993294144,0.5351703361189497,0.7410627996405527,0.9380263366006395,0.9434181100740447,0.9306095819465364
4184,0.1790678380900328,0.5483459993294144,0.5352291769544896,0.7410787524203246,0.9380582421601833,0.9434340628538166,0.9306414875060802
4185,0.17908379086980467,0.5483459993294144,0.5352880177900293,0.7410787524203246,0.9380582421601833,0.9434500156335885,0.9306733930656239
4186,0.17908379086980467,0.5483459993294144,0.5353468586255693,0.7410947052000965,0.9380741949399553,0.9435115680485633,0.9306893458453959
4187,0.17908379086980467,0.5483459993294144,0.5353468586255693,0.7410947052000965,0.9380741949399553,0.9435434736081071,0.9306893458453959
4188,0.1793176098330786,0.548436745724498,0.5353468586255693,0.74118545159518,0.938090147719727,0.9435594263878789,0.9306893458453959
4189,0.17934951539262237,0.548436745724498,0.5355218367533033,0.74118545159518,0.938090147719727,0.9435753791676508,0.9307052986251677
4190,0.1793951150278253,0.5485115393398098,0.5355966303686149,0.7412014043749519,0.938090147719727,0.9435753791676508,0.9307212514049397
4191,0.1793951150278253,0.5485274921195816,0.5355966303686149,0.7412173571547238,0.9381061004994989,0.9435913319474226,0.9307691097442553
4192,0.17941106780759716,0.5485434448993535,0.5356285359281588,0.7412333099344957,0.9381517001347018,0.9436072847271946,0.9308010153037991
4193,0.17941106780759716,0.5485434448993535,0.5357329763989015,0.7412789095696986,0.9381836056942456,0.9436072847271946,0.930816968083571
4194,0.17947262022257193,0.5486049973143282,0.5357329763989015,0.7412789095696986,0.9381836056942456,0.9436072847271946,0.9308488736431146
4195,0.17947262022257193,0.548636902873872,0.5357329763989015,0.7412789095696986,0.9381836056942456,0.9436072847271946,0.9308648264228866
4196,0.17953146105811182,0.548636902873872,0.5357785760341045,0.7412789095696986,0.9381836056942456,0.9436072847271946,0.9308648264228866
4197,0.1795474138378837,0.5487276492689557,0.5357785760341045,0.7413245092049014,0.9381995584740176,0.9436072847271946,0.9308807792026583
4198,0.17956336661765557,0.5487276492689557,0.5358241756693073,0.7414994873326356,0.9382155112537894,0.9436072847271946,0.9308807792026583
4199,0.1796222074531954,0.5488024428842675,0.5358401284490792,0.7415769925273822,0.9382155112537894,0.9436232375069663,0.9308807792026583
4200,0.17963816023296728,0.5488183956640392,0.5358560812288512,0.7415769925273822,0.9382155112537894,0.9436391902867383,0.9308967319824303
4201,0.17969700106850714,0.5488343484438112,0.535914922064391,0.7415769925273822,0.9382155112537894,0.9436710958462821,0.9309126847622021
4202,0.179712953848279,0.548866254003355,0.5359308748441628,0.7415769925273822,0.9382314640335613,0.9437030014058257,0.9309286375419741
4203,0.179712953848279,0.5489118536385578,0.5359308748441628,0.741635833362922,0.9382633695931051,0.9437349069653695,0.9309742371771769
4204,0.179712953848279,0.5489706944740977,0.5359627804037065,0.741681432998125,0.9382793223728768,0.9437668125249132,0.9309901899569487
4205,0.179712953848279,0.5490026000336414,0.5360106387430221,0.741681432998125,0.9382793223728768,0.943798718084457,0.9310061427367206
4206,0.17978774746359077,0.5490026000336414,0.5360881439377689,0.741681432998125,0.9382952751526488,0.9438306236440007,0.9310220955164925
4207,0.17978774746359077,0.549050458372957,0.5361337435729717,0.7417562266134365,0.9383112279324206,0.9438625292035445,0.9310380482962644
4208,0.17978774746359077,0.5491092992084968,0.5361496963527437,0.7418177790284114,0.9383112279324206,0.9439373228188561,0.931069953855808
4209,0.18003751920663652,0.5491252519882687,0.5361656491325155,0.7418337318081833,0.9383431334919644,0.9439373228188561,0.9311018594153518
4210,0.1800534719864084,0.5491412047680406,0.5361816019122875,0.7418337318081833,0.9383431334919644,0.9440148280136029,0.9311497177546675
4211,0.1800694247661803,0.5491868044032435,0.5362860423830303,0.7420087099359173,0.9383750390515081,0.9440467335731467,0.9311816233142112
4212,0.18010133032572406,0.5493044860743233,0.5363019951628021,0.742040615495461,0.93839099183128,0.9440626863529186,0.931213528873755
4213,0.18010133032572406,0.5493204388540952,0.536360835998342,0.742040615495461,0.9384069446110519,0.9441401915476653,0.931213528873755
4214,0.18011728310549593,0.5493682971934107,0.5363767887781138,0.7420565682752329,0.9384228973908237,0.9441401915476653,0.931213528873755
4215,0.1801332358852678,0.5493842499731827,0.5363927415578857,0.7420725210550049,0.9384388501705956,0.9441401915476653,0.931213528873755
4216,0.18014918866503968,0.5496367332956634,0.5364246471174294,0.7420884738347767,0.9384548029503675,0.9441857911828682,0.931213528873755
4217,0.18014918866503968,0.5496823329308663,0.5378170968946603,0.7420884738347767,0.9384548029503675,0.9442017439626401,0.931213528873755
4218,0.1801947883002426,0.5496982857106382,0.537849002454204,0.7420884738347767,0.9384548029503675,0.944217696742412,0.931213528873755
4219,0.1802403879354455,0.5497917436851567,0.5378649552339759,0.7420884738347767,0.9384867085099112,0.944217696742412,0.931213528873755
4220,0.1802403879354455,0.5498236492447005,0.5378809080137478,0.7420884738347767,0.938561502125223,0.9442336495221838,0.931213528873755
4221,0.18025634071521737,0.5498236492447005,0.5378809080137478,0.7421044266145487,0.938561502125223,0.9442655550817276,0.931213528873755
4222,0.18025634071521737,0.5498236492447005,0.5378968607935197,0.7421203793943204,0.938561502125223,0.9443563014768113,0.931213528873755
4223,0.18027229349498924,0.5498984428600122,0.5379128135732915,0.7421203793943204,0.938561502125223,0.944388207036355,0.931213528873755
4224,0.18027229349498924,0.5498984428600122,0.5380035599683752,0.7421659790295233,0.9385774549049949,0.9444201125958988,0.931213528873755
4225,0.1803497986897359,0.5498984428600122,0.538062400803915,0.7422248198650632,0.9385934076847668,0.9444360653756706,0.931213528873755
4226,0.1803497986897359,0.5499143956397841,0.5381695528540927,0.7422704195002662,0.9386253132443105,0.9444679709352144,0.9312723697092948
4227,0.18038170424927966,0.549930348419556,0.5383764365413705,0.7422704195002662,0.9386412660240825,0.9444998764947581,0.9312723697092948
4228,0.18038170424927966,0.5499463011993277,0.5384352773769104,0.742286372280038,0.9388321969315884,0.9445317820543019,0.9312723697092948
4229,0.18038170424927966,0.5499463011993277,0.5384808770121132,0.742286372280038,0.9388481497113602,0.9445477348340738,0.9312723697092948
4230,0.18044054508481952,0.5500051420348677,0.5384968297918852,0.742286372280038,0.9388641024911322,0.9445636876138456,0.9312723697092948
4231,0.1804564978645914,0.5500210948146395,0.5386039818420628,0.7423611658953496,0.9388641024911322,0.9445955931733894,0.9312723697092948
4232,0.18048840342413514,0.5500958884299513,0.5386814870368095,0.7423611658953496,0.939055033398638,0.9445955931733894,0.9312723697092948
4233,0.18054995583910996,0.5501118412097232,0.5386814870368095,0.7425520968028556,0.939055033398638,0.9446115459531613,0.9312723697092948
4234,0.18059555547431286,0.5501118412097232,0.5387430394517844,0.7425680495826275,0.9390709861784098,0.9446115459531613,0.9312723697092948
4235,0.18065710788928765,0.5501118412097232,0.5387589922315563,0.7425680495826275,0.9390709861784098,0.9446115459531613,0.9312723697092948
4236,0.18065710788928765,0.5501118412097232,0.5388045918667592,0.7426455547773743,0.9391325385933846,0.9446274987329332,0.9312723697092948
4237,0.18067306066905953,0.550170682045263,0.5388205446465311,0.7426615075571461,0.9391325385933846,0.9446274987329332,0.9312883224890668
4238,0.1806890134488314,0.550186634825035,0.5388364974263029,0.7426774603369178,0.9391484913731566,0.9446274987329332,0.9312883224890668
4239,0.1806890134488314,0.5502481872400097,0.5388364974263029,0.7426774603369178,0.9391803969327004,0.9446274987329332,0.9312883224890668
4240,0.1807049662286033,0.5503229808553215,0.5388980498412778,0.7427390127518927,0.9391803969327004,0.9446730983681361,0.9312883224890668
4241,0.18087095911432086,0.5503229808553215,0.5389755550360243,0.7427390127518927,0.9392123024922441,0.9446890511479079,0.9312883224890668
4242,0.18088691189409273,0.5503685804905243,0.5391664859435303,0.7427549655316648,0.9392123024922441,0.9447050039276798,0.9312883224890668
4243,0.18088691189409273,0.5503845332702962,0.5391664859435303,0.7428297591469765,0.9392123024922441,0.9447209567074516,0.9312883224890668
4244,0.18094846430906752,0.55041643882984,0.5391824387233021,0.7428297591469765,0.939228255272016,0.9447209567074516,0.9313042752688386
4245,0.18094846430906752,0.5504939440245866,0.539198391503074,0.7428457119267482,0.9392442080517879,0.9447369094872236,0.9313042752688386
4246,0.18094846430906752,0.5504939440245866,0.539198391503074,0.7428457119267482,0.9392761136113316,0.9447688150467672,0.9313042752688386
4247,0.18094846430906752,0.5505554964395615,0.5392599439180489,0.7428457119267482,0.9392761136113316,0.944800720606311,0.9313042752688386
4248,0.18094846430906752,0.5506010960747644,0.5394508748255548,0.7428457119267482,0.9392920663911035,0.9448166733860828,0.9313042752688386
4249,0.18094846430906752,0.5506599369103042,0.5395416212206382,0.7428457119267482,0.9392920663911035,0.9448166733860828,0.9313042752688386
4250,0.18094846430906752,0.5507055365455071,0.5395416212206382,0.7428616647065203,0.9392920663911035,0.9448166733860828,0.9313202280486106
4251,0.18105290477981031,0.5507055365455071,0.5395575740004102,0.7428616647065203,0.9392920663911035,0.9448485789456266,0.9313202280486106
4252,0.18106885755958219,0.5507055365455071,0.539589479559954,0.7428616647065203,0.9392920663911035,0.9448645317253985,0.9313361808283823
4253,0.18106885755958219,0.5507055365455071,0.539589479559954,0.7430139635165786,0.9394416536217268,0.9448804845051704,0.931384039167698
4254,0.181173298030325,0.550767088960482,0.5396054323397259,0.7431662623266372,0.9394895119610426,0.9448804845051704,0.9314318975070137
4255,0.181173298030325,0.5507989945200257,0.5396213851194976,0.7433185611366954,0.9395373703003582,0.9448804845051704,0.9314797558463292
4256,0.18254979502778393,0.5507989945200257,0.5396213851194976,0.7433504666962392,0.939569275859902,0.9448964372849422,0.9315276141856449
4257,0.1826273002225306,0.5508309000795695,0.5410863698079277,0.743470859946754,0.9396171341992176,0.9448964372849422,0.9315595197451887
4258,0.18264325300230247,0.5508468528593414,0.5410863698079277,0.7435483651415006,0.9398399706662672,0.9449123900647141,0.9316073780845042
4259,0.18264325300230247,0.5524571688200742,0.5411023225876995,0.7436258703362473,0.9398878290055829,0.944928342844486,0.93165523642382
4260,0.18270209383784233,0.5524571688200742,0.5411023225876995,0.743641823116019,0.9399356873448986,0.944928342844486,0.9317030947631355
4261,0.18274769347304526,0.5524890743796179,0.5411771162030113,0.7436577758957911,0.9399675929044423,0.9449442956242579,0.9317350003226792
4262,0.18274769347304526,0.5524890743796179,0.5411930689827832,0.7436896814553347,0.939983545684214,0.9449921539635735,0.931782858661995
4263,0.1828384398681289,0.5525050271593898,0.5412678625980949,0.7437215870148784,0.9400154512437578,0.9450081067433455,0.9318307170013106
4264,0.18287034542767264,0.5525665795743646,0.5412678625980949,0.7437375397946505,0.9400473568033016,0.9450081067433455,0.9318785753406261
4265,0.1828862982074445,0.5526121792095675,0.5412838153778667,0.7439284707021563,0.9404292186183134,0.9450400123028891,0.9319104809001699
4266,0.18294785062241928,0.5526600375488832,0.5413586089931786,0.7440059758969029,0.9404451713980853,0.9450400123028891,0.9319583392394856
4267,0.18296380340219115,0.552675990328655,0.5414361141879253,0.7440219286766749,0.940477076957629,0.945055965082661,0.9320061975788011
4268,0.18299570896173492,0.552675990328655,0.5414520669676971,0.7440378814564467,0.9406839606449069,0.945055965082661,0.9320540559181169
4269,0.18304130859693785,0.552675990328655,0.5414520669676971,0.7440538342362185,0.9407158662044507,0.9450719178624329,0.9320859614776605
4270,0.18327512756021178,0.5526919431084268,0.5414976666029,0.7440538342362185,0.9407477717639944,0.9450719178624329,0.9321178670372042
4271,0.18327512756021178,0.5527534955234016,0.5415136193826718,0.7440697870159905,0.9407796773235382,0.9450719178624329,0.932149772596748
4272,0.18332072719541467,0.5527534955234016,0.5418117023403555,0.7440697870159905,0.9408275356628537,0.9450878706422047,0.9321816781562918
4273,0.1836133869942284,0.5527694483031735,0.5418892075351021,0.7442903647789273,0.9412093974778656,0.9450878706422047,0.9322135837158355
4274,0.1836133869942284,0.5527854010829454,0.5419507599500769,0.7443063175586991,0.9412572558171812,0.9451038234219766,0.9322295364956074
4275,0.1836133869942284,0.5528442419184854,0.5419507599500769,0.7443063175586991,0.9413051141564969,0.9451197762017485,0.932277394834923
4276,0.18362933977400028,0.5528601946982571,0.5419507599500769,0.7443222703384712,0.9413210669362687,0.9451197762017485,0.9323252531742386
4277,0.18362933977400028,0.5542207389159443,0.5419507599500769,0.7443701286777867,0.9413689252755844,0.9451516817612923,0.9323412059540105
4278,0.18364529255377215,0.554282291330919,0.5419667127298489,0.7443701286777867,0.9414623832501029,0.9451676345410641,0.9323571587337824
4279,0.18369089218897508,0.5543438437458938,0.5420123123650519,0.7443701286777867,0.9414783360298747,0.9451676345410641,0.9323890642933261
4280,0.18369089218897508,0.5543438437458938,0.5421030587601353,0.7443701286777867,0.9415261943691904,0.9451676345410641,0.9324369226326418
4281,0.18370684496874695,0.5543438437458938,0.5421030587601353,0.7443860814575586,0.9415740527085059,0.945183587320836,0.9324528754124137
4282,0.18376839738372175,0.5545776627091678,0.5421030587601353,0.7444449222930984,0.9416219110478217,0.945183587320836,0.9325463333869323
4283,0.18381399701892465,0.554802496430425,0.5421190115399072,0.7444608750728705,0.9416834634627964,0.9452154928803798,0.932578238946476
4284,0.1839051962893305,0.5548772900457368,0.5421190115399072,0.7444608750728705,0.9417153690223402,0.9452314456601516,0.9326260972857916
4285,0.1853272929219924,0.5549228896809398,0.5421509170994508,0.7445680271230481,0.9417313218021122,0.9452473984399234,0.93271955526031
4286,0.1853728925571953,0.5549976832962515,0.5422416634945346,0.7445680271230481,0.9417632273616559,0.9452473984399234,0.9327514608198538
4287,0.18542075089651092,0.5550136360760233,0.5423780095248211,0.7445680271230481,0.9417951329211997,0.9452633512196954,0.9327833663793975
4288,0.18542075089651092,0.5550455416355671,0.5423780095248211,0.7445680271230481,0.9418270384807435,0.9452952567792391,0.9328152719389414
4289,0.18542075089651092,0.5550774471951109,0.5424099150843649,0.74458397990282,0.9418589440402871,0.9453112095590109,0.9328741127744813
4290,0.18542075089651092,0.5551093527546546,0.5424099150843649,0.74458397990282,0.9418908495998309,0.9453431151185547,0.9328900655542532
4291,0.1854367036762828,0.5551253055344265,0.5424258678641368,0.7446158854623638,0.9419068023796027,0.9453590678983266,0.9328900655542532
4292,0.1854367036762828,0.5551253055344265,0.5425006614794483,0.7446318382421357,0.9419227551593746,0.9453590678983266,0.9329219711137969
4293,0.18549825609125759,0.5551253055344265,0.5426051019501912,0.7446774378773386,0.9419546607189183,0.9454069262376421,0.9329379238935688
4294,0.18551420887102946,0.5552160519295101,0.5426210547299631,0.7446774378773386,0.9419865662784621,0.9454228790174141,0.9329698294531125
4295,0.18551420887102946,0.5552616515647131,0.542637007509735,0.7447362787128784,0.9419865662784621,0.9454228790174141,0.9330605758481961
4296,0.18553016165080133,0.5553072511999159,0.5426985599247097,0.7447522314926502,0.9420344246177776,0.9454547845769579,0.9331084341875117
4297,0.1855890024863412,0.5553688036148906,0.5427441595599126,0.7447681842724222,0.9420503773975496,0.9454866901365017,0.9331243869672836
4298,0.1856049552661131,0.5554463088096374,0.5427441595599126,0.744784137052194,0.9420663301773214,0.9455185956960453,0.9331562925268273
4299,0.18563686082565684,0.5554782143691811,0.5428057119748875,0.7448753363226,0.9421141885166371,0.9455505012555891,0.933204150866143
4300,0.1856984132406316,0.5555238140043841,0.5428057119748875,0.7448753363226,0.9421460940761809,0.9455505012555891,0.9332201036459149
4301,0.1857143660204035,0.555585366419359,0.5428645528104272,0.7448753363226,0.9421939524154965,0.945566454035361,0.9332520092054586
4302,0.18573031880017538,0.5556013191991308,0.5428645528104272,0.7448753363226,0.9422258579750403,0.9456143123746766,0.9332679619852303
4303,0.1857891596357152,0.5556172719789028,0.5429101524456301,0.7448912891023717,0.942257763534584,0.9456302651544486,0.9332679619852303
4304,0.1857891596357152,0.5556761128144426,0.5429101524456301,0.7449231946619155,0.9423512215091024,0.9456462179342203,0.9332839147650023
4305,0.18589631168589296,0.5557080183739863,0.5429876576403768,0.7449391474416875,0.9423831270686462,0.9456621707139923,0.9333317731043179
4306,0.18589631168589296,0.5557239711537583,0.5429876576403768,0.7450139410569991,0.9423990798484181,0.9456621707139923,0.9333636786638616
4307,0.18589631168589296,0.5557239711537583,0.5430332572755798,0.7450139410569991,0.94241503262819,0.9456781234937641,0.9333796314436336
4308,0.18591226446566483,0.555785523568733,0.5430332572755798,0.7450139410569991,0.9424469381877337,0.9456940762735361,0.9333955842234054
4309,0.18595786410086776,0.5558014763485047,0.5430948096905547,0.7450139410569991,0.9424628909675056,0.9457259818330798,0.9334730894181521
4310,0.1859897696604115,0.5558014763485047,0.5431696033058663,0.7450595406922019,0.9425376845828173,0.9457419346128516,0.933489042197924
4311,0.18602167521995525,0.5558014763485047,0.5431696033058663,0.7451183815277419,0.9425536373625891,0.9457419346128516,0.9335049949776959
4312,0.18625549418322915,0.5558174291282767,0.5432015088654101,0.7451183815277419,0.9425855429221329,0.9457419346128516,0.9335369005372396
4313,0.186314335018769,0.5558333819080485,0.5432630612803849,0.7451183815277419,0.9426174484816766,0.9457578873926236,0.9335847588765553
4314,0.18635993465397194,0.5559081755233604,0.5432949668399286,0.7451183815277419,0.9426493540412204,0.9457738401723953,0.933616664436099
4315,0.1863758874337438,0.5559537751585634,0.5432949668399286,0.7451343343075137,0.9427268592359669,0.9458057457319391,0.9336326172158709
4316,0.18643743984871858,0.556028568773875,0.5433109196197006,0.7451343343075137,0.9427587647955107,0.9458376512914829,0.9336485699956428
4317,0.18646934540826232,0.5560445215536468,0.5433268723994724,0.7451343343075137,0.9427906703550544,0.9458536040712547,0.9336645227754147
4318,0.18648529818803422,0.5560604743334188,0.5433428251792444,0.7451502870872857,0.9428066231348263,0.9458695568510266,0.9336804755551866
4319,0.18648529818803422,0.5561060739686217,0.5433428251792444,0.7451502870872857,0.9428544814741419,0.9458855096307984,0.9350569725526455
4320,0.1865012509678061,0.5561220267483935,0.5433884248144472,0.7451502870872857,0.9429160338891168,0.9459014624105703,0.9350729253324173
4321,0.18656009180334596,0.5562970048761275,0.5433884248144472,0.7451502870872857,0.9429479394486606,0.9459333679701142,0.9350888781121892
4322,0.18656009180334596,0.5563717984914393,0.5434791712095308,0.7452437450618041,0.9429638922284325,0.945949320749886,0.9351796245072728
4323,0.18656009180334596,0.5563877512712112,0.5435566764042774,0.7452437450618041,0.9429798450082043,0.945949320749886,0.9351955772870447
4324,0.18662164421832075,0.556419656830755,0.5435726291840494,0.7452437450618041,0.9429798450082043,0.9459812263094297,0.9352115300668165
4325,0.1866535497778645,0.5565373385018347,0.5436182288192523,0.7452437450618041,0.9429957977879762,0.9460290846487455,0.9352434356263603
4326,0.18688736874113843,0.5566121321171466,0.543693022434564,0.745305297476779,0.9430117505677481,0.9460450374285172,0.9352593884061322
4327,0.18688736874113843,0.5566736845321212,0.5437842217049698,0.745305297476779,0.9430277033475198,0.9460609902082892,0.9352753411859039
4328,0.18690332152091033,0.5566736845321212,0.5437842217049698,0.745305297476779,0.9430436561272918,0.9460609902082892,0.9353072467454477
4329,0.1869648739358851,0.5566896373118931,0.5438457741199446,0.7453212502565508,0.9430596089070636,0.946076942988061,0.9353551050847634
4330,0.18698082671565697,0.556705590091665,0.5438457741199446,0.7453212502565508,0.9430915144666073,0.946092895767833,0.9353870106443071
4331,0.18698082671565697,0.5567644309272047,0.5439232793146913,0.7453212502565508,0.9430915144666073,0.9461088485476047,0.9354029634240789
4332,0.18721464567893087,0.5567803837069768,0.5441025134007458,0.7453987554512975,0.9431663080819191,0.9461248013273766,0.9354189162038509
4333,0.18727348651447073,0.5567963364867485,0.5441613542362856,0.7454443550865003,0.9431822608616911,0.9461248013273766,0.9354508217633947
4334,0.18727348651447073,0.5568122892665205,0.5441613542362856,0.7454762606460441,0.9432141664212349,0.9461407541071485,0.9354986801027103
4335,0.18727348651447073,0.5568578889017234,0.5443136530463442,0.7455537658407908,0.9432460719807786,0.9461567068869204,0.9355465384420258
4336,0.1873350389294455,0.5569650409519011,0.544329605826116,0.7455697186205626,0.9432779775403224,0.9462315005022321,0.9355624912217978
4337,0.1873350389294455,0.5583711848047912,0.5443911582410909,0.7455856714003346,0.9432939303200942,0.9462474532820039,0.9355943967813416
4338,0.18735099170921737,0.5583871375845629,0.5444071110208627,0.7455856714003346,0.9433098830998661,0.9462793588415477,0.9355943967813416
4339,0.18735099170921737,0.5584486899995379,0.5444549693601783,0.7456016241801063,0.9433417886594099,0.9463541524568593,0.9356263023408853
4340,0.18735099170921737,0.5585850360298245,0.5444709221399502,0.7456175769598783,0.9433736942189536,0.946402010796175,0.9356582079004291
4341,0.1873965913444203,0.5586009888095962,0.544486874919722,0.7456335297396502,0.9434215525582693,0.9464339163557187,0.9357060662397446
4342,0.1874421909796232,0.5587919197171021,0.544502827699494,0.7456494825194221,0.9434215525582693,0.9464498691354906,0.9357539245790603
4343,0.18745814375939507,0.5587919197171021,0.544502827699494,0.7456654352991939,0.943453458117813,0.9464817746950344,0.9357858301386041
4344,0.1877079155024409,0.5588667133324139,0.544502827699494,0.7456654352991939,0.9434694108975848,0.9464817746950344,0.9358017829183759
4345,0.1877079155024409,0.5588826661121857,0.544502827699494,0.7456813880789658,0.9435013164571285,0.9464817746950344,0.9358177356981477
4346,0.1877079155024409,0.5588986188919577,0.5445187804792658,0.7456813880789658,0.9435172692369005,0.9464977274748062,0.9358496412576915
4347,0.1877079155024409,0.5589305244515013,0.5445776213148057,0.7457132936385096,0.9435332220166723,0.9464977274748062,0.9358496412576915
4348,0.1877079155024409,0.5590053180668131,0.5446364621503456,0.7457132936385096,0.9435651275762161,0.946513680254578,0.9358655940374635
4349,0.1877079155024409,0.559021270846585,0.5446524149301174,0.7457588932737126,0.9436129859155318,0.946513680254578,0.9358815468172352
4350,0.18775351513764382,0.559021270846585,0.5446980145653203,0.7457748460534844,0.9436448914750755,0.94652963303435,0.935913452376779
4351,0.18801923966046144,0.559021270846585,0.5460904643425512,0.7457907988332563,0.9436767970346193,0.9465455858141218,0.935929405156551
4352,0.18808079207543624,0.5591120172416686,0.546106417122323,0.7458227043928001,0.943708702594163,0.9465934441534375,0.935929405156551
4353,0.18811269763497998,0.5591735696566433,0.5461679695372978,0.7458974980081119,0.9437246553739348,0.9465934441534375,0.9359453579363227
4354,0.18817425004995478,0.5592054752161871,0.5462135691725007,0.7459430976433147,0.9437406081537068,0.9466093969332093,0.9359772634958665
4355,0.18819020282972668,0.5592670276311619,0.5462883627878126,0.7459886972785177,0.9437884664930223,0.9466093969332093,0.9359932162756385
4356,0.18820615560949855,0.5593285800461366,0.5463631564031243,0.7459886972785177,0.9437884664930223,0.946641302492753,0.9360091690554103
4357,0.18820615560949855,0.5593604856056803,0.5463631564031243,0.7460475381140574,0.9438363248323379,0.9466732080522969,0.9360091690554103
4358,0.18820615560949855,0.5593604856056803,0.5463631564031243,0.746122331729369,0.9438522776121098,0.9466891608320688,0.9360251218351822
4359,0.18825175524470147,0.5593604856056803,0.546437950018436,0.746122331729369,0.9438682303918817,0.9467051136118406,0.936041074614954
4360,0.18826770802447335,0.5593604856056803,0.546437950018436,0.746138284509141,0.9438682303918817,0.9467210663916125,0.936041074614954
4361,0.18826770802447335,0.5593764383854523,0.5466288809259419,0.746138284509141,0.9439001359514254,0.9467370191713844,0.9360729801744978
4362,0.18826770802447335,0.5593923911652241,0.5466288809259419,0.7461542372889128,0.9439320415109692,0.9467370191713844,0.9360729801744978
4363,0.18826770802447335,0.5595314487749455,0.5467465625970217,0.7461542372889128,0.9439479942907412,0.9467370191713844,0.9360889329542696
4364,0.18831330765967627,0.5595633543344893,0.5467625153767935,0.7461701900686848,0.9439479942907412,0.9467370191713844,0.9361208385138134
4365,0.18831330765967627,0.5595793071142612,0.5467625153767935,0.7462609364637682,0.9439479942907412,0.9467529719511563,0.9361527440733571
4366,0.18856307940272204,0.5596568123090079,0.5467944209363372,0.7463065360989712,0.9439479942907412,0.9467529719511563,0.9363277222010911
4367,0.18862463181769684,0.5596568123090079,0.5469853518438431,0.7463065360989712,0.9439479942907412,0.9467529719511563,0.9363755805404068
4368,0.18862463181769684,0.5597343175037547,0.5469853518438431,0.746338441658515,0.9439639470705129,0.9467689247309281,0.9364074860999505
4369,0.18862463181769684,0.5597502702835264,0.5470469042588179,0.7463840412937179,0.9439958526300567,0.9468437183462398,0.9364234388797225
4370,0.18864058459746869,0.55989985751415,0.5473263228572947,0.7464159468532616,0.9439958526300567,0.9468596711260117,0.9364393916594943
4371,0.18865653737724059,0.5599586983496898,0.5473263228572947,0.7464615464884646,0.9440277581896004,0.9468596711260117,0.9364553444392663
4372,0.18865653737724059,0.5599586983496898,0.5473422756370666,0.7464615464884646,0.9440756165289161,0.9468756239057835,0.93648724999881
4373,0.18865653737724059,0.5599906039092335,0.5474494276872442,0.7464774992682365,0.9440756165289161,0.9468915766855553,0.9366622281265439
4374,0.18867249015701243,0.5600521563242084,0.5475242213025561,0.7464774992682365,0.9441075220884598,0.9469075294653273,0.9369306642287966
4375,0.18867249015701243,0.560129661518955,0.5475698209377591,0.7464774992682365,0.9441234748682317,0.9469075294653273,0.9369625697883404
4376,0.1887180897922154,0.560129661518955,0.5476902141882736,0.7464774992682365,0.9442142212633153,0.9469075294653273,0.9369785225681121
4377,0.1887180897922154,0.5601775198582707,0.5477221197478174,0.7464934520480084,0.9442142212633153,0.9469075294653273,0.937010428127656
4378,0.18877693062775525,0.5601934726380425,0.5477540253073612,0.7465094048277803,0.9442301740430872,0.9469075294653273,0.937010428127656
4379,0.18877693062775525,0.5602523134735825,0.5477540253073612,0.7465094048277803,0.9442461268228591,0.9469075294653273,0.9370423336871997
4380,0.18877693062775525,0.5603430598686661,0.547812866142901,0.746541310387324,0.9442620796026309,0.9469075294653273,0.9370582864669715
4381,0.19030075615172495,0.5604046122836408,0.5478288189226729,0.746541310387324,0.9442780323824028,0.9469394350248711,0.9370742392467435
4382,0.19030075615172495,0.5604524706229564,0.5478744185578758,0.746541310387324,0.9442939851621747,0.9469394350248711,0.9370742392467435
4383,0.19030075615172495,0.5605432170180401,0.5478744185578758,0.746541310387324,0.9442939851621747,0.9469553878046428,0.9370901920265153
4384,0.19031670893149683,0.560588816653243,0.5479200181930787,0.746541310387324,0.9442939851621747,0.9469713405844148,0.937122097586059
4385,0.19031670893149683,0.560588816653243,0.5479519237526225,0.746541310387324,0.9443099379419466,0.9469713405844148,0.937180938421599
4386,0.1903326617112687,0.5606047694330148,0.5479975233878255,0.746541310387324,0.9443258907217184,0.9469713405844148,0.937180938421599
4387,0.19034861449104057,0.5606366749925585,0.5479975233878255,0.7465572631670959,0.9443258907217184,0.9469713405844148,0.9372128439811428
4388,0.19036456727081244,0.5606526277723305,0.5480134761675973,0.7465572631670959,0.9443418435014903,0.9469872933641866,0.9372287967609146
4389,0.1903805200505843,0.5606982274075334,0.5480134761675973,0.7466188155820707,0.9443418435014903,0.9469872933641866,0.9372607023204583
4390,0.1903805200505843,0.5606982274075334,0.5480294289473692,0.7466347683618424,0.9443418435014903,0.9470032461439586,0.9372926078800021
4391,0.19039647283035624,0.5607141801873053,0.548090981362344,0.7466507211416143,0.9443418435014903,0.9470032461439586,0.9373245134395458
4392,0.19047126644566795,0.5607757326022801,0.5481069341421158,0.7466507211416143,0.9443577962812622,0.9470032461439586,0.9373564189990896
4393,0.19047126644566795,0.5608076381618238,0.5481228869218877,0.7467122735565891,0.944373749061034,0.9470032461439586,0.9373723717788616
4394,0.1905031720052117,0.5608664789973636,0.5481388397016596,0.7467282263363609,0.944373749061034,0.9470032461439586,0.9374042773384053
4395,0.19057796562052343,0.5609120786325666,0.5481976805371994,0.7467282263363609,0.9443897018408058,0.9470191989237303,0.9374042773384053
4396,0.1905939184002953,0.5610297603036464,0.5481976805371994,0.7467441791161329,0.9444056546205778,0.9470191989237303,0.9376111610256831
4397,0.1906395180354982,0.5611205066987299,0.5482565213727393,0.7468030199516728,0.9444056546205778,0.9470191989237303,0.9376111610256831
4398,0.1906395180354982,0.5611524122582736,0.5482724741525112,0.7468189727314446,0.9444375601801215,0.9470351517035023,0.9376271138054549
4399,0.190701070450473,0.5611980118934766,0.5485222458955569,0.7468189727314446,0.9444535129598933,0.9470351517035023,0.9376430665852269
4400,0.19079226972087887,0.5611980118934766,0.5486426391460716,0.7468189727314446,0.9444694657396653,0.9470511044832741,0.9376749721447706
4401,0.19079226972087887,0.5612568527290165,0.5486426391460716,0.7468189727314446,0.9444854185194372,0.9470670572630461,0.9376749721447706
4402,0.19079226972087887,0.5612568527290165,0.5486426391460716,0.7468805251464194,0.9444854185194372,0.9470830100428179,0.9376749721447706
4403,0.19080822250065074,0.5612728055087884,0.5487338384164774,0.7468805251464194,0.9444854185194372,0.9470830100428179,0.9376909249245424
4404,0.19080822250065074,0.5612887582885603,0.5487338384164774,0.7468805251464194,0.9445921176942927,0.9470989628225898,0.9377387832638581
4405,0.19080822250065074,0.5612887582885603,0.5487497911962492,0.7468805251464194,0.9446240232538365,0.9470989628225898,0.9377387832638581
4406,0.19085382213585364,0.5612887582885603,0.5488086320317892,0.7468964779261913,0.9446399760336084,0.9471308683821336,0.9377387832638581
4407,0.19138301247737624,0.5613635519038719,0.5488245848115609,0.746928383485735,0.9446559288133802,0.9471468211619053,0.9377706888234019
4408,0.1914418533129161,0.5613635519038719,0.5488861372265358,0.746928383485735,0.9446559288133802,0.9471468211619053,0.9377866416031736
4409,0.19145780609268798,0.5613954574634157,0.5490065304770505,0.746928383485735,0.9446559288133802,0.9471468211619053,0.9378185471627174
4410,0.19145780609268798,0.5614114102431876,0.5490224832568223,0.746928383485735,0.9446718815931521,0.9471468211619053,0.9378344999424894
4411,0.19147375887245985,0.5614433158027313,0.5490224832568223,0.7469443362655069,0.9447037871526958,0.9471627739416772,0.9378504527222612
4412,0.19153531128743462,0.5614592685825032,0.5490384360365942,0.7469602890452788,0.9447356927122396,0.9471787267214491,0.937866405502033
4413,0.1915512640672065,0.5614592685825032,0.549070341596138,0.7469762418250507,0.9447516454920115,0.947194679501221,0.9378983110615768
4414,0.1915512640672065,0.5614592685825032,0.549070341596138,0.7469762418250507,0.9447675982717834,0.947194679501221,0.9378983110615768
4415,0.19159686370240941,0.5614911741420469,0.5491318940111127,0.7469762418250507,0.9447675982717834,0.9472425378405366,0.9379302166211206
4416,0.19159686370240941,0.5614911741420469,0.5491478467908846,0.7469762418250507,0.9447675982717834,0.9472425378405366,0.9379780749604361
4417,0.19165841611738424,0.5615071269218188,0.5492066876264244,0.7469762418250507,0.9447675982717834,0.9472584906203085,0.9379780749604361
4418,0.1918922350806581,0.5615390324813626,0.5493111280971672,0.7469762418250507,0.9447835510515552,0.9472584906203085,0.937994027740208
4419,0.19190818786042999,0.5615709380409063,0.5493111280971672,0.7469921946048225,0.944815456611099,0.9472744434000805,0.9380099805199799
4420,0.19190818786042999,0.5616187963802219,0.5493567277323701,0.7470669882201342,0.9448473621706427,0.9472744434000805,0.9380099805199799
4421,0.19190818786042999,0.5616187963802219,0.549372680512142,0.7470669882201342,0.9448473621706427,0.9472744434000805,0.9380259332997518
4422,0.19192414064020186,0.561664396015425,0.5494315213476819,0.7470669882201342,0.9448633149504145,0.9473063489596242,0.9380737916390675
4423,0.19192414064020186,0.5616803487951967,0.5495090265424286,0.7470669882201342,0.9448952205099582,0.9473063489596242,0.9380737916390675
4424,0.19192414064020186,0.5617259484303997,0.5497428455057024,0.7471125878553372,0.9449111732897302,0.947338254519168,0.9380737916390675
4425,0.19192414064020186,0.5617419012101715,0.5497747510652462,0.7471125878553372,0.944927126069502,0.9473542072989397,0.9381326324746073
4426,0.19196974027540478,0.5617419012101715,0.5498495446805579,0.7484731320730243,0.9463624639025008,0.9473542072989397,0.9381326324746073
4427,0.1920153399106077,0.5618166948254832,0.5498495446805579,0.7484731320730243,0.9463624639025008,0.9473861128584835,0.9381485852543793
4428,0.1920153399106077,0.5620532253681921,0.5499110970955328,0.7484731320730243,0.9463624639025008,0.9474020656382555,0.9381645380341511
4429,0.19209284510535438,0.562244156275698,0.5499699379310726,0.7485187317082271,0.9463624639025008,0.9474339711977992,0.9381964435936948
4430,0.19209284510535438,0.5622760618352418,0.5499699379310726,0.7485346844879991,0.9463784166822726,0.947465876757343,0.9382123963734668
4431,0.19210879788512625,0.5622920146150137,0.5499699379310726,0.7485506372677709,0.9463784166822726,0.9474818295371147,0.9382283491532386
4432,0.19210879788512625,0.5622920146150137,0.5499858907108445,0.7485665900475428,0.9463943694620446,0.9474818295371147,0.9382283491532386
4433,0.19234261684840012,0.5623535670299885,0.5499858907108445,0.7485665900475428,0.9464103222418164,0.9474977823168866,0.9382283491532386
4434,0.19235856962817202,0.5624739602805031,0.5500177962703883,0.7486121896827457,0.9464103222418164,0.9475752875116332,0.9382602547127824
4435,0.19235856962817202,0.5625058658400469,0.5500177962703883,0.7486121896827457,0.9464422278013601,0.9489517845090921,0.9382602547127824
4436,0.19246572167834974,0.5627423963827558,0.5500177962703883,0.7486281424625176,0.9464422278013601,0.9490292897038388,0.9382762074925542
4437,0.19248167445812162,0.5627423963827558,0.5500177962703883,0.7487056476572642,0.9464878274365631,0.9490292897038388,0.9382921602723261
4438,0.19248167445812162,0.5628039487977307,0.5500177962703883,0.7487512472924672,0.9465197329961069,0.9490452424836106,0.9384285063026125
4439,0.1924976272378935,0.5628039487977307,0.550079348685363,0.748767200072239,0.9465197329961069,0.9490611952633825,0.9384444590823845
4440,0.19252953279743723,0.5628358543572743,0.5501272070246787,0.748783152852011,0.9465516385556506,0.9490771480431544,0.9384763646419283
4441,0.19252953279743723,0.5628518071370462,0.5501272070246787,0.748783152852011,0.9465516385556506,0.9490771480431544,0.938508270201472
4442,0.1925454855772091,0.562956247607789,0.5501431598044505,0.748783152852011,0.9465675913354226,0.949109053602698,0.9385242229812438
4443,0.1925454855772091,0.5630310412231007,0.5502020006399904,0.7487991056317828,0.9465835441151943,0.94912500638247,0.9385242229812438
4444,0.1925454855772091,0.5630310412231007,0.5502020006399904,0.7487991056317828,0.9465835441151943,0.94912500638247,0.9385242229812438
4445,0.1925454855772091,0.5630469940028725,0.5502476002751933,0.7488150584115547,0.9465994968949663,0.9491409591622418,0.9385242229812438
4446,0.1925454855772091,0.5630925936380754,0.550367993525708,0.7488150584115547,0.9465994968949663,0.9491409591622418,0.9385242229812438
4447,0.1925454855772091,0.5631244991976192,0.5504427871410197,0.7488150584115547,0.94663140245451,0.9491569119420138,0.9385242229812438
4448,0.1925454855772091,0.563358318160893,0.5504427871410197,0.7488150584115547,0.9466473552342819,0.9491728647217855,0.9385242229812438
4449,0.1925454855772091,0.5634490645559768,0.5518033313587069,0.7488150584115547,0.9466473552342819,0.9491888175015575,0.9385401757610158
4450,0.19260432641274897,0.5635106169709514,0.5518192841384787,0.7488310111913266,0.9466633080140539,0.9492207230611013,0.9385561285407875
4451,0.1926791200280607,0.5635694578064913,0.5518352369182505,0.7488310111913266,0.9466633080140539,0.9492366758408732,0.9385880341003313
4452,0.1926791200280607,0.5635694578064913,0.5518352369182505,0.7488310111913266,0.9466792607938256,0.9492366758408732,0.938619939659875
4453,0.1929129389913346,0.5635854105862632,0.5518511896980224,0.7489646456421782,0.9467111663533694,0.9492366758408732,0.9386518452194188
4454,0.19294484455087835,0.563631010221466,0.5519127421129971,0.7489805984219501,0.9467111663533694,0.9492685814004169,0.9386974448546217
4455,0.19296079733065025,0.563646963001238,0.5519715829485371,0.7490421508369249,0.9467271191331413,0.9492685814004169,0.9387293504141654
4456,0.19303559094596198,0.5637085154162128,0.5520490881432837,0.7490421508369249,0.9467271191331413,0.9493004869599607,0.9387612559737092
4457,0.19303559094596198,0.5637404209757565,0.5521694813937984,0.7490421508369249,0.9467430719129131,0.9493164397397326,0.938777208753481
4458,0.19305154372573385,0.5637723265353003,0.5521854341735702,0.7490421508369249,0.9468497710877687,0.9493323925195044,0.938793161533253
4459,0.19306749650550573,0.5637723265353003,0.5522013869533422,0.7490581036166969,0.9468657238675405,0.9493939449344793,0.9388250670927967
4460,0.1930834492852776,0.563847120150612,0.552305827424085,0.7490581036166969,0.9468657238675405,0.9493939449344793,0.9388250670927967
4461,0.1930834492852776,0.563847120150612,0.5523673798390598,0.7491169444522368,0.9468657238675405,0.9494098977142511,0.9388569726523405
4462,0.19312904892048052,0.563847120150612,0.5523992853986035,0.7491328972320086,0.9468816766473124,0.9494418032737948,0.9388729254321123
4463,0.19312904892048052,0.5639246253453586,0.5524740790139153,0.7491488500117804,0.9468816766473124,0.9494577560535667,0.9388888782118842
4464,0.1931450017002524,0.5639994189606704,0.5524740790139153,0.7491648027915524,0.9468976294270843,0.9494896616131105,0.938920783771428
4465,0.1931450017002524,0.5640313245202141,0.5524900317936872,0.7491807555713242,0.9469135822068562,0.9495056143928824,0.9389367365511999
4466,0.1931450017002524,0.564047277299986,0.552505984573459,0.7491967083510961,0.9469614405461718,0.9495375199524261,0.9389367365511999
4467,0.193192860039568,0.5640791828595297,0.552505984573459,0.7491967083510961,0.9469933461057156,0.9495694255119698,0.9389982889661747
4468,0.193192860039568,0.5640951356393017,0.5525219373532309,0.7492126611308679,0.9470252516652593,0.9496013310715136,0.9390142417459465
4469,0.1932517008751079,0.5640951356393017,0.5525219373532309,0.7492286139106399,0.9470252516652593,0.9496013310715136,0.9390461473054903
4470,0.1932973005103108,0.5641110884190735,0.5525807781887707,0.7492286139106399,0.9470571572248031,0.9496013310715136,0.939078052865034
4471,0.19331325329008267,0.5641270411988455,0.5526396190243106,0.7492742135458428,0.9470571572248031,0.9496172838512854,0.9390940056448059
4472,0.19334515884962641,0.5641429939786173,0.5526396190243106,0.7493330543813826,0.9470890627843468,0.949723983026141,0.9390940056448059
4473,0.19339075848482937,0.5641429939786173,0.5526555718040825,0.7493330543813826,0.9470890627843468,0.949723983026141,0.9391099584245778
4474,0.19339075848482937,0.5641429939786173,0.5527467710744883,0.7493330543813826,0.9471050155641187,0.949739935805913,0.9391418639841215
4475,0.19339075848482937,0.564174899538161,0.5527467710744883,0.7493490071611544,0.9471050155641187,0.9497718413654567,0.9391418639841215
4476,0.19340671126460124,0.564174899538161,0.5528083234894632,0.7493490071611544,0.9471050155641187,0.9498466349807685,0.9391737695436653
4477,0.19340671126460124,0.564190852317933,0.5528083234894632,0.7493490071611544,0.9471050155641187,0.9498466349807685,0.9391897223234372
4478,0.19340671126460124,0.5642496931534727,0.5529833016171971,0.7493490071611544,0.9471209683438906,0.9498466349807685,0.939205675103209
4479,0.19340671126460124,0.5643404395485565,0.5531333417231429,0.7493490071611544,0.9471209683438906,0.9498625877605403,0.939205675103209
4480,0.19343861682414498,0.5645313704560623,0.5531921825586827,0.7493946067963574,0.9471369211236624,0.949894493320084,0.939205675103209
4481,0.19343861682414498,0.564592922871037,0.5533831134661887,0.7494105595761292,0.9471369211236624,0.9499263988796278,0.939205675103209
4482,0.19343861682414498,0.5646677164863488,0.5533831134661887,0.7494265123559012,0.9471528739034343,0.9499263988796278,0.939205675103209
4483,0.19368838856719078,0.5647292689013237,0.5533990662459605,0.7494265123559012,0.9471688266832062,0.9499423516593997,0.9392216278829809
4484,0.19368838856719078,0.5648204681717296,0.5534150190257324,0.7494584179154449,0.9471847794629781,0.9499742572189435,0.9392375806627528
4485,0.19368838856719078,0.5648364209515013,0.5534150190257324,0.7494584179154449,0.94720073224275,0.9500061627784872,0.9392694862222964
4486,0.1938793194746967,0.5649112145668131,0.5534765714407072,0.7494584179154449,0.94720073224275,0.950022115558259,0.9392854390020684
4487,0.1939541130900084,0.5649590729061288,0.553492524220479,0.7494584179154449,0.94720073224275,0.950038068338031,0.9393013917818404
4488,0.1939700658697803,0.5649750256859005,0.553492524220479,0.7494584179154449,0.9472166850225218,0.9500540211178028,0.9393173445616122
4489,0.19398601864955217,0.5649909784656726,0.553551365056019,0.7494584179154449,0.9472166850225218,0.9500540211178028,0.9393332973413842
4490,0.19407676504463575,0.5652115562286094,0.553551365056019,0.7494584179154449,0.9472326378022937,0.9500699738975746,0.9393332973413842
4491,0.19413560588017564,0.5652275090083811,0.5535969646912219,0.7494584179154449,0.9472326378022937,0.9500699738975746,0.9393492501211559
4492,0.19415155865994752,0.565302302623693,0.5536585171061966,0.7494584179154449,0.9472941902172685,0.9500859266773465,0.9393492501211559
4493,0.1941675114397194,0.5653182554034649,0.5537041167413995,0.7494584179154449,0.9473260957768121,0.9500859266773465,0.9393492501211559
4494,0.19419941699926316,0.5653182554034649,0.5537041167413995,0.7494903234749887,0.947371695412015,0.9501018794571184,0.9393492501211559
4495,0.1942313225588069,0.5653638550386678,0.5537041167413995,0.7494903234749887,0.947387648191787,0.9501018794571184,0.9393652029009278
4496,0.1942313225588069,0.5655002010689544,0.5537041167413995,0.7494903234749887,0.9474036009715588,0.9501018794571184,0.9393811556806997
4497,0.19426322811835067,0.5655161538487263,0.5537629575769394,0.7494903234749887,0.9474195537513308,0.9501178322368903,0.9394130612402435
4498,0.19429513367789442,0.5656069002438101,0.5537789103567113,0.7495062762547605,0.9474195537513308,0.9501337850166622,0.9396039921477494
4499,0.19429513367789442,0.565622853023582,0.5551982954099383,0.7495222290345324,0.9474355065311025,0.9501497377964341,0.9396199449275212
4500,0.1945289526411683,0.5656547585831256,0.5552598478249131,0.7495222290345324,0.9474674120906463,0.9501497377964341,0.939635897707293
4501,0.19460374625648003,0.5656547585831256,0.5552598478249131,0.7495381818143042,0.9474674120906463,0.9501497377964341,0.939651850487065
4502,0.19465160459579564,0.5658207514688431,0.5552598478249131,0.7495541345940762,0.9474833648704183,0.9501656905762059,0.939651850487065
4503,0.1946675573755675,0.5658367042486151,0.5552758006046848,0.7495541345940762,0.94749931765019,0.9501816433559778,0.9396678032668367
4504,0.19468351015533938,0.565882303883818,0.5553346414402248,0.7495700873738481,0.94749931765019,0.9501816433559778,0.9396837560466087
4505,0.19469946293511128,0.565927903519021,0.5553505942199967,0.7495860401536198,0.94749931765019,0.9502564369712896,0.9397156616061525
4506,0.19471541571488318,0.5659598090785647,0.5553665469997685,0.7496019929333918,0.947515270429962,0.9502723897510615,0.9397156616061525
4507,0.19471541571488318,0.5659757618583365,0.5554736990499461,0.7497196746044714,0.9475312232097338,0.9502883425308334,0.9397316143859243
4508,0.1947610153500861,0.5659757618583365,0.55550560460949,0.7497196746044714,0.9475312232097338,0.9503202480903771,0.9397316143859243
4509,0.19483580896539782,0.5659757618583365,0.55550560460949,0.7497356273842433,0.9475312232097338,0.950336200870149,0.9397316143859243
4510,0.19489464980093768,0.5660373142733112,0.55550560460949,0.7497971797992181,0.9475471759895058,0.9503840592094647,0.939763519945468
4511,0.19489464980093768,0.5662122924010453,0.555551204244693,0.7498427794344209,0.9475790815490495,0.9503840592094647,0.9398113782847837
4512,0.19492655536048142,0.5662282451808172,0.5557331499101823,0.749888379069624,0.9475790815490495,0.9504000119892365,0.9398113782847837
4513,0.19492655536048142,0.5662441979605891,0.5557919907457222,0.749888379069624,0.9476406339640243,0.9504000119892365,0.9398273310645556
4514,0.1949425081402533,0.566303038796129,0.555807943525494,0.749888379069624,0.9476406339640243,0.9504000119892365,0.9400023091922896
4515,0.195020013335,0.5664398377017378,0.555866784361034,0.7499043318493958,0.9476406339640243,0.9504159647690084,0.9400023091922896
4516,0.19508156574997476,0.5664557904815095,0.555866784361034,0.7499791254647075,0.9476565867437963,0.9504159647690084,0.9400023091922896
4517,0.1951271653851777,0.5664557904815095,0.555866784361034,0.7500379663002474,0.947672539523568,0.9504478703285522,0.9400342147518334
4518,0.1951271653851777,0.5664717432612815,0.5558827371408058,0.7500995187152222,0.94768849230334,0.9504478703285522,0.940066120311377
4519,0.1951727650203806,0.5664876960410533,0.5560460184470885,0.7500995187152222,0.94768849230334,0.950463823108324,0.9400980258709208
4520,0.19518871780015248,0.5665652012358,0.5560619712268603,0.750115471494994,0.9477044450831118,0.950479775888096,0.9401299314304645
4521,0.19518871780015248,0.5665652012358,0.5560938767864041,0.750115471494994,0.9477203978628838,0.9505116814476396,0.9403208623379704
4522,0.19518871780015248,0.5665971067953437,0.556109829566176,0.750161071130197,0.9477363506426555,0.9505435870071834,0.9403208623379704
4523,0.19523431743535538,0.5666427064305466,0.5561713819811508,0.7501770239099688,0.9477363506426555,0.9505595397869552,0.9403208623379704
4524,0.19523431743535538,0.5666427064305466,0.5562169816163537,0.7502947055810485,0.9477682562021993,0.950591445346499,0.9403208623379704
4525,0.1952799170705583,0.5668219405166012,0.5562758224518934,0.7502947055810485,0.9477682562021993,0.9506073981262709,0.9403368151177424
4526,0.19529586985033018,0.5668219405166012,0.5562758224518934,0.7503106583608204,0.9477682562021993,0.9506393036858146,0.9403368151177424
4527,0.1953414694855331,0.5668675401518042,0.5562917752316654,0.7503106583608204,0.9477842089819712,0.9506712092453584,0.9403527678975142
4528,0.1953414694855331,0.566883492931576,0.5563373748668684,0.7503106583608204,0.9477842089819712,0.9507031148049021,0.9403687206772862
4529,0.19544590995627592,0.5668994457113479,0.5563373748668684,0.7503106583608204,0.9477842089819712,0.9507350203644459,0.9404006262368299
4530,0.19544590995627592,0.5668994457113479,0.556457768117383,0.7503106583608204,0.9478161145415149,0.9507509731442176,0.9404165790166018
4531,0.1954618627360478,0.5670171273824276,0.556457768117383,0.7503266111405923,0.9478161145415149,0.9507509731442176,0.9404325317963736
4532,0.19549376829559154,0.5670946325771742,0.556457768117383,0.7503585167001361,0.9478161145415149,0.9507669259239896,0.9404644373559173
4533,0.19549376829559154,0.5670946325771742,0.556457768117383,0.7503585167001361,0.9478161145415149,0.9507669259239896,0.9404803901356893
4534,0.19552567385513528,0.5671694261924859,0.5564737208971547,0.750595047242845,0.9478161145415149,0.9507988314835334,0.9405122956952331
4535,0.19552567385513528,0.5671694261924859,0.5565193205323579,0.7506110000226169,0.9478320673212868,0.9508147842633053,0.9405442012547769
4536,0.19555757941467902,0.5671853789722578,0.5565352733121297,0.7506269528023887,0.9478480201010587,0.9508147842633053,0.9405920595940923
4537,0.19555757941467902,0.5671853789722578,0.5565512260919017,0.7506269528023887,0.9478799256606024,0.9508307370430771,0.9405920595940923
4538,0.19555757941467902,0.5674059567351948,0.5566100669274415,0.7506269528023887,0.9478958784403743,0.9508307370430771,0.9405920595940923
4539,0.19561913182965382,0.5674219095149665,0.5567012661978473,0.7506429055821606,0.947927783999918,0.9508626426026209,0.9406080123738643
4540,0.19561913182965382,0.5674675091501695,0.5567468658330502,0.7506429055821606,0.9479596895594617,0.9508626426026209,0.9406080123738643
4541,0.19567797266519368,0.5675450143449162,0.5567468658330502,0.7507017464177005,0.9479596895594617,0.9508626426026209,0.9406399179334081
4542,0.19569392544496556,0.5676065667598912,0.5567468658330502,0.7507765400330122,0.9479596895594617,0.9508785953823928,0.9406558707131799
4543,0.19569392544496556,0.5676813603752027,0.55680570666859,0.7507765400330122,0.9479756423392337,0.9509105009419365,0.9406718234929519
4544,0.19570987822473743,0.5676813603752027,0.5568216594483618,0.7507765400330122,0.9479756423392337,0.9509105009419365,0.9406877762727236
4545,0.19577143063971222,0.5676973131549746,0.5568216594483618,0.7507765400330122,0.9479756423392337,0.9509105009419365,0.9407037290524956
4546,0.19577143063971222,0.5678017536257174,0.5568376122281339,0.7507765400330122,0.9479756423392337,0.9509264537217084,0.9407356346120394
4547,0.19578738341948407,0.5678765472410292,0.5568991646431084,0.750838092447987,0.9479756423392337,0.9509583592812522,0.9407515873918112
4548,0.19581928897902784,0.5678765472410292,0.5569310702026523,0.750838092447987,0.9479756423392337,0.950974312061024,0.940767540171583
4549,0.19581928897902784,0.567938099656004,0.5571516479655894,0.750838092447987,0.9479756423392337,0.950974312061024,0.9408153985108986
4550,0.19581928897902784,0.5679996520709787,0.5571516479655894,0.7508540452277589,0.9479756423392337,0.9510062176205678,0.9408473040704425
4551,0.19581928897902784,0.5680452517061815,0.5571676007453611,0.7508699980075307,0.9479756423392337,0.9510381231801115,0.9408473040704425
4552,0.19585119453857164,0.5680612044859534,0.5571676007453611,0.7508859507873027,0.9479915951190055,0.9510381231801115,0.9408792096299863
4553,0.19586714731834348,0.5683565758642022,0.557183553525133,0.7509315504225055,0.9479915951190055,0.9510700287396553,0.9408792096299863
4554,0.19588310009811538,0.5684313694795139,0.5572423943606729,0.7509475032022774,0.9479915951190055,0.9510700287396553,0.94091111518953
4555,0.19588310009811538,0.5685358099502568,0.5572902526999886,0.7509475032022774,0.9480075478987775,0.9510700287396553,0.9409430207490737
4556,0.19589905287788723,0.5686265563453404,0.5572902526999886,0.7509931028374802,0.9480531475339805,0.9510859815194271,0.9409886203842764
4557,0.19600620492806492,0.5686425091251123,0.5572902526999886,0.7510090556172522,0.9480531475339805,0.9511178870789708,0.9409886203842764
4558,0.19600620492806492,0.5686425091251123,0.5572902526999886,0.7510090556172522,0.9480531475339805,0.9511497926385146,0.9409886203842764
4559,0.19606775734303972,0.5686881087603151,0.5572902526999886,0.7510090556172522,0.9480691003137522,0.9511657454182865,0.9409886203842764
4560,0.19612659817857958,0.5687496611752899,0.5572902526999886,0.7510090556172522,0.9480691003137522,0.9511657454182865,0.9410045731640484
4561,0.19614255095835148,0.5688997012812356,0.5572902526999886,0.7510090556172522,0.9480691003137522,0.9511657454182865,0.9410364787235922
4562,0.19615850373812332,0.5688997012812356,0.5572902526999886,0.7510090556172522,0.9480850530935242,0.9511976509778303,0.941052431503364
4563,0.19662614166467116,0.5689744948965474,0.5573062054797604,0.751025008397024,0.948101005873296,0.9512136037576021,0.9410683842831359
4564,0.1979866858823582,0.5689904476763192,0.5573969518748441,0.751025008397024,0.948101005873296,0.9512295565373741,0.9410843370629077
4565,0.1979866858823582,0.5690816469467251,0.557442551510047,0.7510409611767959,0.948116958653068,0.9512455093171458,0.9410843370629077
4566,0.1979866858823582,0.5690816469467251,0.5575173451253587,0.7510409611767959,0.948116958653068,0.9512455093171458,0.9410843370629077
4567,0.198048238297333,0.5691431993616999,0.5577082760328645,0.7510728667363397,0.9481488642126117,0.9512455093171458,0.9410843370629077
4568,0.1980938379325359,0.5691751049212438,0.5577082760328645,0.7510888195161115,0.9481488642126117,0.9512774148766897,0.9411162426224515
4569,0.1980938379325359,0.5691751049212438,0.5577538756680676,0.7510888195161115,0.9481488642126117,0.9512933676564616,0.9411321954022234
4570,0.19815267876807577,0.5692366573362185,0.5577857812276112,0.7510888195161115,0.9481648169923835,0.9513252732160052,0.9411641009617672
4571,0.19951322298576282,0.5692982097511933,0.557817686787155,0.7511047722958835,0.9481648169923835,0.9513412259957772,0.9412119593010827
4572,0.19951322298576282,0.5693301153107371,0.5578632864223578,0.7511047722958835,0.9481648169923835,0.9513412259957772,0.9412867529163945
4573,0.19952917576553472,0.5693301153107371,0.5579248388373326,0.7511503719310864,0.9481648169923835,0.951357178775549,0.9413027056961664
4574,0.19957477540073762,0.5693301153107371,0.5579407916171045,0.7512707651816011,0.9482104166275865,0.951373131555321,0.9413027056961664
4575,0.19957477540073762,0.5694049089260488,0.5579567443968764,0.7513455587969129,0.9482104166275865,0.9514050371148647,0.9413027056961664
4576,0.19963632781571242,0.5694956553211323,0.5579726971766483,0.7513615115766846,0.9482263694073584,0.9514209898946365,0.9413027056961664
4577,0.19963632781571242,0.5694956553211323,0.5579726971766483,0.7513774643564566,0.9482263694073584,0.9514369426744084,0.9413027056961664
4578,0.19963632781571242,0.5696706334488665,0.5580634435717319,0.7513774643564566,0.9482582749669021,0.9514369426744084,0.9413346112557102
4579,0.19963632781571242,0.5697025390084102,0.5580793963515037,0.7514709223309752,0.9483061333062178,0.9514528954541802,0.941350564035482
4580,0.19963632781571242,0.569734444567954,0.5583132153147776,0.7514709223309752,0.9483220860859897,0.9514688482339522,0.9414121164504567
4581,0.19965228059548432,0.5697800442031568,0.5585200990020555,0.7514709223309752,0.9483380388657615,0.951484801013724,0.9414121164504567
4582,0.19966823337525616,0.5698844846738995,0.5585520045615993,0.751486875110747,0.9483539916455334,0.9515007537934959,0.9414709572859967
4583,0.19972978579023104,0.5699004374536714,0.558626798176911,0.751486875110747,0.948385897205077,0.9515486121328115,0.9415297981215365
4584,0.19974573857000288,0.5699460370888743,0.5587471914274256,0.751486875110747,0.948385897205077,0.9515486121328115,0.9415297981215365
4585,0.19997955753327679,0.5699460370888743,0.5587471914274256,0.7515028278905189,0.948385897205077,0.9515486121328115,0.9415297981215365
4586,0.19997955753327679,0.5700048779244141,0.5588219850427373,0.7515347334500627,0.948385897205077,0.9516101645477862,0.9415617036810803
4587,0.19997955753327679,0.570050477559617,0.5588219850427373,0.7515962858650375,0.948401849984849,0.9516101645477862,0.9415776564608522
4588,0.2000251571684797,0.570066430339389,0.5589154430172558,0.7516122386448093,0.948401849984849,0.951687669742533,0.941593609240624
4589,0.20004110994825158,0.570066430339389,0.5589154430172558,0.7516281914245811,0.948401849984849,0.9517036225223049,0.941593609240624
4590,0.20005706272802345,0.5701412239547008,0.5589154430172558,0.751644144204353,0.948401849984849,0.9517651749372799,0.9416095620203959
4591,0.20007301550779533,0.5701868235899037,0.5589154430172558,0.751644144204353,0.948401849984849,0.9517651749372799,0.9416255148001678
4592,0.20011861514299825,0.5703204580407554,0.5589154430172558,0.751644144204353,0.9484178027646208,0.9517651749372799,0.9416255148001678
4593,0.20036838688604403,0.5703204580407554,0.5589154430172558,0.751644144204353,0.9484178027646208,0.9517811277170516,0.9416414675799397
4594,0.20041398652124692,0.5703204580407554,0.5589902366325676,0.751644144204353,0.9484178027646208,0.9517811277170516,0.9416414675799397
4595,0.2004299393010188,0.5703204580407554,0.5590061894123395,0.7516897438395559,0.9484337555443927,0.9517970804968235,0.9416414675799397
4596,0.20044589208079067,0.5703364108205271,0.5592586727348202,0.7517056966193277,0.9484497083241645,0.9517970804968235,0.9416574203597115
4597,0.20049149171599356,0.570572941363236,0.5592586727348202,0.7517645374548677,0.9484497083241645,0.9518130332765954,0.9416574203597115
4598,0.20049149171599356,0.5706344937782107,0.5593334663501319,0.7517804902346396,0.9484656611039365,0.9518289860563673,0.9416733731394834
4599,0.20055033255153346,0.5706344937782107,0.5593494191299038,0.7517964430144114,0.9484656611039365,0.9518289860563673,0.9416733731394834
4600,0.20056628533130533,0.5706344937782107,0.5593653719096757,0.7517964430144114,0.9484816138837083,0.9518289860563673,0.9416893259192552
4601,0.20056628533130533,0.5706663993377545,0.5594698123804185,0.7517964430144114,0.9484975666634803,0.9518449388361391,0.9416893259192552
4602,0.20059819089084907,0.5706663993377545,0.5594698123804185,0.7517964430144114,0.9484975666634803,0.9519064912511138,0.9417212314787992
4603,0.20071858414136373,0.5706823521175263,0.5594857651601902,0.7517964430144114,0.948513519443252,0.9519383968106576,0.9419281151660769
4604,0.20077742497690357,0.5707279517527293,0.559563270354937,0.7517964430144114,0.948513519443252,0.9519543495904296,0.9419440679458488
4605,0.20082302461210652,0.5707279517527293,0.559563270354937,0.7517964430144114,0.948513519443252,0.9519703023702013,0.9419600207256207
4606,0.20082302461210652,0.5707439045325011,0.5595792231347089,0.7518283485739552,0.948513519443252,0.9520159020054043,0.9419600207256207
4607,0.20082302461210652,0.5707439045325011,0.5595951759144807,0.7518283485739552,0.948513519443252,0.9520478075649481,0.9419919262851644
4608,0.2008549301716503,0.5707598573122731,0.5596111286942526,0.7518283485739552,0.948513519443252,0.9520797131244919,0.9420078790649363
4609,0.2009164825866251,0.5707917628718168,0.5596270814740245,0.7518443013537272,0.9485454250027959,0.9521868651746695,0.9420078790649363
4610,0.2009164825866251,0.5708077156515886,0.5596270814740245,0.7518443013537272,0.9485613777825678,0.9521868651746695,0.9421828571926703
4611,0.2009780350015999,0.5708825092669004,0.5598020596017584,0.7518443013537272,0.9485773305623397,0.9521868651746695,0.9421988099724422
4612,0.20099398778137173,0.5708984620466724,0.5600814782002353,0.7518762069132708,0.9485773305623397,0.9521868651746695,0.9421988099724422
4613,0.20109842825211455,0.5708984620466724,0.5614420224179225,0.7518921596930427,0.9485773305623397,0.9522028179544415,0.9421988099724422
4614,0.2011143810318864,0.5709144148264442,0.5614420224179225,0.7519081124728146,0.9486229301975425,0.9522187707342133,0.9421988099724422
4615,0.2011303338116583,0.5725406835669489,0.5614420224179225,0.7519081124728146,0.9486685298327454,0.9522187707342133,0.9421988099724422
4616,0.20138010555470404,0.5726181887616957,0.5614420224179225,0.7519081124728146,0.9486844826125171,0.9522187707342133,0.9422147627522139
4617,0.20138010555470404,0.5727931668894296,0.5614579751976944,0.7520312173027642,0.9486844826125171,0.9522347235139852,0.9422307155319859
4618,0.2013960583344759,0.5729840977969355,0.5614739279774662,0.7520312173027642,0.9486844826125171,0.9522347235139852,0.9422307155319859
4619,0.2014120111142478,0.5730588914122471,0.5615354803924409,0.7520471700825361,0.9487004353922891,0.952250676293757,0.9422466683117577
4620,0.20142796389401968,0.573074844192019,0.5615514331722128,0.752092769717739,0.9487004353922891,0.952266629073529,0.9422466683117577
4621,0.2014735635292226,0.573074844192019,0.5615514331722128,0.752092769717739,0.9487004353922891,0.952266629073529,0.9422626210915297
4622,0.20151916316442556,0.5731660434624248,0.5616262267875246,0.752092769717739,0.9487163881720609,0.9522825818533008,0.9422626210915297
4623,0.20159395677973727,0.5732116430976277,0.5616262267875246,0.7521087224975108,0.9487163881720609,0.9522825818533008,0.9422785738713017
4624,0.20159395677973727,0.5733776359833453,0.5616262267875246,0.7521087224975108,0.9487163881720609,0.9522985346330728,0.9423104794308453
4625,0.20159395677973727,0.5734232356185484,0.5616581323470683,0.7521087224975108,0.9487323409518328,0.9523897339034785,0.9423583377701609
4626,0.20160990955950914,0.5734551411780922,0.5616740851268403,0.7521087224975108,0.9487323409518328,0.9524375922427939,0.9423902433297047
4627,0.201625862339281,0.5734870467376358,0.561748878742152,0.7521087224975108,0.9487482937316046,0.9525447442929718,0.9424061961094765
4628,0.20165776789882478,0.5735189522971796,0.5617807843016956,0.7521246752772828,0.9487482937316046,0.9525447442929718,0.9424061961094765
4629,0.20193718649730158,0.5735349050769514,0.5631572812991547,0.7521246752772828,0.9487642465113766,0.9525606970727437,0.9424221488892484
4630,0.20201198011261332,0.5735964574919261,0.5631732340789265,0.7521702749124857,0.9487801992911484,0.9525766498525156,0.9424221488892484
4631,0.20207082094815318,0.5735964574919261,0.5632188337141295,0.7521862276922576,0.9487961520709203,0.9525766498525156,0.9424221488892484
4632,0.20208677372792508,0.5736124102716981,0.5632507392736732,0.7521862276922576,0.9487961520709203,0.9526085554120592,0.9424221488892484
4633,0.20210272650769695,0.5736739626866729,0.5632507392736732,0.7522021804720294,0.9488417517061232,0.9526085554120592,0.9424221488892484
4634,0.20211867928746882,0.5737514678814196,0.563282644833217,0.7522021804720294,0.9488417517061232,0.9526085554120592,0.9424221488892484
4635,0.20211867928746882,0.5738130202963945,0.5632985976129887,0.7522021804720294,0.9488417517061232,0.952640460971603,0.9424381016690203
4636,0.20211867928746882,0.5739879984241285,0.5634189908635034,0.7522181332518013,0.9488417517061232,0.952640460971603,0.9424540544487922
4637,0.2021961844822155,0.5740039512039004,0.5634778316990433,0.7522181332518013,0.948873657265667,0.952656413751375,0.9424700072285641
4638,0.2024300034454894,0.5740787448192121,0.5634778316990433,0.7522637328870042,0.948873657265667,0.952656413751375,0.9424859600083358
4639,0.20244595622526126,0.5741402972341869,0.5635234313342463,0.7522637328870042,0.948873657265667,0.952656413751375,0.9424859600083358
4640,0.2024915558604642,0.5741402972341869,0.5635690309694491,0.7522637328870042,0.948873657265667,0.9526723665311468,0.9425019127881078
4641,0.2024915558604642,0.5742018496491618,0.5635690309694491,0.7522637328870042,0.948873657265667,0.9526883193109187,0.9425178655678796
4642,0.20255039669600405,0.5742634020641364,0.5635849837492211,0.7522637328870042,0.948873657265667,0.9526883193109187,0.9425497711274233
4643,0.20256634947577593,0.5742953076236802,0.5636438245847608,0.7522637328870042,0.9489055628252107,0.9526883193109187,0.9425497711274233
4644,0.20256634947577593,0.574311260403452,0.5636597773645328,0.7522637328870042,0.9489055628252107,0.9527042720906905,0.9425657239071953
4645,0.20261194911097882,0.5743860540187639,0.5636916829240766,0.752338526502316,0.9489215156049826,0.9527202248704625,0.9425657239071953
4646,0.2026279018907507,0.5744020067985357,0.5639122606870135,0.752354479282088,0.9489534211645264,0.9527202248704625,0.9425816766869671
4647,0.20265980745029447,0.5745520469044814,0.5639282134667855,0.752354479282088,0.9489534211645264,0.9527202248704625,0.942772607594473
4648,0.20265980745029447,0.5745976465396844,0.5639441662465572,0.752354479282088,0.9489534211645264,0.9527202248704625,0.942788560374245
4649,0.20273460106560623,0.5745976465396844,0.5640778006974088,0.7523704320618597,0.9489534211645264,0.9527361776502343,0.942788560374245
4650,0.20276650662514997,0.5746751517344311,0.5641097062569526,0.7523863848416317,0.9489693739442981,0.9527521304300063,0.942834160009448
4651,0.20278245940492184,0.5747499453497428,0.5642273879280324,0.7523863848416317,0.9489853267240701,0.9527521304300063,0.9428797596446509
4652,0.2028413002404617,0.5747658981295146,0.5642433407078042,0.7523863848416317,0.9489853267240701,0.952768083209778,0.9428797596446509
4653,0.20288689987566463,0.5747658981295146,0.5643021815433441,0.7523863848416317,0.9489853267240701,0.95278403598955,0.9429386004801908
4654,0.20312071883893848,0.5747818509092865,0.5643796867380908,0.7524479372566065,0.949046879139045,0.95278403598955,0.9429545532599627
4655,0.20313667161871038,0.5749887345965643,0.5644973684091705,0.7524638900363783,0.9491243843337915,0.95278403598955,0.9429545532599627
4656,0.20315262439848222,0.575050287011539,0.5644973684091705,0.7524638900363783,0.9491403371135634,0.95278403598955,0.9429705060397345
4657,0.20315262439848222,0.575066239791311,0.5645429680443734,0.7524638900363783,0.9491722426731072,0.9527999887693218,0.9429864588195064
4658,0.203184529958026,0.5751410334066226,0.5645429680443734,0.7524638900363783,0.9491722426731072,0.9528318943288655,0.9429864588195064
4659,0.2032004827377979,0.5751866330418255,0.5645429680443734,0.7524798428161502,0.949188195452879,0.9528478471086375,0.9429864588195064
4660,0.2032004827377979,0.5753775639493314,0.5645908263836892,0.7524798428161502,0.949188195452879,0.9528637998884093,0.9429864588195064
4661,0.20321643551756974,0.5754094695088752,0.5645908263836892,0.7525254424513531,0.949188195452879,0.9528637998884093,0.9429864588195064
4662,0.20329394071231643,0.5754094695088752,0.5645908263836892,0.752541395231125,0.9492201010124227,0.9528797526681813,0.9429864588195064
4663,0.20333954034751933,0.575513909979618,0.5645908263836892,0.752557348010897,0.9492201010124227,0.9528797526681813,0.9429864588195064
4664,0.2034143339628311,0.5756051092500238,0.5646952668544319,0.7525733007906688,0.9492201010124227,0.9528797526681813,0.9429864588195064
4665,0.2034143339628311,0.5756639500855637,0.5647112196342037,0.7525733007906688,0.9492201010124227,0.9528797526681813,0.9429864588195064
4666,0.20347317479837096,0.5756799028653354,0.5647431251937475,0.7525733007906688,0.9492201010124227,0.952911658227725,0.9429864588195064
4667,0.2034891275781428,0.5757255025005384,0.5647431251937475,0.7525733007906688,0.9492201010124227,0.9529276110074968,0.9429864588195064
4668,0.20354796841368264,0.5759004806282725,0.5649181033214815,0.7526189004258718,0.9492360537921947,0.9529276110074968,0.9429864588195064
4669,0.20360952082865744,0.5759164334080444,0.5649181033214815,0.7526645000610747,0.9492520065719666,0.9529435637872687,0.9429864588195064
4670,0.2036710732436323,0.5759620330432473,0.5649340561012534,0.7526645000610747,0.9492520065719666,0.9529754693468124,0.9429864588195064
4671,0.2036710732436323,0.5760532323136531,0.5650088497165651,0.7526645000610747,0.9492679593517384,0.9530073749063561,0.9429864588195064
4672,0.20370297880317603,0.576069185093425,0.5650088497165651,0.7526645000610747,0.9492679593517384,0.9530073749063561,0.9429864588195064
4673,0.20370297880317603,0.5761280259289648,0.5651838278442992,0.7526645000610747,0.9492679593517384,0.9530233276861281,0.9429864588195064
4674,0.20371893158294788,0.5761280259289648,0.5653588059720333,0.7526645000610747,0.9492839121315103,0.9530233276861281,0.9429864588195064
4675,0.20373488436271978,0.5761599314885086,0.5653747587518051,0.7526804528408465,0.9492998649112822,0.953068927321331,0.9429864588195064
4676,0.20373488436271978,0.5761758842682806,0.5653747587518051,0.7526964056206183,0.9492998649112822,0.953068927321331,0.9430320584547094
4677,0.20373488436271978,0.5762374366832553,0.5653747587518051,0.7527123584003903,0.9492998649112822,0.9530848801011029,0.9430320584547094
4678,0.20378048399792267,0.5763122302985672,0.5653907115315769,0.752787152015702,0.9492998649112822,0.9530848801011029,0.9430320584547094
4679,0.20379643677769452,0.5763122302985672,0.5654363111667798,0.7528031047954737,0.9492998649112822,0.9530848801011029,0.9430320584547094
4680,0.20381238955746642,0.5763737827135419,0.5654522639465518,0.7528190575752457,0.9493158176910541,0.9530848801011029,0.9430320584547094
4681,0.20387123039300628,0.5763897354933137,0.5656272420742857,0.7528646572104486,0.949331770470826,0.9530848801011029,0.9430320584547094
4682,0.20410504935628018,0.5765128403232633,0.5656591476338294,0.7529394508257603,0.949331770470826,0.9531167856606467,0.9430320584547094
4683,0.20410504935628018,0.5765584399584662,0.5657047472690324,0.7529850504609631,0.9493636760303696,0.9531327384404185,0.9430320584547094
4684,0.20410504935628018,0.5766628804292091,0.5657207000488043,0.753089490931706,0.9493796288101416,0.9531646439999623,0.9430320584547094
4685,0.20415064899148308,0.5766628804292091,0.5657526056083481,0.7531483317672458,0.9493955815899134,0.9531646439999623,0.9430320584547094
4686,0.20415064899148308,0.576708480064412,0.5658114464438879,0.7531483317672458,0.9493955815899134,0.9531646439999623,0.9430320584547094
4687,0.20416660177125492,0.576724432844184,0.5658114464438879,0.7531642845470177,0.9493955815899134,0.9531646439999623,0.9430320584547094
4688,0.20427375382143265,0.576724432844184,0.5658273992236598,0.7531642845470177,0.9494115343696854,0.953196549559506,0.9430320584547094
4689,0.20427375382143265,0.576724432844184,0.5658273992236598,0.7531802373267895,0.9494274871494571,0.953196549559506,0.9430320584547094
4690,0.20427375382143265,0.576724432844184,0.5658729988588627,0.7531961901065614,0.9494434399292291,0.953196549559506,0.9430320584547094
4691,0.20461201325544934,0.5767832736797237,0.5659049044184065,0.7532121428863333,0.9494753454887729,0.953196549559506,0.9430320584547094
4692,0.20467356567042413,0.5767832736797237,0.5659368099779503,0.7532121428863333,0.9494912982685447,0.953196549559506,0.9430320584547094
4693,0.20477800614116692,0.5768421145152637,0.565952762757722,0.7532121428863333,0.9494912982685447,0.953196549559506,0.9430320584547094
4694,0.2047939589209388,0.5769009553508034,0.566011603593262,0.7532121428863333,0.9494912982685447,0.953196549559506,0.9430320584547094
4695,0.20502777788421273,0.5769465549860064,0.5661479496235485,0.7532280956661052,0.9495072510483166,0.953196549559506,0.9430320584547094
4696,0.2050866187197526,0.5769784605455502,0.5662386960186321,0.7532280956661052,0.9495232038280884,0.9532125023392779,0.9430480112344812
4697,0.20514817113472741,0.5770103661050939,0.566254648798404,0.7532280956661052,0.9495232038280884,0.9532284551190497,0.9430480112344812
4698,0.20514817113472741,0.5770422716646377,0.566254648798404,0.7532280956661052,0.9495232038280884,0.9532284551190497,0.9430480112344812
4699,0.20514817113472741,0.5771197768593843,0.5662706015781758,0.7533936356765005,0.9497078610730129,0.9532284551190497,0.9432723920804164
4700,0.20526856438524202,0.5771197768593843,0.5663162012133788,0.7534095884562724,0.9497986074680966,0.9532444078988217,0.9433631384754999
4701,0.20531416402044494,0.5771357296391563,0.5663321539931506,0.7535751284666677,0.9498464658074123,0.9532763134583654,0.9433950440350437
4702,0.20533011680021687,0.5771972820541311,0.5663909948286906,0.7535910812464396,0.9498943241467278,0.9532763134583654,0.9434429023743593
4703,0.20533011680021687,0.5772561228896709,0.5663909948286906,0.7536229868059833,0.9499421824860436,0.9532922662381372,0.9434588551541313
4704,0.20533011680021687,0.5773017225248738,0.5664069476084623,0.7537296859808389,0.9499740880455873,0.9532922662381372,0.9434748079339031
4705,0.20533011680021687,0.5773176753046456,0.5664229003882343,0.7537456387606107,0.950005993605131,0.9532922662381372,0.943506713493447
4706,0.20533011680021687,0.5773495808641893,0.566481741223774,0.7537934970999264,0.9500538519444466,0.9532922662381372,0.9435386190529906
4707,0.20533011680021687,0.577440327259273,0.566481741223774,0.753841355439242,0.9500857575039903,0.9532922662381372,0.9435864773923063
4708,0.20539166921519167,0.5774722328188167,0.5665565348390859,0.7538732609987857,0.9501336158433059,0.9532922662381372,0.9436183829518501
4709,0.2054691744099383,0.5774722328188167,0.5666180872540606,0.7539051665583295,0.9501814741826216,0.9532922662381372,0.9436502885113938
4710,0.20550107996948205,0.5775041383783605,0.5666769280896005,0.7539370721178732,0.9502133797421654,0.9533082190179092,0.9440321503264055
4711,0.20550107996948205,0.5775200911581323,0.5667517217049123,0.753968977677417,0.950261238081481,0.953324171797681,0.9440640558859493
4712,0.20551703274925395,0.5775360439379041,0.566869403375992,0.7540008832369607,0.9503090964207966,0.953340124577453,0.944095961445493
4713,0.20553298552902582,0.5777020368236218,0.5669282442115318,0.7540168360167326,0.9503569547601122,0.9533560773572247,0.9441278670050368
4714,0.20556489108856957,0.5777020368236218,0.5669441969913037,0.7540943412114793,0.9504048130994279,0.9533720301369967,0.9441597725645805
4715,0.20561049072377247,0.5777476364588247,0.5669761025508474,0.7540943412114793,0.9504367186589716,0.9533720301369967,0.9441757253443525
4716,0.20562644350354434,0.5778520769295674,0.5671966803137843,0.754126246771023,0.9504526714387435,0.9533720301369967,0.9442235836836681
4717,0.2056852843390842,0.5779295821243142,0.5674920516920331,0.7542197047455416,0.9504686242185154,0.9533879829167685,0.9442395364634399
4718,0.20570123711885607,0.5779911345392889,0.5675080044718049,0.7542356575253135,0.9504845769982873,0.9533879829167685,0.9446213982784518
4719,0.20571718989862794,0.5780659281546007,0.5675827980871166,0.7542516103050854,0.9505164825578309,0.9534198884763122,0.9446373510582237
4720,0.20576278953383087,0.5781407217699125,0.5675987508668886,0.7543131627200601,0.9505324353376029,0.9534654881115152,0.9446692566177675
4721,0.20576278953383087,0.5781566745496843,0.5678056345541663,0.754329115499832,0.9505483881173747,0.9535270405264901,0.9446852093975392
4722,0.2057946950933746,0.5783476054571903,0.56783754011371,0.754329115499832,0.9505483881173747,0.953542993306262,0.944717114957083
4723,0.2057946950933746,0.5785225835849243,0.5678694456732539,0.7543747151350348,0.9505643408971466,0.953542993306262,0.9447490205166267
4724,0.2057946950933746,0.5785814244204641,0.5678694456732539,0.7544066206945786,0.9505802936769184,0.953542993306262,0.9448265257113734
4725,0.20581064787314649,0.57877235532797,0.5678694456732539,0.7544385262541223,0.9505802936769184,0.953542993306262,0.9448424784911452
4726,0.20582660065291838,0.5788311961635099,0.5680603765807598,0.7544544790338943,0.9505802936769184,0.9535748988658057,0.944874384050689
4727,0.20585850621246213,0.5788311961635099,0.5680922821403035,0.7544704318136662,0.9506121992364622,0.9535748988658057,0.9449518892454356
4728,0.20592005862743692,0.5788311961635099,0.5680922821403035,0.754486384593438,0.9506121992364622,0.9535748988658057,0.9449837948049794
4729,0.20592005862743692,0.5788927485784847,0.5681241876998473,0.7545182901529818,0.9506600575757779,0.9535908516455776,0.9449997475847512
4730,0.2059788994629768,0.5789087013582567,0.5681241876998473,0.7545342429327537,0.9506760103555497,0.9535908516455776,0.945077252779498
4731,0.20604045187795156,0.5789087013582567,0.5681401404796191,0.7545501957125256,0.9506760103555497,0.9535908516455776,0.9451091583390417
4732,0.20610200429292636,0.5789246541380284,0.5681720460391628,0.7545501957125256,0.9506919631353217,0.9535908516455776,0.9451251111188136
4733,0.20611795707269823,0.5790318061882062,0.5681720460391628,0.7545957953477285,0.9507238686948654,0.9536068044253495,0.9451866635337883
4734,0.20611795707269823,0.579047758967978,0.5681720460391628,0.7546413949829314,0.950771727034181,0.9536387099848932,0.9452185690933322
4735,0.2061339098524701,0.5791385053630617,0.5681720460391628,0.7546733005424751,0.9508036325937248,0.9536387099848932,0.9452664274326478
4736,0.20627070875807887,0.5791544581428335,0.5681879988189348,0.754689253322247,0.9508195853734965,0.953654662764665,0.9452983329921916
4737,0.20628666153785075,0.5792292517581452,0.5681879988189348,0.754689253322247,0.9508355381532685,0.9536865683242088,0.9453302385517353
4738,0.20633226117305367,0.5792292517581452,0.5684404821414155,0.7547052061020189,0.9508514909330403,0.9536865683242088,0.9453621441112791
4739,0.20634821395282554,0.5792748513933482,0.5684404821414155,0.7547211588817908,0.9508514909330403,0.9536865683242088,0.9453621441112791
4740,0.20634821395282554,0.57934964500866,0.5684404821414155,0.7547211588817908,0.9509130433480152,0.9536865683242088,0.9453940496708227
4741,0.20639381358802844,0.579524623136394,0.5684404821414155,0.7547211588817908,0.9509289961277871,0.9537025211039807,0.9454419080101384
4742,0.20639381358802844,0.5796153695314776,0.5684860817766185,0.7547371116615627,0.9509449489075589,0.9537025211039807,0.9454578607899102
4743,0.2064097663678003,0.5796928747262242,0.5684860817766185,0.7547371116615627,0.9509768544671027,0.9537184738837525,0.9454897663494539
4744,0.20655980647374603,0.5796928747262242,0.5684860817766185,0.7547371116615627,0.9509928072468746,0.9537640735189554,0.9455216719089977
4745,0.20655980647374603,0.579767668341536,0.5685635869713651,0.7547530644413345,0.9509928072468746,0.9537800262987273,0.9455535774685415
4746,0.20655980647374603,0.5798132679767389,0.5685635869713651,0.7548734576918492,0.9510087600266465,0.9537800262987273,0.9455854830280852
4747,0.20655980647374603,0.5798588676119418,0.5685635869713651,0.7548894104716212,0.9510087600266465,0.9537959790784992,0.945617388587629
4748,0.20655980647374603,0.5799633080826845,0.5686707390215429,0.754905363251393,0.9510087600266465,0.9537959790784992,0.9456652469269446
4749,0.20655980647374603,0.5799952136422282,0.5686707390215429,0.754905363251393,0.9510247128064183,0.9537959790784992,0.9456971524864884
4750,0.20655980647374603,0.5799952136422282,0.5686707390215429,0.754950962886596,0.9510247128064183,0.953811931858271,0.9457450108258041
4751,0.2065757592535179,0.5799952136422282,0.5687163386567456,0.7549669156663679,0.9510566183659621,0.953811931858271,0.9457609636055759
4752,0.2065757592535179,0.5800540544777681,0.5687322914365176,0.7549828684461397,0.9510566183659621,0.953811931858271,0.9457928691651196
4753,0.20659171203328977,0.5801584949485109,0.5687322914365176,0.7549988212259116,0.9510885239255058,0.9538278846380429,0.9458247747246634
4754,0.20659171203328977,0.5801744477282827,0.5687482442162894,0.7549988212259116,0.9511204294850496,0.9538278846380429,0.9458407275044353
4755,0.20659171203328977,0.5802200473634858,0.5687482442162894,0.7550576620614514,0.9511523350445933,0.9538438374178148,0.9458726330639791
4756,0.20660766481306164,0.5802200473634858,0.5687482442162894,0.7550736148412233,0.9511842406041371,0.9538597901975867,0.9458885858437509
4757,0.2066395703726054,0.5802200473634858,0.5687641969960614,0.7550895676209952,0.951200193383909,0.9538597901975867,0.9458885858437509
4758,0.2066395703726054,0.5804406251264227,0.5687641969960614,0.7550895676209952,0.951200193383909,0.9538757429773584,0.9459364441830665
4759,0.20671436398791715,0.5804406251264227,0.5687641969960614,0.7551670728157418,0.951200193383909,0.9538916957571304,0.9459683497426103
4760,0.20671436398791715,0.5806612028893596,0.5687801497758332,0.7551670728157418,0.9512161461636809,0.9538916957571304,0.9459683497426103
4761,0.20671436398791715,0.5806612028893596,0.5687801497758332,0.7551670728157418,0.9512320989434527,0.9538916957571304,0.9460162080819259
4762,0.206730316767689,0.5806612028893596,0.5687801497758332,0.7551830255955136,0.9512640045029964,0.9539076485369022,0.9460321608616978
4763,0.20696413573096295,0.5806771556691314,0.5689710806833391,0.7551830255955136,0.9512640045029964,0.9539076485369022,0.9460481136414696
4764,0.20702568814593775,0.5807679020642151,0.5690166803185421,0.7552286252307165,0.9512799572827683,0.9539395540964459,0.9460640664212415
4765,0.20725950710921162,0.5807998076237588,0.5690166803185421,0.7552286252307165,0.9512959100625402,0.9539395540964459,0.9460959719807853
4766,0.20725950710921162,0.5807998076237588,0.5690166803185421,0.7552445780104885,0.951327815622084,0.9539395540964459,0.946111924760557
4767,0.20730510674441452,0.5808454072589618,0.5690941855132887,0.7553061304254632,0.951327815622084,0.9539395540964459,0.946127877540329
4768,0.20730510674441452,0.5808613600387337,0.5691530263488286,0.7553061304254632,0.951327815622084,0.9539555068762179,0.9461597830998728
4769,0.20730510674441452,0.5808613600387337,0.5691530263488286,0.7553220832052351,0.9514053208168305,0.9539555068762179,0.9461757358796448
4770,0.20730510674441452,0.5809229124537084,0.5691530263488286,0.7553836356202098,0.9514053208168305,0.9539555068762179,0.9461916886594165
4771,0.20730510674441452,0.5810565469045602,0.5692118671843684,0.7553995883999818,0.9514053208168305,0.9539555068762179,0.9462235942189603
4772,0.20737990035972628,0.5810565469045602,0.5692278199641403,0.7554584292355216,0.9514372263763743,0.9539874124357617,0.9462395469987321
4773,0.20739585313949813,0.5812930774472689,0.5706202697413711,0.7554584292355216,0.9514531791561462,0.9539874124357617,0.9462874053380478
4774,0.20875639735718524,0.5813386770824719,0.5706950633566829,0.7554743820152936,0.9515147315711209,0.9539874124357617,0.9463193108975915
4775,0.20899021632045908,0.5814590703329865,0.5707725685514295,0.7554743820152936,0.9515306843508927,0.9539874124357617,0.9463352636773634
4776,0.209006169100231,0.5815502696033924,0.5708770090221724,0.7554743820152936,0.9515466371306647,0.9539874124357617,0.9463512164571353
4777,0.209006169100231,0.5815662223831642,0.5709089145817162,0.7554743820152936,0.9515625899104365,0.9539874124357617,0.946383122016679
4778,0.209006169100231,0.5815821751629361,0.570924867361488,0.7554743820152936,0.9515944954699802,0.9539874124357617,0.9464150275762228
4779,0.209006169100231,0.5815821751629361,0.5709837081970279,0.7554743820152936,0.9515944954699802,0.9540033652155336,0.9464150275762228
4780,0.209006169100231,0.5815821751629361,0.5709837081970279,0.7554743820152936,0.951642353809296,0.9540193179953054,0.9464469331357664
4781,0.209006169100231,0.5815821751629361,0.5709837081970279,0.7555062875748373,0.9516583065890677,0.9540193179953054,0.9464788386953102
4782,0.20902212188000285,0.5815821751629361,0.5710425490325678,0.7555518872100403,0.9516902121486115,0.9540193179953054,0.9464788386953102
4783,0.2090969154953146,0.5816437275779109,0.5710425490325678,0.755567839989812,0.9516902121486115,0.9540352707750773,0.9464788386953102
4784,0.2090969154953146,0.5816437275779109,0.5710585018123396,0.755583792769584,0.9516902121486115,0.9540352707750773,0.9464947914750822
4785,0.2091128682750865,0.5817052799928857,0.5711200542273144,0.755583792769584,0.9516902121486115,0.9540352707750773,0.9464947914750822
4786,0.21072318423581932,0.5817212327726575,0.5711816066422892,0.755583792769584,0.9517061649283834,0.9540512235548492,0.946510744254854
4787,0.2107847366507941,0.5817668324078604,0.5711975594220611,0.7555997455493558,0.9517221177081552,0.9540671763346211,0.9465266970346259
4788,0.2108462890657689,0.5818283848228352,0.5712591118370358,0.7556772507441025,0.9517380704879271,0.9540831291143929,0.9465266970346259
4789,0.2108462890657689,0.5818443376026071,0.5714659955243137,0.7556772507441025,0.9517699760474709,0.9540831291143929,0.9465586025941697
4790,0.21086224184554078,0.581860290382379,0.5716409736520478,0.7556772507441025,0.9517859288272429,0.9540831291143929,0.9465586025941697
4791,0.21089414740508455,0.581860290382379,0.5716409736520478,0.7557388031590774,0.9518474812422176,0.9540990818941648,0.9465745553739414
4792,0.2109529882406244,0.5819350839976908,0.5717025260670225,0.7557388031590774,0.9518474812422176,0.9540990818941648,0.9465905081537134
4793,0.21099858787582731,0.5819510367774627,0.5717025260670225,0.7557844027942802,0.9518474812422176,0.9540990818941648,0.9466224137132572
4794,0.2110145406555992,0.5819829423370064,0.5717773196823343,0.7557844027942802,0.9518634340219895,0.9541150346739367,0.9466383664930291
4795,0.21103049343537109,0.5819988951167783,0.5717773196823343,0.7557844027942802,0.9518793868017614,0.9541150346739367,0.9466543192728009
4796,0.211264312398645,0.5819988951167783,0.5718521132976461,0.7557844027942802,0.951927245141077,0.9541309874537086,0.9466702720525728
4797,0.21128026517841686,0.5819988951167783,0.5718680660774179,0.7557844027942802,0.9519431979208489,0.9541469402334805,0.9466702720525728
4798,0.2113550587937286,0.5820444947519813,0.5718840188571898,0.755816308353824,0.9519591507006206,0.9541788457930241,0.9466862248323447
4799,0.2113550587937286,0.5820444947519813,0.5719428596927295,0.7558322611335958,0.9519910562601644,0.9541788457930241,0.9467021776121165
4800,0.21142985240904036,0.5820444947519813,0.5719884593279325,0.7558482139133677,0.9520070090399364,0.9541947985727961,0.9467181303918883
4801,0.21144580518881223,0.582106047166956,0.5720044121077044,0.7558482139133677,0.9520229618197082,0.9541947985727961,0.9467181303918883
4802,0.2114617579685841,0.582106047166956,0.5720203648874763,0.7558482139133677,0.9520548673792519,0.9542267041323398,0.9467340831716603
4803,0.21147771074835597,0.5821219999467278,0.5720819173024511,0.7558641666931396,0.9520548673792519,0.9542745624716554,0.9467659887312041
4804,0.21147771074835597,0.5821967935620396,0.5720978700822228,0.7558641666931396,0.9520708201590239,0.9542905152514274,0.9467978942907478
4805,0.2115233103835589,0.5836188901947015,0.5721753752769696,0.7558801194729114,0.9520708201590239,0.9543064680311991,0.9468138470705196
4806,0.21155521594310267,0.5836188901947015,0.5721753752769696,0.7558801194729114,0.9520708201590239,0.9543224208109711,0.9468297998502916
4807,0.21155521594310267,0.5836348429744734,0.5721913280567414,0.7558801194729114,0.9520867729387956,0.9543224208109711,0.9468297998502916
4808,0.21155521594310267,0.5836348429744734,0.5722528804717161,0.7558960722526833,0.9520867729387956,0.9543224208109711,0.9468776581896071
4809,0.2116008155783056,0.5836507957542452,0.572311721307256,0.7558960722526833,0.9521027257185676,0.9543383735907429,0.9469095637491509
4810,0.2116008155783056,0.5836507957542452,0.5736722655249431,0.7558960722526833,0.9521346312781114,0.9543383735907429,0.9469414693086946
4811,0.2116008155783056,0.5836507957542452,0.5737497707196898,0.7559416718878862,0.9521346312781114,0.9543543263705149,0.9469574220884666
4812,0.21161676835807744,0.58371234816922,0.5737657234994616,0.7559416718878862,0.9521346312781114,0.9543702791502866,0.9469893276480104
4813,0.21161676835807744,0.583728300948992,0.5737816762792336,0.7560164655031979,0.9521505840578832,0.9543862319300586,0.947021233207554
4814,0.21166236799328034,0.583728300948992,0.5739581987858531,0.7560324182829699,0.9521984423971989,0.9543862319300586,0.947021233207554
4815,0.21166236799328034,0.5838190473440754,0.5739901043453968,0.7560483710627417,0.9522143951769707,0.9544021847098304,0.947037185987326
4816,0.21172120882882023,0.5838350001238475,0.5740648979607086,0.7560643238425135,0.9522303479567427,0.9544021847098304,0.9470690915468697
4817,0.21173716160859213,0.5838350001238475,0.5740808507404805,0.7560643238425135,0.9522463007365144,0.9544021847098304,0.9470850443266415
4818,0.21173716160859213,0.5838350001238475,0.5740808507404805,0.7560962294020573,0.9522622535162863,0.9544181374896022,0.9471329026659572
4819,0.21173716160859213,0.5838509529036192,0.5740808507404805,0.7560962294020573,0.9522782062960583,0.9544181374896022,0.947164808225501
4820,0.21176906716813587,0.5839553933743621,0.5740808507404805,0.7560962294020573,0.9522941590758301,0.9544340902693741,0.9471967137850447
4821,0.21180097272767962,0.5839872989339057,0.5741127563000243,0.7561121821818292,0.952310111855602,0.9544819486086898,0.9471967137850447
4822,0.21181692550745146,0.5841622770616399,0.5741127563000243,0.7562033814522351,0.9523420174151458,0.9544819486086898,0.9472286193445885
4823,0.2119081247778573,0.5841622770616399,0.5741583559352272,0.7562193342320069,0.9523420174151458,0.9544819486086898,0.9472445721243603
4824,0.2119081247778573,0.5841622770616399,0.5741583559352272,0.7562808866469818,0.9523420174151458,0.9544979013884617,0.9472605249041322
4825,0.21192407755762918,0.5841782298414117,0.574276037606307,0.7562808866469818,0.9523420174151458,0.9544979013884617,0.9472605249041322
4826,0.21198291839316905,0.5842238294766146,0.5742919903860788,0.7562808866469818,0.9523420174151458,0.9544979013884617,0.9472605249041322
4827,0.21198291839316905,0.5842557350361584,0.5743079431658507,0.7562808866469818,0.9523420174151458,0.9544979013884617,0.9472605249041322
4828,0.21199887117294092,0.5842716878159303,0.5743535428010537,0.7563720859173875,0.9523420174151458,0.9544979013884617,0.947276477683904
4829,0.21199887117294092,0.5843305286514702,0.5745444737085595,0.7563720859173875,0.9523420174151458,0.9544979013884617,0.947292430463676
4830,0.2120148239527128,0.5843305286514702,0.5747513573958373,0.7563720859173875,0.9523739229746895,0.9544979013884617,0.947292430463676
4831,0.2120604235879157,0.5844801158820936,0.5747969570310402,0.7563720859173875,0.9523898757544613,0.9545567422240016,0.9473402888029915
4832,0.21207637636768756,0.5859314064948643,0.574812909810812,0.7563720859173875,0.9524058285342333,0.9545567422240016,0.9487167858004504
4833,0.21216983434220615,0.585963312054408,0.5748448153703557,0.7564336383323623,0.952421781314005,0.9545567422240016,0.9487327385802223
4834,0.21216983434220615,0.5859792648341798,0.5749624970414354,0.7564336383323623,0.952421781314005,0.9546315358393134,0.9487327385802223
4835,0.21216983434220615,0.5860111703937235,0.5749624970414354,0.7564336383323623,0.952437734093777,0.9546315358393134,0.9487486913599942
4836,0.21221543397740908,0.5862021013012295,0.5749784498212074,0.7564495911121342,0.952437734093777,0.9546315358393134,0.9487646441397661
4837,0.21221543397740908,0.5862180540810014,0.5750532434365192,0.756465543891906,0.952437734093777,0.9546315358393134,0.9487805969195379
4838,0.21223138675718095,0.5862340068607732,0.5750532434365192,0.7565243847274459,0.9524536868735488,0.9546315358393134,0.9487805969195379
4839,0.21227698639238385,0.586324753255857,0.5750532434365192,0.7565403375072178,0.9524696396533208,0.9546474886190853,0.9488581021142847
4840,0.21227698639238385,0.5863407060356287,0.5750851489960629,0.7565403375072178,0.9524696396533208,0.9546634413988571,0.9488740548940566
4841,0.2123358272279237,0.5863995468711686,0.5750851489960629,0.7565562902869897,0.9524696396533208,0.954679394178629,0.9489328957295965
4842,0.2123358272279237,0.5863995468711686,0.5751439898316026,0.7565562902869897,0.9524855924330926,0.9547272525179447,0.9489488485093684
4843,0.2123973796428985,0.5864154996509404,0.5751895894668057,0.7565722430667616,0.9525015452128645,0.9547432052977165,0.9489488485093684
4844,0.2123973796428985,0.5864743404864804,0.5752214950263494,0.7566041486263053,0.9525015452128645,0.9547751108572603,0.9489807540689121
4845,0.21241333242267038,0.5864902932662522,0.5752214950263494,0.7566657010412801,0.9525174979926363,0.954807016416804,0.9489807540689121
4846,0.21248812603798212,0.5865062460460242,0.5752374478061213,0.7566657010412801,0.9525174979926363,0.9548389219763478,0.9490126596284559
4847,0.21248812603798212,0.5865518456812271,0.5752534005858931,0.756681653821052,0.9525334507724083,0.9548548747561196,0.9490286124082277
4848,0.21248812603798212,0.5865518456812271,0.575299000221096,0.756681653821052,0.95254940355218,0.9548708275358916,0.9490445651879996
4849,0.21248812603798212,0.5866881917115135,0.575314953000868,0.756681653821052,0.9525813091117238,0.9548708275358916,0.9490445651879996
4850,0.21248812603798212,0.5880646887089725,0.5753765054158427,0.7566976066008239,0.9525813091117238,0.9549027330954353,0.9490764707475434
4851,0.212721945001256,0.5881262411239473,0.5754540106105895,0.7567135593805958,0.9525813091117238,0.9549186858752071,0.9491083763070871
4852,0.21273789778102786,0.5881877935389223,0.5754540106105895,0.7567295121603677,0.9525813091117238,0.9549186858752071,0.9491083763070871
4853,0.21279673861656775,0.588203746318694,0.575528804225901,0.7567295121603677,0.9525813091117238,0.9549186858752071,0.949124329086859
4854,0.21284233825177068,0.5882652987336688,0.5756035978412128,0.7567295121603677,0.9525972618914957,0.954934638654979,0.949124329086859
4855,0.21287424381131442,0.5882812515134408,0.5756195506209848,0.7567910645753424,0.9526132146712676,0.9549505914347508,0.9491721874261746
4856,0.2128901965910863,0.5883884035636184,0.5756195506209848,0.7567910645753424,0.9526132146712676,0.9549505914347508,0.9491721874261746
4857,0.2128901965910863,0.5884631971789303,0.5756355034007565,0.7567910645753424,0.9526132146712676,0.9549505914347508,0.9491881402059464
4858,0.21293579622628922,0.5884631971789303,0.5756355034007565,0.7567910645753424,0.9526291674510394,0.9549505914347508,0.9492040929857184
4859,0.21293579622628922,0.5884631971789303,0.5756970558157314,0.7568070173551144,0.9527039610663512,0.9549665442145228,0.9492359985452621
4860,0.21324440880487483,0.5884791499587021,0.5756970558157314,0.7568070173551144,0.9527039610663512,0.9549824969942946,0.9492359985452621
4861,0.21324440880487483,0.5885110555182458,0.5756970558157314,0.7568658581906541,0.9527039610663512,0.9549824969942946,0.9492519513250339
4862,0.21324440880487483,0.5885270082980176,0.5757130085955033,0.7568818109704261,0.9527199138461231,0.9549984497740666,0.9492838568845777
4863,0.21324440880487483,0.5885589138575614,0.5757130085955033,0.7568818109704261,0.952735866625895,0.9550572906096064,0.9492838568845777
4864,0.2132603615846467,0.5885748666373334,0.5757878022108152,0.7568977637501978,0.9527518194056669,0.9550572906096064,0.9492998096643496
4865,0.21327631436441857,0.5886204662725363,0.575833401846018,0.7569296693097416,0.9527518194056669,0.9550572906096064,0.9492998096643496
4866,0.21329226714419044,0.5887276183227141,0.5758653074055616,0.7569296693097416,0.9527677721854387,0.9550572906096064,0.9493157624441214
4867,0.21330821992396232,0.5887276183227141,0.5758653074055616,0.7569296693097416,0.9527677721854387,0.9550732433893783,0.9493636207834372
4868,0.21330821992396232,0.5887732179579169,0.5758653074055616,0.7569296693097416,0.9527837249652106,0.9550732433893783,0.949379573563209
4869,0.21336706075950218,0.5887891707376888,0.5758812601853336,0.7569296693097416,0.9528585185805224,0.9550732433893783,0.949379573563209
4870,0.21336706075950218,0.5887891707376888,0.5758812601853336,0.7569296693097416,0.9528585185805224,0.9550732433893783,0.949379573563209
4871,0.21336706075950218,0.5888799171327724,0.5759131657448773,0.7570208685801474,0.9528585185805224,0.9550732433893783,0.9493955263429809
4872,0.21339896631904592,0.5888799171327724,0.5760335589953919,0.7570368213599193,0.9528585185805224,0.9550732433893783,0.9493955263429809
4873,0.21345780715458582,0.5888958699125443,0.5761110641901387,0.7570824209951222,0.9528744713602944,0.9550891961691501,0.9494114791227528
4874,0.21345780715458582,0.588957422327519,0.5761566638253417,0.7570824209951222,0.9528744713602944,0.9550891961691501,0.9494114791227528
4875,0.21353260076989755,0.588957422327519,0.5761566638253417,0.7570824209951222,0.9528904241400663,0.9550891961691501,0.9494703199582927
4876,0.21354855354966945,0.5889733751072909,0.5761726166051135,0.7570824209951222,0.9528904241400663,0.9550891961691501,0.9494862727380645
4877,0.21354855354966945,0.5889893278870628,0.5761726166051135,0.7570824209951222,0.9528904241400663,0.9551051489489221,0.9494862727380645
4878,0.21356450632944132,0.5890052806668346,0.5761726166051135,0.7570983737748941,0.9528904241400663,0.9551211017286939,0.9495022255178364
4879,0.21356450632944132,0.5890960270619183,0.5761726166051135,0.7570983737748941,0.9528904241400663,0.9551211017286939,0.9495022255178364
4880,0.21356450632944132,0.5890960270619183,0.5761885693848855,0.7570983737748941,0.9528904241400663,0.9551211017286939,0.9495181782976083
4881,0.21362605874441612,0.5891119798416902,0.5762045221646572,0.7570983737748941,0.952906376919838,0.9551370545084659,0.9495500838571521
4882,0.213642011524188,0.5891119798416902,0.5762045221646572,0.7571143265546659,0.952906376919838,0.9551689600680096,0.9495500838571521
4883,0.213642011524188,0.5891438854012339,0.5762204749444292,0.7571599261898689,0.9529382824793818,0.9552008656275532,0.9495660366369238
4884,0.21365796430395986,0.5891438854012339,0.5764542939077032,0.7571599261898689,0.9529542352591538,0.955248723966869,0.9495979421964676
4885,0.21365796430395986,0.5891598381810058,0.5764702466874749,0.7571599261898689,0.9529861408186975,0.9552646767466408,0.9496138949762396
4886,0.21371680513949973,0.5891757909607777,0.5764861994672469,0.7571599261898689,0.9530020935984693,0.9552646767466408,0.9496138949762396
4887,0.21371680513949973,0.5891757909607777,0.5764861994672469,0.7572055258250718,0.9530180463782413,0.9552646767466408,0.9496298477560113
4888,0.21377564597503962,0.5893390722670603,0.5766065927177614,0.7572643666606118,0.9530180463782413,0.9552806295264128,0.9496458005357833
4889,0.21377564597503962,0.5893390722670603,0.5766065927177614,0.7572643666606118,0.9530180463782413,0.9552965823061845,0.949704641371323
4890,0.21377564597503962,0.5893979131026,0.5766225454975333,0.7572643666606118,0.953033999158013,0.9552965823061845,0.949704641371323
4891,0.21377564597503962,0.5894754182973467,0.5766384982773051,0.7572643666606118,0.953033999158013,0.9553125350859565,0.949704641371323
4892,0.21377564597503962,0.5894913710771187,0.576654451057077,0.7572643666606118,0.9530659047175568,0.9553284878657282,0.949704641371323
4893,0.2140094649383135,0.5895232766366625,0.576845381964583,0.7572803194403837,0.9530818574973288,0.9553284878657282,0.949704641371323
4894,0.2140094649383135,0.589600781831409,0.5768613347443547,0.7572962722201555,0.9530978102771005,0.9553284878657282,0.949720594151095
4895,0.2140254177180854,0.5896326873909528,0.5768772875241267,0.7573122249999273,0.9530978102771005,0.9553444406455002,0.9497365469308668
4896,0.21425923668135927,0.5896915282264926,0.5768932403038985,0.7573281777796993,0.9531137630568725,0.9553444406455002,0.9497684524904105
4897,0.21431807751689913,0.5897074810062645,0.5769520811394385,0.7573441305594711,0.9531885566721843,0.9553444406455002,0.9497844052701825
4898,0.21431807751689913,0.5897074810062645,0.5769520811394385,0.7573441305594711,0.953220462231728,0.9553444406455002,0.9498163108297263
4899,0.214334030296671,0.5897074810062645,0.5769680339192104,0.7573441305594711,0.953220462231728,0.9553444406455002,0.9498163108297263
4900,0.214334030296671,0.5897074810062645,0.5769680339192104,0.7573441305594711,0.9532523677912718,0.955360393425272,0.949832263609498
4901,0.214334030296671,0.5897074810062645,0.5769839866989822,0.7573441305594711,0.9532683205710436,0.955360393425272,0.94984821638927
4902,0.2146294016749197,0.5897074810062645,0.576999939478754,0.7573441305594711,0.9533002261305873,0.955376346205044,0.9498641691690418
4903,0.2146294016749197,0.5897393865658083,0.576999939478754,0.757360083339243,0.9533161789103592,0.9553922989848158,0.9498641691690418
4904,0.2146294016749197,0.5897553393455802,0.577058780314294,0.757360083339243,0.9533161789103592,0.9553922989848158,0.9498960747285855
4905,0.2146750013101226,0.5898009389807831,0.5771362855090408,0.7574056829744459,0.9533161789103592,0.9553922989848158,0.9499120275083575
4906,0.2146909540898945,0.589816891760555,0.5773112636367748,0.7574056829744459,0.9533161789103592,0.9553922989848158,0.9499120275083575
4907,0.2147525065048693,0.589991869888289,0.5773112636367748,0.7574375885339896,0.9533321316901311,0.9554082517645878,0.9499279802881293
4908,0.21476845928464117,0.5900237754478328,0.5773431691963185,0.7574375885339896,0.9533321316901311,0.9554401573241315,0.9499279802881293
4909,0.2148140589198441,0.5900397282276048,0.5773431691963185,0.7574535413137615,0.9533480844699029,0.9554401573241315,0.9499439330679011
4910,0.21487561133481886,0.5901012806425795,0.5773431691963185,0.7574535413137615,0.9533480844699029,0.9554401573241315,0.9499439330679011
4911,0.21487561133481886,0.5901172334223513,0.5773591219760904,0.7574694940935334,0.9533480844699029,0.9554561101039033,0.949959885847673
4912,0.2149212109700218,0.5902216738930942,0.5773910275356342,0.7574854468733053,0.9533480844699029,0.9554561101039033,0.949975838627445
4913,0.2149212109700218,0.5902672735282972,0.5774658211509458,0.7575013996530771,0.9533799900294467,0.9554561101039033,0.9499917914072168
4914,0.21493716374979366,0.5902832263080691,0.5774658211509458,0.7575013996530771,0.9533799900294467,0.9554561101039033,0.9500077441869887
4915,0.21495311652956553,0.590328825943272,0.5774817739307176,0.7575761932683888,0.9533799900294467,0.9554561101039033,0.9500077441869887
4916,0.2149690693093374,0.5903447787230437,0.5776154083815693,0.7576217929035918,0.9533799900294467,0.9554720628836751,0.9500077441869887
4917,0.21501466894454033,0.5903447787230437,0.5776769607965442,0.7576377456833635,0.9533959428092186,0.9554720628836751,0.9500236969667605
4918,0.21507622135951512,0.5903607315028156,0.5777385132115189,0.7577713801342153,0.9534118955889905,0.9554720628836751,0.9500236969667605
4919,0.21507622135951512,0.5903607315028156,0.5777385132115189,0.7577873329139871,0.9534278483687623,0.955488015663447,0.9500236969667605
4920,0.215092174139287,0.5904195723383555,0.5777841128467217,0.7577873329139871,0.9534278483687623,0.955488015663447,0.9500236969667605
4921,0.21516696775459873,0.5904355251181275,0.5779590909744559,0.7578032856937591,0.9534438011485342,0.955488015663447,0.9500236969667605
4922,0.21516696775459873,0.5905262715132109,0.5779590909744559,0.7578032856937591,0.9534438011485342,0.955488015663447,0.9501468017967103
4923,0.2152258085901386,0.5905851123487508,0.5779750437542276,0.757848885328962,0.9534597539283062,0.9555039684432189,0.9501627545764821
4924,0.2152417613699105,0.5906307119839537,0.5779750437542276,0.757848885328962,0.9534916594878499,0.9555039684432189,0.950178707356254
4925,0.21547558033318437,0.5906307119839537,0.5779909965339995,0.757848885328962,0.9535235650473937,0.9555199212229908,0.9501946601360258
4926,0.215566326728268,0.5906466647637256,0.5780229020935433,0.7578648381087338,0.9535235650473937,0.9555358740027626,0.9502106129157978
4927,0.215566326728268,0.5907241699584722,0.5781004072882899,0.7578807908885057,0.9535235650473937,0.9555518267825345,0.9502106129157978
4928,0.215566326728268,0.5907241699584722,0.5781460069234928,0.7578967436682776,0.9535235650473937,0.9555677795623064,0.9502106129157978
4929,0.21564112034357974,0.5907401227382441,0.5781460069234928,0.7579126964480495,0.9535395178271654,0.9555677795623064,0.9502106129157978
4930,0.21704726419646972,0.5907720282977879,0.5782208005388046,0.7579286492278213,0.9535395178271654,0.9555677795623064,0.9502425184753415
4931,0.2170632169762416,0.5908308691333277,0.5782367533185765,0.7579446020075932,0.9535554706069373,0.9555677795623064,0.9502584712551133
4932,0.21707916975601346,0.5908308691333277,0.5782686588781202,0.7579446020075932,0.9535554706069373,0.9555677795623064,0.9502744240348853
4933,0.21709512253578536,0.5908627746928715,0.5782846116578921,0.7579605547873651,0.9535554706069373,0.9555677795623064,0.9502903768146571
4934,0.21711107531555723,0.5908787274726434,0.578343452493432,0.7579605547873651,0.9535714233867092,0.9555677795623064,0.9502903768146571
4935,0.2171699161510971,0.5908787274726434,0.5783753580529756,0.7579765075671371,0.953603328946253,0.9555677795623064,0.9503063295944291
4936,0.2171699161510971,0.5908946802524152,0.5783753580529756,0.75802210720234,0.953603328946253,0.9555677795623064,0.9503222823742008
4937,0.21721551578630002,0.590926585811959,0.5783753580529756,0.75802210720234,0.953603328946253,0.9555677795623064,0.9503222823742008
4938,0.21726111542150292,0.5909425385917308,0.5783753580529756,0.75802210720234,0.953619281726025,0.9555677795623064,0.9503222823742008
4939,0.21730671505670587,0.5909425385917308,0.5783913108327476,0.75802210720234,0.9536352345057967,0.9555837323420783,0.9503222823742008
4940,0.2173655558922457,0.5909584913715027,0.5784661044480593,0.75802210720234,0.9536352345057967,0.9555837323420783,0.9503382351539728
4941,0.2173655558922457,0.5909584913715027,0.5784661044480593,0.7580677068375429,0.9536352345057967,0.9555996851218502,0.9503838347891755
4942,0.21742710830722048,0.5909744441512746,0.5785249452835991,0.7580836596173147,0.9536511872855686,0.9555996851218502,0.9503997875689475
4943,0.21742710830722048,0.5909744441512746,0.5785249452835991,0.7581425004528545,0.9536511872855686,0.9555996851218502,0.9503997875689475
4944,0.21773572088580612,0.5910359965662495,0.5785408980633712,0.7581584532326264,0.9536671400653405,0.9555996851218502,0.9503997875689475
4945,0.217751673665578,0.5910359965662495,0.5786909381693168,0.7582359584273731,0.9536671400653405,0.955615637901622,0.9504157403487193
4946,0.21782917886032468,0.5910359965662495,0.5786909381693168,0.7582359584273731,0.9536671400653405,0.955615637901622,0.9504316931284912
4947,0.21794686053140438,0.5910519493460213,0.5786909381693168,0.7582519112071449,0.9536830928451124,0.955615637901622,0.9504316931284912
4948,0.21797876609094813,0.591113501760996,0.5787068909490887,0.7582519112071449,0.9536830928451124,0.9556315906813939,0.950447645908263
4949,0.21803760692648802,0.591113501760996,0.5787816845644005,0.7583294164018917,0.9536830928451124,0.9556315906813939,0.950447645908263
4950,0.2180695124860318,0.591113501760996,0.5787816845644005,0.7583294164018917,0.9536830928451124,0.9556315906813939,0.950463598688035
4951,0.2180695124860318,0.5911294545407679,0.5787816845644005,0.7583453691816635,0.9536830928451124,0.9556634962409376,0.950463598688035
4952,0.21814430610134355,0.5911294545407679,0.5787976373441723,0.7583453691816635,0.9536830928451124,0.9556954018004814,0.9504795514678067
4953,0.21818990573654645,0.5911294545407679,0.578872430959484,0.7583453691816635,0.9536990456248842,0.9556954018004814,0.9505114570273505
4954,0.21818990573654645,0.5912042481560797,0.578872430959484,0.7583613219614355,0.9537149984046561,0.9556954018004814,0.9505274098071225
4955,0.2182058585163183,0.5912361537156234,0.5788883837392559,0.7583772747412072,0.953730951184428,0.9556954018004814,0.9505433625868943
4956,0.2182058585163183,0.5912521064953953,0.5788883837392559,0.7583932275209792,0.953730951184428,0.9556954018004814,0.9505593153666663
4957,0.2182218112960902,0.5912521064953953,0.5788883837392559,0.758409180300751,0.9537469039641999,0.9556954018004814,0.9506071737059819
4958,0.21823776407586204,0.5912680592751672,0.5788883837392559,0.758409180300751,0.9537628567439717,0.9557273073600252,0.9506231264857538
4959,0.21826966963540578,0.5912840120549391,0.5788883837392559,0.758409180300751,0.9537788095237436,0.9557273073600252,0.9506231264857538
4960,0.2182856224151777,0.5912999648347109,0.5788883837392559,0.7584251330805228,0.9537788095237436,0.9557273073600252,0.9506390792655257
4961,0.21834446325071755,0.5914791989207655,0.5788883837392559,0.7584251330805228,0.9537947623035155,0.9557273073600252,0.9506390792655257
4962,0.21834446325071755,0.5915567041155122,0.5789631773545677,0.7584410858602948,0.9538266678630591,0.9557432601397972,0.9506550320452974
4963,0.21844890372146034,0.5915567041155122,0.5789631773545677,0.7584410858602948,0.9538266678630591,0.9557592129195689,0.9506709848250694
4964,0.2184648565012322,0.5915886096750559,0.5789950829141115,0.7584866854954977,0.9538266678630591,0.9557592129195689,0.9506869376048412
4965,0.21851045613643513,0.5916045624548278,0.5789950829141115,0.7599087821281595,0.9551872120807463,0.9557751656993408,0.9507028903846131
4966,0.21851045613643513,0.5916205152345996,0.579102234964289,0.7599087821281595,0.9552031648605183,0.9557751656993408,0.9507188431643849
4967,0.21851045613643513,0.5916205152345996,0.579147834599492,0.7599087821281595,0.9552031648605183,0.9557751656993408,0.9507347959441569
4968,0.21861489660717792,0.5916205152345996,0.579147834599492,0.7599247349079314,0.9552191176402901,0.9557911184791127,0.9507507487239287
4969,0.2186308493869498,0.5916661148698026,0.5793228127272261,0.7599247349079314,0.9552191176402901,0.9558070712588846,0.9507667015037007
4970,0.21888062112999557,0.5916661148698026,0.5793228127272261,0.7599406876877032,0.9552191176402901,0.9558070712588846,0.9507826542834724
4971,0.21888062112999557,0.5916980204293464,0.5793976063425377,0.7599406876877032,0.9552350704200621,0.9558230240386564,0.9507826542834724
4972,0.21898506160073836,0.5917139732091183,0.5793976063425377,0.7599406876877032,0.9552510231998338,0.9558389768184283,0.9507826542834724
4973,0.21898506160073836,0.5918184136798611,0.5794564471780776,0.7599406876877032,0.9552510231998338,0.9558389768184283,0.9507826542834724
4974,0.21900101438051023,0.5919388069303757,0.5794564471780776,0.760002240102678,0.9553098640353735,0.9558389768184283,0.9507826542834724
4975,0.2190169671602821,0.5920751529606623,0.5795020468132805,0.76001819288245,0.9553098640353735,0.9558389768184283,0.9507826542834724
4976,0.21903291994005397,0.5920911057404342,0.5795020468132805,0.76001819288245,0.9553258168151455,0.9558389768184283,0.9507826542834724
4977,0.21904887271982584,0.5921070585202061,0.5795020468132805,0.76001819288245,0.9553258168151455,0.9558389768184283,0.9507826542834724
4978,0.21906482549959774,0.592152658155409,0.5795020468132805,0.7600637925176528,0.9553417695949175,0.9558549295982002,0.9507826542834724
4979,0.21906482549959774,0.5924066858567751,0.5795476464484834,0.7600797452974247,0.9554006104304573,0.9572154738158873,0.9507826542834724
4980,0.21906482549959774,0.5924066858567751,0.5795476464484834,0.7600956980771966,0.9554006104304573,0.9572154738158873,0.9507826542834724
4981,0.21906482549959774,0.592422638636547,0.5795476464484834,0.7601412977123995,0.9554594512659971,0.9572154738158873,0.9507826542834724
4982,0.21908077827936961,0.5924385914163188,0.5795476464484834,0.7601572504921713,0.9554594512659971,0.9572314265956592,0.9507826542834724
4983,0.2190967310591415,0.5924864497556345,0.5798430178267323,0.7601732032719433,0.955475404045769,0.9572314265956592,0.9507826542834724
4984,0.2191582834741163,0.5925024025354063,0.5798589706065042,0.760247996887255,0.955475404045769,0.9572473793754311,0.9507826542834724
4985,0.21920388310931924,0.5925771961507181,0.5799364758012509,0.760247996887255,0.9554913568255409,0.9572473793754311,0.9507826542834724
4986,0.219265435524294,0.5926843482008959,0.5800139809959977,0.760247996887255,0.9555661504408527,0.9572473793754311,0.9507826542834724
4987,0.219265435524294,0.5927003009806676,0.5800139809959977,0.760247996887255,0.9556249912763926,0.9572633321552029,0.9507826542834724
4988,0.219265435524294,0.5927003009806676,0.5801640211019432,0.760247996887255,0.9556249912763926,0.9572633321552029,0.9507826542834724
4989,0.2193110351594969,0.5927162537604396,0.5802096207371462,0.760247996887255,0.9556409440561643,0.9572633321552029,0.9507986070632444
4990,0.2193110351594969,0.5927322065402115,0.5802552203723491,0.760247996887255,0.9556568968359362,0.9572633321552029,0.9507986070632444
4991,0.21934294071904065,0.5927481593199834,0.5802711731521211,0.7602639496670268,0.9556728496157081,0.9572792849349748,0.9507986070632444
4992,0.21940449313401544,0.5927937589551864,0.5802871259318928,0.7602639496670268,0.9556728496157081,0.9573111904945185,0.9507986070632444
4993,0.21946604554899024,0.5927937589551864,0.5802871259318928,0.7602639496670268,0.9556728496157081,0.9573271432742904,0.9507986070632444
4994,0.219497951108534,0.5927937589551864,0.5802871259318928,0.7602639496670268,0.9557047551752518,0.9573271432742904,0.9507986070632444
4995,0.21955679194407385,0.5927937589551864,0.5802871259318928,0.7602799024467988,0.9557207079550237,0.9573271432742904,0.9507986070632444
4996,0.21955679194407385,0.5928097117349581,0.5802871259318928,0.7602799024467988,0.9557366607347956,0.9573271432742904,0.9507986070632444
4997,0.21979061090734778,0.593000642642464,0.5803030787116648,0.7602799024467988,0.9557526135145674,0.9573271432742904,0.9507986070632444
4998,0.21980656368711965,0.593000642642464,0.5803349842712086,0.7602799024467988,0.9557526135145674,0.9573271432742904,0.9508145598430162
4999,0.21982251646689152,0.593000642642464,0.5803349842712086,0.7602799024467988,0.9557526135145674,0.9573271432742904,0.9508145598430162
5000,0.2198384692466634,0.593016595422236,0.5803349842712086,0.7602799024467988,0.9557685662943393,0.9573271432742904,0.9508145598430162
